SEATS,PASSENGERS,DISTANCE,CARRIER,ORIGIN,DEST,AIRCRAFT_TYPE,AIRCRAFT_CONFIG,MONTH
0.0,0.0,0.0,5V,GAL,GAL,150,2,1
0.0,0.0,0.0,5V,LRD,LRD,655,2,11
0.0,0.0,0.0,5Y,AFW,AFW,614,2,8
0.0,0.0,0.0,5Y,AFW,AFW,614,2,10
0.0,0.0,0.0,5Y,AFW,AFW,614,2,12
0.0,0.0,0.0,5Y,AFW,AFW,625,2,1
0.0,0.0,0.0,5Y,AFW,AFW,625,2,2
0.0,0.0,0.0,5Y,AFW,AFW,626,2,3
0.0,0.0,0.0,5Y,AFW,AFW,626,2,4
0.0,0.0,0.0,5Y,AFW,AFW,626,2,5
0.0,0.0,0.0,5Y,AFW,AFW,626,2,6
0.0,0.0,0.0,5Y,ANC,ANC,626,2,10
0.0,0.0,0.0,5Y,ANC,ANC,626,2,11
0.0,0.0,0.0,5Y,ANC,ANC,627,2,1
0.0,0.0,0.0,5Y,ANC,ANC,627,2,4
0.0,0.0,0.0,5Y,ANC,ANC,627,2,8
0.0,0.0,0.0,5Y,ANC,ANC,627,2,12
0.0,0.0,0.0,5Y,ANC,ANC,819,2,1
0.0,0.0,0.0,5Y,ANC,ANC,819,2,2
0.0,0.0,0.0,5Y,ANC,ANC,819,2,3
0.0,0.0,0.0,5Y,ANC,ANC,819,2,4
0.0,0.0,0.0,5Y,ANC,ANC,819,2,5
0.0,0.0,0.0,5Y,ANC,ANC,819,2,6
0.0,0.0,0.0,5Y,ANC,ANC,819,2,7
0.0,0.0,0.0,5Y,ANC,ANC,819,2,8
0.0,0.0,0.0,5Y,ANC,ANC,819,2,9
0.0,0.0,0.0,5Y,ANC,ANC,819,2,10
0.0,0.0,0.0,5Y,ANC,ANC,819,2,11
0.0,0.0,0.0,5Y,ANC,ANC,819,2,12
0.0,0.0,0.0,5Y,ANC,ANC,821,2,1
0.0,0.0,0.0,5Y,ANC,ANC,821,2,3
0.0,0.0,0.0,5Y,ANC,ANC,821,2,8
0.0,0.0,0.0,5Y,ANC,ANC,821,2,10
0.0,0.0,0.0,5Y,ANC,ANC,821,2,11
0.0,0.0,0.0,5Y,ATL,ATL,627,2,1
0.0,0.0,0.0,5Y,ATL,ATL,627,2,9
0.0,0.0,0.0,5Y,ATL,ATL,821,2,6
0.0,0.0,0.0,5Y,AUS,AUS,614,2,6
0.0,0.0,0.0,5Y,AUS,AUS,821,2,1
0.0,0.0,0.0,5Y,BHM,BHM,821,2,8
0.0,0.0,0.0,5Y,BNA,BNA,614,2,5
0.0,0.0,0.0,5Y,BNA,BNA,614,2,6
0.0,0.0,0.0,5Y,BNA,BNA,614,2,7
0.0,0.0,0.0,5Y,BOS,BOS,819,1,6
0.0,0.0,0.0,5Y,BWI,BWI,614,2,5
0.0,0.0,0.0,5Y,BWI,BWI,614,2,6
0.0,0.0,0.0,5Y,BWI,BWI,614,2,7
0.0,0.0,0.0,5Y,BWI,BWI,614,2,8
0.0,0.0,0.0,5Y,BWI,BWI,614,2,9
0.0,0.0,0.0,5Y,BWI,BWI,625,2,1
0.0,0.0,0.0,5Y,BWI,BWI,625,2,2
0.0,0.0,0.0,5Y,BWI,BWI,626,1,6
0.0,0.0,0.0,5Y,BWI,BWI,626,2,3
0.0,0.0,0.0,5Y,BWI,BWI,626,2,8
0.0,0.0,0.0,5Y,BWI,BWI,626,2,10
0.0,0.0,0.0,5Y,BWI,BWI,626,2,11
0.0,0.0,0.0,5Y,BWI,BWI,626,2,12
0.0,0.0,0.0,5Y,BWI,BWI,819,1,6
0.0,0.0,0.0,5Y,CHS,CHS,819,2,1
0.0,0.0,0.0,5Y,CHS,CHS,819,2,5
0.0,0.0,0.0,5Y,CHS,CHS,819,2,6
0.0,0.0,0.0,5Y,CVG,CVG,614,2,5
0.0,0.0,0.0,5Y,CVG,CVG,614,2,6
0.0,0.0,0.0,5Y,CVG,CVG,614,2,7
0.0,0.0,0.0,5Y,CVG,CVG,614,2,8
0.0,0.0,0.0,5Y,CVG,CVG,614,2,9
0.0,0.0,0.0,5Y,CVG,CVG,614,2,12
0.0,0.0,0.0,5Y,CVG,CVG,625,2,1
0.0,0.0,0.0,5Y,CVG,CVG,625,2,2
0.0,0.0,0.0,5Y,CVG,CVG,626,2,3
0.0,0.0,0.0,5Y,CVG,CVG,626,2,4
0.0,0.0,0.0,5Y,CVG,CVG,626,2,6
0.0,0.0,0.0,5Y,CVG,CVG,626,2,7
0.0,0.0,0.0,5Y,CVG,CVG,626,2,8
0.0,0.0,0.0,5Y,CVG,CVG,626,2,9
0.0,0.0,0.0,5Y,CVG,CVG,626,2,10
0.0,0.0,0.0,5Y,CVG,CVG,819,2,2
0.0,0.0,0.0,5Y,CVG,CVG,819,2,4
0.0,0.0,0.0,5Y,CVG,CVG,819,2,7
0.0,0.0,0.0,5Y,CVG,CVG,819,2,8
0.0,0.0,0.0,5Y,CVG,CVG,821,2,1
0.0,0.0,0.0,5Y,DFW,DFW,627,2,1
0.0,0.0,0.0,5Y,DFW,DFW,819,2,1
0.0,0.0,0.0,5Y,DFW,DFW,819,2,5
0.0,0.0,0.0,5Y,DFW,DFW,819,2,6
0.0,0.0,0.0,5Y,DFW,DFW,819,2,8
0.0,0.0,0.0,5Y,DFW,DFW,819,2,11
0.0,0.0,0.0,5Y,DFW,DFW,821,2,3
0.0,0.0,0.0,5Y,DOV,DOV,819,2,5
0.0,0.0,0.0,5Y,FAI,FAI,819,2,2
0.0,0.0,0.0,5Y,HNL,HNL,626,2,7
0.0,0.0,0.0,5Y,HNL,HNL,626,2,10
0.0,0.0,0.0,5Y,HNL,HNL,819,2,5
0.0,0.0,0.0,5Y,HNL,HNL,819,2,8
0.0,0.0,0.0,5Y,HNL,HNL,819,2,9
0.0,0.0,0.0,5Y,HNL,HNL,819,2,10
0.0,0.0,0.0,5Y,HNL,HNL,819,2,11
0.0,0.0,0.0,5Y,HSV,HSV,819,2,6
0.0,0.0,0.0,5Y,IAB,IAB,819,2,7
0.0,0.0,0.0,5Y,IAH,IAH,625,2,1
0.0,0.0,0.0,5Y,IAH,IAH,626,2,4
0.0,0.0,0.0,5Y,IAH,IAH,626,2,5
0.0,0.0,0.0,5Y,IAH,IAH,626,2,6
0.0,0.0,0.0,5Y,IAH,IAH,626,2,7
0.0,0.0,0.0,5Y,IAH,IAH,626,2,11
0.0,0.0,0.0,5Y,IAH,IAH,626,2,12
0.0,0.0,0.0,5Y,IND,IND,627,2,3
0.0,0.0,0.0,5Y,JFK,JFK,627,2,6
0.0,0.0,0.0,5Y,JFK,JFK,819,2,1
0.0,0.0,0.0,5Y,JFK,JFK,819,2,2
0.0,0.0,0.0,5Y,JFK,JFK,819,2,3
0.0,0.0,0.0,5Y,JFK,JFK,819,2,6
0.0,0.0,0.0,5Y,JFK,JFK,819,2,7
0.0,0.0,0.0,5Y,JFK,JFK,819,2,8
0.0,0.0,0.0,5Y,JFK,JFK,819,2,10
0.0,0.0,0.0,5Y,JFK,JFK,819,2,11
0.0,0.0,0.0,5Y,JFK,JFK,819,2,12
0.0,0.0,0.0,5Y,LAL,LAL,625,2,1
0.0,0.0,0.0,5Y,LAL,LAL,626,2,3
0.0,0.0,0.0,5Y,LAL,LAL,626,2,4
0.0,0.0,0.0,5Y,LAL,LAL,626,2,5
0.0,0.0,0.0,5Y,LAL,LAL,626,2,11
0.0,0.0,0.0,5Y,LAS,LAS,614,2,5
0.0,0.0,0.0,5Y,LAS,LAS,614,2,6
0.0,0.0,0.0,5Y,LAS,LAS,614,2,7
0.0,0.0,0.0,5Y,LAS,LAS,614,2,9
0.0,0.0,0.0,5Y,LAS,LAS,614,2,10
0.0,0.0,0.0,5Y,LAS,LAS,819,2,11
0.0,0.0,0.0,5Y,LAX,LAX,627,2,9
0.0,0.0,0.0,5Y,LAX,LAX,819,2,1
0.0,0.0,0.0,5Y,LAX,LAX,819,2,2
0.0,0.0,0.0,5Y,LAX,LAX,819,2,4
0.0,0.0,0.0,5Y,LAX,LAX,819,2,5
0.0,0.0,0.0,5Y,LAX,LAX,819,2,6
0.0,0.0,0.0,5Y,LAX,LAX,819,2,7
0.0,0.0,0.0,5Y,LAX,LAX,819,2,9
0.0,0.0,0.0,5Y,LAX,LAX,819,2,10
0.0,0.0,0.0,5Y,LAX,LAX,819,2,11
0.0,0.0,0.0,5Y,MCI,MCI,614,2,7
0.0,0.0,0.0,5Y,MCI,MCI,614,2,8
0.0,0.0,0.0,5Y,MCI,MCI,614,2,9
0.0,0.0,0.0,5Y,MCI,MCI,614,2,11
0.0,0.0,0.0,5Y,MCI,MCI,614,2,12
0.0,0.0,0.0,5Y,MHT,MHT,626,2,4
0.0,0.0,0.0,5Y,MIA,MIA,614,2,5
0.0,0.0,0.0,5Y,MIA,MIA,614,2,6
0.0,0.0,0.0,5Y,MIA,MIA,614,2,8
0.0,0.0,0.0,5Y,MIA,MIA,614,2,9
0.0,0.0,0.0,5Y,MIA,MIA,625,2,1
0.0,0.0,0.0,5Y,MIA,MIA,625,2,2
0.0,0.0,0.0,5Y,MIA,MIA,626,2,3
0.0,0.0,0.0,5Y,MIA,MIA,626,2,4
0.0,0.0,0.0,5Y,MIA,MIA,626,2,5
0.0,0.0,0.0,5Y,MIA,MIA,626,2,6
0.0,0.0,0.0,5Y,MIA,MIA,626,2,7
0.0,0.0,0.0,5Y,MIA,MIA,626,2,9
0.0,0.0,0.0,5Y,MIA,MIA,626,2,10
0.0,0.0,0.0,5Y,MIA,MIA,626,2,12
0.0,0.0,0.0,5Y,MIA,MIA,627,2,3
0.0,0.0,0.0,5Y,MIA,MIA,627,2,5
0.0,0.0,0.0,5Y,MIA,MIA,627,2,8
0.0,0.0,0.0,5Y,MIA,MIA,627,2,12
0.0,0.0,0.0,5Y,MIA,MIA,819,2,1
0.0,0.0,0.0,5Y,MIA,MIA,819,2,2
0.0,0.0,0.0,5Y,MIA,MIA,819,2,3
0.0,0.0,0.0,5Y,MIA,MIA,819,2,4
0.0,0.0,0.0,5Y,MIA,MIA,819,2,5
0.0,0.0,0.0,5Y,MIA,MIA,819,2,6
0.0,0.0,0.0,5Y,MIA,MIA,819,2,7
0.0,0.0,0.0,5Y,MIA,MIA,819,2,8
0.0,0.0,0.0,5Y,MIA,MIA,819,2,9
0.0,0.0,0.0,5Y,MIA,MIA,819,2,10
0.0,0.0,0.0,5Y,MIA,MIA,819,2,11
0.0,0.0,0.0,5Y,MIA,MIA,819,2,12
0.0,0.0,0.0,5Y,MIA,MIA,821,2,1
0.0,0.0,0.0,5Y,MIA,MIA,821,2,2
0.0,0.0,0.0,5Y,MIA,MIA,821,2,4
0.0,0.0,0.0,5Y,MIA,MIA,821,2,5
0.0,0.0,0.0,5Y,MIA,MIA,821,2,6
0.0,0.0,0.0,5Y,MIA,MIA,821,2,7
0.0,0.0,0.0,5Y,MIA,MIA,821,2,8
0.0,0.0,0.0,5Y,MIA,MIA,821,2,9
0.0,0.0,0.0,5Y,MIA,MIA,821,2,10
0.0,0.0,0.0,5Y,MIA,MIA,821,2,11
0.0,0.0,0.0,5Y,MIA,MIA,821,2,12
0.0,0.0,0.0,5Y,MLB,MLB,626,1,6
0.0,0.0,0.0,5Y,MLB,MLB,626,2,3
0.0,0.0,0.0,5Y,MLB,MLB,626,2,7
0.0,0.0,0.0,5Y,MZJ,MZJ,821,2,9
0.0,0.0,0.0,5Y,ONT,ONT,625,2,1
0.0,0.0,0.0,5Y,ONT,ONT,626,2,3
0.0,0.0,0.0,5Y,ONT,ONT,626,2,5
0.0,0.0,0.0,5Y,ONT,ONT,626,2,6
0.0,0.0,0.0,5Y,ONT,ONT,626,2,7
0.0,0.0,0.0,5Y,ONT,ONT,627,2,6
0.0,0.0,0.0,5Y,ONT,ONT,627,2,11
0.0,0.0,0.0,5Y,ONT,ONT,819,2,6
0.0,0.0,0.0,5Y,OPF,OPF,626,1,6
0.0,0.0,0.0,5Y,OPF,OPF,626,2,4
0.0,0.0,0.0,5Y,ORD,ORD,625,2,1
0.0,0.0,0.0,5Y,ORD,ORD,627,2,2
0.0,0.0,0.0,5Y,ORD,ORD,627,2,9
0.0,0.0,0.0,5Y,ORD,ORD,627,2,12
0.0,0.0,0.0,5Y,ORD,ORD,819,2,1
0.0,0.0,0.0,5Y,ORD,ORD,819,2,3
0.0,0.0,0.0,5Y,ORD,ORD,819,2,4
0.0,0.0,0.0,5Y,ORD,ORD,819,2,6
0.0,0.0,0.0,5Y,ORD,ORD,819,2,7
0.0,0.0,0.0,5Y,ORD,ORD,819,2,8
0.0,0.0,0.0,5Y,ORD,ORD,819,2,9
0.0,0.0,0.0,5Y,ORD,ORD,819,2,10
0.0,0.0,0.0,5Y,ORD,ORD,819,2,11
0.0,0.0,0.0,5Y,ORD,ORD,819,2,12
0.0,0.0,0.0,5Y,ORD,ORD,821,2,3
0.0,0.0,0.0,5Y,ORD,ORD,821,2,4
0.0,0.0,0.0,5Y,ORD,ORD,821,2,6
0.0,0.0,0.0,5Y,ORD,ORD,821,2,8
0.0,0.0,0.0,5Y,ORD,ORD,821,2,12
0.0,0.0,0.0,5Y,PDX,PDX,614,2,9
0.0,0.0,0.0,5Y,PDX,PDX,626,2,6
0.0,0.0,0.0,5Y,PDX,PDX,626,2,8
0.0,0.0,0.0,5Y,PDX,PDX,626,2,9
0.0,0.0,0.0,5Y,PDX,PDX,819,2,3
0.0,0.0,0.0,5Y,PDX,PDX,819,2,4
0.0,0.0,0.0,5Y,RFD,RFD,625,2,1
0.0,0.0,0.0,5Y,RFD,RFD,626,2,7
0.0,0.0,0.0,5Y,RIV,RIV,614,2,8
0.0,0.0,0.0,5Y,RIV,RIV,614,2,10
0.0,0.0,0.0,5Y,RIV,RIV,614,2,12
0.0,0.0,0.0,5Y,RIV,RIV,626,2,5
0.0,0.0,0.0,5Y,RIV,RIV,626,2,9
0.0,0.0,0.0,5Y,SAT,SAT,819,2,8
0.0,0.0,0.0,5Y,SCK,SCK,626,2,3
0.0,0.0,0.0,5Y,SCK,SCK,626,2,6
0.0,0.0,0.0,5Y,SJU,SJU,625,2,1
0.0,0.0,0.0,5Y,SJU,SJU,626,2,3
0.0,0.0,0.0,5Y,SJU,SJU,626,2,5
0.0,0.0,0.0,5Y,SJU,SJU,626,2,7
0.0,0.0,0.0,5Y,SJU,SJU,626,2,8
0.0,0.0,0.0,5Y,SJU,SJU,626,2,9
0.0,0.0,0.0,5Y,SJU,SJU,819,2,2
0.0,0.0,0.0,7S,ANC,ANC,412,2,1
0.0,0.0,0.0,7S,ANC,ANC,412,2,4
0.0,0.0,0.0,7S,ANC,ANC,412,2,5
0.0,0.0,0.0,7S,ANC,ANC,412,2,6
0.0,0.0,0.0,7S,ANC,ANC,412,2,7
0.0,0.0,0.0,7S,ANC,ANC,459,2,1
0.0,0.0,0.0,7S,ANC,ANC,459,2,2
0.0,0.0,0.0,7S,ANC,ANC,459,2,3
0.0,0.0,0.0,7S,ANC,ANC,459,2,4
0.0,0.0,0.0,7S,ANC,ANC,459,2,5
0.0,0.0,0.0,7S,ANC,ANC,459,2,6
0.0,0.0,0.0,7S,ANC,ANC,459,2,7
0.0,0.0,0.0,7S,ANC,ANC,459,2,8
0.0,0.0,0.0,7S,ANC,ANC,459,2,9
0.0,0.0,0.0,7S,ANC,ANC,459,2,10
0.0,0.0,0.0,7S,ANC,ANC,459,2,11
0.0,0.0,0.0,7S,ANC,ANC,459,2,12
0.0,0.0,0.0,7S,BET,BET,412,2,4
0.0,0.0,0.0,7S,BET,BET,412,2,5
0.0,0.0,0.0,7S,BET,BET,412,2,6
0.0,0.0,0.0,7S,BET,BET,412,2,12
0.0,0.0,0.0,7S,KTS,KTS,412,2,5
0.0,0.0,0.0,7S,OME,OME,412,2,1
0.0,0.0,0.0,7S,OME,OME,412,2,2
0.0,0.0,0.0,7S,OME,OME,412,2,5
0.0,0.0,0.0,7S,OME,OME,412,2,6
0.0,0.0,0.0,7S,OME,OME,412,2,11
0.0,0.0,0.0,7S,OME,OME,459,2,2
0.0,0.0,0.0,7S,OTZ,OTZ,412,2,1
0.0,0.0,0.0,7S,OTZ,OTZ,412,2,2
0.0,0.0,0.0,7S,OTZ,OTZ,412,2,9
0.0,0.0,0.0,7S,OTZ,OTZ,412,2,10
0.0,0.0,0.0,7S,OTZ,OTZ,412,2,12
0.0,0.0,0.0,7S,UNK,UNK,412,2,8
0.0,0.0,0.0,8V,FAI,FAI,35,1,8
0.0,0.0,0.0,8V,FAI,FAI,416,2,7
0.0,0.0,0.0,ABX,AFW,AFW,625,2,11
0.0,0.0,0.0,ABX,AFW,AFW,626,2,11
0.0,0.0,0.0,ABX,AFW,AFW,626,2,12
0.0,0.0,0.0,ABX,ATL,ATL,626,2,12
0.0,0.0,0.0,ABX,CVG,CVG,625,2,11
0.0,0.0,0.0,ABX,CVG,CVG,625,2,11
0.0,0.0,0.0,ABX,CVG,CVG,625,2,12
0.0,0.0,0.0,ABX,CVG,CVG,626,2,11
0.0,0.0,0.0,ABX,CVG,CVG,626,2,12
0.0,0.0,0.0,ABX,GSO,GSO,625,2,12
0.0,0.0,0.0,ABX,HRL,HRL,625,2,11
0.0,0.0,0.0,ABX,IAH,IAH,626,2,11
0.0,0.0,0.0,ABX,IAH,IAH,626,2,12
0.0,0.0,0.0,ABX,LAX,LAX,625,2,12
0.0,0.0,0.0,ABX,LAX,LAX,626,2,12
0.0,0.0,0.0,ABX,MIA,MIA,626,2,11
0.0,0.0,0.0,ABX,MIA,MIA,626,2,12
0.0,0.0,0.0,ABX,PDX,PDX,625,2,11
0.0,0.0,0.0,ABX,PHX,PHX,625,2,11
0.0,0.0,0.0,ABX,RFD,RFD,626,2,11
0.0,0.0,0.0,ABX,SFO,SFO,626,2,12
0.0,0.0,0.0,ABX,SJU,SJU,626,2,12
0.0,0.0,0.0,AMQ,JZT,JZT,635,2,1
0.0,0.0,0.0,AMQ,LRD,LRD,635,2,2
0.0,0.0,0.0,AMQ,YIP,YIP,635,2,2
0.0,0.0,0.0,AMQ,YIP,YIP,635,2,4
0.0,0.0,0.0,EM,AFW,AFW,441,2,5
0.0,0.0,0.0,EM,AFW,AFW,441,2,11
0.0,0.0,0.0,EM,ANC,ANC,416,2,1
0.0,0.0,0.0,EM,ANC,ANC,416,2,5
0.0,0.0,0.0,EM,ANC,ANC,416,2,9
0.0,0.0,0.0,EM,ANC,ANC,416,2,11
0.0,0.0,0.0,EM,ANC,ANC,416,2,12
0.0,0.0,0.0,EM,ANC,ANC,442,2,2
0.0,0.0,0.0,EM,BZN,BZN,442,2,2
0.0,0.0,0.0,EM,CLM,CLM,416,2,3
0.0,0.0,0.0,EM,CLM,CLM,416,2,5
0.0,0.0,0.0,EM,FCA,FCA,441,2,2
0.0,0.0,0.0,EM,FCA,FCA,441,2,7
0.0,0.0,0.0,EM,FLG,FLG,416,2,8
0.0,0.0,0.0,EM,GEG,GEG,416,2,1
0.0,0.0,0.0,EM,GEG,GEG,416,2,6
0.0,0.0,0.0,EM,GEG,GEG,421,2,1
0.0,0.0,0.0,EM,GTF,GTF,441,2,1
0.0,0.0,0.0,EM,GTF,GTF,441,2,2
0.0,0.0,0.0,EM,GTF,GTF,441,2,8
0.0,0.0,0.0,EM,GTF,GTF,441,2,10
0.0,0.0,0.0,EM,GTF,GTF,441,2,11
0.0,0.0,0.0,EM,MFR,MFR,416,2,12
0.0,0.0,0.0,EM,NYL,NYL,416,2,9
0.0,0.0,0.0,EM,PDX,PDX,416,2,1
0.0,0.0,0.0,EM,PDX,PDX,416,2,4
0.0,0.0,0.0,EM,PDX,PDX,416,2,9
0.0,0.0,0.0,EM,PDX,PDX,421,2,12
0.0,0.0,0.0,EM,PDX,PDX,442,2,11
0.0,0.0,0.0,EM,PHX,PHX,416,2,6
0.0,0.0,0.0,EM,PHX,PHX,416,2,7
0.0,0.0,0.0,EM,PHX,PHX,416,2,11
0.0,0.0,0.0,EM,PSC,PSC,416,2,6
0.0,0.0,0.0,EM,SEA,SEA,416,2,3
0.0,0.0,0.0,EM,SEA,SEA,416,2,8
0.0,0.0,0.0,EM,SEA,SEA,416,2,10
0.0,0.0,0.0,EM,SMX,SMX,421,2,1
0.0,0.0,0.0,GCA,MCI,MCI,699,2,4
0.0,0.0,0.0,GCA,ORD,ORD,699,2,11
0.0,0.0,0.0,GCA,SFB,SFB,699,2,2
0.0,0.0,0.0,GCA,SJC,SJC,699,2,5
0.0,0.0,0.0,GFQ,TVF,TVF,629,2,3
0.0,0.0,0.0,JRQ,ENA,ENA,35,3,8
0.0,0.0,0.0,JRQ,ENA,ENA,102,1,9
0.0,0.0,0.0,KD,ANC,ANC,740,2,2
0.0,0.0,0.0,KD,ANC,ANC,740,2,10
0.0,0.0,0.0,KD,ANC,ANC,740,2,12
0.0,0.0,0.0,KD,EWR,EWR,820,2,12
0.0,0.0,0.0,KD,GPT,GPT,820,2,4
0.0,0.0,0.0,KD,LAX,LAX,740,2,7
0.0,0.0,0.0,KD,LCK,LCK,820,2,5
0.0,0.0,0.0,KD,LCK,LCK,820,2,6
0.0,0.0,0.0,KD,LCK,LCK,820,2,7
0.0,0.0,0.0,KD,LCK,LCK,820,2,8
0.0,0.0,0.0,KD,MCC,MCC,740,2,1
0.0,0.0,0.0,KD,MIA,MIA,820,2,9
0.0,0.0,0.0,KD,NIP,NIP,820,2,4
0.0,0.0,0.0,KD,NTD,NTD,820,2,1
0.0,0.0,0.0,KD,NTD,NTD,820,2,6
0.0,0.0,0.0,KD,ONT,ONT,740,2,12
0.0,0.0,0.0,KD,ONT,ONT,820,2,12
0.0,0.0,0.0,KD,ORD,ORD,740,2,5
0.0,0.0,0.0,KD,ORD,ORD,740,2,6
0.0,0.0,0.0,KD,ORD,ORD,740,2,9
0.0,0.0,0.0,KD,ORD,ORD,740,2,12
0.0,0.0,0.0,KD,PHL,PHL,820,2,12
0.0,0.0,0.0,KD,RSW,RSW,740,2,2
0.0,0.0,0.0,KD,RSW,RSW,820,2,1
0.0,0.0,0.0,KD,RSW,RSW,820,2,2
0.0,0.0,0.0,KD,RSW,RSW,820,2,5
0.0,0.0,0.0,KD,SDF,SDF,740,2,12
0.0,0.0,0.0,KD,SDF,SDF,820,2,12
0.0,0.0,0.0,KD,SHV,SHV,740,2,12
0.0,0.0,0.0,KD,SHV,SHV,820,2,10
0.0,0.0,0.0,KLQ,BNA,BNA,617,2,5
0.0,0.0,0.0,KLQ,CID,CID,619,2,12
0.0,0.0,0.0,KLQ,CVG,CVG,617,2,1
0.0,0.0,0.0,KLQ,CVG,CVG,617,2,8
0.0,0.0,0.0,KLQ,CVG,CVG,617,2,9
0.0,0.0,0.0,KLQ,CVG,CVG,617,2,10
0.0,0.0,0.0,KLQ,OSC,OSC,617,2,8
0.0,0.0,0.0,KLQ,OSC,OSC,619,2,6
0.0,0.0,0.0,KLQ,STL,STL,617,2,9
0.0,0.0,0.0,KLQ,TUL,TUL,619,2,11
0.0,0.0,0.0,KLQ,YIP,YIP,617,2,12
0.0,0.0,0.0,KO,ADQ,ADQ,405,2,2
0.0,0.0,0.0,KO,AKN,AKN,405,2,2
0.0,0.0,0.0,KO,ANC,ANC,405,2,1
0.0,0.0,0.0,KO,ANC,ANC,405,2,2
0.0,0.0,0.0,KO,ANC,ANC,405,2,3
0.0,0.0,0.0,KO,ANC,ANC,405,2,4
0.0,0.0,0.0,KO,ANC,ANC,405,2,5
0.0,0.0,0.0,KO,ANC,ANC,405,2,6
0.0,0.0,0.0,KO,ANC,ANC,405,2,7
0.0,0.0,0.0,KO,ANC,ANC,405,2,8
0.0,0.0,0.0,KO,ANC,ANC,405,2,9
0.0,0.0,0.0,KO,ANC,ANC,405,2,10
0.0,0.0,0.0,KO,ANC,ANC,405,2,11
0.0,0.0,0.0,KO,ANC,ANC,405,2,12
0.0,0.0,0.0,KO,BET,BET,405,2,5
0.0,0.0,0.0,KO,BET,BET,405,2,6
0.0,0.0,0.0,KO,BET,BET,405,2,7
0.0,0.0,0.0,KO,BET,BET,405,2,8
0.0,0.0,0.0,KO,BET,BET,405,2,9
0.0,0.0,0.0,KO,CDB,CDB,405,2,3
0.0,0.0,0.0,KO,CDB,CDB,405,2,5
0.0,0.0,0.0,KO,CDB,CDB,405,2,7
0.0,0.0,0.0,KO,DUT,DUT,405,2,7
0.0,0.0,0.0,KO,KTN,KTN,405,2,1
0.0,0.0,0.0,KO,KTN,KTN,405,2,2
0.0,0.0,0.0,KO,KTN,KTN,405,2,3
0.0,0.0,0.0,KO,KTN,KTN,405,2,10
0.0,0.0,0.0,KO,KTN,KTN,405,2,12
0.0,0.0,0.0,KO,SDP,SDP,405,2,2
0.0,0.0,0.0,KO,SDP,SDP,405,2,3
0.0,0.0,0.0,KO,SIT,SIT,405,2,10
0.0,0.0,0.0,L2,A20,A20,556,2,6
0.0,0.0,0.0,L2,A20,A20,556,2,8
0.0,0.0,0.0,L2,A20,A20,556,2,10
0.0,0.0,0.0,L2,ANC,ANC,556,2,1
0.0,0.0,0.0,L2,ANC,ANC,556,2,2
0.0,0.0,0.0,L2,ANC,ANC,556,2,2
0.0,0.0,0.0,L2,ANC,ANC,556,2,5
0.0,0.0,0.0,L2,ANC,ANC,556,2,7
0.0,0.0,0.0,L2,ANC,ANC,556,2,7
0.0,0.0,0.0,L2,ANC,ANC,556,2,8
0.0,0.0,0.0,L2,ANC,ANC,556,2,9
0.0,0.0,0.0,L2,ANC,ANC,556,2,10
0.0,0.0,0.0,L2,BET,BET,556,2,1
0.0,0.0,0.0,L2,EDF,EDF,556,2,3
0.0,0.0,0.0,L2,FAI,FAI,556,2,9
0.0,0.0,0.0,L2,FLL,FLL,556,2,4
0.0,0.0,0.0,L2,HOU,HOU,556,2,4
0.0,0.0,0.0,L2,HOU,HOU,556,2,5
0.0,0.0,0.0,L2,LRD,LRD,556,2,2
0.0,0.0,0.0,L2,LRD,LRD,556,2,4
0.0,0.0,0.0,L2,LRD,LRD,556,2,5
0.0,0.0,0.0,L2,LRD,LRD,556,2,6
0.0,0.0,0.0,L2,MQY,MQY,556,2,2
0.0,0.0,0.0,L2,OME,OME,556,2,2
0.0,0.0,0.0,L2,PBI,PBI,556,2,1
0.0,0.0,0.0,L2,PHX,PHX,556,2,3
0.0,0.0,0.0,L2,SCC,SCC,556,2,5
0.0,0.0,0.0,L2,SCC,SCC,556,2,6
0.0,0.0,0.0,M6,BGR,BGR,626,2,8
0.0,0.0,0.0,M6,MCO,MCO,626,2,3
0.0,0.0,0.0,M6,MIA,MIA,626,2,8
0.0,0.0,0.0,NK,ABQ,ABQ,722,1,4
0.0,0.0,0.0,NK,ACY,ACY,694,1,2
0.0,0.0,0.0,NK,ACY,ACY,694,1,3
0.0,0.0,0.0,NK,ACY,ACY,694,1,4
0.0,0.0,0.0,NK,ACY,ACY,694,1,9
0.0,0.0,0.0,NK,ACY,ACY,698,1,1
0.0,0.0,0.0,NK,ACY,ACY,698,1,4
0.0,0.0,0.0,NK,ATL,ATL,694,1,1
0.0,0.0,0.0,NK,ATL,ATL,694,1,2
0.0,0.0,0.0,NK,ATL,ATL,694,1,3
0.0,0.0,0.0,NK,ATL,ATL,694,1,9
0.0,0.0,0.0,NK,ATL,ATL,699,1,1
0.0,0.0,0.0,NK,ATL,ATL,699,1,2
0.0,0.0,0.0,NK,ATL,ATL,699,1,3
0.0,0.0,0.0,NK,ATL,ATL,699,1,9
0.0,0.0,0.0,NK,ATL,ATL,722,1,1
0.0,0.0,0.0,NK,ATL,ATL,722,1,2
0.0,0.0,0.0,NK,ATL,ATL,722,1,3
0.0,0.0,0.0,NK,ATL,ATL,722,1,4
0.0,0.0,0.0,NK,ATL,ATL,722,1,9
0.0,0.0,0.0,NK,AUS,AUS,699,1,2
0.0,0.0,0.0,NK,AUS,AUS,699,1,3
0.0,0.0,0.0,NK,AUS,AUS,722,1,4
0.0,0.0,0.0,NK,BDL,BDL,694,1,4
0.0,0.0,0.0,NK,BDL,BDL,694,1,9
0.0,0.0,0.0,NK,BDL,BDL,722,1,1
0.0,0.0,0.0,NK,BNA,BNA,694,1,1
0.0,0.0,0.0,NK,BNA,BNA,694,1,4
0.0,0.0,0.0,NK,BNA,BNA,694,1,9
0.0,0.0,0.0,NK,BNA,BNA,698,1,4
0.0,0.0,0.0,NK,BOI,BOI,694,1,4
0.0,0.0,0.0,NK,BOI,BOI,722,1,1
0.0,0.0,0.0,NK,BOS,BOS,694,1,1
0.0,0.0,0.0,NK,BOS,BOS,694,1,2
0.0,0.0,0.0,NK,BOS,BOS,694,1,3
0.0,0.0,0.0,NK,BOS,BOS,694,1,4
0.0,0.0,0.0,NK,BOS,BOS,694,1,9
0.0,0.0,0.0,NK,BOS,BOS,699,1,1
0.0,0.0,0.0,NK,BOS,BOS,699,1,2
0.0,0.0,0.0,NK,BOS,BOS,722,1,3
0.0,0.0,0.0,NK,BOS,BOS,722,1,9
0.0,0.0,0.0,NK,BUR,BUR,694,1,4
0.0,0.0,0.0,NK,BUR,BUR,722,1,2
0.0,0.0,0.0,NK,BUR,BUR,722,1,9
0.0,0.0,0.0,NK,BWI,BWI,694,1,1
0.0,0.0,0.0,NK,BWI,BWI,694,1,2
0.0,0.0,0.0,NK,BWI,BWI,694,1,3
0.0,0.0,0.0,NK,BWI,BWI,694,1,4
0.0,0.0,0.0,NK,BWI,BWI,694,1,9
0.0,0.0,0.0,NK,BWI,BWI,698,1,2
0.0,0.0,0.0,NK,BWI,BWI,698,1,3
0.0,0.0,0.0,NK,BWI,BWI,698,1,4
0.0,0.0,0.0,NK,BWI,BWI,699,1,2
0.0,0.0,0.0,NK,BWI,BWI,699,1,3
0.0,0.0,0.0,NK,BWI,BWI,699,1,4
0.0,0.0,0.0,NK,BWI,BWI,721,1,9
0.0,0.0,0.0,NK,BWI,BWI,722,1,3
0.0,0.0,0.0,NK,BWI,BWI,722,1,9
0.0,0.0,0.0,NK,CHS,CHS,694,1,2
0.0,0.0,0.0,NK,CHS,CHS,722,1,9
0.0,0.0,0.0,NK,CLE,CLE,699,1,1
0.0,0.0,0.0,NK,CLE,CLE,722,1,3
0.0,0.0,0.0,NK,CLT,CLT,694,1,2
0.0,0.0,0.0,NK,CLT,CLT,694,1,4
0.0,0.0,0.0,NK,CLT,CLT,699,1,2
0.0,0.0,0.0,NK,CLT,CLT,699,1,4
0.0,0.0,0.0,NK,CLT,CLT,721,1,4
0.0,0.0,0.0,NK,CLT,CLT,722,1,1
0.0,0.0,0.0,NK,CLT,CLT,722,1,2
0.0,0.0,0.0,NK,CLT,CLT,722,1,3
0.0,0.0,0.0,NK,CMH,CMH,694,1,1
0.0,0.0,0.0,NK,CMH,CMH,694,1,9
0.0,0.0,0.0,NK,CMH,CMH,721,1,4
0.0,0.0,0.0,NK,CMH,CMH,722,1,4
0.0,0.0,0.0,NK,DFW,DFW,694,1,1
0.0,0.0,0.0,NK,DFW,DFW,694,1,2
0.0,0.0,0.0,NK,DFW,DFW,694,1,3
0.0,0.0,0.0,NK,DFW,DFW,694,1,4
0.0,0.0,0.0,NK,DFW,DFW,699,1,2
0.0,0.0,0.0,NK,DFW,DFW,699,1,3
0.0,0.0,0.0,NK,DFW,DFW,699,1,4
0.0,0.0,0.0,NK,DFW,DFW,721,1,9
0.0,0.0,0.0,NK,DFW,DFW,722,1,1
0.0,0.0,0.0,NK,DFW,DFW,722,1,3
0.0,0.0,0.0,NK,DFW,DFW,722,1,4
0.0,0.0,0.0,NK,DFW,DFW,722,1,9
0.0,0.0,0.0,NK,DTW,DTW,694,1,1
0.0,0.0,0.0,NK,DTW,DTW,694,1,2
0.0,0.0,0.0,NK,DTW,DTW,694,1,3
0.0,0.0,0.0,NK,DTW,DTW,694,1,4
0.0,0.0,0.0,NK,DTW,DTW,694,1,9
0.0,0.0,0.0,NK,DTW,DTW,698,1,2
0.0,0.0,0.0,NK,DTW,DTW,699,1,3
0.0,0.0,0.0,NK,DTW,DTW,699,1,4
0.0,0.0,0.0,NK,DTW,DTW,721,1,1
0.0,0.0,0.0,NK,DTW,DTW,721,1,2
0.0,0.0,0.0,NK,DTW,DTW,721,1,3
0.0,0.0,0.0,NK,DTW,DTW,722,1,1
0.0,0.0,0.0,NK,DTW,DTW,722,1,3
0.0,0.0,0.0,NK,DTW,DTW,722,1,4
0.0,0.0,0.0,NK,DTW,DTW,722,1,9
0.0,0.0,0.0,NK,EWR,EWR,694,1,1
0.0,0.0,0.0,NK,EWR,EWR,694,1,2
0.0,0.0,0.0,NK,EWR,EWR,694,1,3
0.0,0.0,0.0,NK,EWR,EWR,694,1,4
0.0,0.0,0.0,NK,EWR,EWR,694,1,9
0.0,0.0,0.0,NK,EWR,EWR,699,1,2
0.0,0.0,0.0,NK,EWR,EWR,699,1,3
0.0,0.0,0.0,NK,EWR,EWR,699,1,4
0.0,0.0,0.0,NK,EWR,EWR,699,1,9
0.0,0.0,0.0,NK,EWR,EWR,722,1,1
0.0,0.0,0.0,NK,EWR,EWR,722,1,3
0.0,0.0,0.0,NK,EWR,EWR,722,1,4
0.0,0.0,0.0,NK,EWR,EWR,722,1,9
0.0,0.0,0.0,NK,FLL,FLL,694,1,1
0.0,0.0,0.0,NK,FLL,FLL,694,1,3
0.0,0.0,0.0,NK,FLL,FLL,694,1,4
0.0,0.0,0.0,NK,FLL,FLL,694,1,9
0.0,0.0,0.0,NK,FLL,FLL,698,1,4
0.0,0.0,0.0,NK,FLL,FLL,698,1,9
0.0,0.0,0.0,NK,FLL,FLL,699,1,1
0.0,0.0,0.0,NK,FLL,FLL,699,1,2
0.0,0.0,0.0,NK,FLL,FLL,699,1,3
0.0,0.0,0.0,NK,FLL,FLL,699,1,4
0.0,0.0,0.0,NK,FLL,FLL,699,1,9
0.0,0.0,0.0,NK,FLL,FLL,721,1,3
0.0,0.0,0.0,NK,FLL,FLL,721,1,4
0.0,0.0,0.0,NK,FLL,FLL,721,1,9
0.0,0.0,0.0,NK,FLL,FLL,722,1,1
0.0,0.0,0.0,NK,FLL,FLL,722,1,2
0.0,0.0,0.0,NK,FLL,FLL,722,1,3
0.0,0.0,0.0,NK,FLL,FLL,722,1,4
0.0,0.0,0.0,NK,FLL,FLL,722,1,9
0.0,0.0,0.0,NK,IAH,IAH,694,1,1
0.0,0.0,0.0,NK,IAH,IAH,694,1,2
0.0,0.0,0.0,NK,IAH,IAH,694,1,3
0.0,0.0,0.0,NK,IAH,IAH,694,1,4
0.0,0.0,0.0,NK,IAH,IAH,694,1,9
0.0,0.0,0.0,NK,IAH,IAH,698,1,1
0.0,0.0,0.0,NK,IAH,IAH,698,1,3
0.0,0.0,0.0,NK,IAH,IAH,699,1,1
0.0,0.0,0.0,NK,IAH,IAH,699,1,3
0.0,0.0,0.0,NK,IAH,IAH,699,1,4
0.0,0.0,0.0,NK,IAH,IAH,699,1,9
0.0,0.0,0.0,NK,IAH,IAH,721,1,9
0.0,0.0,0.0,NK,IAH,IAH,722,1,1
0.0,0.0,0.0,NK,IAH,IAH,722,1,3
0.0,0.0,0.0,NK,IAH,IAH,722,1,4
0.0,0.0,0.0,NK,IAH,IAH,722,1,9
0.0,0.0,0.0,NK,IND,IND,694,1,4
0.0,0.0,0.0,NK,IND,IND,699,1,1
0.0,0.0,0.0,NK,IND,IND,699,1,3
0.0,0.0,0.0,NK,IND,IND,699,1,4
0.0,0.0,0.0,NK,LAS,LAS,694,1,1
0.0,0.0,0.0,NK,LAS,LAS,694,1,2
0.0,0.0,0.0,NK,LAS,LAS,694,1,3
0.0,0.0,0.0,NK,LAS,LAS,694,1,4
0.0,0.0,0.0,NK,LAS,LAS,694,1,9
0.0,0.0,0.0,NK,LAS,LAS,698,1,1
0.0,0.0,0.0,NK,LAS,LAS,699,1,1
0.0,0.0,0.0,NK,LAS,LAS,699,1,9
0.0,0.0,0.0,NK,LAS,LAS,721,1,9
0.0,0.0,0.0,NK,LAS,LAS,722,1,1
0.0,0.0,0.0,NK,LAS,LAS,722,1,2
0.0,0.0,0.0,NK,LAS,LAS,722,1,3
0.0,0.0,0.0,NK,LAS,LAS,722,1,4
0.0,0.0,0.0,NK,LAS,LAS,722,1,9
0.0,0.0,0.0,NK,LAX,LAX,694,1,1
0.0,0.0,0.0,NK,LAX,LAX,694,1,2
0.0,0.0,0.0,NK,LAX,LAX,694,1,3
0.0,0.0,0.0,NK,LAX,LAX,694,1,9
0.0,0.0,0.0,NK,LAX,LAX,699,1,9
0.0,0.0,0.0,NK,LAX,LAX,721,1,1
0.0,0.0,0.0,NK,LAX,LAX,721,1,4
0.0,0.0,0.0,NK,LAX,LAX,721,1,9
0.0,0.0,0.0,NK,LAX,LAX,722,1,1
0.0,0.0,0.0,NK,LAX,LAX,722,1,3
0.0,0.0,0.0,NK,LAX,LAX,722,1,4
0.0,0.0,0.0,NK,LAX,LAX,722,1,9
0.0,0.0,0.0,NK,LGA,LGA,694,1,1
0.0,0.0,0.0,NK,LGA,LGA,694,1,9
0.0,0.0,0.0,NK,LGA,LGA,699,1,2
0.0,0.0,0.0,NK,LGA,LGA,699,1,3
0.0,0.0,0.0,NK,LGA,LGA,699,1,4
0.0,0.0,0.0,NK,LGA,LGA,699,1,9
0.0,0.0,0.0,NK,LGA,LGA,721,1,2
0.0,0.0,0.0,NK,LGA,LGA,721,1,3
0.0,0.0,0.0,NK,LGA,LGA,721,1,4
0.0,0.0,0.0,NK,LGA,LGA,722,1,4
0.0,0.0,0.0,NK,MCI,MCI,694,1,1
0.0,0.0,0.0,NK,MCI,MCI,694,1,9
0.0,0.0,0.0,NK,MCO,MCO,694,1,1
0.0,0.0,0.0,NK,MCO,MCO,694,1,3
0.0,0.0,0.0,NK,MCO,MCO,694,1,4
0.0,0.0,0.0,NK,MCO,MCO,694,1,9
0.0,0.0,0.0,NK,MCO,MCO,698,1,1
0.0,0.0,0.0,NK,MCO,MCO,698,1,3
0.0,0.0,0.0,NK,MCO,MCO,698,1,4
0.0,0.0,0.0,NK,MCO,MCO,699,1,1
0.0,0.0,0.0,NK,MCO,MCO,699,1,3
0.0,0.0,0.0,NK,MCO,MCO,699,1,4
0.0,0.0,0.0,NK,MCO,MCO,721,1,3
0.0,0.0,0.0,NK,MCO,MCO,722,1,1
0.0,0.0,0.0,NK,MCO,MCO,722,1,2
0.0,0.0,0.0,NK,MCO,MCO,722,1,3
0.0,0.0,0.0,NK,MCO,MCO,722,1,4
0.0,0.0,0.0,NK,MCO,MCO,722,1,9
0.0,0.0,0.0,NK,MIA,MIA,694,1,3
0.0,0.0,0.0,NK,MIA,MIA,698,1,1
0.0,0.0,0.0,NK,MIA,MIA,698,1,2
0.0,0.0,0.0,NK,MIA,MIA,699,1,1
0.0,0.0,0.0,NK,MIA,MIA,699,1,3
0.0,0.0,0.0,NK,MIA,MIA,721,1,2
0.0,0.0,0.0,NK,MIA,MIA,722,1,1
0.0,0.0,0.0,NK,MIA,MIA,722,1,3
0.0,0.0,0.0,NK,MIA,MIA,722,1,4
0.0,0.0,0.0,NK,MSP,MSP,694,1,1
0.0,0.0,0.0,NK,MSP,MSP,699,1,9
0.0,0.0,0.0,NK,MSP,MSP,722,1,2
0.0,0.0,0.0,NK,MSY,MSY,694,1,1
0.0,0.0,0.0,NK,MSY,MSY,694,1,3
0.0,0.0,0.0,NK,MSY,MSY,694,1,9
0.0,0.0,0.0,NK,MSY,MSY,699,1,9
0.0,0.0,0.0,NK,MSY,MSY,722,1,1
0.0,0.0,0.0,NK,MSY,MSY,722,1,2
0.0,0.0,0.0,NK,MSY,MSY,722,1,4
0.0,0.0,0.0,NK,MYR,MYR,694,1,3
0.0,0.0,0.0,NK,MYR,MYR,694,1,4
0.0,0.0,0.0,NK,MYR,MYR,699,1,3
0.0,0.0,0.0,NK,MYR,MYR,722,1,3
0.0,0.0,0.0,NK,OAK,OAK,694,1,1
0.0,0.0,0.0,NK,OAK,OAK,694,1,4
0.0,0.0,0.0,NK,OAK,OAK,722,1,9
0.0,0.0,0.0,NK,ORD,ORD,694,1,4
0.0,0.0,0.0,NK,ORD,ORD,694,1,9
0.0,0.0,0.0,NK,ORD,ORD,699,1,1
0.0,0.0,0.0,NK,ORD,ORD,699,1,2
0.0,0.0,0.0,NK,ORD,ORD,699,1,3
0.0,0.0,0.0,NK,ORD,ORD,699,1,4
0.0,0.0,0.0,NK,ORD,ORD,699,1,9
0.0,0.0,0.0,NK,ORD,ORD,721,1,3
0.0,0.0,0.0,NK,ORD,ORD,721,1,9
0.0,0.0,0.0,NK,ORD,ORD,722,1,1
0.0,0.0,0.0,NK,ORD,ORD,722,1,2
0.0,0.0,0.0,NK,ORD,ORD,722,1,3
0.0,0.0,0.0,NK,ORD,ORD,722,1,9
0.0,0.0,0.0,NK,ORF,ORF,694,1,1
0.0,0.0,0.0,NK,ORF,ORF,694,1,9
0.0,0.0,0.0,NK,ORF,ORF,722,1,3
0.0,0.0,0.0,NK,PBI,PBI,694,1,1
0.0,0.0,0.0,NK,PDX,PDX,721,1,9
0.0,0.0,0.0,NK,PHL,PHL,694,1,1
0.0,0.0,0.0,NK,PHL,PHL,699,1,1
0.0,0.0,0.0,NK,PHL,PHL,699,1,3
0.0,0.0,0.0,NK,PHL,PHL,722,1,1
0.0,0.0,0.0,NK,PHL,PHL,722,1,2
0.0,0.0,0.0,NK,PHL,PHL,722,1,3
0.0,0.0,0.0,NK,PHL,PHL,722,1,4
0.0,0.0,0.0,NK,PHX,PHX,694,1,1
0.0,0.0,0.0,NK,PHX,PHX,694,1,3
0.0,0.0,0.0,NK,PHX,PHX,694,1,4
0.0,0.0,0.0,NK,PHX,PHX,722,1,3
0.0,0.0,0.0,NK,PIT,PIT,694,1,3
0.0,0.0,0.0,NK,PIT,PIT,694,1,9
0.0,0.0,0.0,NK,PIT,PIT,722,1,2
0.0,0.0,0.0,NK,RIC,RIC,694,1,4
0.0,0.0,0.0,NK,RNO,RNO,722,1,3
0.0,0.0,0.0,NK,RNO,RNO,722,1,4
0.0,0.0,0.0,NK,RSW,RSW,694,1,1
0.0,0.0,0.0,NK,RSW,RSW,698,1,2
0.0,0.0,0.0,NK,RSW,RSW,699,1,3
0.0,0.0,0.0,NK,RSW,RSW,722,1,4
0.0,0.0,0.0,NK,SAN,SAN,694,1,4
0.0,0.0,0.0,NK,SAT,SAT,694,1,1
0.0,0.0,0.0,NK,SAT,SAT,694,1,3
0.0,0.0,0.0,NK,SAT,SAT,699,1,9
0.0,0.0,0.0,NK,SAT,SAT,722,1,1
0.0,0.0,0.0,NK,SAT,SAT,722,1,9
0.0,0.0,0.0,NK,SDF,SDF,699,1,3
0.0,0.0,0.0,NK,SDF,SDF,699,1,4
0.0,0.0,0.0,NK,SDF,SDF,722,1,4
0.0,0.0,0.0,NK,SEA,SEA,721,1,9
0.0,0.0,0.0,NK,SJC,SJC,722,1,1
0.0,0.0,0.0,NK,SJU,SJU,694,1,1
0.0,0.0,0.0,NK,SJU,SJU,694,1,3
0.0,0.0,0.0,NK,SJU,SJU,694,1,4
0.0,0.0,0.0,NK,SJU,SJU,698,1,9
0.0,0.0,0.0,NK,SJU,SJU,699,1,3
0.0,0.0,0.0,NK,SJU,SJU,699,1,4
0.0,0.0,0.0,NK,SJU,SJU,699,1,9
0.0,0.0,0.0,NK,SJU,SJU,722,1,1
0.0,0.0,0.0,NK,SJU,SJU,722,1,2
0.0,0.0,0.0,NK,SJU,SJU,722,1,3
0.0,0.0,0.0,NK,SJU,SJU,722,1,9
0.0,0.0,0.0,NK,SLC,SLC,722,1,1
0.0,0.0,0.0,NK,SLC,SLC,722,1,3
0.0,0.0,0.0,NK,SMF,SMF,722,1,9
0.0,0.0,0.0,NK,SNA,SNA,694,1,3
0.0,0.0,0.0,NK,SNA,SNA,694,1,9
0.0,0.0,0.0,NK,SNA,SNA,722,1,2
0.0,0.0,0.0,NK,STL,STL,699,1,1
0.0,0.0,0.0,NK,STL,STL,699,1,4
0.0,0.0,0.0,NK,STT,STT,722,1,4
0.0,0.0,0.0,NK,TPA,TPA,694,1,1
0.0,0.0,0.0,NK,TPA,TPA,694,1,2
0.0,0.0,0.0,NK,TPA,TPA,694,1,3
0.0,0.0,0.0,NK,TPA,TPA,694,1,9
0.0,0.0,0.0,NK,TPA,TPA,698,1,3
0.0,0.0,0.0,NK,TPA,TPA,699,1,9
0.0,0.0,0.0,NK,TPA,TPA,722,1,1
0.0,0.0,0.0,NK,TPA,TPA,722,1,2
0.0,0.0,0.0,NK,TPA,TPA,722,1,3
0.0,0.0,0.0,NK,TPA,TPA,722,1,4
0.0,0.0,0.0,PO,ANC,ANC,627,2,10
0.0,0.0,0.0,PO,ANC,ANC,627,2,12
0.0,0.0,0.0,PO,ANC,ANC,821,2,2
0.0,0.0,0.0,PO,ANC,ANC,821,2,12
0.0,0.0,0.0,PO,CVG,CVG,627,2,1
0.0,0.0,0.0,PO,CVG,CVG,627,2,3
0.0,0.0,0.0,PO,CVG,CVG,627,2,10
0.0,0.0,0.0,PO,CVG,CVG,627,2,12
0.0,0.0,0.0,PO,CVG,CVG,821,2,2
0.0,0.0,0.0,PO,CVG,CVG,821,2,6
0.0,0.0,0.0,PO,CVG,CVG,821,2,9
0.0,0.0,0.0,PO,CVG,CVG,821,2,12
0.0,0.0,0.0,PO,FAI,FAI,627,2,2
0.0,0.0,0.0,PO,LAX,LAX,627,2,9
0.0,0.0,0.0,PO,LAX,LAX,821,2,3
0.0,0.0,0.0,PO,LAX,LAX,821,2,6
0.0,0.0,0.0,U7,AFW,AFW,655,2,3
0.0,0.0,0.0,U7,BQK,BQK,655,2,10
0.0,0.0,0.0,U7,BQK,BQK,715,2,5
0.0,0.0,0.0,U7,CHA,CHA,655,2,1
0.0,0.0,0.0,U7,CLE,CLE,681,2,1
0.0,0.0,0.0,U7,DTW,DTW,655,2,4
0.0,0.0,0.0,U7,IAG,IAG,655,2,4
0.0,0.0,0.0,U7,LRD,LRD,655,2,1
0.0,0.0,0.0,U7,LRD,LRD,655,2,2
0.0,0.0,0.0,U7,LRD,LRD,655,2,3
0.0,0.0,0.0,U7,LRD,LRD,655,2,4
0.0,0.0,0.0,U7,LRD,LRD,655,2,5
0.0,0.0,0.0,U7,LRD,LRD,655,2,5
0.0,0.0,0.0,U7,LRD,LRD,655,2,8
0.0,0.0,0.0,U7,LRD,LRD,655,2,11
0.0,0.0,0.0,U7,LRD,LRD,655,2,11
0.0,0.0,0.0,U7,LRD,LRD,681,2,1
0.0,0.0,0.0,U7,LRD,LRD,681,2,2
0.0,0.0,0.0,U7,LRD,LRD,681,2,3
0.0,0.0,0.0,U7,LRD,LRD,681,2,4
0.0,0.0,0.0,U7,LRD,LRD,715,2,3
0.0,0.0,0.0,U7,LRD,LRD,715,2,7
0.0,0.0,0.0,U7,LRD,LRD,715,2,10
0.0,0.0,0.0,U7,LRD,LRD,715,2,10
0.0,0.0,0.0,U7,MCI,MCI,655,2,3
0.0,0.0,0.0,U7,MCI,MCI,655,2,6
0.0,0.0,0.0,U7,MCI,MCI,681,2,3
0.0,0.0,0.0,U7,OSC,OSC,681,2,1
0.0,0.0,0.0,U7,SFB,SFB,655,2,2
0.0,0.0,0.0,U7,SHV,SHV,715,2,8
0.0,0.0,0.0,U7,STL,STL,655,2,4
0.0,0.0,0.0,U7,SUS,SUS,655,2,3
0.0,0.0,0.0,U7,YIP,YIP,655,2,1
0.0,0.0,0.0,U7,YIP,YIP,655,2,2
0.0,0.0,0.0,U7,YIP,YIP,655,2,3
0.0,0.0,0.0,U7,YIP,YIP,655,2,4
0.0,0.0,0.0,U7,YIP,YIP,655,2,6
0.0,0.0,0.0,U7,YIP,YIP,655,2,6
0.0,0.0,0.0,U7,YIP,YIP,655,2,8
0.0,0.0,0.0,U7,YIP,YIP,655,2,10
0.0,0.0,0.0,U7,YIP,YIP,655,2,12
0.0,0.0,0.0,U7,YIP,YIP,681,2,1
0.0,0.0,0.0,U7,YIP,YIP,681,2,2
0.0,0.0,0.0,U7,YIP,YIP,715,2,7
0.0,0.0,0.0,U7,YIP,YIP,715,2,10
0.0,0.0,0.0,X9,AFW,AFW,626,1,3
0.0,0.0,4.0,7S,KUK,NUP,35,2,5
0.0,0.0,4.0,7S,NUP,KUK,412,2,5
0.0,0.0,5.0,7S,SMK,WBB,412,2,5
0.0,0.0,5.0,7S,SMK,WBB,412,2,6
0.0,0.0,5.0,7S,SMK,WBB,412,2,9
0.0,0.0,5.0,7S,SMK,WBB,412,2,10
0.0,0.0,5.0,7S,SMK,WBB,412,2,12
0.0,0.0,5.0,7S,WBB,SMK,412,2,2
0.0,0.0,5.0,7S,WBB,SMK,412,2,3
0.0,0.0,5.0,7S,WBB,SMK,412,2,9
0.0,0.0,5.0,7S,WBB,SMK,412,2,11
0.0,0.0,6.0,7S,ATT,NUP,412,2,10
0.0,0.0,6.0,7S,BET,PKA,412,2,4
0.0,0.0,6.0,7S,BET,PKA,412,2,6
0.0,0.0,6.0,7S,BET,PKA,412,2,7
0.0,0.0,6.0,7S,BET,PKA,412,2,8
0.0,0.0,6.0,7S,OOK,TNK,412,2,3
0.0,0.0,6.0,7S,OOK,TNK,412,2,6
0.0,0.0,6.0,7S,OOK,TNK,412,2,8
0.0,0.0,6.0,7S,PKA,BET,412,2,4
0.0,0.0,6.0,7S,PKA,BET,412,2,6
0.0,0.0,6.0,7S,PKA,BET,412,2,7
0.0,0.0,6.0,7S,PKA,BET,412,2,11
0.0,0.0,6.0,7S,PKA,BET,412,2,12
0.0,0.0,6.0,7S,TNC,WAA,412,2,6
0.0,0.0,6.0,7S,TNK,OOK,412,2,6
0.0,0.0,6.0,7S,TNK,OOK,412,2,7
0.0,0.0,6.0,7S,TNK,OOK,412,2,9
0.0,0.0,6.0,7S,WAA,TNC,412,2,11
0.0,0.0,7.0,7S,KTS,TLA,412,2,2
0.0,0.0,7.0,7S,KTS,TLA,412,2,3
0.0,0.0,7.0,7S,KTS,TLA,412,2,5
0.0,0.0,7.0,7S,KTS,TLA,412,2,9
0.0,0.0,7.0,7S,KTS,TLA,412,2,10
0.0,0.0,7.0,7S,OBU,SHG,412,2,3
0.0,0.0,7.0,7S,OBU,SHG,412,2,4
0.0,0.0,7.0,7S,OBU,SHG,412,2,5
0.0,0.0,7.0,7S,OBU,SHG,412,2,6
0.0,0.0,7.0,7S,OBU,SHG,412,2,8
0.0,0.0,7.0,7S,OBU,SHG,412,2,9
0.0,0.0,7.0,7S,OBU,SHG,412,2,11
0.0,0.0,7.0,7S,OBU,SHG,412,2,12
0.0,0.0,7.0,7S,PKA,WNA,412,2,8
0.0,0.0,7.0,7S,SHG,OBU,412,2,2
0.0,0.0,7.0,7S,SHG,OBU,412,2,3
0.0,0.0,7.0,7S,SHG,OBU,412,2,4
0.0,0.0,7.0,7S,SHG,OBU,412,2,5
0.0,0.0,7.0,7S,SHG,OBU,412,2,6
0.0,0.0,7.0,7S,SHG,OBU,412,2,7
0.0,0.0,7.0,7S,SHG,OBU,412,2,8
0.0,0.0,7.0,7S,SHG,OBU,412,2,9
0.0,0.0,7.0,7S,SHG,OBU,412,2,10
0.0,0.0,7.0,7S,SHG,OBU,412,2,11
0.0,0.0,7.0,7S,SHG,OBU,412,2,12
0.0,0.0,7.0,7S,TLA,KTS,412,2,2
0.0,0.0,7.0,7S,TLA,KTS,412,2,8
0.0,0.0,7.0,7S,WNA,PKA,412,2,12
0.0,0.0,8.0,5V,ANC,EDF,218,2,5
0.0,0.0,8.0,5Y,MIA,OPF,626,2,4
0.0,0.0,8.0,5Y,MIA,OPF,626,2,9
0.0,0.0,8.0,5Y,MIA,OPF,626,2,11
0.0,0.0,8.0,5Y,OPF,MIA,614,2,8
0.0,0.0,8.0,5Y,OPF,MIA,626,2,4
0.0,0.0,8.0,5Y,OPF,MIA,626,2,5
0.0,0.0,8.0,5Y,OPF,MIA,626,2,9
0.0,0.0,8.0,5Y,OPF,MIA,626,2,12
0.0,0.0,8.0,7S,BET,WNA,412,2,4
0.0,0.0,8.0,7S,BET,WNA,412,2,8
0.0,0.0,8.0,7S,BET,WNA,412,2,9
0.0,0.0,8.0,7S,BET,WNA,412,2,11
0.0,0.0,8.0,7S,BET,WNA,412,2,12
0.0,0.0,8.0,7S,KUK,ATT,412,2,10
0.0,0.0,8.0,7S,WNA,BET,412,2,4
0.0,0.0,8.0,7S,WNA,BET,412,2,6
0.0,0.0,8.0,7S,WNA,BET,412,2,8
0.0,0.0,8.0,7S,WNA,BET,412,2,9
0.0,0.0,8.0,7S,WNA,BET,412,2,10
0.0,0.0,8.0,7S,WNA,BET,412,2,11
0.0,0.0,8.0,7S,WNA,BET,412,2,12
0.0,0.0,8.0,8C,MIA,OPF,625,2,2
0.0,0.0,8.0,GFQ,MIA,OPF,430,2,2
0.0,0.0,8.0,GFQ,MIA,OPF,430,2,4
0.0,0.0,8.0,GFQ,MIA,OPF,430,2,10
0.0,0.0,8.0,L2,EDF,ANC,556,2,3
0.0,0.0,8.0,N8,EDF,ANC,819,2,11
0.0,0.0,9.0,7S,KKI,AKI,412,2,10
0.0,0.0,9.0,7S,KKI,AKI,412,2,12
0.0,0.0,9.0,7S,KKI,AKI,416,2,12
0.0,0.0,9.0,7S,KKI,KWT,412,2,6
0.0,0.0,9.0,7S,KWT,KKI,412,2,8
0.0,0.0,9.0,KLQ,DTW,YIP,619,2,6
0.0,0.0,9.0,KLQ,DTW,YIP,715,2,2
0.0,0.0,9.0,U7,DTW,YIP,655,2,1
0.0,0.0,9.0,U7,DTW,YIP,655,2,4
0.0,0.0,9.0,U7,DTW,YIP,655,2,9
0.0,0.0,9.0,U7,DTW,YIP,655,2,11
0.0,0.0,9.0,U7,DTW,YIP,655,2,12
0.0,0.0,9.0,U7,DTW,YIP,715,2,11
0.0,0.0,9.0,U7,YIP,DTW,655,2,10
0.0,0.0,9.0,U7,YIP,DTW,655,2,11
0.0,0.0,10.0,7S,AUK,EMK,412,2,1
0.0,0.0,10.0,7S,AUK,EMK,412,2,2
0.0,0.0,10.0,7S,AUK,EMK,412,2,3
0.0,0.0,10.0,7S,AUK,EMK,412,2,4
0.0,0.0,10.0,7S,AUK,EMK,412,2,5
0.0,0.0,10.0,7S,AUK,EMK,412,2,6
0.0,0.0,10.0,7S,AUK,EMK,412,2,7
0.0,0.0,10.0,7S,AUK,EMK,412,2,8
0.0,0.0,10.0,7S,AUK,EMK,412,2,9
0.0,0.0,10.0,7S,AUK,EMK,412,2,10
0.0,0.0,10.0,7S,AUK,EMK,412,2,12
0.0,0.0,10.0,7S,EMK,AUK,412,2,1
0.0,0.0,10.0,7S,EMK,AUK,412,2,2
0.0,0.0,10.0,7S,EMK,AUK,412,2,3
0.0,0.0,10.0,7S,EMK,AUK,412,2,4
0.0,0.0,10.0,7S,EMK,AUK,412,2,5
0.0,0.0,10.0,7S,EMK,AUK,412,2,6
0.0,0.0,10.0,7S,EMK,AUK,412,2,7
0.0,0.0,10.0,7S,EMK,AUK,412,2,8
0.0,0.0,10.0,7S,EMK,AUK,412,2,9
0.0,0.0,10.0,7S,EMK,AUK,412,2,10
0.0,0.0,10.0,7S,EMK,AUK,412,2,11
0.0,0.0,10.0,7S,EMK,AUK,412,2,12
0.0,0.0,10.0,JRQ,SXQ,ENA,35,3,6
0.0,0.0,11.0,7S,AKI,KWT,412,2,5
0.0,0.0,11.0,7S,AKI,KWT,412,2,12
0.0,0.0,11.0,7S,GNU,PTU,412,2,2
0.0,0.0,11.0,7S,GNU,PTU,412,2,4
0.0,0.0,11.0,7S,GNU,PTU,412,2,6
0.0,0.0,11.0,7S,GNU,PTU,412,2,8
0.0,0.0,11.0,7S,GNU,PTU,412,2,9
0.0,0.0,11.0,7S,GNU,PTU,412,2,11
0.0,0.0,11.0,7S,GNU,PTU,412,2,12
0.0,0.0,11.0,7S,PTU,GNU,412,2,5
0.0,0.0,11.0,7S,PTU,GNU,412,2,8
0.0,0.0,11.0,DL,JFK,LGA,614,1,9
0.0,0.0,11.0,DL,JFK,LGA,724,1,7
0.0,0.0,12.0,7S,AUK,SXP,412,2,1
0.0,0.0,12.0,7S,AUK,SXP,412,2,2
0.0,0.0,12.0,7S,AUK,SXP,412,2,5
0.0,0.0,12.0,7S,AUK,SXP,412,2,7
0.0,0.0,12.0,7S,AUK,SXP,412,2,9
0.0,0.0,12.0,7S,AUK,SXP,412,2,10
0.0,0.0,12.0,7S,AUK,SXP,412,2,11
0.0,0.0,12.0,7S,AUK,SXP,412,2,12
0.0,0.0,12.0,7S,KKH,KWK,412,2,3
0.0,0.0,12.0,7S,KKH,KWK,412,2,4
0.0,0.0,12.0,7S,KKH,KWK,412,2,6
0.0,0.0,12.0,7S,KKH,KWK,412,2,7
0.0,0.0,12.0,7S,SXP,AUK,412,2,9
0.0,0.0,13.0,7S,BET,KWT,412,2,3
0.0,0.0,13.0,7S,BET,KWT,412,2,4
0.0,0.0,13.0,7S,BET,KWT,412,2,8
0.0,0.0,13.0,7S,BET,KWT,412,2,9
0.0,0.0,13.0,7S,BET,KWT,412,2,10
0.0,0.0,13.0,7S,KSM,MOU,412,2,4
0.0,0.0,13.0,7S,KWT,BET,412,2,3
0.0,0.0,13.0,7S,KWT,BET,412,2,5
0.0,0.0,13.0,7S,KWT,BET,412,2,6
0.0,0.0,13.0,7S,KWT,BET,412,2,7
0.0,0.0,13.0,7S,KWT,BET,412,2,9
0.0,0.0,13.0,7S,KWT,BET,412,2,10
0.0,0.0,13.0,7S,KWT,BET,412,2,12
0.0,0.0,13.0,7S,MOU,KSM,412,2,8
0.0,0.0,13.0,7S,MOU,KSM,412,2,9
0.0,0.0,13.0,FX,ARA,LFT,622,2,12
0.0,0.0,13.0,FX,LFT,ARA,622,2,8
0.0,0.0,14.0,7S,KSM,PQS,412,2,1
0.0,0.0,14.0,7S,KSM,PQS,412,2,2
0.0,0.0,14.0,7S,KSM,PQS,412,2,3
0.0,0.0,14.0,7S,KSM,PQS,412,2,4
0.0,0.0,14.0,7S,KSM,PQS,412,2,5
0.0,0.0,14.0,7S,KSM,PQS,412,2,6
0.0,0.0,14.0,7S,KSM,PQS,412,2,7
0.0,0.0,14.0,7S,KSM,PQS,412,2,8
0.0,0.0,14.0,7S,KSM,PQS,412,2,9
0.0,0.0,14.0,7S,KSM,PQS,412,2,10
0.0,0.0,14.0,7S,KSM,PQS,412,2,11
0.0,0.0,14.0,7S,KSM,PQS,412,2,12
0.0,0.0,14.0,7S,PQS,KSM,412,2,1
0.0,0.0,14.0,7S,PQS,KSM,412,2,3
0.0,0.0,14.0,7S,PQS,KSM,412,2,7
0.0,0.0,14.0,7S,PQS,KSM,412,2,8
0.0,0.0,14.0,7S,PQS,KSM,412,2,10
0.0,0.0,14.0,7S,PQS,KSM,412,2,12
0.0,0.0,14.0,EM,ESD,FRD,416,2,1
0.0,0.0,14.0,EM,ESD,FRD,416,2,2
0.0,0.0,14.0,EM,ESD,FRD,416,2,3
0.0,0.0,14.0,EM,ESD,FRD,416,2,5
0.0,0.0,14.0,EM,ESD,FRD,416,2,7
0.0,0.0,14.0,EM,ESD,FRD,416,2,8
0.0,0.0,14.0,EM,ESD,FRD,416,2,10
0.0,0.0,14.0,EM,ESD,FRD,416,2,12
0.0,0.0,14.0,EM,FRD,ESD,416,2,1
0.0,0.0,14.0,EM,FRD,ESD,416,2,2
0.0,0.0,14.0,EM,FRD,ESD,416,2,3
0.0,0.0,14.0,EM,FRD,ESD,416,2,4
0.0,0.0,14.0,EM,FRD,ESD,416,2,5
0.0,0.0,14.0,EM,FRD,ESD,416,2,6
0.0,0.0,14.0,EM,FRD,ESD,416,2,7
0.0,0.0,14.0,EM,FRD,ESD,416,2,8
0.0,0.0,14.0,EM,FRD,ESD,416,2,9
0.0,0.0,14.0,EM,FRD,ESD,416,2,10
0.0,0.0,14.0,EM,FRD,ESD,416,2,11
0.0,0.0,14.0,EM,FRD,ESD,416,2,12
0.0,0.0,14.0,FX,ESD,FRD,416,2,1
0.0,0.0,14.0,FX,ESD,FRD,416,2,2
0.0,0.0,14.0,FX,ESD,FRD,416,2,3
0.0,0.0,14.0,FX,ESD,FRD,416,2,5
0.0,0.0,14.0,FX,ESD,FRD,416,2,7
0.0,0.0,14.0,FX,ESD,FRD,416,2,8
0.0,0.0,14.0,FX,ESD,FRD,416,2,10
0.0,0.0,14.0,FX,ESD,FRD,416,2,12
0.0,0.0,14.0,FX,FRD,ESD,416,2,1
0.0,0.0,14.0,FX,FRD,ESD,416,2,2
0.0,0.0,14.0,FX,FRD,ESD,416,2,3
0.0,0.0,14.0,FX,FRD,ESD,416,2,4
0.0,0.0,14.0,FX,FRD,ESD,416,2,5
0.0,0.0,14.0,FX,FRD,ESD,416,2,6
0.0,0.0,14.0,FX,FRD,ESD,416,2,7
0.0,0.0,14.0,FX,FRD,ESD,416,2,8
0.0,0.0,14.0,FX,FRD,ESD,416,2,9
0.0,0.0,14.0,FX,FRD,ESD,416,2,10
0.0,0.0,14.0,FX,FRD,ESD,416,2,11
0.0,0.0,14.0,FX,FRD,ESD,416,2,12
0.0,0.0,14.0,GFQ,FLL,OPF,430,2,1
0.0,0.0,14.0,KLQ,MCI,MKC,617,2,6
0.0,0.0,15.0,7S,BET,KKI,412,2,1
0.0,0.0,15.0,7S,BET,KKI,412,2,3
0.0,0.0,15.0,7S,BET,KKI,412,2,4
0.0,0.0,15.0,7S,BET,KKI,412,2,5
0.0,0.0,15.0,7S,BET,KKI,412,2,6
0.0,0.0,15.0,7S,BET,KKI,412,2,7
0.0,0.0,15.0,7S,BET,KKI,412,2,8
0.0,0.0,15.0,7S,BET,KKI,412,2,10
0.0,0.0,15.0,7S,BET,KKI,412,2,12
0.0,0.0,15.0,7S,GLV,WMO,412,2,3
0.0,0.0,15.0,7S,GLV,WMO,412,2,5
0.0,0.0,15.0,7S,GLV,WMO,412,2,6
0.0,0.0,15.0,7S,GLV,WMO,412,2,9
0.0,0.0,15.0,7S,GLV,WMO,412,2,10
0.0,0.0,15.0,7S,GLV,WMO,412,2,12
0.0,0.0,15.0,7S,KKI,BET,412,2,1
0.0,0.0,15.0,7S,KKI,BET,412,2,3
0.0,0.0,15.0,7S,KKI,BET,412,2,5
0.0,0.0,15.0,7S,KKI,BET,412,2,6
0.0,0.0,15.0,7S,KKI,BET,412,2,7
0.0,0.0,15.0,7S,KKI,BET,412,2,8
0.0,0.0,15.0,7S,KKI,BET,412,2,9
0.0,0.0,15.0,7S,KKI,BET,412,2,10
0.0,0.0,15.0,7S,KKI,BET,412,2,12
0.0,0.0,15.0,7S,WMO,GLV,412,2,1
0.0,0.0,15.0,7S,WMO,GLV,412,2,2
0.0,0.0,15.0,7S,WMO,GLV,412,2,3
0.0,0.0,15.0,7S,WMO,GLV,412,2,4
0.0,0.0,15.0,7S,WMO,GLV,412,2,5
0.0,0.0,15.0,7S,WMO,GLV,412,2,8
0.0,0.0,15.0,7S,WMO,GLV,412,2,9
0.0,0.0,15.0,7S,WMO,GLV,412,2,10
0.0,0.0,15.0,7S,WMO,GLV,412,2,12
0.0,0.0,15.0,8C,RIV,SBD,626,2,1
0.0,0.0,15.0,8C,RIV,SBD,626,2,7
0.0,0.0,15.0,DL,ORD,MDW,622,1,10
0.0,0.0,16.0,7S,ATT,BET,412,2,1
0.0,0.0,16.0,7S,ATT,BET,412,2,5
0.0,0.0,16.0,7S,ATT,BET,412,2,6
0.0,0.0,16.0,7S,ATT,BET,412,2,7
0.0,0.0,16.0,7S,ATT,BET,412,2,10
0.0,0.0,16.0,7S,ATT,BET,412,2,11
0.0,0.0,16.0,7S,BET,ATT,412,2,5
0.0,0.0,16.0,7S,BET,ATT,412,2,7
0.0,0.0,16.0,7S,BET,ATT,412,2,8
0.0,0.0,16.0,7S,BET,ATT,412,2,9
0.0,0.0,16.0,7S,BET,ATT,412,2,10
0.0,0.0,16.0,7S,BET,ATT,412,2,11
0.0,0.0,17.0,5X,LAX,LGB,626,2,1
0.0,0.0,17.0,7S,ANV,KGX,412,2,1
0.0,0.0,17.0,7S,ANV,KGX,412,2,9
0.0,0.0,17.0,7S,CYF,KPN,412,2,5
0.0,0.0,17.0,7S,CYF,KPN,412,2,7
0.0,0.0,17.0,7S,CYF,KPN,412,2,8
0.0,0.0,17.0,7S,KGX,ANV,412,2,9
0.0,0.0,17.0,7S,KPN,CYF,412,2,6
0.0,0.0,17.0,7S,KPN,CYF,412,2,7
0.0,0.0,17.0,7S,KPN,CYF,412,2,8
0.0,0.0,17.0,7S,KPN,CYF,412,2,10
0.0,0.0,17.0,F4,CPX,VQS,131,1,1
0.0,0.0,17.0,F4,CPX,VQS,131,1,3
0.0,0.0,17.0,F4,CPX,VQS,131,2,2
0.0,0.0,17.0,F4,VQS,CPX,131,1,1
0.0,0.0,17.0,F4,VQS,CPX,131,1,3
0.0,0.0,17.0,NEW,BID,WST,79,1,1
0.0,0.0,17.0,NEW,BID,WST,79,1,7
0.0,0.0,17.0,NEW,BID,WST,79,1,8
0.0,0.0,17.0,NEW,BID,WST,79,1,12
0.0,0.0,17.0,NEW,WST,BID,79,1,1
0.0,0.0,17.0,NEW,WST,BID,79,1,7
0.0,0.0,17.0,NEW,WST,BID,79,1,8
0.0,0.0,17.0,NEW,WST,BID,79,1,12
0.0,0.0,18.0,7S,HPB,VAK,412,2,1
0.0,0.0,18.0,7S,HPB,VAK,412,2,3
0.0,0.0,18.0,7S,HPB,VAK,412,2,6
0.0,0.0,18.0,7S,HPB,VAK,412,2,7
0.0,0.0,18.0,7S,HPB,VAK,412,2,8
0.0,0.0,18.0,7S,HPB,VAK,412,2,11
0.0,0.0,18.0,7S,VAK,HPB,412,2,5
0.0,0.0,18.0,7S,VAK,HPB,412,2,6
0.0,0.0,18.0,7S,VAK,HPB,412,2,7
0.0,0.0,18.0,7S,VAK,HPB,412,2,8
0.0,0.0,18.0,EM,BLI,ESD,416,2,4
0.0,0.0,18.0,EM,ESD,BLI,416,2,1
0.0,0.0,18.0,EM,ESD,BLI,416,2,2
0.0,0.0,18.0,EM,ESD,BLI,416,2,3
0.0,0.0,18.0,EM,ESD,BLI,416,2,4
0.0,0.0,18.0,EM,ESD,BLI,416,2,5
0.0,0.0,18.0,EM,ESD,BLI,416,2,6
0.0,0.0,18.0,EM,ESD,BLI,416,2,7
0.0,0.0,18.0,EM,ESD,BLI,416,2,8
0.0,0.0,18.0,EM,ESD,BLI,416,2,9
0.0,0.0,18.0,EM,ESD,BLI,416,2,10
0.0,0.0,18.0,EM,ESD,BLI,416,2,11
0.0,0.0,18.0,EM,ESD,BLI,416,2,12
0.0,0.0,18.0,FX,AFW,DFW,622,2,3
0.0,0.0,18.0,FX,AFW,DFW,626,2,3
0.0,0.0,18.0,FX,BLI,ESD,416,2,4
0.0,0.0,18.0,FX,BUR,LAX,691,2,2
0.0,0.0,18.0,FX,DFW,AFW,622,2,12
0.0,0.0,18.0,FX,ESD,BLI,416,2,1
0.0,0.0,18.0,FX,ESD,BLI,416,2,2
0.0,0.0,18.0,FX,ESD,BLI,416,2,3
0.0,0.0,18.0,FX,ESD,BLI,416,2,4
0.0,0.0,18.0,FX,ESD,BLI,416,2,5
0.0,0.0,18.0,FX,ESD,BLI,416,2,6
0.0,0.0,18.0,FX,ESD,BLI,416,2,7
0.0,0.0,18.0,FX,ESD,BLI,416,2,8
0.0,0.0,18.0,FX,ESD,BLI,416,2,9
0.0,0.0,18.0,FX,ESD,BLI,416,2,10
0.0,0.0,18.0,FX,ESD,BLI,416,2,11
0.0,0.0,18.0,FX,ESD,BLI,416,2,12
0.0,0.0,18.0,FX,LAX,BUR,626,2,10
0.0,0.0,18.0,FX,LAX,BUR,691,2,1
0.0,0.0,18.0,NK,LAX,BUR,694,1,3
0.0,0.0,19.0,5X,LGB,SNA,622,2,8
0.0,0.0,19.0,7S,IAN,ORV,412,2,1
0.0,0.0,19.0,7S,IAN,ORV,412,2,3
0.0,0.0,19.0,7S,IAN,ORV,412,2,4
0.0,0.0,19.0,7S,IAN,ORV,412,2,5
0.0,0.0,19.0,7S,IAN,ORV,412,2,6
0.0,0.0,19.0,7S,IAN,ORV,412,2,7
0.0,0.0,19.0,7S,IAN,ORV,412,2,8
0.0,0.0,19.0,7S,IAN,ORV,412,2,9
0.0,0.0,19.0,7S,IAN,ORV,412,2,10
0.0,0.0,19.0,7S,IAN,ORV,412,2,11
0.0,0.0,19.0,7S,IAN,ORV,412,2,12
0.0,0.0,19.0,7S,KWT,WNA,412,2,4
0.0,0.0,19.0,7S,ORV,IAN,412,2,3
0.0,0.0,19.0,7S,ORV,IAN,412,2,9
0.0,0.0,19.0,7S,ORV,IAN,412,2,12
0.0,0.0,19.0,FX,XXP,UKI,416,2,1
0.0,0.0,19.0,FX,XXP,UKI,416,2,4
0.0,0.0,19.0,FX,XXP,UKI,416,2,5
0.0,0.0,19.0,FX,XXP,UKI,416,2,9
0.0,0.0,19.0,FX,XXP,UKI,416,2,10
0.0,0.0,19.0,FX,XXP,UKI,416,2,12
0.0,0.0,20.0,7S,NME,TNK,412,2,6
0.0,0.0,20.0,7S,TNK,NME,412,2,5
0.0,0.0,20.0,8V,SHX,ANV,416,1,1
0.0,0.0,21.0,5X,FLL,MIA,626,2,7
0.0,0.0,21.0,5X,FLL,MIA,626,2,8
0.0,0.0,21.0,5X,FLL,MIA,626,2,11
0.0,0.0,21.0,5X,FLL,MIA,626,2,12
0.0,0.0,21.0,5X,JFK,EWR,626,2,1
0.0,0.0,21.0,5X,JFK,EWR,626,2,2
0.0,0.0,21.0,5X,JFK,EWR,626,2,6
0.0,0.0,21.0,5X,JFK,EWR,626,2,11
0.0,0.0,21.0,5X,JFK,EWR,626,2,12
0.0,0.0,21.0,5X,MIA,FLL,626,2,1
0.0,0.0,21.0,5X,MIA,FLL,626,2,2
0.0,0.0,21.0,5X,MIA,FLL,626,2,3
0.0,0.0,21.0,5X,MIA,FLL,626,2,5
0.0,0.0,21.0,5X,MIA,FLL,626,2,7
0.0,0.0,21.0,5X,MIA,FLL,626,2,8
0.0,0.0,21.0,5X,MIA,FLL,626,2,9
0.0,0.0,21.0,5X,MIA,FLL,626,2,10
0.0,0.0,21.0,5X,MIA,FLL,626,2,11
0.0,0.0,21.0,5X,MIA,FLL,626,2,12
0.0,0.0,21.0,5X,MIA,FLL,691,2,12
0.0,0.0,21.0,5X,ONT,SBD,622,2,12
0.0,0.0,21.0,5X,ONT,SBD,626,2,1
0.0,0.0,21.0,5X,ONT,SBD,626,2,3
0.0,0.0,21.0,5X,ONT,SBD,626,2,5
0.0,0.0,21.0,5X,ONT,SBD,626,2,6
0.0,0.0,21.0,5X,ONT,SBD,626,2,7
0.0,0.0,21.0,5X,ONT,SBD,626,2,8
0.0,0.0,21.0,5X,ONT,SBD,626,2,9
0.0,0.0,21.0,5X,ONT,SBD,626,2,10
0.0,0.0,21.0,5X,ONT,SBD,740,2,12
0.0,0.0,21.0,5X,SBD,ONT,626,2,2
0.0,0.0,21.0,5Y,FLL,MIA,819,2,5
0.0,0.0,21.0,5Y,FLL,MIA,819,2,8
0.0,0.0,21.0,5Y,FLL,MIA,821,2,8
0.0,0.0,21.0,7S,KGX,SHX,412,2,2
0.0,0.0,21.0,7S,SCM,VAK,412,2,8
0.0,0.0,21.0,7S,SCM,VAK,412,2,10
0.0,0.0,21.0,7S,VAK,SCM,412,2,8
0.0,0.0,21.0,7S,VAK,SCM,412,2,10
0.0,0.0,21.0,7S,VAK,SCM,412,2,12
0.0,0.0,21.0,8C,ONT,SBD,626,2,4
0.0,0.0,21.0,8C,ONT,SBD,626,2,12
0.0,0.0,21.0,8C,SBD,ONT,626,2,6
0.0,0.0,21.0,DL,EWR,JFK,622,1,10
0.0,0.0,21.0,FX,EWR,JFK,626,2,5
0.0,0.0,21.0,FX,EWR,JFK,626,2,6
0.0,0.0,21.0,FX,EWR,JFK,626,2,9
0.0,0.0,21.0,FX,EWR,JFK,626,2,10
0.0,0.0,21.0,FX,FLL,MIA,740,2,9
0.0,0.0,21.0,FX,JFK,EWR,626,2,1
0.0,0.0,21.0,FX,JFK,EWR,691,2,6
0.0,0.0,21.0,FX,MIA,FLL,622,2,1
0.0,0.0,21.0,FX,MIA,FLL,622,2,4
0.0,0.0,21.0,GFQ,FLL,MIA,430,2,5
0.0,0.0,21.0,HA,ONT,SBD,696,2,4
0.0,0.0,21.0,HA,ONT,SBD,696,2,11
0.0,0.0,21.0,HA,ONT,SBD,696,2,12
0.0,0.0,21.0,SY,ONT,SBD,614,2,4
0.0,0.0,21.0,SY,ONT,SBD,614,2,5
0.0,0.0,21.0,SY,ONT,SBD,614,2,6
0.0,0.0,21.0,SY,ONT,SBD,614,2,7
0.0,0.0,22.0,7S,AKI,BET,412,2,5
0.0,0.0,22.0,7S,AKI,BET,412,2,7
0.0,0.0,22.0,7S,AKI,BET,412,2,10
0.0,0.0,22.0,7S,AKI,BET,412,2,12
0.0,0.0,22.0,7S,AKI,BET,416,2,12
0.0,0.0,22.0,7S,BET,AKI,412,2,4
0.0,0.0,22.0,7S,BET,AKI,412,2,5
0.0,0.0,22.0,7S,BET,AKI,412,2,10
0.0,0.0,22.0,7S,BET,AKI,412,2,11
0.0,0.0,22.0,7S,BET,AKI,412,2,12
0.0,0.0,22.0,7S,BET,NUP,412,2,1
0.0,0.0,22.0,7S,BET,NUP,412,2,4
0.0,0.0,22.0,7S,BET,NUP,412,2,5
0.0,0.0,22.0,7S,BET,NUP,412,2,11
0.0,0.0,22.0,7S,BET,NUP,412,2,12
0.0,0.0,22.0,7S,ELI,GLV,412,2,3
0.0,0.0,22.0,7S,ELI,GLV,412,2,5
0.0,0.0,22.0,7S,ELI,GLV,412,2,6
0.0,0.0,22.0,7S,ELI,GLV,412,2,7
0.0,0.0,22.0,7S,ELI,GLV,412,2,8
0.0,0.0,22.0,7S,ELI,GLV,412,2,9
0.0,0.0,22.0,7S,ELI,GLV,412,2,10
0.0,0.0,22.0,7S,ELI,GLV,412,2,11
0.0,0.0,22.0,7S,ELI,GLV,412,2,12
0.0,0.0,22.0,7S,EMK,SXP,412,2,1
0.0,0.0,22.0,7S,EMK,SXP,412,2,2
0.0,0.0,22.0,7S,EMK,SXP,412,2,3
0.0,0.0,22.0,7S,EMK,SXP,412,2,5
0.0,0.0,22.0,7S,EMK,SXP,412,2,6
0.0,0.0,22.0,7S,EMK,SXP,412,2,7
0.0,0.0,22.0,7S,EMK,SXP,412,2,8
0.0,0.0,22.0,7S,EMK,SXP,412,2,9
0.0,0.0,22.0,7S,EMK,SXP,412,2,10
0.0,0.0,22.0,7S,GLV,ELI,412,2,1
0.0,0.0,22.0,7S,GLV,ELI,412,2,3
0.0,0.0,22.0,7S,GLV,ELI,412,2,4
0.0,0.0,22.0,7S,GLV,ELI,412,2,5
0.0,0.0,22.0,7S,GLV,ELI,412,2,7
0.0,0.0,22.0,7S,GLV,ELI,412,2,8
0.0,0.0,22.0,7S,GLV,ELI,412,2,9
0.0,0.0,22.0,7S,GLV,ELI,412,2,10
0.0,0.0,22.0,7S,GLV,ELI,412,2,11
0.0,0.0,22.0,7S,GLV,ELI,412,2,12
0.0,0.0,22.0,7S,NUP,BET,35,2,5
0.0,0.0,22.0,7S,NUP,BET,412,2,1
0.0,0.0,22.0,7S,NUP,BET,412,2,4
0.0,0.0,22.0,7S,NUP,BET,412,2,4
0.0,0.0,22.0,7S,NUP,BET,412,2,9
0.0,0.0,22.0,7S,NUP,BET,412,2,10
0.0,0.0,22.0,7S,NUP,BET,412,2,11
0.0,0.0,22.0,7S,NUP,BET,412,2,12
0.0,0.0,22.0,7S,SXP,EMK,412,2,1
0.0,0.0,22.0,7S,SXP,EMK,412,2,2
0.0,0.0,22.0,7S,SXP,EMK,412,2,3
0.0,0.0,22.0,7S,SXP,EMK,412,2,5
0.0,0.0,22.0,7S,SXP,EMK,412,2,6
0.0,0.0,22.0,7S,SXP,EMK,412,2,7
0.0,0.0,22.0,7S,SXP,EMK,412,2,8
0.0,0.0,22.0,7S,SXP,EMK,412,2,9
0.0,0.0,22.0,7S,SXP,EMK,412,2,10
0.0,0.0,22.0,7S,SXP,EMK,412,2,11
0.0,0.0,22.0,7S,WNA,NUP,412,2,9
0.0,0.0,22.0,EM,AZA,PHX,416,2,4
0.0,0.0,22.0,FX,AZA,PHX,416,2,4
0.0,0.0,22.0,FX,JHM,LNY,416,2,3
0.0,0.0,22.0,FX,LNY,JHM,416,2,1
0.0,0.0,22.0,FX,LNY,JHM,416,2,4
0.0,0.0,22.0,FX,LNY,JHM,416,2,7
0.0,0.0,22.0,FX,LNY,JHM,416,2,8
0.0,0.0,22.0,FX,LNY,JHM,416,2,11
0.0,0.0,22.0,SY,AZA,PHX,614,2,8
0.0,0.0,23.0,5Y,ONT,RIV,614,2,12
0.0,0.0,23.0,5Y,ONT,RIV,626,2,4
0.0,0.0,23.0,5Y,ONT,RIV,626,2,5
0.0,0.0,23.0,5Y,ONT,RIV,626,2,6
0.0,0.0,23.0,5Y,ONT,RIV,626,2,7
0.0,0.0,23.0,5Y,ONT,RIV,626,2,8
0.0,0.0,23.0,5Y,ONT,RIV,626,2,12
0.0,0.0,23.0,5Y,RIV,ONT,626,2,5
0.0,0.0,23.0,7S,ABL,SHG,412,2,3
0.0,0.0,23.0,7S,ABL,SHG,412,2,4
0.0,0.0,23.0,7S,ABL,SHG,412,2,5
0.0,0.0,23.0,7S,ABL,SHG,412,2,6
0.0,0.0,23.0,7S,ABL,SHG,412,2,7
0.0,0.0,23.0,7S,ABL,SHG,412,2,8
0.0,0.0,23.0,7S,ABL,SHG,412,2,9
0.0,0.0,23.0,7S,ABL,SHG,412,2,10
0.0,0.0,23.0,7S,ABL,SHG,412,2,11
0.0,0.0,23.0,7S,ABL,SHG,412,2,12
0.0,0.0,23.0,7S,BKC,CDL,412,2,10
0.0,0.0,23.0,7S,EEK,WTL,412,2,5
0.0,0.0,23.0,7S,EEK,WTL,412,2,11
0.0,0.0,23.0,7S,KKI,TLT,412,2,6
0.0,0.0,23.0,7S,KKI,TLT,412,2,8
0.0,0.0,23.0,7S,KNK,ILI,412,2,5
0.0,0.0,23.0,7S,SHG,ABL,412,2,2
0.0,0.0,23.0,7S,SHG,ABL,412,2,3
0.0,0.0,23.0,7S,SHG,ABL,412,2,4
0.0,0.0,23.0,7S,SHG,ABL,412,2,5
0.0,0.0,23.0,7S,SHG,ABL,412,2,6
0.0,0.0,23.0,7S,SHG,ABL,412,2,7
0.0,0.0,23.0,7S,SHG,ABL,412,2,8
0.0,0.0,23.0,7S,SHG,ABL,412,2,12
0.0,0.0,23.0,7S,TLT,KKI,412,2,9
0.0,0.0,23.0,7S,TLT,KKI,412,2,12
0.0,0.0,23.0,7S,WTL,EEK,412,2,5
0.0,0.0,23.0,7S,WTL,EEK,412,2,7
0.0,0.0,23.0,7S,WTL,EEK,412,2,9
0.0,0.0,24.0,7S,BET,KUK,412,2,1
0.0,0.0,24.0,7S,BET,KUK,412,2,3
0.0,0.0,24.0,7S,BET,KUK,412,2,4
0.0,0.0,24.0,7S,BET,KUK,412,2,6
0.0,0.0,24.0,7S,BET,KUK,412,2,7
0.0,0.0,24.0,7S,BET,KUK,412,2,7
0.0,0.0,24.0,7S,BET,KUK,412,2,10
0.0,0.0,24.0,7S,BET,KUK,412,2,11
0.0,0.0,24.0,7S,BET,KUK,412,2,12
0.0,0.0,24.0,7S,KUK,BET,412,2,1
0.0,0.0,24.0,7S,KUK,BET,412,2,2
0.0,0.0,24.0,7S,KUK,BET,412,2,3
0.0,0.0,24.0,7S,KUK,BET,412,2,4
0.0,0.0,24.0,7S,KUK,BET,412,2,5
0.0,0.0,24.0,7S,KUK,BET,412,2,6
0.0,0.0,24.0,7S,KUK,BET,412,2,7
0.0,0.0,24.0,7S,KUK,BET,412,2,8
0.0,0.0,24.0,7S,KUK,BET,412,2,9
0.0,0.0,24.0,7S,KUK,BET,412,2,10
0.0,0.0,24.0,7S,KUK,BET,412,2,11
0.0,0.0,24.0,7S,KUK,BET,412,2,12
0.0,0.0,24.0,AMQ,HOU,IAH,635,2,6
0.0,0.0,24.0,FX,QQY,AUS,416,2,1
0.0,0.0,24.0,FX,XXN,UKI,416,2,2
0.0,0.0,24.0,YX,IAD,DCA,673,1,6
0.0,0.0,25.0,5V,KYU,GAL,421,2,5
0.0,0.0,25.0,7S,NME,WWT,412,2,6
0.0,0.0,25.0,7S,NME,WWT,412,2,11
0.0,0.0,25.0,FX,SBP,SMX,416,2,3
0.0,0.0,25.0,FX,SBP,SMX,416,2,8
0.0,0.0,25.0,FX,SBP,SMX,416,2,9
0.0,0.0,25.0,FX,SBP,SMX,416,2,10
0.0,0.0,25.0,FX,SMX,SBP,416,2,1
0.0,0.0,25.0,FX,SMX,SBP,416,2,2
0.0,0.0,25.0,FX,SMX,SBP,416,2,3
0.0,0.0,25.0,FX,SMX,SBP,416,2,4
0.0,0.0,25.0,FX,SMX,SBP,416,2,5
0.0,0.0,25.0,FX,SMX,SBP,416,2,6
0.0,0.0,25.0,FX,SMX,SBP,416,2,7
0.0,0.0,25.0,FX,SMX,SBP,416,2,8
0.0,0.0,25.0,FX,SMX,SBP,416,2,9
0.0,0.0,25.0,FX,SMX,SBP,416,2,10
0.0,0.0,25.0,FX,SMX,SBP,416,2,11
0.0,0.0,25.0,FX,SMX,SBP,416,2,12
0.0,0.0,26.0,9K,MVY,HYA,125,1,1
0.0,0.0,26.0,AMQ,BFI,PAE,635,2,2
0.0,0.0,26.0,FX,MAE,FAT,416,2,1
0.0,0.0,26.0,U7,PTK,FNT,655,2,1
0.0,0.0,27.0,7S,ANI,KLG,412,2,1
0.0,0.0,27.0,7S,ANI,KLG,412,2,4
0.0,0.0,27.0,7S,ANI,KLG,412,2,6
0.0,0.0,27.0,7S,ANI,KLG,412,2,7
0.0,0.0,27.0,7S,ANI,KLG,412,2,8
0.0,0.0,27.0,7S,ANI,KLG,412,2,9
0.0,0.0,27.0,7S,ANI,KLG,412,2,10
0.0,0.0,27.0,7S,ANI,KLG,412,2,11
0.0,0.0,27.0,7S,ATT,KKI,412,2,8
0.0,0.0,27.0,7S,CYF,NME,412,2,3
0.0,0.0,27.0,7S,KLG,ANI,412,2,1
0.0,0.0,27.0,7S,KLG,ANI,412,2,6
0.0,0.0,27.0,7S,KLG,ANI,412,2,7
0.0,0.0,27.0,7S,KLG,ANI,412,2,10
0.0,0.0,27.0,7S,NME,CYF,412,2,9
0.0,0.0,27.0,7S,NME,CYF,412,2,11
0.0,0.0,27.0,7S,TLT,KWT,412,2,7
0.0,0.0,27.0,7S,TLT,KWT,412,2,10
0.0,0.0,27.0,7S,WWT,OOK,412,2,4
0.0,0.0,27.0,FX,LNY,MKK,416,2,1
0.0,0.0,27.0,FX,LNY,MKK,416,2,2
0.0,0.0,27.0,FX,LNY,MKK,416,2,3
0.0,0.0,27.0,FX,LNY,MKK,416,2,4
0.0,0.0,27.0,FX,LNY,MKK,416,2,5
0.0,0.0,27.0,FX,LNY,MKK,416,2,6
0.0,0.0,27.0,FX,LNY,MKK,416,2,7
0.0,0.0,27.0,FX,LNY,MKK,416,2,8
0.0,0.0,27.0,FX,LNY,MKK,416,2,9
0.0,0.0,27.0,FX,LNY,MKK,416,2,10
0.0,0.0,27.0,FX,LNY,MKK,416,2,11
0.0,0.0,27.0,FX,LNY,MKK,416,2,12
0.0,0.0,27.0,FX,MKK,LNY,416,2,4
0.0,0.0,27.0,FX,MKK,LNY,416,2,8
0.0,0.0,27.0,FX,MKK,LNY,416,2,10
0.0,0.0,28.0,7S,ABL,OBU,412,2,3
0.0,0.0,28.0,7S,ABL,OBU,412,2,5
0.0,0.0,28.0,7S,ABL,OBU,412,2,6
0.0,0.0,28.0,7S,ABL,OBU,412,2,8
0.0,0.0,28.0,7S,ABL,OBU,412,2,11
0.0,0.0,28.0,7S,ABL,OBU,412,2,12
0.0,0.0,28.0,7S,KKH,WTL,412,2,5
0.0,0.0,28.0,7S,KKH,WTL,412,2,7
0.0,0.0,28.0,7S,KKH,WTL,412,2,12
0.0,0.0,28.0,7S,KUK,PKA,412,2,11
0.0,0.0,28.0,7S,OBU,ABL,412,2,2
0.0,0.0,28.0,7S,OBU,ABL,412,2,3
0.0,0.0,28.0,7S,OBU,ABL,412,2,5
0.0,0.0,28.0,7S,OBU,ABL,412,2,7
0.0,0.0,28.0,7S,OBU,ABL,412,2,8
0.0,0.0,28.0,7S,OBU,ABL,412,2,9
0.0,0.0,28.0,7S,OBU,ABL,412,2,10
0.0,0.0,28.0,7S,OBU,ABL,412,2,11
0.0,0.0,28.0,7S,OBU,ABL,412,2,12
0.0,0.0,28.0,7S,WTL,KKH,412,2,1
0.0,0.0,28.0,EM,MVW,FRD,416,2,9
0.0,0.0,28.0,FX,MVW,FRD,416,2,9
0.0,0.0,29.0,5X,OAK,SJC,626,2,9
0.0,0.0,29.0,5X,OAK,SJC,626,2,10
0.0,0.0,29.0,5X,OAK,SJC,691,2,9
0.0,0.0,29.0,5X,OAK,SJC,691,2,10
0.0,0.0,29.0,5X,OAK,SJC,691,2,11
0.0,0.0,29.0,7S,AKI,WNA,412,2,10
0.0,0.0,29.0,7S,AKI,WNA,412,2,11
0.0,0.0,29.0,7S,ATT,KWT,412,2,5
0.0,0.0,29.0,7S,HPB,SCM,412,2,1
0.0,0.0,29.0,7S,HPB,SCM,412,2,7
0.0,0.0,29.0,7S,IAN,WLK,412,2,9
0.0,0.0,29.0,7S,IAN,WLK,412,2,12
0.0,0.0,29.0,7S,SCM,HPB,412,2,2
0.0,0.0,29.0,7S,SCM,HPB,412,2,11
0.0,0.0,29.0,7S,TYE,JZE,412,2,10
0.0,0.0,29.0,7S,WLK,IAN,412,2,2
0.0,0.0,29.0,7S,WLK,IAN,412,2,3
0.0,0.0,29.0,7S,WLK,IAN,412,2,4
0.0,0.0,29.0,7S,WLK,IAN,412,2,6
0.0,0.0,29.0,7S,WLK,IAN,412,2,7
0.0,0.0,29.0,7S,WLK,IAN,412,2,8
0.0,0.0,29.0,7S,WLK,IAN,412,2,10
0.0,0.0,29.0,7S,WLK,IAN,412,2,12
0.0,0.0,29.0,EM,BLI,FRD,416,2,1
0.0,0.0,29.0,EM,BLI,FRD,416,2,8
0.0,0.0,29.0,EM,FRD,BLI,416,2,5
0.0,0.0,29.0,EM,FRD,BLI,416,2,10
0.0,0.0,29.0,EM,FRD,BLI,416,2,12
0.0,0.0,29.0,FX,BLI,FRD,416,2,1
0.0,0.0,29.0,FX,BLI,FRD,416,2,8
0.0,0.0,29.0,FX,FRD,BLI,416,2,5
0.0,0.0,29.0,FX,FRD,BLI,416,2,10
0.0,0.0,29.0,FX,FRD,BLI,416,2,12
0.0,0.0,29.0,FX,OAK,SJC,626,2,11
0.0,0.0,29.0,FX,OAK,SJC,740,2,6
0.0,0.0,29.0,FX,SJC,OAK,691,2,3
0.0,0.0,30.0,5X,ONT,SNA,622,2,1
0.0,0.0,30.0,5X,ONT,SNA,622,2,3
0.0,0.0,30.0,5X,ONT,SNA,622,2,4
0.0,0.0,30.0,5X,ONT,SNA,622,2,5
0.0,0.0,30.0,5X,ONT,SNA,622,2,7
0.0,0.0,30.0,5X,ONT,SNA,622,2,8
0.0,0.0,30.0,5X,ONT,SNA,622,2,9
0.0,0.0,30.0,5X,ONT,SNA,622,2,10
0.0,0.0,30.0,5X,ONT,SNA,622,2,11
0.0,0.0,30.0,5X,ONT,SNA,691,2,4
0.0,0.0,30.0,9K,MVY,ACK,125,1,2
0.0,0.0,30.0,DL,HPN,JFK,622,1,2
0.0,0.0,30.0,FX,ACK,MVY,416,2,1
0.0,0.0,30.0,FX,ACK,MVY,416,2,2
0.0,0.0,30.0,FX,ACK,MVY,416,2,7
0.0,0.0,30.0,FX,ACK,MVY,416,2,8
0.0,0.0,30.0,FX,ACK,MVY,416,2,11
0.0,0.0,30.0,FX,MVY,ACK,416,2,2
0.0,0.0,30.0,FX,MVY,ACK,416,2,7
0.0,0.0,30.0,FX,PRB,SBP,416,2,4
0.0,0.0,30.0,FX,PRB,SBP,416,2,8
0.0,0.0,30.0,FX,PRB,SBP,416,2,9
0.0,0.0,30.0,FX,PRB,SBP,416,2,10
0.0,0.0,30.0,FX,PRB,SBP,416,2,12
0.0,0.0,30.0,FX,SQA,SMX,416,2,9
0.0,0.0,30.0,FX,SQA,SMX,416,2,12
0.0,0.0,30.0,GFQ,PTK,YIP,715,2,9
0.0,0.0,30.0,GFQ,PTK,YIP,715,2,12
0.0,0.0,30.0,GFQ,YIP,PTK,629,2,4
0.0,0.0,30.0,GFQ,YIP,PTK,715,2,10
0.0,0.0,31.0,5Y,TPA,LAL,626,2,7
0.0,0.0,31.0,7S,PQS,MLL,412,2,8
0.0,0.0,31.0,9K,ACK,HYA,125,2,1
0.0,0.0,31.0,9K,ACK,HYA,125,2,2
0.0,0.0,31.0,9K,ACK,HYA,125,2,3
0.0,0.0,31.0,9K,ACK,HYA,125,2,4
0.0,0.0,31.0,9K,ACK,HYA,125,2,5
0.0,0.0,31.0,9K,ACK,HYA,125,2,6
0.0,0.0,31.0,9K,ACK,HYA,125,2,7
0.0,0.0,31.0,9K,ACK,HYA,125,2,8
0.0,0.0,31.0,9K,ACK,HYA,125,2,9
0.0,0.0,31.0,9K,ACK,HYA,125,2,10
0.0,0.0,31.0,9K,ACK,HYA,125,2,11
0.0,0.0,31.0,9K,ACK,HYA,125,2,12
0.0,0.0,31.0,9K,HYA,ACK,125,2,1
0.0,0.0,31.0,9K,HYA,ACK,125,2,2
0.0,0.0,31.0,9K,HYA,ACK,125,2,3
0.0,0.0,31.0,9K,HYA,ACK,125,2,4
0.0,0.0,31.0,9K,HYA,ACK,125,2,5
0.0,0.0,31.0,9K,HYA,ACK,125,2,6
0.0,0.0,31.0,9K,HYA,ACK,125,2,7
0.0,0.0,31.0,9K,HYA,ACK,125,2,8
0.0,0.0,31.0,9K,HYA,ACK,125,2,9
0.0,0.0,31.0,9K,HYA,ACK,125,2,10
0.0,0.0,31.0,9K,HYA,ACK,125,2,11
0.0,0.0,31.0,9K,HYA,ACK,125,2,12
0.0,0.0,31.0,KO,PSG,WRG,405,2,1
0.0,0.0,31.0,KO,PSG,WRG,405,2,3
0.0,0.0,31.0,KO,PSG,WRG,405,2,4
0.0,0.0,31.0,KO,PSG,WRG,405,2,5
0.0,0.0,31.0,KO,PSG,WRG,405,2,7
0.0,0.0,31.0,KO,PSG,WRG,405,2,8
0.0,0.0,31.0,KO,PSG,WRG,405,2,9
0.0,0.0,31.0,KO,PSG,WRG,405,2,10
0.0,0.0,31.0,KO,PSG,WRG,405,2,12
0.0,0.0,31.0,KO,WRG,PSG,405,2,1
0.0,0.0,31.0,KO,WRG,PSG,405,2,2
0.0,0.0,31.0,KO,WRG,PSG,405,2,3
0.0,0.0,31.0,KO,WRG,PSG,405,2,4
0.0,0.0,31.0,KO,WRG,PSG,405,2,5
0.0,0.0,31.0,KO,WRG,PSG,405,2,6
0.0,0.0,31.0,KO,WRG,PSG,405,2,7
0.0,0.0,31.0,KO,WRG,PSG,405,2,8
0.0,0.0,31.0,KO,WRG,PSG,405,2,9
0.0,0.0,31.0,KO,WRG,PSG,405,2,10
0.0,0.0,31.0,KO,WRG,PSG,405,2,11
0.0,0.0,31.0,KO,WRG,PSG,405,2,12
0.0,0.0,31.0,SY,TPA,LAL,614,2,9
0.0,0.0,31.0,SY,TPA,LAL,614,2,10
0.0,0.0,31.0,YX,HYA,ACK,673,1,8
0.0,0.0,32.0,5V,LGB,CNO,655,2,2
0.0,0.0,32.0,7S,KWN,EEK,412,2,1
0.0,0.0,32.0,7S,KWN,EEK,412,2,2
0.0,0.0,32.0,7S,KWN,EEK,412,2,6
0.0,0.0,32.0,7S,KWN,EEK,412,2,7
0.0,0.0,32.0,7S,KWN,EEK,412,2,8
0.0,0.0,32.0,7S,KWN,EEK,412,2,10
0.0,0.0,32.0,7S,KWN,EEK,412,2,11
0.0,0.0,32.0,7S,KWN,EEK,412,2,12
0.0,0.0,32.0,7S,ORV,WLK,412,2,5
0.0,0.0,32.0,7S,ORV,WLK,412,2,6
0.0,0.0,32.0,7S,ORV,WLK,412,2,11
0.0,0.0,32.0,7S,WLK,ORV,412,2,3
0.0,0.0,32.0,7S,WLK,ORV,412,2,5
0.0,0.0,32.0,7S,WLK,ORV,412,2,6
0.0,0.0,32.0,7S,WLK,ORV,412,2,7
0.0,0.0,32.0,7S,WLK,ORV,412,2,8
0.0,0.0,32.0,7S,WLK,ORV,412,2,9
0.0,0.0,32.0,7S,WLK,ORV,412,2,10
0.0,0.0,32.0,7S,WLK,ORV,412,2,11
0.0,0.0,32.0,AMQ,SEA,PAE,635,2,4
0.0,0.0,33.0,7S,WTK,RDB,412,2,8
0.0,0.0,33.0,7S,WTL,WNA,412,2,6
0.0,0.0,34.0,5V,NUL,GAL,421,2,8
0.0,0.0,34.0,7S,CKD,SLQ,412,2,4
0.0,0.0,34.0,7S,CKD,SLQ,412,2,12
0.0,0.0,34.0,7S,ELI,WMO,412,2,1
0.0,0.0,34.0,7S,ELI,WMO,412,2,4
0.0,0.0,34.0,7S,ELI,WMO,412,2,5
0.0,0.0,34.0,7S,ELI,WMO,412,2,6
0.0,0.0,34.0,7S,ELI,WMO,412,2,9
0.0,0.0,34.0,7S,ELI,WMO,412,2,12
0.0,0.0,34.0,7S,WMO,ELI,412,2,1
0.0,0.0,34.0,7S,WMO,ELI,412,2,2
0.0,0.0,34.0,7S,WMO,ELI,412,2,3
0.0,0.0,34.0,7S,WMO,ELI,412,2,4
0.0,0.0,34.0,7S,WMO,ELI,412,2,5
0.0,0.0,34.0,7S,WMO,ELI,412,2,6
0.0,0.0,34.0,7S,WMO,ELI,412,2,9
0.0,0.0,34.0,7S,WMO,ELI,412,2,11
0.0,0.0,34.0,7S,WMO,ELI,412,2,12
0.0,0.0,34.0,8V,GAL,NUL,35,1,2
0.0,0.0,34.0,8V,NUL,GAL,35,1,1
0.0,0.0,34.0,L2,AA8,SCC,556,2,5
0.0,0.0,34.0,L2,SCC,AA8,556,2,5
0.0,0.0,35.0,7S,BVU,ANC,412,2,1
0.0,0.0,35.0,7S,EMK,KOT,412,2,1
0.0,0.0,35.0,7S,EMK,KOT,412,2,2
0.0,0.0,35.0,7S,EMK,KOT,412,2,3
0.0,0.0,35.0,7S,EMK,KOT,412,2,4
0.0,0.0,35.0,7S,EMK,KOT,412,2,5
0.0,0.0,35.0,7S,EMK,KOT,412,2,6
0.0,0.0,35.0,7S,EMK,KOT,412,2,7
0.0,0.0,35.0,7S,EMK,KOT,412,2,8
0.0,0.0,35.0,7S,EMK,KOT,412,2,9
0.0,0.0,35.0,7S,EMK,KOT,412,2,10
0.0,0.0,35.0,7S,EMK,KOT,412,2,11
0.0,0.0,35.0,7S,EMK,KOT,412,2,12
0.0,0.0,35.0,7S,KOT,EMK,412,2,1
0.0,0.0,35.0,7S,KOT,EMK,412,2,2
0.0,0.0,35.0,7S,KOT,EMK,412,2,3
0.0,0.0,35.0,7S,KOT,EMK,412,2,4
0.0,0.0,35.0,7S,KOT,EMK,412,2,6
0.0,0.0,35.0,7S,KOT,EMK,412,2,7
0.0,0.0,35.0,7S,KOT,EMK,412,2,8
0.0,0.0,35.0,7S,KOT,EMK,412,2,9
0.0,0.0,35.0,7S,KOT,EMK,412,2,10
0.0,0.0,35.0,7S,KOT,EMK,412,2,11
0.0,0.0,35.0,7S,KOT,EMK,412,2,12
0.0,0.0,35.0,EM,FRD,CLM,416,2,1
0.0,0.0,35.0,FX,FRD,CLM,416,2,1
0.0,0.0,35.0,KO,VZY,AKN,405,2,6
0.0,0.0,36.0,5X,LAX,SNA,622,2,7
0.0,0.0,36.0,5X,LAX,SNA,622,2,8
0.0,0.0,36.0,5X,LAX,SNA,622,2,9
0.0,0.0,36.0,5X,ONT,LGB,622,2,9
0.0,0.0,36.0,5X,ONT,LGB,626,2,4
0.0,0.0,36.0,5X,ONT,LGB,626,2,6
0.0,0.0,36.0,5X,ONT,LGB,626,2,7
0.0,0.0,36.0,5X,ONT,LGB,626,2,10
0.0,0.0,36.0,5X,ORD,GYY,622,2,3
0.0,0.0,36.0,5X,ORD,GYY,622,2,4
0.0,0.0,36.0,5X,ORD,GYY,622,2,5
0.0,0.0,36.0,5X,ORD,GYY,691,2,3
0.0,0.0,36.0,5X,ORD,GYY,691,2,4
0.0,0.0,36.0,5X,ORD,GYY,691,2,5
0.0,0.0,36.0,5X,ORD,GYY,691,2,6
0.0,0.0,36.0,5X,ORD,GYY,691,2,7
0.0,0.0,36.0,5X,ORD,GYY,691,2,8
0.0,0.0,36.0,5X,ORD,GYY,691,2,9
0.0,0.0,36.0,5X,ORD,GYY,691,2,10
0.0,0.0,36.0,5X,ORD,GYY,691,2,11
0.0,0.0,36.0,7S,ELI,SKK,412,2,11
0.0,0.0,36.0,7S,KLG,RSH,412,2,9
0.0,0.0,36.0,7S,KLG,RSH,412,2,10
0.0,0.0,36.0,7S,SKK,UNK,412,2,1
0.0,0.0,36.0,7S,SKK,UNK,412,2,2
0.0,0.0,36.0,7S,SKK,UNK,412,2,3
0.0,0.0,36.0,7S,SKK,UNK,412,2,4
0.0,0.0,36.0,7S,SKK,UNK,412,2,5
0.0,0.0,36.0,7S,SKK,UNK,412,2,6
0.0,0.0,36.0,7S,SKK,UNK,412,2,7
0.0,0.0,36.0,7S,SKK,UNK,412,2,8
0.0,0.0,36.0,7S,SKK,UNK,412,2,9
0.0,0.0,36.0,7S,SKK,UNK,412,2,11
0.0,0.0,36.0,7S,SKK,UNK,412,2,12
0.0,0.0,36.0,7S,UNK,SKK,412,2,1
0.0,0.0,36.0,7S,UNK,SKK,412,2,2
0.0,0.0,36.0,7S,UNK,SKK,412,2,3
0.0,0.0,36.0,7S,UNK,SKK,412,2,4
0.0,0.0,36.0,7S,UNK,SKK,412,2,5
0.0,0.0,36.0,7S,UNK,SKK,412,2,6
0.0,0.0,36.0,7S,UNK,SKK,412,2,7
0.0,0.0,36.0,7S,UNK,SKK,412,2,8
0.0,0.0,36.0,7S,UNK,SKK,412,2,9
0.0,0.0,36.0,7S,UNK,SKK,412,2,10
0.0,0.0,36.0,7S,UNK,SKK,412,2,11
0.0,0.0,36.0,7S,UNK,SKK,412,2,12
0.0,0.0,36.0,7S,WTL,KUK,412,2,2
0.0,0.0,36.0,7S,WTL,KUK,412,2,10
0.0,0.0,36.0,FX,FAT,VIS,416,2,1
0.0,0.0,36.0,FX,SNA,LAX,691,2,6
0.0,0.0,36.0,M6,LGB,ONT,626,2,2
0.0,0.0,36.0,UA,LAX,SNA,614,1,12
0.0,0.0,37.0,FX,HUT,ICT,416,2,6
0.0,0.0,37.0,FX,HUT,ICT,416,2,9
0.0,0.0,38.0,7S,BET,TLT,412,2,1
0.0,0.0,38.0,7S,BET,TLT,412,2,6
0.0,0.0,38.0,7S,BET,TLT,412,2,7
0.0,0.0,38.0,7S,BET,TLT,412,2,8
0.0,0.0,38.0,7S,BET,TLT,412,2,9
0.0,0.0,38.0,7S,BET,TLT,412,2,10
0.0,0.0,38.0,7S,BET,TLT,412,2,11
0.0,0.0,38.0,7S,BET,TLT,412,2,12
0.0,0.0,38.0,7S,GAM,SVA,412,2,2
0.0,0.0,38.0,7S,GAM,SVA,412,2,5
0.0,0.0,38.0,7S,GAM,SVA,412,2,6
0.0,0.0,38.0,7S,GAM,SVA,412,2,10
0.0,0.0,38.0,7S,GAM,SVA,412,2,12
0.0,0.0,38.0,7S,MYU,TNK,412,2,6
0.0,0.0,38.0,7S,MYU,TNK,412,2,8
0.0,0.0,38.0,7S,SVA,GAM,412,2,3
0.0,0.0,38.0,7S,SVA,GAM,412,2,4
0.0,0.0,38.0,7S,SVA,GAM,412,2,9
0.0,0.0,38.0,7S,SVA,GAM,412,2,12
0.0,0.0,38.0,7S,TLT,BET,412,2,1
0.0,0.0,38.0,7S,TLT,BET,412,2,5
0.0,0.0,38.0,7S,TLT,BET,412,2,6
0.0,0.0,38.0,7S,TLT,BET,412,2,8
0.0,0.0,38.0,7S,TLT,BET,412,2,9
0.0,0.0,38.0,7S,TLT,BET,412,2,10
0.0,0.0,38.0,7S,TLT,BET,412,2,11
0.0,0.0,38.0,7S,TNK,MYU,412,2,5
0.0,0.0,38.0,EM,CVO,ONP,416,2,8
0.0,0.0,38.0,EM,ONP,CVO,416,2,1
0.0,0.0,38.0,EM,ONP,CVO,416,2,2
0.0,0.0,38.0,EM,ONP,CVO,416,2,3
0.0,0.0,38.0,EM,ONP,CVO,416,2,4
0.0,0.0,38.0,EM,ONP,CVO,416,2,5
0.0,0.0,38.0,EM,ONP,CVO,416,2,6
0.0,0.0,38.0,EM,ONP,CVO,416,2,7
0.0,0.0,38.0,EM,ONP,CVO,416,2,8
0.0,0.0,38.0,EM,ONP,CVO,416,2,9
0.0,0.0,38.0,EM,ONP,CVO,416,2,10
0.0,0.0,38.0,EM,ONP,CVO,416,2,11
0.0,0.0,38.0,EM,ONP,CVO,416,2,12
0.0,0.0,38.0,FX,CVO,ONP,416,2,8
0.0,0.0,38.0,FX,ONP,CVO,416,2,1
0.0,0.0,38.0,FX,ONP,CVO,416,2,2
0.0,0.0,38.0,FX,ONP,CVO,416,2,3
0.0,0.0,38.0,FX,ONP,CVO,416,2,4
0.0,0.0,38.0,FX,ONP,CVO,416,2,5
0.0,0.0,38.0,FX,ONP,CVO,416,2,6
0.0,0.0,38.0,FX,ONP,CVO,416,2,7
0.0,0.0,38.0,FX,ONP,CVO,416,2,8
0.0,0.0,38.0,FX,ONP,CVO,416,2,9
0.0,0.0,38.0,FX,ONP,CVO,416,2,10
0.0,0.0,38.0,FX,ONP,CVO,416,2,11
0.0,0.0,38.0,FX,ONP,CVO,416,2,12
0.0,0.0,39.0,7S,ANC,TYE,412,2,3
0.0,0.0,39.0,7S,ANC,TYE,412,2,7
0.0,0.0,39.0,7S,ANC,TYE,412,2,10
0.0,0.0,39.0,7S,ANC,TYE,412,2,10
0.0,0.0,39.0,7S,ANC,TYE,412,2,12
0.0,0.0,39.0,7S,ANC,TYE,412,2,12
0.0,0.0,39.0,7S,KKA,SKK,412,2,5
0.0,0.0,39.0,7S,KKA,SKK,412,2,6
0.0,0.0,39.0,7S,KKA,SKK,412,2,12
0.0,0.0,39.0,7S,KKH,KWN,412,2,6
0.0,0.0,39.0,7S,KWN,KKH,412,2,3
0.0,0.0,39.0,7S,SKK,KKA,412,2,4
0.0,0.0,39.0,7S,SKK,KKA,412,2,5
0.0,0.0,39.0,7S,SKK,KKA,412,2,6
0.0,0.0,39.0,7S,SKK,KKA,412,2,9
0.0,0.0,39.0,7S,SKK,KKA,412,2,10
0.0,0.0,39.0,7S,SKK,KKA,412,2,11
0.0,0.0,39.0,7S,SKK,KKA,412,2,12
0.0,0.0,39.0,7S,TYE,ANC,412,2,7
0.0,0.0,39.0,7S,TYE,ANC,412,2,10
0.0,0.0,39.0,7S,TYE,ANC,412,2,12
0.0,0.0,39.0,7S,TYE,ANC,412,2,12
0.0,0.0,39.0,F4,SJU,VQS,131,1,1
0.0,0.0,39.0,F4,SJU,VQS,131,1,3
0.0,0.0,39.0,F4,SJU,VQS,131,2,2
0.0,0.0,39.0,F4,SJU,VQS,201,1,1
0.0,0.0,39.0,F4,SJU,VQS,201,1,3
0.0,0.0,39.0,F4,SJU,VQS,201,2,2
0.0,0.0,39.0,F4,VQS,SJU,131,1,3
0.0,0.0,39.0,F4,VQS,SJU,131,2,2
0.0,0.0,39.0,FX,DRO,FMN,416,2,1
0.0,0.0,39.0,FX,DRO,FMN,416,2,10
0.0,0.0,39.0,FX,FMN,DRO,416,2,1
0.0,0.0,39.0,FX,FMN,DRO,416,2,2
0.0,0.0,39.0,FX,FMN,DRO,416,2,3
0.0,0.0,39.0,FX,FMN,DRO,416,2,4
0.0,0.0,39.0,FX,FMN,DRO,416,2,5
0.0,0.0,39.0,FX,FMN,DRO,416,2,6
0.0,0.0,39.0,FX,FMN,DRO,416,2,7
0.0,0.0,39.0,FX,FMN,DRO,416,2,8
0.0,0.0,39.0,FX,FMN,DRO,416,2,9
0.0,0.0,39.0,FX,FMN,DRO,416,2,10
0.0,0.0,39.0,FX,FMN,DRO,416,2,11
0.0,0.0,39.0,FX,FMN,DRO,416,2,12
0.0,0.0,39.0,FX,GLR,PLN,416,2,2
0.0,0.0,39.0,FX,GLR,PLN,416,2,5
0.0,0.0,39.0,GFQ,OPF,TNT,430,2,5
0.0,0.0,39.0,GFQ,TNT,OPF,430,2,5
0.0,0.0,39.0,N8,1FL,MCO,819,2,8
0.0,0.0,39.0,VI,SJU,VQS,131,1,2
0.0,0.0,39.0,VI,VQS,SJU,131,1,2
0.0,0.0,40.0,7S,BET,EEK,412,2,1
0.0,0.0,40.0,7S,BET,EEK,412,2,3
0.0,0.0,40.0,7S,BET,EEK,412,2,5
0.0,0.0,40.0,7S,BET,EEK,412,2,6
0.0,0.0,40.0,7S,BET,EEK,412,2,9
0.0,0.0,40.0,7S,BET,EEK,412,2,10
0.0,0.0,40.0,7S,BET,EEK,412,2,10
0.0,0.0,40.0,7S,BET,EEK,412,2,11
0.0,0.0,40.0,7S,EEK,BET,412,2,1
0.0,0.0,40.0,7S,EEK,BET,412,2,2
0.0,0.0,40.0,7S,EEK,BET,412,2,3
0.0,0.0,40.0,7S,EEK,BET,412,2,5
0.0,0.0,40.0,7S,EEK,BET,412,2,6
0.0,0.0,40.0,7S,EEK,BET,412,2,7
0.0,0.0,40.0,7S,EEK,BET,412,2,8
0.0,0.0,40.0,7S,EEK,BET,412,2,9
0.0,0.0,40.0,7S,EEK,BET,412,2,10
0.0,0.0,40.0,7S,EEK,BET,412,2,11
0.0,0.0,40.0,7S,EEK,BET,412,2,12
0.0,0.0,40.0,7S,KKH,KPN,412,2,9
0.0,0.0,40.0,8C,SUU,MCC,626,2,3
0.0,0.0,40.0,FX,EAR,GRI,416,2,12
0.0,0.0,40.0,FX,GRI,EAR,416,2,6
0.0,0.0,40.0,KD,MCC,SUU,740,2,8
0.0,0.0,40.0,KD,SUU,MCC,740,2,8
0.0,0.0,40.0,KD,SUU,MCC,740,2,10
0.0,0.0,40.0,KD,SUU,MCC,740,2,11
0.0,0.0,41.0,5V,ENN,FAI,218,2,6
0.0,0.0,41.0,7S,BET,WTL,412,2,1
0.0,0.0,41.0,7S,BET,WTL,412,2,2
0.0,0.0,41.0,7S,BET,WTL,412,2,3
0.0,0.0,41.0,7S,BET,WTL,412,2,4
0.0,0.0,41.0,7S,BET,WTL,412,2,5
0.0,0.0,41.0,7S,BET,WTL,412,2,6
0.0,0.0,41.0,7S,BET,WTL,412,2,7
0.0,0.0,41.0,7S,BET,WTL,412,2,8
0.0,0.0,41.0,7S,BET,WTL,412,2,9
0.0,0.0,41.0,7S,BET,WTL,412,2,10
0.0,0.0,41.0,7S,BET,WTL,412,2,11
0.0,0.0,41.0,7S,BET,WTL,412,2,12
0.0,0.0,41.0,7S,WTL,BET,412,2,1
0.0,0.0,41.0,7S,WTL,BET,412,2,2
0.0,0.0,41.0,7S,WTL,BET,412,2,3
0.0,0.0,41.0,7S,WTL,BET,412,2,4
0.0,0.0,41.0,7S,WTL,BET,412,2,5
0.0,0.0,41.0,7S,WTL,BET,412,2,6
0.0,0.0,41.0,7S,WTL,BET,412,2,7
0.0,0.0,41.0,7S,WTL,BET,412,2,8
0.0,0.0,41.0,7S,WTL,BET,412,2,9
0.0,0.0,41.0,7S,WTL,BET,412,2,10
0.0,0.0,41.0,7S,WTL,BET,412,2,11
0.0,0.0,41.0,7S,WTL,BET,412,2,12
0.0,0.0,42.0,5X,FLL,PBI,622,2,1
0.0,0.0,42.0,5X,FLL,PBI,622,2,3
0.0,0.0,42.0,5X,FLL,PBI,691,2,7
0.0,0.0,42.0,7S,ANC,PAQ,412,2,6
0.0,0.0,42.0,7S,MYU,OOK,412,2,2
0.0,0.0,42.0,7S,MYU,OOK,412,2,4
0.0,0.0,42.0,7S,MYU,OOK,412,2,5
0.0,0.0,42.0,7S,MYU,OOK,412,2,6
0.0,0.0,42.0,7S,MYU,OOK,412,2,12
0.0,0.0,42.0,7S,OOK,MYU,412,2,7
0.0,0.0,42.0,7S,PAQ,ANC,412,2,6
0.0,0.0,42.0,7S,PAQ,ANC,459,2,12
0.0,0.0,42.0,FX,PAQ,ANC,110,2,12
0.0,0.0,43.0,5V,FYU,VEE,421,2,5
0.0,0.0,43.0,5V,GAL,RBY,416,3,9
0.0,0.0,43.0,5V,RBY,GAL,218,2,12
0.0,0.0,43.0,7S,ANI,HCR,412,2,2
0.0,0.0,43.0,7S,ANI,HCR,412,2,4
0.0,0.0,43.0,7S,ANI,HCR,412,2,6
0.0,0.0,43.0,7S,ANI,HCR,412,2,7
0.0,0.0,43.0,7S,ANI,HCR,412,2,8
0.0,0.0,43.0,7S,ANI,HCR,412,2,11
0.0,0.0,43.0,7S,ANI,HCR,412,2,12
0.0,0.0,43.0,7S,HCR,ANI,412,2,2
0.0,0.0,43.0,7S,HCR,ANI,412,2,6
0.0,0.0,43.0,7S,HCR,ANI,412,2,8
0.0,0.0,43.0,7S,HCR,ANI,412,2,12
0.0,0.0,43.0,7S,KVL,WTK,412,2,1
0.0,0.0,43.0,7S,KVL,WTK,412,2,3
0.0,0.0,43.0,7S,KVL,WTK,412,2,4
0.0,0.0,43.0,7S,KVL,WTK,412,2,5
0.0,0.0,43.0,7S,KVL,WTK,412,2,8
0.0,0.0,43.0,7S,KVL,WTK,412,2,9
0.0,0.0,43.0,7S,KVL,WTK,412,2,10
0.0,0.0,43.0,7S,KVL,WTK,412,2,11
0.0,0.0,43.0,7S,KVL,WTK,412,2,12
0.0,0.0,43.0,7S,ORV,OTZ,412,2,1
0.0,0.0,43.0,7S,ORV,OTZ,412,2,2
0.0,0.0,43.0,7S,ORV,OTZ,412,2,3
0.0,0.0,43.0,7S,ORV,OTZ,412,2,4
0.0,0.0,43.0,7S,ORV,OTZ,412,2,5
0.0,0.0,43.0,7S,ORV,OTZ,412,2,6
0.0,0.0,43.0,7S,ORV,OTZ,412,2,7
0.0,0.0,43.0,7S,ORV,OTZ,412,2,8
0.0,0.0,43.0,7S,ORV,OTZ,412,2,9
0.0,0.0,43.0,7S,ORV,OTZ,412,2,10
0.0,0.0,43.0,7S,ORV,OTZ,412,2,11
0.0,0.0,43.0,7S,ORV,OTZ,412,2,12
0.0,0.0,43.0,7S,OTZ,ORV,412,2,1
0.0,0.0,43.0,7S,OTZ,ORV,412,2,2
0.0,0.0,43.0,7S,OTZ,ORV,412,2,3
0.0,0.0,43.0,7S,OTZ,ORV,412,2,4
0.0,0.0,43.0,7S,OTZ,ORV,412,2,5
0.0,0.0,43.0,7S,OTZ,ORV,412,2,6
0.0,0.0,43.0,7S,OTZ,ORV,412,2,7
0.0,0.0,43.0,7S,OTZ,ORV,412,2,8
0.0,0.0,43.0,7S,OTZ,ORV,412,2,9
0.0,0.0,43.0,7S,OTZ,ORV,412,2,10
0.0,0.0,43.0,7S,OTZ,ORV,412,2,11
0.0,0.0,43.0,7S,OTZ,ORV,412,2,12
0.0,0.0,43.0,7S,WTK,KVL,412,2,5
0.0,0.0,43.0,7S,WTK,KVL,412,2,8
0.0,0.0,43.0,7S,WTK,KVL,412,2,9
0.0,0.0,43.0,8V,GAL,RBY,35,1,11
0.0,0.0,43.0,FX,DDC,GCK,416,2,3
0.0,0.0,43.0,FX,SDY,XWA,416,2,8
0.0,0.0,43.0,FX,UXK,OAK,416,2,1
0.0,0.0,43.0,FX,UXK,OAK,416,2,2
0.0,0.0,43.0,FX,UXK,OAK,416,2,3
0.0,0.0,43.0,FX,UXK,OAK,416,2,4
0.0,0.0,43.0,FX,UXK,OAK,416,2,5
0.0,0.0,43.0,FX,UXK,OAK,416,2,6
0.0,0.0,43.0,FX,UXK,OAK,416,2,7
0.0,0.0,43.0,FX,UXK,OAK,416,2,8
0.0,0.0,43.0,FX,UXK,OAK,416,2,9
0.0,0.0,43.0,FX,UXK,OAK,416,2,10
0.0,0.0,43.0,FX,UXK,OAK,416,2,11
0.0,0.0,43.0,FX,UXK,OAK,416,2,12
0.0,0.0,43.0,KO,AKN,EGX,405,2,5
0.0,0.0,43.0,KO,AKN,EGX,405,2,6
0.0,0.0,43.0,KO,AKN,EGX,405,2,7
0.0,0.0,43.0,KO,AKN,EGX,405,2,8
0.0,0.0,43.0,KO,EGX,AKN,405,2,7
0.0,0.0,43.0,KO,EGX,AKN,405,2,8
0.0,0.0,44.0,7S,MLL,KSM,412,2,2
0.0,0.0,44.0,7S,ZNC,ANI,412,2,7
0.0,0.0,45.0,5X,BUR,ONT,691,2,12
0.0,0.0,45.0,5X,ONT,BUR,622,2,3
0.0,0.0,45.0,5X,ONT,BUR,691,2,2
0.0,0.0,45.0,7S,GNU,KWN,412,2,3
0.0,0.0,45.0,7S,GNU,KWN,412,2,6
0.0,0.0,45.0,7S,GNU,KWN,412,2,7
0.0,0.0,45.0,7S,GNU,KWN,412,2,10
0.0,0.0,45.0,7S,KOT,AUK,412,2,2
0.0,0.0,45.0,7S,KOT,AUK,412,2,9
0.0,0.0,45.0,7S,KWN,GNU,412,2,8
0.0,0.0,45.0,7S,KWN,GNU,412,2,9
0.0,0.0,45.0,9K,BOS,PVC,125,1,12
0.0,0.0,45.0,9K,PVC,BOS,125,1,12
0.0,0.0,45.0,DL,IAD,BWI,622,1,8
0.0,0.0,45.0,EM,C01,SBA,421,2,12
0.0,0.0,45.0,F4,STT,STX,489,1,1
0.0,0.0,45.0,F4,STT,STX,489,1,2
0.0,0.0,45.0,F4,STX,STT,489,1,1
0.0,0.0,45.0,F4,STX,STT,489,1,2
0.0,0.0,45.0,F4,STX,STT,489,1,3
0.0,0.0,45.0,FX,BOS,MHT,622,2,11
0.0,0.0,45.0,FX,BOS,MHT,626,2,5
0.0,0.0,45.0,FX,BWI,IAD,416,2,2
0.0,0.0,45.0,FX,IAD,BWI,416,2,11
0.0,0.0,45.0,FX,MHT,BOS,622,2,11
0.0,0.0,45.0,FX,ONT,BUR,691,2,1
0.0,0.0,45.0,FX,STT,STX,110,2,7
0.0,0.0,45.0,FX,STX,STT,110,2,5
0.0,0.0,45.0,L2,A20,UUK,556,2,10
0.0,0.0,45.0,L2,A20,UUK,556,2,11
0.0,0.0,45.0,L2,A20,UUK,556,2,12
0.0,0.0,45.0,L2,UUK,A20,556,2,10
0.0,0.0,45.0,L2,UUK,A20,556,2,11
0.0,0.0,45.0,L2,UUK,A20,556,2,12
0.0,0.0,45.0,UA,BWI,IAD,626,1,8
0.0,0.0,45.0,UA,BWI,IAD,887,1,8
0.0,0.0,46.0,7S,BKC,DRG,412,2,1
0.0,0.0,46.0,7S,BKC,DRG,412,2,2
0.0,0.0,46.0,7S,BKC,DRG,412,2,3
0.0,0.0,46.0,7S,BKC,DRG,412,2,4
0.0,0.0,46.0,7S,BKC,DRG,412,2,5
0.0,0.0,46.0,7S,BKC,DRG,412,2,6
0.0,0.0,46.0,7S,BKC,DRG,412,2,7
0.0,0.0,46.0,7S,BKC,DRG,412,2,8
0.0,0.0,46.0,7S,BKC,DRG,412,2,9
0.0,0.0,46.0,7S,BKC,DRG,412,2,10
0.0,0.0,46.0,7S,BKC,DRG,412,2,11
0.0,0.0,46.0,7S,BKC,DRG,412,2,12
0.0,0.0,46.0,7S,DRG,BKC,412,2,1
0.0,0.0,46.0,7S,DRG,BKC,412,2,4
0.0,0.0,46.0,7S,DRG,BKC,412,2,6
0.0,0.0,46.0,7S,DRG,BKC,412,2,7
0.0,0.0,46.0,7S,DRG,BKC,412,2,8
0.0,0.0,46.0,7S,DRG,BKC,412,2,9
0.0,0.0,46.0,7S,DRG,BKC,412,2,10
0.0,0.0,46.0,7S,DRG,BKC,412,2,11
0.0,0.0,46.0,7S,DRG,BKC,412,2,12
0.0,0.0,46.0,FX,MTH,EYW,416,2,4
0.0,0.0,46.0,FX,MTH,EYW,416,2,7
0.0,0.0,46.0,FX,MTH,EYW,416,2,10
0.0,0.0,46.0,FX,SWW,ABI,416,2,3
0.0,0.0,46.0,FX,SWW,ABI,416,2,9
0.0,0.0,46.0,KO,SNP,STG,405,2,1
0.0,0.0,46.0,KO,SNP,STG,405,2,2
0.0,0.0,46.0,KO,SNP,STG,405,2,3
0.0,0.0,46.0,KO,SNP,STG,405,2,4
0.0,0.0,46.0,KO,SNP,STG,405,2,5
0.0,0.0,46.0,KO,SNP,STG,405,2,6
0.0,0.0,46.0,KO,SNP,STG,405,2,7
0.0,0.0,46.0,KO,SNP,STG,405,2,8
0.0,0.0,46.0,KO,SNP,STG,405,2,9
0.0,0.0,46.0,KO,SNP,STG,405,2,10
0.0,0.0,46.0,KO,SNP,STG,405,2,11
0.0,0.0,46.0,KO,SNP,STG,405,2,12
0.0,0.0,46.0,KO,STG,SNP,405,2,1
0.0,0.0,46.0,KO,STG,SNP,405,2,4
0.0,0.0,46.0,KO,STG,SNP,405,2,11
0.0,0.0,47.0,5X,LAX,ONT,622,2,12
0.0,0.0,47.0,5X,LAX,ONT,626,2,2
0.0,0.0,47.0,5X,LAX,ONT,626,2,3
0.0,0.0,47.0,5X,LAX,ONT,626,2,11
0.0,0.0,47.0,5X,LAX,ONT,626,2,12
0.0,0.0,47.0,5X,LAX,ONT,691,2,12
0.0,0.0,47.0,5X,LAX,ONT,819,2,2
0.0,0.0,47.0,5X,LAX,ONT,821,2,11
0.0,0.0,47.0,5X,ONT,LAX,622,2,3
0.0,0.0,47.0,5X,ONT,LAX,622,2,4
0.0,0.0,47.0,5X,ONT,LAX,622,2,5
0.0,0.0,47.0,5X,ONT,LAX,622,2,6
0.0,0.0,47.0,5X,ONT,LAX,622,2,7
0.0,0.0,47.0,5X,ONT,LAX,626,2,2
0.0,0.0,47.0,5X,ONT,LAX,691,2,6
0.0,0.0,47.0,8C,LAX,ONT,626,2,7
0.0,0.0,47.0,8C,LAX,ONT,626,2,8
0.0,0.0,47.0,AMQ,YIP,TOL,635,2,2
0.0,0.0,47.0,EM,OTH,RBG,416,2,1
0.0,0.0,47.0,EM,OTH,RBG,416,2,2
0.0,0.0,47.0,EM,OTH,RBG,416,2,3
0.0,0.0,47.0,EM,OTH,RBG,416,2,4
0.0,0.0,47.0,EM,OTH,RBG,416,2,5
0.0,0.0,47.0,EM,OTH,RBG,416,2,6
0.0,0.0,47.0,EM,OTH,RBG,416,2,7
0.0,0.0,47.0,EM,OTH,RBG,416,2,8
0.0,0.0,47.0,EM,OTH,RBG,416,2,9
0.0,0.0,47.0,EM,OTH,RBG,416,2,10
0.0,0.0,47.0,EM,OTH,RBG,416,2,11
0.0,0.0,47.0,EM,OTH,RBG,416,2,12
0.0,0.0,47.0,EM,RBG,OTH,416,2,1
0.0,0.0,47.0,EM,RBG,OTH,416,2,2
0.0,0.0,47.0,EM,RBG,OTH,416,2,3
0.0,0.0,47.0,EM,RBG,OTH,416,2,4
0.0,0.0,47.0,EM,RBG,OTH,416,2,5
0.0,0.0,47.0,EM,RBG,OTH,416,2,6
0.0,0.0,47.0,EM,RBG,OTH,416,2,7
0.0,0.0,47.0,EM,RBG,OTH,416,2,8
0.0,0.0,47.0,EM,RBG,OTH,416,2,9
0.0,0.0,47.0,EM,RBG,OTH,416,2,10
0.0,0.0,47.0,EM,RBG,OTH,416,2,11
0.0,0.0,47.0,EM,RBG,OTH,416,2,12
0.0,0.0,47.0,F4,CPX,SJU,131,1,3
0.0,0.0,47.0,F4,CPX,SJU,131,2,2
0.0,0.0,47.0,F4,SJU,CPX,131,1,3
0.0,0.0,47.0,F4,SJU,CPX,131,2,2
0.0,0.0,47.0,FX,LAX,ONT,626,2,8
0.0,0.0,47.0,FX,LAX,ONT,626,2,11
0.0,0.0,47.0,FX,LAX,ONT,626,2,12
0.0,0.0,47.0,FX,LAX,ONT,691,2,1
0.0,0.0,47.0,FX,LAX,ONT,691,2,5
0.0,0.0,47.0,FX,LAX,ONT,740,2,1
0.0,0.0,47.0,FX,LAX,ONT,740,2,4
0.0,0.0,47.0,FX,ONT,LAX,626,2,1
0.0,0.0,47.0,FX,ONT,LAX,626,2,4
0.0,0.0,47.0,FX,ONT,LAX,626,2,12
0.0,0.0,47.0,FX,ONT,LAX,691,2,1
0.0,0.0,47.0,FX,OTH,RBG,416,2,1
0.0,0.0,47.0,FX,OTH,RBG,416,2,2
0.0,0.0,47.0,FX,OTH,RBG,416,2,3
0.0,0.0,47.0,FX,OTH,RBG,416,2,4
0.0,0.0,47.0,FX,OTH,RBG,416,2,5
0.0,0.0,47.0,FX,OTH,RBG,416,2,6
0.0,0.0,47.0,FX,OTH,RBG,416,2,7
0.0,0.0,47.0,FX,OTH,RBG,416,2,8
0.0,0.0,47.0,FX,OTH,RBG,416,2,9
0.0,0.0,47.0,FX,OTH,RBG,416,2,10
0.0,0.0,47.0,FX,OTH,RBG,416,2,11
0.0,0.0,47.0,FX,OTH,RBG,416,2,12
0.0,0.0,47.0,FX,RBG,OTH,416,2,1
0.0,0.0,47.0,FX,RBG,OTH,416,2,2
0.0,0.0,47.0,FX,RBG,OTH,416,2,3
0.0,0.0,47.0,FX,RBG,OTH,416,2,4
0.0,0.0,47.0,FX,RBG,OTH,416,2,5
0.0,0.0,47.0,FX,RBG,OTH,416,2,6
0.0,0.0,47.0,FX,RBG,OTH,416,2,7
0.0,0.0,47.0,FX,RBG,OTH,416,2,8
0.0,0.0,47.0,FX,RBG,OTH,416,2,9
0.0,0.0,47.0,FX,RBG,OTH,416,2,10
0.0,0.0,47.0,FX,RBG,OTH,416,2,11
0.0,0.0,47.0,FX,RBG,OTH,416,2,12
0.0,0.0,47.0,KD,LAX,ONT,740,2,12
0.0,0.0,47.0,KLQ,TOL,YIP,617,2,4
0.0,0.0,47.0,KLQ,TOL,YIP,619,2,12
0.0,0.0,47.0,KLQ,TOL,YIP,715,2,2
0.0,0.0,47.0,KLQ,YIP,TOL,715,2,3
0.0,0.0,47.0,U7,TOL,YIP,655,2,2
0.0,0.0,47.0,U7,TOL,YIP,655,2,6
0.0,0.0,47.0,U7,TOL,YIP,655,2,9
0.0,0.0,47.0,U7,TOL,YIP,655,2,10
0.0,0.0,47.0,U7,YIP,TOL,655,2,2
0.0,0.0,47.0,U7,YIP,TOL,655,2,3
0.0,0.0,47.0,U7,YIP,TOL,655,2,10
0.0,0.0,47.0,U7,YIP,TOL,681,2,1
0.0,0.0,47.0,U7,YIP,TOL,681,2,3
0.0,0.0,47.0,VI,CPX,SJU,131,1,2
0.0,0.0,47.0,VI,SJU,CPX,131,1,2
0.0,0.0,48.0,7S,KVL,RDB,412,2,4
0.0,0.0,48.0,7S,OTZ,WTK,412,2,1
0.0,0.0,48.0,7S,OTZ,WTK,412,2,2
0.0,0.0,48.0,7S,OTZ,WTK,412,2,3
0.0,0.0,48.0,7S,OTZ,WTK,412,2,4
0.0,0.0,48.0,7S,OTZ,WTK,412,2,5
0.0,0.0,48.0,7S,OTZ,WTK,412,2,6
0.0,0.0,48.0,7S,OTZ,WTK,412,2,7
0.0,0.0,48.0,7S,OTZ,WTK,412,2,8
0.0,0.0,48.0,7S,OTZ,WTK,412,2,9
0.0,0.0,48.0,7S,OTZ,WTK,412,2,10
0.0,0.0,48.0,7S,OTZ,WTK,412,2,11
0.0,0.0,48.0,7S,OTZ,WTK,412,2,12
0.0,0.0,48.0,7S,RDB,KVL,412,2,4
0.0,0.0,48.0,7S,SXP,MOU,412,2,9
0.0,0.0,48.0,7S,WTK,OTZ,412,2,1
0.0,0.0,48.0,7S,WTK,OTZ,412,2,2
0.0,0.0,48.0,7S,WTK,OTZ,412,2,3
0.0,0.0,48.0,7S,WTK,OTZ,412,2,4
0.0,0.0,48.0,7S,WTK,OTZ,412,2,5
0.0,0.0,48.0,7S,WTK,OTZ,412,2,6
0.0,0.0,48.0,7S,WTK,OTZ,412,2,7
0.0,0.0,48.0,7S,WTK,OTZ,412,2,8
0.0,0.0,48.0,7S,WTK,OTZ,412,2,9
0.0,0.0,48.0,7S,WTK,OTZ,412,2,10
0.0,0.0,48.0,7S,WTK,OTZ,412,2,11
0.0,0.0,48.0,7S,WTK,OTZ,412,2,12
0.0,0.0,48.0,EM,SMX,SBA,421,2,1
0.0,0.0,48.0,FX,MVY,PVD,416,2,1
0.0,0.0,48.0,FX,MVY,PVD,416,2,2
0.0,0.0,48.0,FX,MVY,PVD,416,2,3
0.0,0.0,48.0,FX,MVY,PVD,416,2,4
0.0,0.0,48.0,FX,MVY,PVD,416,2,5
0.0,0.0,48.0,FX,MVY,PVD,416,2,6
0.0,0.0,48.0,FX,MVY,PVD,416,2,7
0.0,0.0,48.0,FX,MVY,PVD,416,2,8
0.0,0.0,48.0,FX,MVY,PVD,416,2,9
0.0,0.0,48.0,FX,MVY,PVD,416,2,10
0.0,0.0,48.0,FX,MVY,PVD,416,2,11
0.0,0.0,48.0,FX,MVY,PVD,416,2,12
0.0,0.0,48.0,FX,PVD,MVY,416,2,1
0.0,0.0,48.0,FX,PVD,MVY,416,2,2
0.0,0.0,48.0,FX,PVD,MVY,416,2,3
0.0,0.0,48.0,FX,PVD,MVY,416,2,4
0.0,0.0,48.0,FX,PVD,MVY,416,2,5
0.0,0.0,48.0,FX,PVD,MVY,416,2,6
0.0,0.0,48.0,FX,PVD,MVY,416,2,7
0.0,0.0,48.0,FX,PVD,MVY,416,2,8
0.0,0.0,48.0,FX,PVD,MVY,416,2,9
0.0,0.0,48.0,FX,PVD,MVY,416,2,10
0.0,0.0,48.0,FX,PVD,MVY,416,2,11
0.0,0.0,48.0,FX,PVD,MVY,416,2,12
0.0,0.0,48.0,FX,SMX,SBA,416,2,10
0.0,0.0,48.0,FX,SMX,SBA,416,2,12
0.0,0.0,48.0,L2,WTK,OTZ,556,2,7
0.0,0.0,49.0,7S,EEK,KUK,412,2,9
0.0,0.0,49.0,7S,KUK,EEK,412,2,10
0.0,0.0,49.0,7S,SMK,UNK,412,2,1
0.0,0.0,49.0,7S,SMK,UNK,412,2,2
0.0,0.0,49.0,7S,SMK,UNK,412,2,3
0.0,0.0,49.0,7S,SMK,UNK,412,2,4
0.0,0.0,49.0,7S,SMK,UNK,412,2,5
0.0,0.0,49.0,7S,SMK,UNK,412,2,6
0.0,0.0,49.0,7S,SMK,UNK,412,2,7
0.0,0.0,49.0,7S,SMK,UNK,412,2,8
0.0,0.0,49.0,7S,SMK,UNK,412,2,9
0.0,0.0,49.0,7S,SMK,UNK,412,2,10
0.0,0.0,49.0,7S,SMK,UNK,412,2,11
0.0,0.0,49.0,7S,SMK,UNK,412,2,12
0.0,0.0,49.0,7S,UNK,SMK,412,2,1
0.0,0.0,49.0,7S,UNK,SMK,412,2,2
0.0,0.0,49.0,7S,UNK,SMK,412,2,3
0.0,0.0,49.0,7S,UNK,SMK,412,2,4
0.0,0.0,49.0,7S,UNK,SMK,412,2,5
0.0,0.0,49.0,7S,UNK,SMK,412,2,6
0.0,0.0,49.0,7S,UNK,SMK,412,2,7
0.0,0.0,49.0,7S,UNK,SMK,412,2,8
0.0,0.0,49.0,7S,UNK,SMK,412,2,9
0.0,0.0,49.0,7S,UNK,SMK,412,2,10
0.0,0.0,49.0,7S,UNK,SMK,412,2,11
0.0,0.0,49.0,7S,UNK,SMK,412,2,12
0.0,0.0,49.0,8V,KYU,KAL,416,1,5
0.0,0.0,49.0,DL,BOS,PVD,622,1,7
0.0,0.0,49.0,FX,CIU,PLN,416,2,5
0.0,0.0,49.0,FX,CIU,PLN,416,2,12
0.0,0.0,49.0,FX,PLN,CIU,416,2,1
0.0,0.0,49.0,FX,PLN,CIU,416,2,2
0.0,0.0,49.0,FX,PLN,CIU,416,2,3
0.0,0.0,49.0,FX,PLN,CIU,416,2,4
0.0,0.0,49.0,FX,PLN,CIU,416,2,6
0.0,0.0,49.0,FX,PLN,CIU,416,2,8
0.0,0.0,50.0,7S,ANI,CKD,412,2,4
0.0,0.0,50.0,7S,ANI,CKD,412,2,12
0.0,0.0,50.0,7S,CKD,ANI,412,2,9
0.0,0.0,50.0,7S,HCR,KGX,412,2,11
0.0,0.0,50.0,7S,KWN,WTL,412,2,6
0.0,0.0,50.0,7S,KWN,WTL,412,2,9
0.0,0.0,50.0,7S,KWN,WTL,412,2,12
0.0,0.0,50.0,FX,IMT,ESC,416,2,6
0.0,0.0,51.0,7S,KTS,WAA,412,2,1
0.0,0.0,51.0,7S,KTS,WAA,412,2,11
0.0,0.0,51.0,7S,PTU,KWN,412,2,6
0.0,0.0,51.0,7S,PTU,KWN,412,2,10
0.0,0.0,51.0,7S,WAA,KTS,412,2,3
0.0,0.0,51.0,7S,WAA,KTS,412,2,4
0.0,0.0,51.0,7S,WAA,KTS,412,2,5
0.0,0.0,51.0,7S,WAA,KTS,412,2,8
0.0,0.0,51.0,7S,WAA,KTS,412,2,10
0.0,0.0,51.0,7S,WAA,KTS,412,2,11
0.0,0.0,51.0,EM,PDX,SLE,416,2,2
0.0,0.0,51.0,EM,PDX,SLE,416,2,4
0.0,0.0,51.0,EM,SLE,PDX,416,2,1
0.0,0.0,51.0,EM,SLE,PDX,416,2,2
0.0,0.0,51.0,EM,SLE,PDX,416,2,3
0.0,0.0,51.0,EM,SLE,PDX,416,2,4
0.0,0.0,51.0,EM,SLE,PDX,416,2,5
0.0,0.0,51.0,EM,SLE,PDX,416,2,6
0.0,0.0,51.0,EM,SLE,PDX,416,2,7
0.0,0.0,51.0,EM,SLE,PDX,416,2,8
0.0,0.0,51.0,EM,SLE,PDX,416,2,9
0.0,0.0,51.0,EM,SLE,PDX,416,2,10
0.0,0.0,51.0,EM,SLE,PDX,416,2,11
0.0,0.0,51.0,EM,SLE,PDX,416,2,12
0.0,0.0,51.0,FX,PDX,SLE,416,2,2
0.0,0.0,51.0,FX,PDX,SLE,416,2,4
0.0,0.0,51.0,FX,SGU,CDC,416,2,7
0.0,0.0,51.0,FX,SGU,CDC,416,2,11
0.0,0.0,51.0,FX,SLE,PDX,416,2,1
0.0,0.0,51.0,FX,SLE,PDX,416,2,2
0.0,0.0,51.0,FX,SLE,PDX,416,2,3
0.0,0.0,51.0,FX,SLE,PDX,416,2,4
0.0,0.0,51.0,FX,SLE,PDX,416,2,5
0.0,0.0,51.0,FX,SLE,PDX,416,2,6
0.0,0.0,51.0,FX,SLE,PDX,416,2,7
0.0,0.0,51.0,FX,SLE,PDX,416,2,8
0.0,0.0,51.0,FX,SLE,PDX,416,2,9
0.0,0.0,51.0,FX,SLE,PDX,416,2,10
0.0,0.0,51.0,FX,SLE,PDX,416,2,11
0.0,0.0,51.0,FX,SLE,PDX,416,2,12
0.0,0.0,51.0,U7,FNT,YIP,655,2,1
0.0,0.0,51.0,U7,FNT,YIP,655,2,3
0.0,0.0,51.0,U7,FNT,YIP,715,2,6
0.0,0.0,51.0,U7,YIP,FNT,715,2,6
0.0,0.0,52.0,7S,UNK,WBB,412,2,1
0.0,0.0,52.0,7S,UNK,WBB,412,2,2
0.0,0.0,52.0,7S,UNK,WBB,412,2,3
0.0,0.0,52.0,7S,UNK,WBB,412,2,4
0.0,0.0,52.0,7S,UNK,WBB,412,2,5
0.0,0.0,52.0,7S,UNK,WBB,412,2,6
0.0,0.0,52.0,7S,UNK,WBB,412,2,7
0.0,0.0,52.0,7S,UNK,WBB,412,2,8
0.0,0.0,52.0,7S,UNK,WBB,412,2,9
0.0,0.0,52.0,7S,UNK,WBB,412,2,10
0.0,0.0,52.0,7S,UNK,WBB,412,2,11
0.0,0.0,52.0,7S,UNK,WBB,412,2,12
0.0,0.0,52.0,7S,WBB,UNK,412,2,2
0.0,0.0,52.0,7S,WBB,UNK,412,2,3
0.0,0.0,52.0,7S,WBB,UNK,412,2,4
0.0,0.0,52.0,7S,WBB,UNK,412,2,5
0.0,0.0,52.0,7S,WBB,UNK,412,2,6
0.0,0.0,52.0,7S,WBB,UNK,412,2,7
0.0,0.0,52.0,7S,WBB,UNK,412,2,8
0.0,0.0,52.0,7S,WBB,UNK,412,2,9
0.0,0.0,52.0,7S,WBB,UNK,412,2,10
0.0,0.0,52.0,7S,WBB,UNK,412,2,11
0.0,0.0,52.0,7S,WBB,UNK,412,2,12
0.0,0.0,52.0,8V,SCC,VIK,416,1,6
0.0,0.0,53.0,F4,STX,CPX,131,1,2
0.0,0.0,54.0,5Y,ILN,CVG,614,2,9
0.0,0.0,54.0,5Y,ILN,CVG,626,2,3
0.0,0.0,54.0,7S,MYU,NME,412,2,10
0.0,0.0,54.0,7S,NME,MYU,412,2,1
0.0,0.0,54.0,7S,WLK,BKC,412,2,5
0.0,0.0,54.0,8C,CVG,ILN,626,2,7
0.0,0.0,54.0,8C,CVG,ILN,626,2,8
0.0,0.0,54.0,8C,ILN,CVG,625,2,1
0.0,0.0,54.0,8C,ILN,CVG,625,2,11
0.0,0.0,54.0,8C,ILN,CVG,626,2,3
0.0,0.0,54.0,8C,ILN,CVG,626,2,12
0.0,0.0,54.0,9K,STX,VQS,125,1,4
0.0,0.0,54.0,9K,STX,VQS,125,1,11
0.0,0.0,54.0,9K,VQS,STX,125,1,11
0.0,0.0,54.0,ABX,CVG,ILN,625,2,1
0.0,0.0,54.0,FX,CIC,RDD,416,2,2
0.0,0.0,54.0,FX,CIC,RDD,416,2,12
0.0,0.0,54.0,FX,HNL,MKK,416,2,1
0.0,0.0,54.0,FX,HNL,MKK,416,2,2
0.0,0.0,54.0,FX,HNL,MKK,416,2,3
0.0,0.0,54.0,FX,HNL,MKK,416,2,4
0.0,0.0,54.0,FX,HNL,MKK,416,2,5
0.0,0.0,54.0,FX,HNL,MKK,416,2,6
0.0,0.0,54.0,FX,HNL,MKK,416,2,7
0.0,0.0,54.0,FX,HNL,MKK,416,2,8
0.0,0.0,54.0,FX,HNL,MKK,416,2,9
0.0,0.0,54.0,FX,HNL,MKK,416,2,10
0.0,0.0,54.0,FX,HNL,MKK,416,2,11
0.0,0.0,54.0,FX,HNL,MKK,416,2,12
0.0,0.0,54.0,FX,MKK,HNL,416,2,1
0.0,0.0,54.0,FX,MKK,HNL,416,2,2
0.0,0.0,54.0,FX,MKK,HNL,416,2,3
0.0,0.0,54.0,FX,MKK,HNL,416,2,4
0.0,0.0,54.0,FX,MKK,HNL,416,2,5
0.0,0.0,54.0,FX,MKK,HNL,416,2,6
0.0,0.0,54.0,FX,MKK,HNL,416,2,7
0.0,0.0,54.0,FX,MKK,HNL,416,2,8
0.0,0.0,54.0,FX,MKK,HNL,416,2,9
0.0,0.0,54.0,FX,MKK,HNL,416,2,10
0.0,0.0,54.0,FX,MKK,HNL,416,2,11
0.0,0.0,54.0,FX,MKK,HNL,416,2,12
0.0,0.0,54.0,FX,PRB,SMX,416,2,4
0.0,0.0,54.0,FX,PRB,SMX,416,2,9
0.0,0.0,54.0,FX,PRB,SMX,416,2,10
0.0,0.0,54.0,FX,SMX,PRB,416,2,4
0.0,0.0,54.0,KO,NLG,SDP,405,2,4
0.0,0.0,55.0,7S,EEK,AKI,412,2,6
0.0,0.0,55.0,7S,GLV,SKK,412,2,2
0.0,0.0,55.0,FX,IPT,SCE,416,2,9
0.0,0.0,55.0,YX,LNK,OMA,673,1,12
0.0,0.0,56.0,5X,SWF,EWR,626,2,12
0.0,0.0,56.0,7S,WTL,KPN,412,2,9
0.0,0.0,56.0,FX,ACV,CEC,416,2,8
0.0,0.0,56.0,FX,ACV,CEC,416,2,9
0.0,0.0,56.0,FX,CEC,ACV,416,2,1
0.0,0.0,56.0,FX,CEC,ACV,416,2,2
0.0,0.0,56.0,FX,CEC,ACV,416,2,3
0.0,0.0,56.0,FX,CEC,ACV,416,2,4
0.0,0.0,56.0,FX,CEC,ACV,416,2,5
0.0,0.0,56.0,FX,CEC,ACV,416,2,6
0.0,0.0,56.0,FX,CEC,ACV,416,2,7
0.0,0.0,56.0,FX,CEC,ACV,416,2,8
0.0,0.0,56.0,FX,CEC,ACV,416,2,9
0.0,0.0,56.0,FX,CEC,ACV,416,2,10
0.0,0.0,56.0,FX,CEC,ACV,416,2,11
0.0,0.0,56.0,FX,CEC,ACV,416,2,12
0.0,0.0,56.0,FX,EWR,SWF,691,2,11
0.0,0.0,56.0,KO,KTN,KLW,405,2,1
0.0,0.0,56.0,KO,KTN,KLW,405,2,2
0.0,0.0,57.0,7S,DRG,OTZ,412,2,1
0.0,0.0,57.0,7S,DRG,OTZ,412,2,2
0.0,0.0,57.0,7S,DRG,OTZ,412,2,3
0.0,0.0,57.0,7S,DRG,OTZ,412,2,4
0.0,0.0,57.0,7S,DRG,OTZ,412,2,5
0.0,0.0,57.0,7S,DRG,OTZ,412,2,6
0.0,0.0,57.0,7S,DRG,OTZ,412,2,7
0.0,0.0,57.0,7S,DRG,OTZ,412,2,8
0.0,0.0,57.0,7S,DRG,OTZ,412,2,9
0.0,0.0,57.0,7S,DRG,OTZ,412,2,10
0.0,0.0,57.0,7S,DRG,OTZ,412,2,11
0.0,0.0,57.0,7S,DRG,OTZ,412,2,12
0.0,0.0,57.0,7S,OME,TLA,412,2,1
0.0,0.0,57.0,7S,OME,TLA,412,2,2
0.0,0.0,57.0,7S,OME,TLA,412,2,4
0.0,0.0,57.0,7S,OME,TLA,412,2,5
0.0,0.0,57.0,7S,OME,TLA,412,2,7
0.0,0.0,57.0,7S,OME,TLA,412,2,8
0.0,0.0,57.0,7S,OME,TLA,412,2,11
0.0,0.0,57.0,7S,OME,TLA,412,2,12
0.0,0.0,57.0,7S,OTZ,DRG,412,2,1
0.0,0.0,57.0,7S,OTZ,DRG,412,2,2
0.0,0.0,57.0,7S,OTZ,DRG,412,2,3
0.0,0.0,57.0,7S,OTZ,DRG,412,2,4
0.0,0.0,57.0,7S,OTZ,DRG,412,2,6
0.0,0.0,57.0,7S,OTZ,DRG,412,2,7
0.0,0.0,57.0,7S,OTZ,DRG,412,2,8
0.0,0.0,57.0,7S,OTZ,DRG,412,2,9
0.0,0.0,57.0,7S,OTZ,DRG,412,2,10
0.0,0.0,57.0,7S,OTZ,DRG,412,2,11
0.0,0.0,57.0,7S,OTZ,DRG,412,2,12
0.0,0.0,57.0,7S,TLA,OME,412,2,1
0.0,0.0,57.0,7S,TLA,OME,412,2,2
0.0,0.0,57.0,7S,TLA,OME,412,2,3
0.0,0.0,57.0,7S,TLA,OME,412,2,4
0.0,0.0,57.0,7S,TLA,OME,412,2,5
0.0,0.0,57.0,7S,TLA,OME,412,2,7
0.0,0.0,57.0,7S,TLA,OME,412,2,8
0.0,0.0,57.0,7S,TLA,OME,412,2,9
0.0,0.0,57.0,7S,TLA,OME,412,2,10
0.0,0.0,57.0,7S,TLA,OME,412,2,11
0.0,0.0,57.0,7S,TLA,OME,412,2,12
0.0,0.0,57.0,7S,TLT,ANI,412,2,8
0.0,0.0,57.0,7S,TLT,ANI,412,2,10
0.0,0.0,57.0,7S,WAA,TLA,412,2,3
0.0,0.0,57.0,7S,WAA,TLA,412,2,7
0.0,0.0,57.0,7S,WAA,TLA,412,2,12
0.0,0.0,58.0,7S,ORV,BKC,412,2,12
0.0,0.0,59.0,5V,ANC,ENA,655,2,12
0.0,0.0,59.0,5V,ENA,ANC,655,2,3
0.0,0.0,59.0,5V,ENA,ANC,655,2,12
0.0,0.0,59.0,7S,ANC,ENA,412,2,1
0.0,0.0,59.0,7S,ANC,ENA,412,2,6
0.0,0.0,59.0,7S,ENA,ANC,412,2,3
0.0,0.0,59.0,7S,ENA,ANC,412,2,6
0.0,0.0,59.0,7S,IAN,OTZ,412,2,1
0.0,0.0,59.0,7S,IAN,OTZ,412,2,2
0.0,0.0,59.0,7S,IAN,OTZ,412,2,3
0.0,0.0,59.0,7S,IAN,OTZ,412,2,4
0.0,0.0,59.0,7S,IAN,OTZ,412,2,5
0.0,0.0,59.0,7S,IAN,OTZ,412,2,6
0.0,0.0,59.0,7S,IAN,OTZ,412,2,7
0.0,0.0,59.0,7S,IAN,OTZ,412,2,8
0.0,0.0,59.0,7S,IAN,OTZ,412,2,9
0.0,0.0,59.0,7S,IAN,OTZ,412,2,10
0.0,0.0,59.0,7S,IAN,OTZ,412,2,11
0.0,0.0,59.0,7S,IAN,OTZ,412,2,12
0.0,0.0,59.0,7S,KKH,WNA,412,2,11
0.0,0.0,59.0,7S,OTZ,IAN,412,2,1
0.0,0.0,59.0,7S,OTZ,IAN,412,2,2
0.0,0.0,59.0,7S,OTZ,IAN,412,2,3
0.0,0.0,59.0,7S,OTZ,IAN,412,2,4
0.0,0.0,59.0,7S,OTZ,IAN,412,2,5
0.0,0.0,59.0,7S,OTZ,IAN,412,2,6
0.0,0.0,59.0,7S,OTZ,IAN,412,2,7
0.0,0.0,59.0,7S,OTZ,IAN,412,2,8
0.0,0.0,59.0,7S,OTZ,IAN,412,2,9
0.0,0.0,59.0,7S,OTZ,IAN,412,2,10
0.0,0.0,59.0,7S,OTZ,IAN,412,2,11
0.0,0.0,59.0,7S,OTZ,IAN,412,2,12
0.0,0.0,59.0,7S,SXP,KSM,412,2,7
0.0,0.0,59.0,7S,SXP,KSM,412,2,9
0.0,0.0,59.0,7S,SXP,KSM,412,2,10
0.0,0.0,59.0,AMQ,SPI,BMI,635,2,12
0.0,0.0,59.0,AS,ENA,ANC,612,2,6
0.0,0.0,59.0,EM,ANC,ENA,416,2,1
0.0,0.0,59.0,EM,ANC,ENA,416,2,2
0.0,0.0,59.0,EM,ANC,ENA,416,2,3
0.0,0.0,59.0,EM,ANC,ENA,416,2,4
0.0,0.0,59.0,EM,ANC,ENA,416,2,5
0.0,0.0,59.0,EM,ANC,ENA,416,2,6
0.0,0.0,59.0,EM,ANC,ENA,416,2,7
0.0,0.0,59.0,EM,ANC,ENA,416,2,8
0.0,0.0,59.0,EM,ANC,ENA,416,2,9
0.0,0.0,59.0,EM,ANC,ENA,416,2,10
0.0,0.0,59.0,EM,ANC,ENA,416,2,11
0.0,0.0,59.0,EM,ANC,ENA,416,2,12
0.0,0.0,59.0,EM,ENA,ANC,416,2,1
0.0,0.0,59.0,EM,ENA,ANC,416,2,2
0.0,0.0,59.0,EM,ENA,ANC,416,2,3
0.0,0.0,59.0,EM,ENA,ANC,416,2,4
0.0,0.0,59.0,EM,ENA,ANC,416,2,5
0.0,0.0,59.0,EM,ENA,ANC,416,2,6
0.0,0.0,59.0,EM,ENA,ANC,416,2,7
0.0,0.0,59.0,EM,ENA,ANC,416,2,8
0.0,0.0,59.0,EM,ENA,ANC,416,2,9
0.0,0.0,59.0,EM,ENA,ANC,416,2,10
0.0,0.0,59.0,EM,ENA,ANC,416,2,11
0.0,0.0,59.0,EM,ENA,ANC,416,2,12
0.0,0.0,59.0,FX,ANC,ENA,416,2,1
0.0,0.0,59.0,FX,ANC,ENA,416,2,2
0.0,0.0,59.0,FX,ANC,ENA,416,2,3
0.0,0.0,59.0,FX,ANC,ENA,416,2,4
0.0,0.0,59.0,FX,ANC,ENA,416,2,5
0.0,0.0,59.0,FX,ANC,ENA,416,2,6
0.0,0.0,59.0,FX,ANC,ENA,416,2,7
0.0,0.0,59.0,FX,ANC,ENA,416,2,8
0.0,0.0,59.0,FX,ANC,ENA,416,2,9
0.0,0.0,59.0,FX,ANC,ENA,416,2,10
0.0,0.0,59.0,FX,ANC,ENA,416,2,11
0.0,0.0,59.0,FX,ANC,ENA,416,2,12
0.0,0.0,59.0,FX,ENA,ANC,416,2,1
0.0,0.0,59.0,FX,ENA,ANC,416,2,2
0.0,0.0,59.0,FX,ENA,ANC,416,2,3
0.0,0.0,59.0,FX,ENA,ANC,416,2,4
0.0,0.0,59.0,FX,ENA,ANC,416,2,5
0.0,0.0,59.0,FX,ENA,ANC,416,2,6
0.0,0.0,59.0,FX,ENA,ANC,416,2,7
0.0,0.0,59.0,FX,ENA,ANC,416,2,8
0.0,0.0,59.0,FX,ENA,ANC,416,2,9
0.0,0.0,59.0,FX,ENA,ANC,416,2,10
0.0,0.0,59.0,FX,ENA,ANC,416,2,11
0.0,0.0,59.0,FX,ENA,ANC,416,2,12
0.0,0.0,59.0,K3,CGA,WFB,42,4,1
0.0,0.0,59.0,KO,ANC,ENA,405,2,3
0.0,0.0,59.0,KO,ANC,ENA,405,2,4
0.0,0.0,59.0,KO,ANC,ENA,405,2,6
0.0,0.0,59.0,KO,ANC,ENA,405,2,12
0.0,0.0,59.0,KO,ENA,ANC,405,2,3
0.0,0.0,59.0,KO,ENA,ANC,405,2,4
0.0,0.0,59.0,KO,ENA,ANC,405,2,6
0.0,0.0,59.0,KO,ENA,ANC,405,2,11
0.0,0.0,59.0,KO,ENA,ANC,405,2,12
0.0,0.0,59.0,L2,A20,SCC,556,2,5
0.0,0.0,59.0,L2,A20,SCC,556,2,6
0.0,0.0,59.0,L2,A20,SCC,556,2,7
0.0,0.0,59.0,L2,A20,SCC,556,2,8
0.0,0.0,59.0,L2,A20,SCC,556,2,9
0.0,0.0,59.0,L2,ENA,ANC,556,2,12
0.0,0.0,59.0,L2,SCC,A20,556,2,5
0.0,0.0,59.0,L2,SCC,A20,556,2,6
0.0,0.0,59.0,L2,SCC,A20,556,2,7
0.0,0.0,59.0,L2,SCC,A20,556,2,8
0.0,0.0,59.0,L2,SCC,A20,556,2,9
0.0,0.0,60.0,7S,ANI,RSH,412,2,1
0.0,0.0,60.0,7S,ANI,RSH,412,2,3
0.0,0.0,60.0,7S,ANI,RSH,412,2,4
0.0,0.0,60.0,7S,ANI,RSH,412,2,5
0.0,0.0,60.0,7S,ANI,RSH,412,2,6
0.0,0.0,60.0,7S,ANI,RSH,412,2,7
0.0,0.0,60.0,7S,ANI,RSH,412,2,8
0.0,0.0,60.0,7S,ANI,RSH,412,2,9
0.0,0.0,60.0,7S,ANI,RSH,412,2,10
0.0,0.0,60.0,7S,ANI,RSH,412,2,12
0.0,0.0,60.0,7S,RSH,ANI,412,2,4
0.0,0.0,60.0,7S,RSH,ANI,412,2,8
0.0,0.0,60.0,7S,RSH,ANI,412,2,9
0.0,0.0,60.0,7S,RSH,ANI,412,2,10
0.0,0.0,60.0,EM,MFR,LMT,416,2,1
0.0,0.0,60.0,EM,MFR,LMT,416,2,3
0.0,0.0,60.0,EM,MFR,LMT,416,2,10
0.0,0.0,60.0,EM,MFR,LMT,416,2,12
0.0,0.0,60.0,FX,ABI,BWD,416,2,5
0.0,0.0,60.0,FX,BWD,ABI,416,2,5
0.0,0.0,60.0,FX,CWA,RHI,416,2,6
0.0,0.0,60.0,FX,CWA,RHI,416,2,7
0.0,0.0,60.0,FX,CWA,RHI,416,2,8
0.0,0.0,60.0,FX,IDI,PIT,416,2,6
0.0,0.0,60.0,FX,MFR,LMT,416,2,1
0.0,0.0,60.0,FX,MFR,LMT,416,2,3
0.0,0.0,60.0,FX,MFR,LMT,416,2,10
0.0,0.0,60.0,FX,MFR,LMT,416,2,12
0.0,0.0,60.0,FX,ZXC,ACV,416,2,7
0.0,0.0,60.0,KO,ANC,SXQ,405,2,1
0.0,0.0,60.0,KO,SXQ,ANC,405,2,1
0.0,0.0,60.0,L2,NUI,SCC,556,2,9
0.0,0.0,60.0,L2,SCC,NUI,556,2,9
0.0,0.0,61.0,5V,KAL,GAL,421,2,8
0.0,0.0,61.0,5Y,WRI,JFK,819,2,10
0.0,0.0,61.0,7S,GLV,KKA,412,2,12
0.0,0.0,61.0,7S,KKA,GLV,412,2,1
0.0,0.0,61.0,7S,KKA,GLV,412,2,9
0.0,0.0,61.0,8V,GAL,KAL,35,1,1
0.0,0.0,61.0,8V,GAL,KAL,35,1,7
0.0,0.0,61.0,8V,GAL,KAL,35,1,11
0.0,0.0,61.0,8V,KAL,GAL,35,1,1
0.0,0.0,61.0,8V,KAL,GAL,35,1,2
0.0,0.0,61.0,8V,KAL,GAL,35,1,7
0.0,0.0,61.0,8V,KAL,GAL,35,1,11
0.0,0.0,61.0,N8,WRI,JFK,819,2,11
0.0,0.0,61.0,N8,WRI,JFK,819,2,12
0.0,0.0,62.0,5X,MIA,PBI,622,2,12
0.0,0.0,62.0,5X,MIA,PBI,626,2,5
0.0,0.0,62.0,5X,MIA,PBI,626,2,6
0.0,0.0,62.0,5X,MIA,PBI,626,2,7
0.0,0.0,62.0,5X,MIA,PBI,626,2,8
0.0,0.0,62.0,5X,MIA,PBI,626,2,9
0.0,0.0,62.0,5X,PBI,MIA,622,2,1
0.0,0.0,62.0,5X,PBI,MIA,622,2,11
0.0,0.0,62.0,5X,PBI,MIA,626,2,1
0.0,0.0,62.0,5X,PBI,MIA,626,2,2
0.0,0.0,62.0,5X,PBI,MIA,626,2,3
0.0,0.0,62.0,5X,PBI,MIA,626,2,4
0.0,0.0,62.0,5X,PBI,MIA,626,2,5
0.0,0.0,62.0,5X,PBI,MIA,626,2,6
0.0,0.0,62.0,5X,PBI,MIA,626,2,7
0.0,0.0,62.0,5X,PBI,MIA,626,2,8
0.0,0.0,62.0,5X,PBI,MIA,626,2,9
0.0,0.0,62.0,5X,PBI,MIA,626,2,10
0.0,0.0,62.0,5X,PBI,MIA,626,2,11
0.0,0.0,62.0,5X,PBI,MIA,691,2,2
0.0,0.0,62.0,7S,OME,WMO,412,2,1
0.0,0.0,62.0,7S,OME,WMO,412,2,2
0.0,0.0,62.0,7S,OME,WMO,412,2,3
0.0,0.0,62.0,7S,OME,WMO,412,2,4
0.0,0.0,62.0,7S,OME,WMO,412,2,5
0.0,0.0,62.0,7S,OME,WMO,412,2,6
0.0,0.0,62.0,7S,OME,WMO,412,2,7
0.0,0.0,62.0,7S,OME,WMO,412,2,8
0.0,0.0,62.0,7S,OME,WMO,412,2,9
0.0,0.0,62.0,7S,OME,WMO,412,2,10
0.0,0.0,62.0,7S,OME,WMO,412,2,11
0.0,0.0,62.0,7S,OME,WMO,412,2,12
0.0,0.0,62.0,7S,WMO,OME,412,2,1
0.0,0.0,62.0,7S,WMO,OME,412,2,2
0.0,0.0,62.0,7S,WMO,OME,412,2,3
0.0,0.0,62.0,7S,WMO,OME,412,2,4
0.0,0.0,62.0,7S,WMO,OME,412,2,5
0.0,0.0,62.0,7S,WMO,OME,412,2,6
0.0,0.0,62.0,7S,WMO,OME,412,2,7
0.0,0.0,62.0,7S,WMO,OME,412,2,8
0.0,0.0,62.0,7S,WMO,OME,412,2,9
0.0,0.0,62.0,7S,WMO,OME,412,2,10
0.0,0.0,62.0,7S,WMO,OME,412,2,11
0.0,0.0,62.0,7S,WMO,OME,412,2,12
0.0,0.0,62.0,8V,WBQ,FYU,416,1,3
0.0,0.0,62.0,EM,EUG,RBG,416,2,1
0.0,0.0,62.0,EM,EUG,RBG,416,2,11
0.0,0.0,62.0,EM,RBG,EUG,416,2,1
0.0,0.0,62.0,EM,RBG,EUG,416,2,2
0.0,0.0,62.0,EM,RBG,EUG,416,2,3
0.0,0.0,62.0,EM,RBG,EUG,416,2,4
0.0,0.0,62.0,EM,RBG,EUG,416,2,5
0.0,0.0,62.0,EM,RBG,EUG,416,2,6
0.0,0.0,62.0,EM,RBG,EUG,416,2,7
0.0,0.0,62.0,EM,RBG,EUG,416,2,8
0.0,0.0,62.0,EM,RBG,EUG,416,2,9
0.0,0.0,62.0,EM,RBG,EUG,416,2,10
0.0,0.0,62.0,EM,RBG,EUG,416,2,11
0.0,0.0,62.0,EM,RBG,EUG,416,2,12
0.0,0.0,62.0,FX,EUG,RBG,416,2,1
0.0,0.0,62.0,FX,EUG,RBG,416,2,11
0.0,0.0,62.0,FX,PBI,MIA,691,2,4
0.0,0.0,62.0,FX,PBI,MIA,691,2,5
0.0,0.0,62.0,FX,RBG,EUG,416,2,1
0.0,0.0,62.0,FX,RBG,EUG,416,2,2
0.0,0.0,62.0,FX,RBG,EUG,416,2,3
0.0,0.0,62.0,FX,RBG,EUG,416,2,4
0.0,0.0,62.0,FX,RBG,EUG,416,2,5
0.0,0.0,62.0,FX,RBG,EUG,416,2,6
0.0,0.0,62.0,FX,RBG,EUG,416,2,7
0.0,0.0,62.0,FX,RBG,EUG,416,2,8
0.0,0.0,62.0,FX,RBG,EUG,416,2,9
0.0,0.0,62.0,FX,RBG,EUG,416,2,10
0.0,0.0,62.0,FX,RBG,EUG,416,2,11
0.0,0.0,62.0,FX,RBG,EUG,416,2,12
0.0,0.0,62.0,KAQ,SWF,JFK,819,2,7
0.0,0.0,62.0,N8,PBI,MIA,819,2,4
0.0,0.0,62.0,N8,SWF,JFK,819,2,7
0.0,0.0,63.0,5X,ORD,RFD,626,2,1
0.0,0.0,63.0,5X,RFD,ORD,622,2,8
0.0,0.0,63.0,5X,RFD,ORD,622,2,9
0.0,0.0,63.0,5X,RFD,ORD,622,2,11
0.0,0.0,63.0,5X,RFD,ORD,622,2,12
0.0,0.0,63.0,5X,RFD,ORD,691,2,9
0.0,0.0,63.0,5X,RFD,ORD,691,2,10
0.0,0.0,63.0,5X,RFD,ORD,691,2,11
0.0,0.0,63.0,5Y,ORD,RFD,819,2,1
0.0,0.0,63.0,5Y,RFD,ORD,819,2,6
0.0,0.0,63.0,5Y,RFD,ORD,819,2,7
0.0,0.0,63.0,7S,AUK,KSM,412,2,1
0.0,0.0,63.0,7S,AUK,KSM,412,2,5
0.0,0.0,63.0,7S,AUK,KSM,412,2,11
0.0,0.0,63.0,7S,AUK,KSM,412,2,12
0.0,0.0,63.0,KLQ,RFD,ORD,617,2,1
0.0,0.0,63.0,L2,EMK,KSM,556,2,9
0.0,0.0,64.0,7S,BET,ZNC,412,2,7
0.0,0.0,64.0,7S,BET,ZNC,412,2,9
0.0,0.0,64.0,7S,KTS,OME,412,2,1
0.0,0.0,64.0,7S,KTS,OME,412,2,2
0.0,0.0,64.0,7S,KTS,OME,412,2,3
0.0,0.0,64.0,7S,KTS,OME,412,2,4
0.0,0.0,64.0,7S,KTS,OME,412,2,5
0.0,0.0,64.0,7S,KTS,OME,412,2,6
0.0,0.0,64.0,7S,KTS,OME,412,2,7
0.0,0.0,64.0,7S,KTS,OME,412,2,8
0.0,0.0,64.0,7S,KTS,OME,412,2,9
0.0,0.0,64.0,7S,KTS,OME,412,2,10
0.0,0.0,64.0,7S,KTS,OME,412,2,10
0.0,0.0,64.0,7S,KTS,OME,412,2,11
0.0,0.0,64.0,7S,KTS,OME,412,2,12
0.0,0.0,64.0,7S,OME,KTS,412,2,1
0.0,0.0,64.0,7S,OME,KTS,412,2,2
0.0,0.0,64.0,7S,OME,KTS,412,2,3
0.0,0.0,64.0,7S,OME,KTS,412,2,4
0.0,0.0,64.0,7S,OME,KTS,412,2,5
0.0,0.0,64.0,7S,OME,KTS,412,2,6
0.0,0.0,64.0,7S,OME,KTS,412,2,8
0.0,0.0,64.0,7S,OME,KTS,412,2,9
0.0,0.0,64.0,7S,OME,KTS,412,2,10
0.0,0.0,64.0,7S,OME,KTS,412,2,10
0.0,0.0,64.0,7S,OME,KTS,412,2,11
0.0,0.0,64.0,7S,OME,KTS,412,2,12
0.0,0.0,64.0,7S,SHH,KTS,412,2,1
0.0,0.0,64.0,7S,SHH,KTS,412,2,9
0.0,0.0,64.0,7S,SHH,KTS,412,2,10
0.0,0.0,64.0,7S,ZNC,BET,412,2,7
0.0,0.0,64.0,7S,ZNC,BET,412,2,9
0.0,0.0,64.0,EM,BLI,CLM,416,2,12
0.0,0.0,64.0,FX,BLI,CLM,416,2,12
0.0,0.0,64.0,FX,LBF,MCK,416,2,2
0.0,0.0,64.0,FX,LBF,MCK,416,2,3
0.0,0.0,64.0,FX,LBF,MCK,416,2,5
0.0,0.0,64.0,FX,LBF,MCK,416,2,6
0.0,0.0,64.0,FX,LBF,MCK,416,2,8
0.0,0.0,64.0,FX,LBF,MCK,416,2,9
0.0,0.0,64.0,FX,LBF,MCK,416,2,10
0.0,0.0,64.0,FX,SCE,JST,416,2,8
0.0,0.0,65.0,5V,ANC,JZE,218,2,2
0.0,0.0,65.0,5V,JZE,ANC,218,2,2
0.0,0.0,65.0,7S,ANC,JZE,412,2,5
0.0,0.0,65.0,7S,ANC,JZE,412,2,9
0.0,0.0,65.0,7S,ANC,JZE,412,2,10
0.0,0.0,65.0,7S,JZE,ANC,412,2,5
0.0,0.0,65.0,7S,JZE,ANC,412,2,6
0.0,0.0,65.0,7S,JZE,ANC,412,2,6
0.0,0.0,65.0,7S,JZE,ANC,412,2,9
0.0,0.0,65.0,7S,JZE,ANC,412,2,10
0.0,0.0,65.0,7S,JZE,ANC,412,2,10
0.0,0.0,65.0,7S,KWN,WNA,412,2,4
0.0,0.0,65.0,7S,KWN,WNA,412,2,8
0.0,0.0,65.0,7S,KWN,WNA,412,2,9
0.0,0.0,65.0,7S,MLL,TLT,412,2,5
0.0,0.0,65.0,7S,TLT,MLL,412,2,7
0.0,0.0,65.0,ABX,SCK,SFO,626,2,12
0.0,0.0,65.0,ABX,SFO,SCK,626,2,12
0.0,0.0,65.0,EM,ENA,HOM,416,2,8
0.0,0.0,65.0,EM,HOM,ENA,416,2,3
0.0,0.0,65.0,EM,RBG,MFR,416,2,1
0.0,0.0,65.0,EM,RBG,MFR,416,2,2
0.0,0.0,65.0,EM,RBG,MFR,416,2,3
0.0,0.0,65.0,EM,RBG,MFR,416,2,4
0.0,0.0,65.0,EM,RBG,MFR,416,2,5
0.0,0.0,65.0,EM,RBG,MFR,416,2,6
0.0,0.0,65.0,EM,RBG,MFR,416,2,7
0.0,0.0,65.0,EM,RBG,MFR,416,2,8
0.0,0.0,65.0,EM,RBG,MFR,416,2,9
0.0,0.0,65.0,EM,RBG,MFR,416,2,10
0.0,0.0,65.0,EM,RBG,MFR,416,2,11
0.0,0.0,65.0,EM,RBG,MFR,416,2,12
0.0,0.0,65.0,FX,ENA,HOM,416,2,8
0.0,0.0,65.0,FX,HOM,ENA,416,2,3
0.0,0.0,65.0,FX,RBG,MFR,416,2,1
0.0,0.0,65.0,FX,RBG,MFR,416,2,2
0.0,0.0,65.0,FX,RBG,MFR,416,2,3
0.0,0.0,65.0,FX,RBG,MFR,416,2,4
0.0,0.0,65.0,FX,RBG,MFR,416,2,5
0.0,0.0,65.0,FX,RBG,MFR,416,2,6
0.0,0.0,65.0,FX,RBG,MFR,416,2,7
0.0,0.0,65.0,FX,RBG,MFR,416,2,8
0.0,0.0,65.0,FX,RBG,MFR,416,2,9
0.0,0.0,65.0,FX,RBG,MFR,416,2,10
0.0,0.0,65.0,FX,RBG,MFR,416,2,11
0.0,0.0,65.0,FX,RBG,MFR,416,2,12
0.0,0.0,65.0,KH,ITO,KOA,617,2,1
0.0,0.0,65.0,KH,ITO,KOA,617,2,2
0.0,0.0,65.0,KH,ITO,KOA,617,2,3
0.0,0.0,65.0,KH,ITO,KOA,617,2,4
0.0,0.0,65.0,KH,ITO,KOA,617,2,5
0.0,0.0,65.0,KH,ITO,KOA,617,2,6
0.0,0.0,65.0,KH,ITO,KOA,617,2,7
0.0,0.0,65.0,KH,ITO,KOA,617,2,8
0.0,0.0,65.0,KH,ITO,KOA,617,2,10
0.0,0.0,65.0,KH,ITO,KOA,617,2,11
0.0,0.0,65.0,KH,ITO,KOA,617,2,12
0.0,0.0,65.0,KH,ITO,KOA,619,2,1
0.0,0.0,65.0,KH,ITO,KOA,619,2,2
0.0,0.0,65.0,KH,ITO,KOA,619,2,3
0.0,0.0,65.0,KH,ITO,KOA,619,2,4
0.0,0.0,65.0,KH,ITO,KOA,619,2,5
0.0,0.0,65.0,KH,ITO,KOA,619,2,6
0.0,0.0,65.0,KH,ITO,KOA,619,2,7
0.0,0.0,65.0,KH,ITO,KOA,619,2,8
0.0,0.0,65.0,KH,ITO,KOA,619,2,9
0.0,0.0,65.0,KH,ITO,KOA,619,2,10
0.0,0.0,65.0,KH,ITO,KOA,619,2,11
0.0,0.0,65.0,KH,ITO,KOA,619,2,12
0.0,0.0,65.0,KH,KOA,ITO,617,2,1
0.0,0.0,65.0,KH,KOA,ITO,617,2,2
0.0,0.0,65.0,KH,KOA,ITO,617,2,4
0.0,0.0,65.0,KH,KOA,ITO,617,2,10
0.0,0.0,65.0,KH,KOA,ITO,617,2,11
0.0,0.0,65.0,KH,KOA,ITO,617,2,12
0.0,0.0,65.0,KH,KOA,ITO,619,2,1
0.0,0.0,65.0,KH,KOA,ITO,619,2,2
0.0,0.0,65.0,KH,KOA,ITO,619,2,6
0.0,0.0,65.0,KH,KOA,ITO,619,2,8
0.0,0.0,65.0,KH,KOA,ITO,619,2,9
0.0,0.0,65.0,KH,KOA,ITO,619,2,10
0.0,0.0,65.0,KH,KOA,ITO,619,2,11
0.0,0.0,65.0,KH,KOA,ITO,619,2,12
0.0,0.0,66.0,09Q,SAT,AUS,614,2,1
0.0,0.0,66.0,09Q,SAT,AUS,614,2,3
0.0,0.0,66.0,09Q,SAT,AUS,617,2,3
0.0,0.0,66.0,5X,AUS,SAT,622,2,11
0.0,0.0,66.0,5X,AUS,SAT,622,2,12
0.0,0.0,66.0,5X,AUS,SAT,626,2,10
0.0,0.0,66.0,5X,GSO,RDU,626,2,12
0.0,0.0,66.0,5X,GSO,RDU,691,2,12
0.0,0.0,66.0,5X,RDU,GSO,622,2,12
0.0,0.0,66.0,5X,RDU,GSO,691,2,1
0.0,0.0,66.0,5X,RDU,GSO,691,2,2
0.0,0.0,66.0,5X,RDU,GSO,691,2,3
0.0,0.0,66.0,5X,RDU,GSO,691,2,6
0.0,0.0,66.0,5X,SAT,AUS,691,2,1
0.0,0.0,66.0,5X,SAT,AUS,691,2,2
0.0,0.0,66.0,5X,SAT,AUS,691,2,3
0.0,0.0,66.0,5X,SAT,AUS,691,2,4
0.0,0.0,66.0,5X,SAT,AUS,691,2,5
0.0,0.0,66.0,5X,SAT,AUS,691,2,6
0.0,0.0,66.0,5X,SAT,AUS,691,2,7
0.0,0.0,66.0,ABX,SAT,AUS,625,2,5
0.0,0.0,66.0,ABX,SAT,AUS,625,2,6
0.0,0.0,66.0,ABX,SAT,AUS,625,2,10
0.0,0.0,66.0,ABX,SAT,AUS,626,2,9
0.0,0.0,66.0,FX,AUS,SAT,626,2,6
0.0,0.0,66.0,FX,AUS,SAT,626,2,7
0.0,0.0,66.0,FX,AUS,SAT,626,2,8
0.0,0.0,66.0,FX,AUS,SAT,626,2,9
0.0,0.0,66.0,FX,AUS,SAT,626,2,10
0.0,0.0,66.0,FX,AUS,SAT,626,2,11
0.0,0.0,66.0,FX,AUS,SAT,626,2,12
0.0,0.0,66.0,FX,AUS,SAT,691,2,4
0.0,0.0,66.0,FX,AUS,SAT,691,2,5
0.0,0.0,66.0,FX,GSO,RDU,626,2,5
0.0,0.0,66.0,FX,GSO,RDU,626,2,6
0.0,0.0,66.0,FX,RDU,GSO,626,2,5
0.0,0.0,66.0,FX,RDU,GSO,626,2,10
0.0,0.0,66.0,FX,RDU,GSO,626,2,11
0.0,0.0,66.0,FX,RDU,GSO,626,2,12
0.0,0.0,66.0,FX,RDU,GSO,691,2,8
0.0,0.0,66.0,FX,SAT,AUS,626,2,7
0.0,0.0,66.0,KLQ,SAT,AUS,617,2,4
0.0,0.0,66.0,KLQ,SAT,AUS,617,2,5
0.0,0.0,66.0,KLQ,SAT,AUS,617,2,7
0.0,0.0,66.0,KLQ,SAT,AUS,617,2,8
0.0,0.0,66.0,KLQ,SAT,AUS,617,2,9
0.0,0.0,66.0,KLQ,SAT,AUS,619,2,6
0.0,0.0,66.0,KLQ,SAT,AUS,619,2,10
0.0,0.0,66.0,KLQ,SAT,AUS,619,2,11
0.0,0.0,66.0,KLQ,SAT,AUS,619,2,12
0.0,0.0,67.0,09Q,ORD,MKE,614,2,1
0.0,0.0,67.0,5X,BDL,PVD,622,2,12
0.0,0.0,67.0,5X,ORD,MKE,740,2,12
0.0,0.0,67.0,5X,PVD,BDL,622,2,7
0.0,0.0,67.0,5X,PVD,BDL,622,2,12
0.0,0.0,67.0,7S,BET,KKH,412,2,1
0.0,0.0,67.0,7S,BET,KKH,412,2,2
0.0,0.0,67.0,7S,BET,KKH,412,2,3
0.0,0.0,67.0,7S,BET,KKH,412,2,4
0.0,0.0,67.0,7S,BET,KKH,412,2,5
0.0,0.0,67.0,7S,BET,KKH,412,2,6
0.0,0.0,67.0,7S,BET,KKH,412,2,7
0.0,0.0,67.0,7S,BET,KKH,412,2,8
0.0,0.0,67.0,7S,BET,KKH,412,2,9
0.0,0.0,67.0,7S,BET,KKH,412,2,10
0.0,0.0,67.0,7S,BET,KKH,412,2,11
0.0,0.0,67.0,7S,BET,KKH,412,2,12
0.0,0.0,67.0,7S,ELI,UNK,412,2,1
0.0,0.0,67.0,7S,ELI,UNK,412,2,2
0.0,0.0,67.0,7S,ELI,UNK,412,2,3
0.0,0.0,67.0,7S,ELI,UNK,412,2,4
0.0,0.0,67.0,7S,ELI,UNK,412,2,5
0.0,0.0,67.0,7S,ELI,UNK,412,2,6
0.0,0.0,67.0,7S,ELI,UNK,412,2,8
0.0,0.0,67.0,7S,ELI,UNK,412,2,9
0.0,0.0,67.0,7S,ELI,UNK,412,2,10
0.0,0.0,67.0,7S,ELI,UNK,412,2,11
0.0,0.0,67.0,7S,ELI,UNK,412,2,12
0.0,0.0,67.0,7S,KKH,BET,412,2,1
0.0,0.0,67.0,7S,KKH,BET,412,2,2
0.0,0.0,67.0,7S,KKH,BET,412,2,3
0.0,0.0,67.0,7S,KKH,BET,412,2,4
0.0,0.0,67.0,7S,KKH,BET,412,2,5
0.0,0.0,67.0,7S,KKH,BET,412,2,6
0.0,0.0,67.0,7S,KKH,BET,412,2,8
0.0,0.0,67.0,7S,KKH,BET,412,2,10
0.0,0.0,67.0,7S,KKH,BET,412,2,11
0.0,0.0,67.0,7S,KKH,BET,412,2,12
0.0,0.0,67.0,7S,UNK,ELI,412,2,6
0.0,0.0,67.0,F4,STX,JRV,489,1,3
0.0,0.0,67.0,FX,ABE,EWR,626,2,2
0.0,0.0,67.0,FX,BDL,PVD,622,2,10
0.0,0.0,67.0,FX,BDL,PVD,622,2,11
0.0,0.0,67.0,FX,BDL,PVD,622,2,12
0.0,0.0,67.0,FX,EWR,ABE,691,2,5
0.0,0.0,67.0,FX,IMT,RHI,416,2,9
0.0,0.0,67.0,FX,IMT,RHI,416,2,10
0.0,0.0,67.0,FX,MKE,ORD,622,2,8
0.0,0.0,67.0,FX,MKE,ORD,622,2,12
0.0,0.0,67.0,FX,MKE,ORD,626,2,1
0.0,0.0,67.0,FX,MKE,ORD,626,2,2
0.0,0.0,67.0,FX,MKE,ORD,626,2,3
0.0,0.0,67.0,FX,MKE,ORD,626,2,4
0.0,0.0,67.0,FX,MKE,ORD,626,2,5
0.0,0.0,67.0,FX,MKE,ORD,626,2,6
0.0,0.0,67.0,FX,MKE,ORD,626,2,7
0.0,0.0,67.0,FX,MKE,ORD,626,2,8
0.0,0.0,67.0,FX,MKE,ORD,626,2,9
0.0,0.0,67.0,FX,ORD,MKE,626,2,5
0.0,0.0,67.0,FX,ORD,MKE,626,2,7
0.0,0.0,67.0,FX,ORD,MKE,626,2,9
0.0,0.0,67.0,FX,PVD,BDL,622,2,10
0.0,0.0,67.0,FX,PVD,BDL,622,2,11
0.0,0.0,67.0,FX,PVD,BDL,622,2,12
0.0,0.0,67.0,J5,JNU,PEC,35,4,5
0.0,0.0,67.0,J5,PEC,JNU,35,4,5
0.0,0.0,67.0,KO,DLG,TOG,405,2,7
0.0,0.0,68.0,5X,LAX,SBD,626,2,4
0.0,0.0,68.0,5X,LAX,SBD,626,2,5
0.0,0.0,68.0,5X,LAX,SBD,626,2,12
0.0,0.0,68.0,7S,KOT,KSM,412,2,2
0.0,0.0,68.0,7S,KOT,KSM,412,2,4
0.0,0.0,68.0,7S,KOT,KSM,412,2,6
0.0,0.0,68.0,7S,KOT,KSM,412,2,8
0.0,0.0,68.0,7S,KOT,KSM,412,2,10
0.0,0.0,68.0,7S,KOT,KSM,412,2,12
0.0,0.0,68.0,7S,RSH,KSM,412,2,9
0.0,0.0,68.0,7S,RSH,KSM,412,2,10
0.0,0.0,68.0,8C,LAX,SBD,626,2,2
0.0,0.0,68.0,F4,SJU,STT,131,1,1
0.0,0.0,68.0,F4,SJU,STT,131,1,2
0.0,0.0,68.0,F4,SJU,STT,131,1,3
0.0,0.0,68.0,F4,SJU,STT,201,1,1
0.0,0.0,68.0,F4,SJU,STT,201,1,2
0.0,0.0,68.0,F4,SJU,STT,201,1,3
0.0,0.0,68.0,F4,SJU,STT,489,1,1
0.0,0.0,68.0,F4,SJU,STT,489,1,2
0.0,0.0,68.0,F4,SJU,STT,489,1,3
0.0,0.0,68.0,F4,STT,SJU,201,1,3
0.0,0.0,68.0,F4,STT,SJU,489,1,2
0.0,0.0,68.0,F4,STT,SJU,489,1,3
0.0,0.0,68.0,FX,SCE,IDI,416,2,6
0.0,0.0,68.0,FX,SJU,STT,110,2,1
0.0,0.0,68.0,FX,SJU,STT,110,2,2
0.0,0.0,68.0,FX,SJU,STT,110,2,3
0.0,0.0,68.0,FX,SJU,STT,110,2,4
0.0,0.0,68.0,FX,SJU,STT,110,2,5
0.0,0.0,68.0,FX,SJU,STT,110,2,6
0.0,0.0,68.0,FX,SJU,STT,110,2,7
0.0,0.0,68.0,FX,SJU,STT,110,2,8
0.0,0.0,68.0,FX,SJU,STT,110,2,9
0.0,0.0,68.0,FX,SJU,STT,110,2,10
0.0,0.0,68.0,FX,SJU,STT,110,2,11
0.0,0.0,68.0,FX,SJU,STT,110,2,12
0.0,0.0,68.0,FX,SJU,STT,416,2,6
0.0,0.0,68.0,FX,STT,SJU,110,2,1
0.0,0.0,68.0,FX,STT,SJU,110,2,2
0.0,0.0,68.0,FX,STT,SJU,110,2,3
0.0,0.0,68.0,FX,STT,SJU,110,2,4
0.0,0.0,68.0,FX,STT,SJU,110,2,5
0.0,0.0,68.0,FX,STT,SJU,110,2,6
0.0,0.0,68.0,FX,STT,SJU,110,2,7
0.0,0.0,68.0,FX,STT,SJU,110,2,8
0.0,0.0,68.0,FX,STT,SJU,110,2,9
0.0,0.0,68.0,FX,STT,SJU,110,2,10
0.0,0.0,68.0,FX,STT,SJU,110,2,11
0.0,0.0,68.0,FX,STT,SJU,110,2,12
0.0,0.0,68.0,NK,STT,SJU,698,1,9
0.0,0.0,68.0,WI,LAX,SBD,820,2,8
0.0,0.0,68.0,WI,SBD,LAX,820,2,1
0.0,0.0,68.0,WI,SBD,LAX,820,2,8
0.0,0.0,69.0,8V,GAL,HSL,35,1,2
0.0,0.0,69.0,8V,HSL,GAL,35,1,2
0.0,0.0,69.0,8V,HSL,GAL,35,1,7
0.0,0.0,69.0,FX,DAY,LCK,110,2,1
0.0,0.0,69.0,FX,PLN,TVC,416,2,5
0.0,0.0,69.0,FX,PLN,TVC,416,2,11
0.0,0.0,69.0,FX,TVC,PLN,416,2,6
0.0,0.0,69.0,FX,TVC,PLN,416,2,12
0.0,0.0,69.0,GFQ,PTK,MBS,629,2,9
0.0,0.0,70.0,5V,CDL,OTZ,421,2,7
0.0,0.0,70.0,5V,OTZ,CDL,421,2,7
0.0,0.0,70.0,5X,BWI,MDT,622,2,12
0.0,0.0,70.0,5X,BWI,MDT,691,2,12
0.0,0.0,70.0,7S,CDL,OTZ,412,2,10
0.0,0.0,70.0,7S,CYF,MYU,412,2,7
0.0,0.0,70.0,7S,KWK,WNA,412,2,9
0.0,0.0,70.0,7S,MYU,CYF,412,2,6
0.0,0.0,70.0,7S,SHH,TLA,412,2,3
0.0,0.0,70.0,7S,SHH,TLA,412,2,4
0.0,0.0,70.0,7S,SHH,TLA,412,2,5
0.0,0.0,70.0,7S,SHH,TLA,412,2,10
0.0,0.0,70.0,7S,SHH,TLA,412,2,12
0.0,0.0,70.0,FX,BWI,MDT,691,2,1
0.0,0.0,70.0,FX,MDT,BWI,691,2,12
0.0,0.0,71.0,5V,AKN,DLG,655,2,1
0.0,0.0,71.0,5V,AKN,DLG,655,2,2
0.0,0.0,71.0,5V,AKN,DLG,655,2,3
0.0,0.0,71.0,5V,AKN,DLG,655,2,4
0.0,0.0,71.0,5V,AKN,DLG,655,2,5
0.0,0.0,71.0,5V,AKN,DLG,655,2,9
0.0,0.0,71.0,5V,AKN,DLG,655,2,10
0.0,0.0,71.0,5V,AKN,DLG,655,2,11
0.0,0.0,71.0,5V,AKN,DLG,655,2,12
0.0,0.0,71.0,5V,DLG,AKN,655,2,1
0.0,0.0,71.0,5V,DLG,AKN,655,2,2
0.0,0.0,71.0,5V,DLG,AKN,655,2,3
0.0,0.0,71.0,5V,DLG,AKN,655,2,4
0.0,0.0,71.0,5V,DLG,AKN,655,2,5
0.0,0.0,71.0,5V,DLG,AKN,655,2,6
0.0,0.0,71.0,5V,DLG,AKN,655,2,7
0.0,0.0,71.0,5V,DLG,AKN,655,2,8
0.0,0.0,71.0,5V,DLG,AKN,655,2,9
0.0,0.0,71.0,5V,DLG,AKN,655,2,10
0.0,0.0,71.0,5V,DLG,AKN,655,2,11
0.0,0.0,71.0,5V,DLG,AKN,655,2,12
0.0,0.0,71.0,7S,ABL,IAN,412,2,3
0.0,0.0,71.0,7S,ABL,IAN,412,2,6
0.0,0.0,71.0,7S,ABL,IAN,412,2,7
0.0,0.0,71.0,7S,ABL,IAN,412,2,8
0.0,0.0,71.0,7S,BET,KWN,412,2,1
0.0,0.0,71.0,7S,BET,KWN,412,2,2
0.0,0.0,71.0,7S,BET,KWN,412,2,3
0.0,0.0,71.0,7S,BET,KWN,412,2,4
0.0,0.0,71.0,7S,BET,KWN,412,2,5
0.0,0.0,71.0,7S,BET,KWN,412,2,6
0.0,0.0,71.0,7S,BET,KWN,412,2,7
0.0,0.0,71.0,7S,BET,KWN,412,2,8
0.0,0.0,71.0,7S,BET,KWN,412,2,9
0.0,0.0,71.0,7S,BET,KWN,412,2,10
0.0,0.0,71.0,7S,BET,KWN,412,2,11
0.0,0.0,71.0,7S,BET,KWN,412,2,12
0.0,0.0,71.0,7S,IAN,ABL,412,2,6
0.0,0.0,71.0,7S,KWN,BET,412,2,1
0.0,0.0,71.0,7S,KWN,BET,412,2,2
0.0,0.0,71.0,7S,KWN,BET,412,2,3
0.0,0.0,71.0,7S,KWN,BET,412,2,4
0.0,0.0,71.0,7S,KWN,BET,412,2,5
0.0,0.0,71.0,7S,KWN,BET,412,2,6
0.0,0.0,71.0,7S,KWN,BET,412,2,7
0.0,0.0,71.0,7S,KWN,BET,412,2,8
0.0,0.0,71.0,7S,KWN,BET,412,2,9
0.0,0.0,71.0,7S,KWN,BET,412,2,10
0.0,0.0,71.0,7S,KWN,BET,412,2,11
0.0,0.0,71.0,7S,MLL,KUK,412,2,8
0.0,0.0,71.0,7S,MLL,KUK,412,2,11
0.0,0.0,71.0,7S,RSH,BET,412,2,1
0.0,0.0,71.0,7S,RSH,BET,412,2,3
0.0,0.0,71.0,7S,RSH,BET,412,2,5
0.0,0.0,71.0,7S,RSH,BET,412,2,6
0.0,0.0,71.0,7S,RSH,BET,412,2,7
0.0,0.0,71.0,7S,RSH,BET,412,2,8
0.0,0.0,71.0,7S,RSH,BET,412,2,9
0.0,0.0,71.0,7S,RSH,BET,412,2,10
0.0,0.0,71.0,7S,RSH,BET,412,2,12
0.0,0.0,71.0,7S,SHH,WAA,412,2,1
0.0,0.0,71.0,7S,SHH,WAA,412,2,5
0.0,0.0,71.0,7S,SHH,WAA,412,2,6
0.0,0.0,71.0,7S,SHH,WAA,412,2,8
0.0,0.0,71.0,7S,SHH,WAA,412,2,9
0.0,0.0,71.0,7S,SHH,WAA,412,2,11
0.0,0.0,71.0,7S,WAA,SHH,412,2,10
0.0,0.0,71.0,AS,AKN,DLG,612,2,1
0.0,0.0,71.0,AS,AKN,DLG,612,2,2
0.0,0.0,71.0,AS,AKN,DLG,612,2,3
0.0,0.0,71.0,AS,AKN,DLG,612,2,4
0.0,0.0,71.0,AS,AKN,DLG,612,2,5
0.0,0.0,71.0,AS,AKN,DLG,612,2,11
0.0,0.0,71.0,AS,AKN,DLG,612,2,12
0.0,0.0,71.0,AS,AKN,DLG,614,2,10
0.0,0.0,71.0,AS,AKN,DLG,614,2,11
0.0,0.0,71.0,AS,AKN,DLG,614,2,12
0.0,0.0,71.0,AS,DLG,AKN,612,2,5
0.0,0.0,71.0,AS,DLG,AKN,612,2,6
0.0,0.0,71.0,AS,DLG,AKN,612,2,7
0.0,0.0,71.0,AS,DLG,AKN,612,2,8
0.0,0.0,71.0,AS,DLG,AKN,612,2,9
0.0,0.0,71.0,AS,DLG,AKN,614,2,5
0.0,0.0,71.0,AS,DLG,AKN,614,2,6
0.0,0.0,71.0,AS,DLG,AKN,614,2,7
0.0,0.0,71.0,AS,DLG,AKN,614,2,8
0.0,0.0,71.0,AS,DLG,AKN,614,2,9
0.0,0.0,71.0,EM,MVW,SEA,416,2,1
0.0,0.0,71.0,EM,MVW,SEA,416,2,2
0.0,0.0,71.0,EM,MVW,SEA,416,2,3
0.0,0.0,71.0,EM,MVW,SEA,416,2,4
0.0,0.0,71.0,EM,MVW,SEA,416,2,5
0.0,0.0,71.0,EM,MVW,SEA,416,2,6
0.0,0.0,71.0,EM,MVW,SEA,416,2,7
0.0,0.0,71.0,EM,MVW,SEA,416,2,8
0.0,0.0,71.0,EM,MVW,SEA,416,2,9
0.0,0.0,71.0,EM,MVW,SEA,416,2,10
0.0,0.0,71.0,EM,MVW,SEA,416,2,11
0.0,0.0,71.0,EM,MVW,SEA,416,2,12
0.0,0.0,71.0,EM,SEA,MVW,416,2,9
0.0,0.0,71.0,EM,YKM,PSC,416,2,9
0.0,0.0,71.0,FX,MVW,SEA,416,2,1
0.0,0.0,71.0,FX,MVW,SEA,416,2,2
0.0,0.0,71.0,FX,MVW,SEA,416,2,3
0.0,0.0,71.0,FX,MVW,SEA,416,2,4
0.0,0.0,71.0,FX,MVW,SEA,416,2,5
0.0,0.0,71.0,FX,MVW,SEA,416,2,6
0.0,0.0,71.0,FX,MVW,SEA,416,2,7
0.0,0.0,71.0,FX,MVW,SEA,416,2,8
0.0,0.0,71.0,FX,MVW,SEA,416,2,9
0.0,0.0,71.0,FX,MVW,SEA,416,2,10
0.0,0.0,71.0,FX,MVW,SEA,416,2,11
0.0,0.0,71.0,FX,MVW,SEA,416,2,12
0.0,0.0,71.0,FX,SEA,MVW,416,2,9
0.0,0.0,71.0,FX,TWF,SUN,416,2,2
0.0,0.0,71.0,FX,TWF,SUN,416,2,6
0.0,0.0,71.0,FX,TWF,SUN,416,2,7
0.0,0.0,71.0,FX,TWF,SUN,416,2,8
0.0,0.0,71.0,FX,YKM,PSC,416,2,9
0.0,0.0,71.0,KO,AKN,DLG,405,2,1
0.0,0.0,71.0,KO,AKN,DLG,405,2,7
0.0,0.0,71.0,KO,AKN,DLG,405,2,8
0.0,0.0,71.0,KO,AKN,DLG,405,2,9
0.0,0.0,71.0,KO,AKN,DLG,405,2,10
0.0,0.0,71.0,KO,AKN,DLG,405,2,11
0.0,0.0,71.0,KO,AKN,DLG,405,2,12
0.0,0.0,71.0,KO,DLG,AKN,405,2,1
0.0,0.0,71.0,KO,DLG,AKN,405,2,4
0.0,0.0,71.0,KO,DLG,AKN,405,2,6
0.0,0.0,71.0,KO,DLG,AKN,405,2,7
0.0,0.0,71.0,KO,DLG,AKN,405,2,8
0.0,0.0,71.0,KO,DLG,AKN,405,2,9
0.0,0.0,71.0,KO,NCN,TEK,405,2,3
0.0,0.0,71.0,KO,TEK,NCN,405,2,1
0.0,0.0,71.0,KO,TEK,NCN,405,2,2
0.0,0.0,71.0,KO,TEK,NCN,405,2,3
0.0,0.0,71.0,KO,TEK,NCN,405,2,4
0.0,0.0,71.0,KO,TEK,NCN,405,2,5
0.0,0.0,71.0,KO,TEK,NCN,405,2,6
0.0,0.0,71.0,KO,TEK,NCN,405,2,7
0.0,0.0,71.0,KO,TEK,NCN,405,2,8
0.0,0.0,71.0,KO,TEK,NCN,405,2,9
0.0,0.0,71.0,KO,TEK,NCN,405,2,10
0.0,0.0,71.0,KO,TEK,NCN,405,2,11
0.0,0.0,71.0,KO,TEK,NCN,405,2,12
0.0,0.0,71.0,NC,AKN,DLG,617,2,2
0.0,0.0,71.0,NC,AKN,DLG,617,2,11
0.0,0.0,71.0,NC,AKN,DLG,619,2,1
0.0,0.0,71.0,NC,DLG,AKN,614,2,1
0.0,0.0,71.0,NC,DLG,AKN,614,2,2
0.0,0.0,71.0,NC,DLG,AKN,614,2,3
0.0,0.0,71.0,NC,DLG,AKN,614,2,5
0.0,0.0,71.0,NC,DLG,AKN,617,2,2
0.0,0.0,71.0,NC,DLG,AKN,617,2,3
0.0,0.0,71.0,NC,DLG,AKN,617,2,4
0.0,0.0,71.0,NC,DLG,AKN,617,2,5
0.0,0.0,71.0,NC,DLG,AKN,617,2,6
0.0,0.0,71.0,NC,DLG,AKN,617,2,7
0.0,0.0,71.0,NC,DLG,AKN,617,2,8
0.0,0.0,71.0,NC,DLG,AKN,617,2,9
0.0,0.0,71.0,NC,DLG,AKN,617,2,10
0.0,0.0,71.0,NC,DLG,AKN,617,2,11
0.0,0.0,71.0,NC,DLG,AKN,617,2,12
0.0,0.0,71.0,NC,DLG,AKN,619,2,6
0.0,0.0,71.0,NC,DLG,AKN,619,2,7
0.0,0.0,71.0,NC,DLG,AKN,619,2,8
0.0,0.0,71.0,NC,DLG,AKN,619,2,12
0.0,0.0,72.0,7S,KLG,BET,412,2,4
0.0,0.0,72.0,7S,KLG,BET,412,2,8
0.0,0.0,72.0,7S,KLG,BET,412,2,11
0.0,0.0,72.0,7S,KVL,PHO,412,2,5
0.0,0.0,72.0,7S,MLL,AKI,412,2,7
0.0,0.0,72.0,7S,PHO,KVL,412,2,4
0.0,0.0,72.0,7S,PHO,KVL,412,2,5
0.0,0.0,72.0,7S,PHO,KVL,412,2,8
0.0,0.0,72.0,7S,PHO,KVL,412,2,9
0.0,0.0,72.0,7S,PHO,KVL,412,2,10
0.0,0.0,72.0,7S,PHO,KVL,412,2,11
0.0,0.0,72.0,7S,VAK,SXP,412,2,6
0.0,0.0,72.0,EM,CLM,SEA,416,2,1
0.0,0.0,72.0,EM,CLM,SEA,416,2,2
0.0,0.0,72.0,EM,CLM,SEA,416,2,3
0.0,0.0,72.0,EM,CLM,SEA,416,2,4
0.0,0.0,72.0,EM,CLM,SEA,416,2,5
0.0,0.0,72.0,EM,CLM,SEA,416,2,6
0.0,0.0,72.0,EM,CLM,SEA,416,2,7
0.0,0.0,72.0,EM,CLM,SEA,416,2,8
0.0,0.0,72.0,EM,CLM,SEA,416,2,9
0.0,0.0,72.0,EM,CLM,SEA,416,2,10
0.0,0.0,72.0,EM,CLM,SEA,416,2,11
0.0,0.0,72.0,EM,CLM,SEA,416,2,12
0.0,0.0,72.0,EM,SEA,CLM,416,2,1
0.0,0.0,72.0,EM,SEA,CLM,416,2,2
0.0,0.0,72.0,EM,SEA,CLM,416,2,3
0.0,0.0,72.0,EM,SEA,CLM,416,2,4
0.0,0.0,72.0,EM,SEA,CLM,416,2,5
0.0,0.0,72.0,EM,SEA,CLM,416,2,6
0.0,0.0,72.0,EM,SEA,CLM,416,2,7
0.0,0.0,72.0,EM,SEA,CLM,416,2,8
0.0,0.0,72.0,EM,SEA,CLM,416,2,9
0.0,0.0,72.0,EM,SEA,CLM,416,2,10
0.0,0.0,72.0,EM,SEA,CLM,416,2,11
0.0,0.0,72.0,EM,SEA,CLM,416,2,12
0.0,0.0,72.0,FX,CLM,SEA,416,2,1
0.0,0.0,72.0,FX,CLM,SEA,416,2,2
0.0,0.0,72.0,FX,CLM,SEA,416,2,3
0.0,0.0,72.0,FX,CLM,SEA,416,2,4
0.0,0.0,72.0,FX,CLM,SEA,416,2,5
0.0,0.0,72.0,FX,CLM,SEA,416,2,6
0.0,0.0,72.0,FX,CLM,SEA,416,2,7
0.0,0.0,72.0,FX,CLM,SEA,416,2,8
0.0,0.0,72.0,FX,CLM,SEA,416,2,9
0.0,0.0,72.0,FX,CLM,SEA,416,2,10
0.0,0.0,72.0,FX,CLM,SEA,416,2,11
0.0,0.0,72.0,FX,CLM,SEA,416,2,12
0.0,0.0,72.0,FX,HNL,LNY,110,2,8
0.0,0.0,72.0,FX,HNL,LNY,416,2,1
0.0,0.0,72.0,FX,HNL,LNY,416,2,2
0.0,0.0,72.0,FX,HNL,LNY,416,2,3
0.0,0.0,72.0,FX,HNL,LNY,416,2,4
0.0,0.0,72.0,FX,HNL,LNY,416,2,5
0.0,0.0,72.0,FX,HNL,LNY,416,2,6
0.0,0.0,72.0,FX,HNL,LNY,416,2,7
0.0,0.0,72.0,FX,HNL,LNY,416,2,8
0.0,0.0,72.0,FX,HNL,LNY,416,2,9
0.0,0.0,72.0,FX,HNL,LNY,416,2,10
0.0,0.0,72.0,FX,HNL,LNY,416,2,11
0.0,0.0,72.0,FX,HNL,LNY,416,2,12
0.0,0.0,72.0,FX,ILM,MYR,110,2,3
0.0,0.0,72.0,FX,ILM,MYR,110,2,5
0.0,0.0,72.0,FX,LNY,HNL,110,2,8
0.0,0.0,72.0,FX,LNY,HNL,416,2,1
0.0,0.0,72.0,FX,LNY,HNL,416,2,2
0.0,0.0,72.0,FX,LNY,HNL,416,2,3
0.0,0.0,72.0,FX,LNY,HNL,416,2,4
0.0,0.0,72.0,FX,LNY,HNL,416,2,5
0.0,0.0,72.0,FX,LNY,HNL,416,2,6
0.0,0.0,72.0,FX,LNY,HNL,416,2,7
0.0,0.0,72.0,FX,LNY,HNL,416,2,8
0.0,0.0,72.0,FX,LNY,HNL,416,2,9
0.0,0.0,72.0,FX,LNY,HNL,416,2,10
0.0,0.0,72.0,FX,LNY,HNL,416,2,11
0.0,0.0,72.0,FX,LNY,HNL,416,2,12
0.0,0.0,72.0,FX,MYR,ILM,110,2,2
0.0,0.0,72.0,FX,SBA,SBP,416,2,9
0.0,0.0,72.0,FX,SEA,CLM,416,2,1
0.0,0.0,72.0,FX,SEA,CLM,416,2,2
0.0,0.0,72.0,FX,SEA,CLM,416,2,3
0.0,0.0,72.0,FX,SEA,CLM,416,2,4
0.0,0.0,72.0,FX,SEA,CLM,416,2,5
0.0,0.0,72.0,FX,SEA,CLM,416,2,6
0.0,0.0,72.0,FX,SEA,CLM,416,2,7
0.0,0.0,72.0,FX,SEA,CLM,416,2,8
0.0,0.0,72.0,FX,SEA,CLM,416,2,9
0.0,0.0,72.0,FX,SEA,CLM,416,2,10
0.0,0.0,72.0,FX,SEA,CLM,416,2,11
0.0,0.0,72.0,FX,SEA,CLM,416,2,12
0.0,0.0,72.0,KO,DLG,EGX,405,2,7
0.0,0.0,72.0,KO,DLG,EGX,405,2,8
0.0,0.0,72.0,LNY,HNL,LNY,405,2,7
0.0,0.0,72.0,LNY,HNL,LNY,405,2,8
0.0,0.0,72.0,LNY,HNL,LNY,405,2,9
0.0,0.0,72.0,LNY,HNL,LNY,405,2,10
0.0,0.0,72.0,LNY,HNL,LNY,405,2,11
0.0,0.0,72.0,LNY,LNY,HNL,405,2,1
0.0,0.0,72.0,LNY,LNY,HNL,405,2,2
0.0,0.0,72.0,LNY,LNY,HNL,405,2,3
0.0,0.0,72.0,LNY,LNY,HNL,405,2,3
0.0,0.0,72.0,LNY,LNY,HNL,405,2,4
0.0,0.0,72.0,LNY,LNY,HNL,405,2,5
0.0,0.0,72.0,LNY,LNY,HNL,405,2,7
0.0,0.0,72.0,LNY,LNY,HNL,405,2,8
0.0,0.0,72.0,LNY,LNY,HNL,405,2,9
0.0,0.0,72.0,LNY,LNY,HNL,405,2,9
0.0,0.0,72.0,LNY,LNY,HNL,405,2,10
0.0,0.0,72.0,LNY,LNY,HNL,405,2,10
0.0,0.0,72.0,LNY,LNY,HNL,405,2,11
0.0,0.0,72.0,LNY,LNY,HNL,405,2,11
0.0,0.0,73.0,7S,AKI,ANI,412,2,4
0.0,0.0,73.0,7S,AKI,ANI,412,2,6
0.0,0.0,73.0,7S,GLV,OME,412,2,1
0.0,0.0,73.0,7S,GLV,OME,412,2,2
0.0,0.0,73.0,7S,GLV,OME,412,2,3
0.0,0.0,73.0,7S,GLV,OME,412,2,4
0.0,0.0,73.0,7S,GLV,OME,412,2,6
0.0,0.0,73.0,7S,GLV,OME,412,2,7
0.0,0.0,73.0,7S,GLV,OME,412,2,8
0.0,0.0,73.0,7S,GLV,OME,412,2,9
0.0,0.0,73.0,7S,GLV,OME,412,2,10
0.0,0.0,73.0,7S,GLV,OME,412,2,11
0.0,0.0,73.0,7S,GLV,OME,412,2,12
0.0,0.0,73.0,7S,KGX,UNK,412,2,7
0.0,0.0,73.0,7S,KGX,UNK,412,2,9
0.0,0.0,73.0,7S,OME,GLV,412,2,1
0.0,0.0,73.0,7S,OME,GLV,412,2,3
0.0,0.0,73.0,7S,OME,GLV,412,2,4
0.0,0.0,73.0,7S,OME,GLV,412,2,6
0.0,0.0,73.0,7S,OME,GLV,412,2,7
0.0,0.0,73.0,7S,OME,GLV,412,2,8
0.0,0.0,73.0,7S,OME,GLV,412,2,9
0.0,0.0,73.0,7S,OME,GLV,412,2,10
0.0,0.0,73.0,7S,OME,GLV,412,2,11
0.0,0.0,73.0,7S,OME,GLV,412,2,12
0.0,0.0,73.0,7S,PQS,SXP,412,2,9
0.0,0.0,73.0,FX,MDT,SCE,416,2,8
0.0,0.0,73.0,FX,MDT,SCE,416,2,9
0.0,0.0,73.0,FX,MEO,ORF,416,2,1
0.0,0.0,73.0,FX,MEO,ORF,416,2,2
0.0,0.0,73.0,FX,MEO,ORF,416,2,3
0.0,0.0,73.0,FX,MEO,ORF,416,2,4
0.0,0.0,73.0,FX,MEO,ORF,416,2,5
0.0,0.0,73.0,FX,MEO,ORF,416,2,6
0.0,0.0,73.0,FX,MEO,ORF,416,2,7
0.0,0.0,73.0,FX,MEO,ORF,416,2,8
0.0,0.0,73.0,FX,MEO,ORF,416,2,9
0.0,0.0,73.0,FX,MEO,ORF,416,2,10
0.0,0.0,73.0,FX,MEO,ORF,416,2,11
0.0,0.0,73.0,FX,MEO,ORF,416,2,12
0.0,0.0,73.0,FX,ORF,MEO,416,2,1
0.0,0.0,73.0,FX,ORF,MEO,416,2,2
0.0,0.0,73.0,FX,ORF,MEO,416,2,3
0.0,0.0,73.0,FX,ORF,MEO,416,2,4
0.0,0.0,73.0,FX,ORF,MEO,416,2,5
0.0,0.0,73.0,FX,ORF,MEO,416,2,6
0.0,0.0,73.0,FX,ORF,MEO,416,2,7
0.0,0.0,73.0,FX,ORF,MEO,416,2,8
0.0,0.0,73.0,FX,ORF,MEO,416,2,9
0.0,0.0,73.0,FX,ORF,MEO,416,2,10
0.0,0.0,73.0,FX,ORF,MEO,416,2,11
0.0,0.0,73.0,FX,ORF,MEO,416,2,12
0.0,0.0,73.0,L2,OME,GLV,556,2,2
0.0,0.0,74.0,5X,LAN,DTW,622,2,12
0.0,0.0,74.0,7S,ANI,RDV,412,2,6
0.0,0.0,74.0,7S,ANI,RDV,412,2,6
0.0,0.0,74.0,7S,ANI,RDV,412,2,7
0.0,0.0,74.0,7S,ANI,RDV,412,2,7
0.0,0.0,74.0,7S,BKC,OTZ,412,2,1
0.0,0.0,74.0,7S,BKC,OTZ,412,2,2
0.0,0.0,74.0,7S,BKC,OTZ,412,2,3
0.0,0.0,74.0,7S,BKC,OTZ,412,2,4
0.0,0.0,74.0,7S,BKC,OTZ,412,2,6
0.0,0.0,74.0,7S,BKC,OTZ,412,2,7
0.0,0.0,74.0,7S,BKC,OTZ,412,2,8
0.0,0.0,74.0,7S,BKC,OTZ,412,2,9
0.0,0.0,74.0,7S,BKC,OTZ,412,2,10
0.0,0.0,74.0,7S,BKC,OTZ,412,2,11
0.0,0.0,74.0,7S,BKC,OTZ,412,2,12
0.0,0.0,74.0,7S,KKA,UNK,412,2,1
0.0,0.0,74.0,7S,KKA,UNK,412,2,2
0.0,0.0,74.0,7S,KKA,UNK,412,2,6
0.0,0.0,74.0,7S,KKA,UNK,412,2,8
0.0,0.0,74.0,7S,KKA,UNK,412,2,9
0.0,0.0,74.0,7S,KKA,UNK,412,2,10
0.0,0.0,74.0,7S,KKA,UNK,412,2,11
0.0,0.0,74.0,7S,KKA,UNK,412,2,12
0.0,0.0,74.0,7S,OTZ,BKC,412,2,1
0.0,0.0,74.0,7S,OTZ,BKC,412,2,2
0.0,0.0,74.0,7S,OTZ,BKC,412,2,3
0.0,0.0,74.0,7S,OTZ,BKC,412,2,4
0.0,0.0,74.0,7S,OTZ,BKC,412,2,5
0.0,0.0,74.0,7S,OTZ,BKC,412,2,6
0.0,0.0,74.0,7S,OTZ,BKC,412,2,7
0.0,0.0,74.0,7S,OTZ,BKC,412,2,8
0.0,0.0,74.0,7S,OTZ,BKC,412,2,9
0.0,0.0,74.0,7S,OTZ,BKC,412,2,10
0.0,0.0,74.0,7S,OTZ,BKC,412,2,11
0.0,0.0,74.0,7S,OTZ,BKC,412,2,12
0.0,0.0,74.0,7S,OTZ,WLK,412,2,1
0.0,0.0,74.0,7S,OTZ,WLK,412,2,2
0.0,0.0,74.0,7S,OTZ,WLK,412,2,3
0.0,0.0,74.0,7S,OTZ,WLK,412,2,4
0.0,0.0,74.0,7S,OTZ,WLK,412,2,5
0.0,0.0,74.0,7S,OTZ,WLK,412,2,6
0.0,0.0,74.0,7S,OTZ,WLK,412,2,7
0.0,0.0,74.0,7S,OTZ,WLK,412,2,8
0.0,0.0,74.0,7S,OTZ,WLK,412,2,9
0.0,0.0,74.0,7S,OTZ,WLK,412,2,10
0.0,0.0,74.0,7S,OTZ,WLK,412,2,11
0.0,0.0,74.0,7S,OTZ,WLK,412,2,12
0.0,0.0,74.0,7S,RDV,ANI,412,2,6
0.0,0.0,74.0,7S,RDV,ANI,412,2,7
0.0,0.0,74.0,7S,RDV,ANI,412,2,7
0.0,0.0,74.0,7S,SCM,EMK,412,2,1
0.0,0.0,74.0,7S,SCM,EMK,412,2,2
0.0,0.0,74.0,7S,SCM,EMK,412,2,6
0.0,0.0,74.0,7S,SCM,EMK,412,2,7
0.0,0.0,74.0,7S,UNK,KKA,412,2,1
0.0,0.0,74.0,7S,UNK,KKA,412,2,2
0.0,0.0,74.0,7S,UNK,KKA,412,2,3
0.0,0.0,74.0,7S,UNK,KKA,412,2,5
0.0,0.0,74.0,7S,UNK,KKA,412,2,6
0.0,0.0,74.0,7S,UNK,KKA,412,2,7
0.0,0.0,74.0,7S,UNK,KKA,412,2,8
0.0,0.0,74.0,7S,UNK,KKA,412,2,9
0.0,0.0,74.0,7S,UNK,KKA,412,2,10
0.0,0.0,74.0,7S,UNK,KKA,412,2,11
0.0,0.0,74.0,7S,UNK,KKA,412,2,12
0.0,0.0,74.0,7S,WLK,OTZ,412,2,1
0.0,0.0,74.0,7S,WLK,OTZ,412,2,2
0.0,0.0,74.0,7S,WLK,OTZ,412,2,3
0.0,0.0,74.0,7S,WLK,OTZ,412,2,4
0.0,0.0,74.0,7S,WLK,OTZ,412,2,5
0.0,0.0,74.0,7S,WLK,OTZ,412,2,6
0.0,0.0,74.0,7S,WLK,OTZ,412,2,7
0.0,0.0,74.0,7S,WLK,OTZ,412,2,8
0.0,0.0,74.0,7S,WLK,OTZ,412,2,9
0.0,0.0,74.0,7S,WLK,OTZ,412,2,10
0.0,0.0,74.0,7S,WLK,OTZ,412,2,11
0.0,0.0,74.0,7S,WLK,OTZ,412,2,12
0.0,0.0,74.0,FX,BHM,HSV,416,2,5
0.0,0.0,74.0,FX,BQN,SJU,626,2,3
0.0,0.0,74.0,FX,BQN,SJU,626,2,5
0.0,0.0,74.0,FX,EWN,ILM,110,2,7
0.0,0.0,74.0,FX,ILM,EWN,110,2,6
0.0,0.0,74.0,FX,MKE,MSN,691,2,1
0.0,0.0,74.0,FX,MKE,MSN,691,2,2
0.0,0.0,74.0,FX,MKE,MSN,691,2,3
0.0,0.0,74.0,FX,MKE,MSN,691,2,4
0.0,0.0,74.0,FX,MKE,MSN,691,2,5
0.0,0.0,74.0,FX,MKE,MSN,691,2,6
0.0,0.0,74.0,FX,MKE,MSN,691,2,7
0.0,0.0,74.0,FX,MKE,MSN,691,2,8
0.0,0.0,74.0,FX,MKE,MSN,691,2,9
0.0,0.0,74.0,FX,MKE,MSN,691,2,10
0.0,0.0,74.0,FX,MKE,MSN,691,2,11
0.0,0.0,74.0,FX,MKE,MSN,691,2,12
0.0,0.0,74.0,FX,MSN,MKE,691,2,1
0.0,0.0,74.0,FX,MSN,MKE,691,2,2
0.0,0.0,74.0,FX,MSN,MKE,691,2,3
0.0,0.0,74.0,FX,MSN,MKE,691,2,4
0.0,0.0,74.0,FX,MSN,MKE,691,2,5
0.0,0.0,74.0,FX,MSN,MKE,691,2,6
0.0,0.0,74.0,FX,MSN,MKE,691,2,7
0.0,0.0,74.0,FX,MSN,MKE,691,2,8
0.0,0.0,74.0,FX,MSN,MKE,691,2,9
0.0,0.0,74.0,FX,MSN,MKE,691,2,10
0.0,0.0,74.0,FX,MSN,MKE,691,2,11
0.0,0.0,74.0,FX,MSN,MKE,691,2,12
0.0,0.0,74.0,FX,SJU,BQN,110,2,4
0.0,0.0,74.0,FX,SMF,XXP,416,2,1
0.0,0.0,74.0,FX,SMF,XXP,416,2,4
0.0,0.0,74.0,FX,SMF,XXP,416,2,5
0.0,0.0,74.0,FX,SMF,XXP,416,2,9
0.0,0.0,74.0,FX,SMF,XXP,416,2,10
0.0,0.0,74.0,FX,SMF,XXP,416,2,12
0.0,0.0,74.0,WI,LAX,VCV,820,2,6
0.0,0.0,74.0,WI,LAX,VCV,820,2,11
0.0,0.0,74.0,WI,VCV,LAX,820,2,6
0.0,0.0,74.0,WI,VCV,LAX,820,2,11
0.0,0.0,75.0,5X,GSP,CLT,622,2,12
0.0,0.0,75.0,5X,ORF,RIC,622,2,1
0.0,0.0,75.0,5X,ORF,RIC,622,2,2
0.0,0.0,75.0,5X,ORF,RIC,622,2,3
0.0,0.0,75.0,5X,ORF,RIC,622,2,4
0.0,0.0,75.0,5X,ORF,RIC,622,2,5
0.0,0.0,75.0,5X,ORF,RIC,622,2,6
0.0,0.0,75.0,5X,ORF,RIC,622,2,7
0.0,0.0,75.0,5X,ORF,RIC,622,2,8
0.0,0.0,75.0,5X,ORF,RIC,622,2,9
0.0,0.0,75.0,5X,ORF,RIC,622,2,10
0.0,0.0,75.0,5X,ORF,RIC,622,2,11
0.0,0.0,75.0,5X,ORF,RIC,622,2,12
0.0,0.0,75.0,5X,RIC,ORF,622,2,1
0.0,0.0,75.0,5X,RIC,ORF,622,2,2
0.0,0.0,75.0,5X,RIC,ORF,622,2,3
0.0,0.0,75.0,5X,RIC,ORF,622,2,4
0.0,0.0,75.0,5X,RIC,ORF,622,2,5
0.0,0.0,75.0,5X,RIC,ORF,622,2,6
0.0,0.0,75.0,5X,RIC,ORF,622,2,7
0.0,0.0,75.0,5X,RIC,ORF,622,2,8
0.0,0.0,75.0,5X,RIC,ORF,622,2,9
0.0,0.0,75.0,5X,RIC,ORF,622,2,10
0.0,0.0,75.0,5X,RIC,ORF,622,2,11
0.0,0.0,75.0,5X,RIC,ORF,622,2,12
0.0,0.0,75.0,7S,BET,MLL,412,2,1
0.0,0.0,75.0,7S,BET,MLL,412,2,2
0.0,0.0,75.0,7S,BET,MLL,412,2,3
0.0,0.0,75.0,7S,BET,MLL,412,2,4
0.0,0.0,75.0,7S,BET,MLL,412,2,5
0.0,0.0,75.0,7S,BET,MLL,412,2,6
0.0,0.0,75.0,7S,BET,MLL,412,2,7
0.0,0.0,75.0,7S,BET,MLL,412,2,8
0.0,0.0,75.0,7S,BET,MLL,412,2,9
0.0,0.0,75.0,7S,BET,MLL,412,2,10
0.0,0.0,75.0,7S,BET,MLL,412,2,11
0.0,0.0,75.0,7S,BET,MLL,412,2,12
0.0,0.0,75.0,7S,KKH,PTU,412,2,5
0.0,0.0,75.0,7S,MLL,BET,412,2,1
0.0,0.0,75.0,7S,MLL,BET,412,2,2
0.0,0.0,75.0,7S,MLL,BET,412,2,3
0.0,0.0,75.0,7S,MLL,BET,412,2,4
0.0,0.0,75.0,7S,MLL,BET,412,2,5
0.0,0.0,75.0,7S,MLL,BET,412,2,7
0.0,0.0,75.0,7S,MLL,BET,412,2,8
0.0,0.0,75.0,7S,MLL,BET,412,2,9
0.0,0.0,75.0,7S,MLL,BET,412,2,10
0.0,0.0,75.0,7S,MLL,BET,412,2,11
0.0,0.0,75.0,7S,MLL,BET,412,2,12
0.0,0.0,75.0,FX,JST,PIT,416,2,8
0.0,0.0,75.0,FX,MHT,PWM,622,2,1
0.0,0.0,75.0,FX,OAK,SMF,626,2,7
0.0,0.0,75.0,FX,OAK,SMF,626,2,10
0.0,0.0,75.0,FX,OAK,SMF,626,2,12
0.0,0.0,75.0,FX,SMF,OAK,622,2,3
0.0,0.0,75.0,FX,SMF,OAK,626,2,3
0.0,0.0,75.0,FX,SMF,OAK,626,2,12
0.0,0.0,75.0,FX,SMF,OAK,740,2,2
0.0,0.0,75.0,FX,SMF,OAK,740,2,3
0.0,0.0,75.0,YX,CLT,GSP,673,1,1
0.0,0.0,76.0,5X,MHR,OAK,622,2,3
0.0,0.0,76.0,5X,MHR,OAK,622,2,6
0.0,0.0,76.0,5X,MHR,OAK,626,2,3
0.0,0.0,76.0,5X,MHR,OAK,626,2,4
0.0,0.0,76.0,5X,MHR,OAK,626,2,5
0.0,0.0,76.0,5X,MHR,OAK,626,2,7
0.0,0.0,76.0,5X,MHR,OAK,691,2,12
0.0,0.0,76.0,5X,MHR,OAK,740,2,12
0.0,0.0,76.0,5X,OAK,MHR,626,2,9
0.0,0.0,76.0,5X,OAK,MHR,626,2,10
0.0,0.0,76.0,5X,OAK,MHR,626,2,11
0.0,0.0,76.0,5X,OAK,MHR,626,2,12
0.0,0.0,76.0,5X,OAK,MHR,691,2,12
0.0,0.0,76.0,7S,KWK,NUP,412,2,4
0.0,0.0,76.0,7S,PQS,EMK,412,2,1
0.0,0.0,76.0,7S,PQS,EMK,412,2,2
0.0,0.0,76.0,7S,PQS,EMK,412,2,10
0.0,0.0,76.0,7S,PQS,EMK,412,2,11
0.0,0.0,76.0,7S,SCM,KSM,412,2,4
0.0,0.0,76.0,7S,SCM,KSM,412,2,6
0.0,0.0,76.0,7S,SCM,KSM,412,2,7
0.0,0.0,76.0,7S,SCM,KSM,412,2,10
0.0,0.0,76.0,7S,SCM,KSM,412,2,11
0.0,0.0,77.0,5X,FWA,SBN,622,2,1
0.0,0.0,77.0,5X,FWA,SBN,622,2,2
0.0,0.0,77.0,5X,FWA,SBN,622,2,3
0.0,0.0,77.0,5X,FWA,SBN,622,2,4
0.0,0.0,77.0,5X,FWA,SBN,622,2,5
0.0,0.0,77.0,5X,FWA,SBN,622,2,6
0.0,0.0,77.0,5X,FWA,SBN,622,2,7
0.0,0.0,77.0,5X,FWA,SBN,622,2,8
0.0,0.0,77.0,5X,FWA,SBN,622,2,9
0.0,0.0,77.0,5X,FWA,SBN,622,2,10
0.0,0.0,77.0,5X,FWA,SBN,622,2,11
0.0,0.0,77.0,5X,FWA,SBN,622,2,12
0.0,0.0,77.0,5X,FWA,SBN,691,2,9
0.0,0.0,77.0,7S,ANI,ANV,412,2,1
0.0,0.0,77.0,7S,ANI,ANV,412,2,2
0.0,0.0,77.0,7S,ANI,ANV,412,2,9
0.0,0.0,77.0,7S,ANI,SHX,412,2,4
0.0,0.0,77.0,7S,ANI,SHX,412,2,9
0.0,0.0,77.0,7S,ANV,ANI,412,2,8
0.0,0.0,77.0,7S,ANV,ANI,412,2,9
0.0,0.0,77.0,7S,BET,KWK,412,2,1
0.0,0.0,77.0,7S,BET,KWK,412,2,2
0.0,0.0,77.0,7S,BET,KWK,412,2,3
0.0,0.0,77.0,7S,BET,KWK,412,2,4
0.0,0.0,77.0,7S,BET,KWK,412,2,5
0.0,0.0,77.0,7S,BET,KWK,412,2,6
0.0,0.0,77.0,7S,BET,KWK,412,2,8
0.0,0.0,77.0,7S,BET,KWK,412,2,9
0.0,0.0,77.0,7S,BET,KWK,412,2,11
0.0,0.0,77.0,7S,BET,KWK,412,2,12
0.0,0.0,77.0,7S,KWK,BET,412,2,1
0.0,0.0,77.0,7S,KWK,BET,412,2,2
0.0,0.0,77.0,7S,KWK,BET,412,2,3
0.0,0.0,77.0,7S,KWK,BET,412,2,4
0.0,0.0,77.0,7S,KWK,BET,412,2,5
0.0,0.0,77.0,7S,KWK,BET,412,2,6
0.0,0.0,77.0,7S,KWK,BET,412,2,7
0.0,0.0,77.0,7S,KWK,BET,412,2,8
0.0,0.0,77.0,7S,KWK,BET,412,2,9
0.0,0.0,77.0,7S,KWK,BET,412,2,11
0.0,0.0,77.0,7S,KWK,BET,412,2,12
0.0,0.0,77.0,7S,SHX,ANI,412,2,4
0.0,0.0,77.0,FX,CIC,SMF,416,2,1
0.0,0.0,77.0,FX,CIC,SMF,416,2,2
0.0,0.0,77.0,FX,CIC,SMF,416,2,3
0.0,0.0,77.0,FX,CIC,SMF,416,2,4
0.0,0.0,77.0,FX,CIC,SMF,416,2,5
0.0,0.0,77.0,FX,CIC,SMF,416,2,6
0.0,0.0,77.0,FX,CIC,SMF,416,2,7
0.0,0.0,77.0,FX,CIC,SMF,416,2,8
0.0,0.0,77.0,FX,CIC,SMF,416,2,9
0.0,0.0,77.0,FX,CIC,SMF,416,2,10
0.0,0.0,77.0,FX,CIC,SMF,416,2,11
0.0,0.0,77.0,FX,CIC,SMF,416,2,12
0.0,0.0,77.0,FX,ELM,ROC,416,2,1
0.0,0.0,77.0,FX,ELM,ROC,416,2,2
0.0,0.0,77.0,FX,ELM,ROC,416,2,3
0.0,0.0,77.0,FX,ELM,ROC,416,2,4
0.0,0.0,77.0,FX,ELM,ROC,416,2,5
0.0,0.0,77.0,FX,ELM,ROC,416,2,6
0.0,0.0,77.0,FX,ELM,ROC,416,2,7
0.0,0.0,77.0,FX,ELM,ROC,416,2,8
0.0,0.0,77.0,FX,ELM,ROC,416,2,9
0.0,0.0,77.0,FX,ELM,ROC,416,2,10
0.0,0.0,77.0,FX,ELM,ROC,416,2,11
0.0,0.0,77.0,FX,FWA,SBN,622,2,1
0.0,0.0,77.0,FX,FWA,SBN,622,2,2
0.0,0.0,77.0,FX,FWA,SBN,622,2,3
0.0,0.0,77.0,FX,FWA,SBN,622,2,4
0.0,0.0,77.0,FX,FWA,SBN,622,2,5
0.0,0.0,77.0,FX,FWA,SBN,622,2,6
0.0,0.0,77.0,FX,FWA,SBN,622,2,7
0.0,0.0,77.0,FX,FWA,SBN,622,2,8
0.0,0.0,77.0,FX,FWA,SBN,622,2,9
0.0,0.0,77.0,FX,FWA,SBN,622,2,10
0.0,0.0,77.0,FX,FWA,SBN,622,2,11
0.0,0.0,77.0,FX,FWA,SBN,622,2,12
0.0,0.0,77.0,FX,ROC,ELM,416,2,1
0.0,0.0,77.0,FX,ROC,ELM,416,2,2
0.0,0.0,77.0,FX,ROC,ELM,416,2,3
0.0,0.0,77.0,FX,ROC,ELM,416,2,4
0.0,0.0,77.0,FX,ROC,ELM,416,2,5
0.0,0.0,77.0,FX,ROC,ELM,416,2,6
0.0,0.0,77.0,FX,ROC,ELM,416,2,7
0.0,0.0,77.0,FX,ROC,ELM,416,2,8
0.0,0.0,77.0,FX,ROC,ELM,416,2,9
0.0,0.0,77.0,FX,ROC,ELM,416,2,10
0.0,0.0,77.0,FX,ROC,ELM,416,2,11
0.0,0.0,77.0,FX,SMF,CIC,416,2,2
0.0,0.0,77.0,FX,SMF,CIC,416,2,12
0.0,0.0,77.0,GFQ,PTK,TOL,629,2,11
0.0,0.0,77.0,GFQ,PTK,TOL,715,2,6
0.0,0.0,77.0,GFQ,TOL,PTK,629,2,11
0.0,0.0,77.0,GFQ,TOL,PTK,629,2,12
0.0,0.0,77.0,GFQ,TOL,PTK,715,2,12
0.0,0.0,77.0,N8,WRI,DOV,819,2,11
0.0,0.0,78.0,7S,GNU,EEK,412,2,3
0.0,0.0,78.0,7S,GNU,EEK,412,2,5
0.0,0.0,78.0,7S,GNU,EEK,412,2,10
0.0,0.0,78.0,7S,KWN,ATT,412,2,1
0.0,0.0,78.0,FX,ACK,PVD,416,2,1
0.0,0.0,78.0,FX,ACK,PVD,416,2,2
0.0,0.0,78.0,FX,ACK,PVD,416,2,3
0.0,0.0,78.0,FX,ACK,PVD,416,2,4
0.0,0.0,78.0,FX,ACK,PVD,416,2,5
0.0,0.0,78.0,FX,ACK,PVD,416,2,6
0.0,0.0,78.0,FX,ACK,PVD,416,2,7
0.0,0.0,78.0,FX,ACK,PVD,416,2,8
0.0,0.0,78.0,FX,ACK,PVD,416,2,9
0.0,0.0,78.0,FX,ACK,PVD,416,2,10
0.0,0.0,78.0,FX,ACK,PVD,416,2,11
0.0,0.0,78.0,FX,ACK,PVD,416,2,12
0.0,0.0,78.0,FX,PVD,ACK,416,2,1
0.0,0.0,78.0,FX,PVD,ACK,416,2,2
0.0,0.0,78.0,FX,PVD,ACK,416,2,3
0.0,0.0,78.0,FX,PVD,ACK,416,2,4
0.0,0.0,78.0,FX,PVD,ACK,416,2,5
0.0,0.0,78.0,FX,PVD,ACK,416,2,6
0.0,0.0,78.0,FX,PVD,ACK,416,2,7
0.0,0.0,78.0,FX,PVD,ACK,416,2,8
0.0,0.0,78.0,FX,PVD,ACK,416,2,9
0.0,0.0,78.0,FX,PVD,ACK,416,2,10
0.0,0.0,78.0,FX,PVD,ACK,416,2,11
0.0,0.0,78.0,FX,PVD,ACK,416,2,12
0.0,0.0,79.0,7S,ANI,SLQ,412,2,2
0.0,0.0,79.0,7S,ANI,SLQ,412,2,3
0.0,0.0,79.0,7S,ANI,SLQ,412,2,7
0.0,0.0,79.0,7S,ANI,SLQ,412,2,8
0.0,0.0,79.0,7S,KVL,OTZ,412,2,1
0.0,0.0,79.0,7S,KVL,OTZ,412,2,2
0.0,0.0,79.0,7S,KVL,OTZ,412,2,3
0.0,0.0,79.0,7S,KVL,OTZ,412,2,4
0.0,0.0,79.0,7S,KVL,OTZ,412,2,5
0.0,0.0,79.0,7S,KVL,OTZ,412,2,6
0.0,0.0,79.0,7S,KVL,OTZ,412,2,7
0.0,0.0,79.0,7S,KVL,OTZ,412,2,8
0.0,0.0,79.0,7S,KVL,OTZ,412,2,9
0.0,0.0,79.0,7S,KVL,OTZ,412,2,10
0.0,0.0,79.0,7S,KVL,OTZ,412,2,11
0.0,0.0,79.0,7S,KVL,OTZ,412,2,12
0.0,0.0,79.0,7S,OTZ,KVL,412,2,1
0.0,0.0,79.0,7S,OTZ,KVL,412,2,2
0.0,0.0,79.0,7S,OTZ,KVL,412,2,3
0.0,0.0,79.0,7S,OTZ,KVL,412,2,4
0.0,0.0,79.0,7S,OTZ,KVL,412,2,5
0.0,0.0,79.0,7S,OTZ,KVL,412,2,6
0.0,0.0,79.0,7S,OTZ,KVL,412,2,7
0.0,0.0,79.0,7S,OTZ,KVL,412,2,8
0.0,0.0,79.0,7S,OTZ,KVL,412,2,9
0.0,0.0,79.0,7S,OTZ,KVL,412,2,10
0.0,0.0,79.0,7S,OTZ,KVL,412,2,11
0.0,0.0,79.0,7S,OTZ,KVL,412,2,12
0.0,0.0,79.0,FX,BDL,SWF,691,2,11
0.0,0.0,80.0,5X,ALB,BDL,622,2,5
0.0,0.0,80.0,5X,ALB,BDL,622,2,12
0.0,0.0,80.0,5X,EWR,PHL,622,2,9
0.0,0.0,80.0,5X,EWR,PHL,622,2,12
0.0,0.0,80.0,5X,EWR,PHL,626,2,1
0.0,0.0,80.0,5X,EWR,PHL,626,2,2
0.0,0.0,80.0,5X,EWR,PHL,626,2,3
0.0,0.0,80.0,5X,EWR,PHL,626,2,4
0.0,0.0,80.0,5X,EWR,PHL,626,2,5
0.0,0.0,80.0,5X,EWR,PHL,626,2,6
0.0,0.0,80.0,5X,EWR,PHL,626,2,7
0.0,0.0,80.0,5X,EWR,PHL,626,2,8
0.0,0.0,80.0,5X,EWR,PHL,626,2,9
0.0,0.0,80.0,5X,EWR,PHL,626,2,10
0.0,0.0,80.0,5X,EWR,PHL,626,2,11
0.0,0.0,80.0,5X,EWR,PHL,626,2,12
0.0,0.0,80.0,5X,PHL,EWR,622,2,3
0.0,0.0,80.0,5X,PHL,EWR,622,2,5
0.0,0.0,80.0,5X,PHL,EWR,622,2,7
0.0,0.0,80.0,5X,PHL,EWR,622,2,8
0.0,0.0,80.0,5X,PHL,EWR,622,2,9
0.0,0.0,80.0,5X,PHL,EWR,626,2,1
0.0,0.0,80.0,5X,PHL,EWR,626,2,2
0.0,0.0,80.0,5X,PHL,EWR,626,2,3
0.0,0.0,80.0,5X,PHL,EWR,626,2,4
0.0,0.0,80.0,5X,PHL,EWR,626,2,5
0.0,0.0,80.0,5X,PHL,EWR,626,2,6
0.0,0.0,80.0,5X,PHL,EWR,626,2,7
0.0,0.0,80.0,5X,PHL,EWR,626,2,8
0.0,0.0,80.0,5X,PHL,EWR,626,2,9
0.0,0.0,80.0,5X,PHL,EWR,626,2,10
0.0,0.0,80.0,5X,PHL,EWR,626,2,11
0.0,0.0,80.0,5X,PHL,EWR,626,2,12
0.0,0.0,80.0,5X,PHL,EWR,691,2,7
0.0,0.0,80.0,5X,PHL,EWR,691,2,8
0.0,0.0,80.0,5X,PHL,EWR,691,2,9
0.0,0.0,80.0,5X,PHL,EWR,691,2,12
0.0,0.0,80.0,5X,PHL,EWR,740,2,11
0.0,0.0,80.0,5X,PHL,EWR,740,2,12
0.0,0.0,80.0,7S,KKI,ANI,412,2,4
0.0,0.0,80.0,7S,KKI,ANI,412,2,8
0.0,0.0,80.0,7S,OTZ,RDB,412,2,4
0.0,0.0,80.0,7S,RDB,OTZ,412,2,8
0.0,0.0,80.0,DL,MKE,MDW,622,1,4
0.0,0.0,80.0,FX,EWR,PHL,626,2,12
0.0,0.0,80.0,FX,EWR,PHL,740,2,2
0.0,0.0,80.0,FX,OAK,SNS,416,2,8
0.0,0.0,80.0,FX,OAK,SNS,416,2,9
0.0,0.0,80.0,FX,PHL,EWR,626,2,6
0.0,0.0,80.0,KD,PHL,EWR,820,2,12
0.0,0.0,80.0,NC,RDB,OTZ,617,2,2
0.0,0.0,80.0,UA,PHL,EWR,622,1,6
0.0,0.0,81.0,5X,MCO,TPA,622,2,12
0.0,0.0,81.0,5X,MCO,TPA,626,2,9
0.0,0.0,81.0,5X,MCO,TPA,691,2,1
0.0,0.0,81.0,5X,MCO,TPA,691,2,2
0.0,0.0,81.0,5X,MCO,TPA,740,2,3
0.0,0.0,81.0,5X,MCO,TPA,740,2,12
0.0,0.0,81.0,5X,TPA,MCO,622,2,2
0.0,0.0,81.0,5X,TPA,MCO,622,2,3
0.0,0.0,81.0,5X,TPA,MCO,622,2,7
0.0,0.0,81.0,5X,TPA,MCO,622,2,8
0.0,0.0,81.0,5X,TPA,MCO,626,2,1
0.0,0.0,81.0,5X,TPA,MCO,691,2,6
0.0,0.0,81.0,5X,TPA,MCO,691,2,12
0.0,0.0,81.0,7S,GLV,UNK,412,2,4
0.0,0.0,81.0,7S,GLV,UNK,412,2,5
0.0,0.0,81.0,7S,GLV,UNK,412,2,8
0.0,0.0,81.0,7S,GLV,UNK,412,2,10
0.0,0.0,81.0,7S,GLV,UNK,412,2,11
0.0,0.0,81.0,7S,GLV,UNK,412,2,12
0.0,0.0,81.0,7S,UNK,GLV,412,2,9
0.0,0.0,81.0,EM,FRD,SEA,416,2,1
0.0,0.0,81.0,EM,SEA,FRD,416,2,1
0.0,0.0,81.0,EM,SEA,FRD,416,2,2
0.0,0.0,81.0,EM,SEA,FRD,416,2,3
0.0,0.0,81.0,EM,SEA,FRD,416,2,4
0.0,0.0,81.0,EM,SEA,FRD,416,2,5
0.0,0.0,81.0,EM,SEA,FRD,416,2,6
0.0,0.0,81.0,EM,SEA,FRD,416,2,7
0.0,0.0,81.0,EM,SEA,FRD,416,2,8
0.0,0.0,81.0,EM,SEA,FRD,416,2,9
0.0,0.0,81.0,EM,SEA,FRD,416,2,10
0.0,0.0,81.0,EM,SEA,FRD,416,2,11
0.0,0.0,81.0,EM,SEA,FRD,416,2,12
0.0,0.0,81.0,FX,MCO,TPA,626,2,9
0.0,0.0,81.0,FX,MRY,OAK,416,2,1
0.0,0.0,81.0,FX,MRY,OAK,416,2,2
0.0,0.0,81.0,FX,MRY,OAK,416,2,3
0.0,0.0,81.0,FX,MRY,OAK,416,2,4
0.0,0.0,81.0,FX,MRY,OAK,416,2,5
0.0,0.0,81.0,FX,MRY,OAK,416,2,6
0.0,0.0,81.0,FX,MRY,OAK,416,2,7
0.0,0.0,81.0,FX,MRY,OAK,416,2,8
0.0,0.0,81.0,FX,MRY,OAK,416,2,9
0.0,0.0,81.0,FX,MRY,OAK,416,2,10
0.0,0.0,81.0,FX,MRY,OAK,416,2,11
0.0,0.0,81.0,FX,MRY,OAK,416,2,12
0.0,0.0,81.0,FX,OAK,MRY,416,2,1
0.0,0.0,81.0,FX,OAK,MRY,416,2,2
0.0,0.0,81.0,FX,OAK,MRY,416,2,3
0.0,0.0,81.0,FX,OAK,MRY,416,2,4
0.0,0.0,81.0,FX,OAK,MRY,416,2,5
0.0,0.0,81.0,FX,OAK,MRY,416,2,6
0.0,0.0,81.0,FX,OAK,MRY,416,2,7
0.0,0.0,81.0,FX,OAK,MRY,416,2,8
0.0,0.0,81.0,FX,OAK,MRY,416,2,9
0.0,0.0,81.0,FX,OAK,MRY,416,2,10
0.0,0.0,81.0,FX,OAK,MRY,416,2,11
0.0,0.0,81.0,FX,OAK,MRY,416,2,12
0.0,0.0,81.0,FX,SEA,FRD,416,2,1
0.0,0.0,81.0,FX,SEA,FRD,416,2,2
0.0,0.0,81.0,FX,SEA,FRD,416,2,3
0.0,0.0,81.0,FX,SEA,FRD,416,2,4
0.0,0.0,81.0,FX,SEA,FRD,416,2,5
0.0,0.0,81.0,FX,SEA,FRD,416,2,6
0.0,0.0,81.0,FX,SEA,FRD,416,2,7
0.0,0.0,81.0,FX,SEA,FRD,416,2,8
0.0,0.0,81.0,FX,SEA,FRD,416,2,9
0.0,0.0,81.0,FX,SEA,FRD,416,2,10
0.0,0.0,81.0,FX,SEA,FRD,416,2,11
0.0,0.0,81.0,FX,SEA,FRD,416,2,12
0.0,0.0,81.0,FX,TPA,MCO,691,2,12
0.0,0.0,81.0,J5,JNU,SGY,35,4,6
0.0,0.0,81.0,J5,SGY,JNU,35,4,6
0.0,0.0,82.0,5V,FAI,RMP,218,2,11
0.0,0.0,82.0,5V,FAI,RMP,421,2,12
0.0,0.0,82.0,5V,RMP,FAI,218,2,11
0.0,0.0,82.0,5V,RMP,FAI,421,2,12
0.0,0.0,82.0,7S,KGK,ILI,412,2,2
0.0,0.0,82.0,8V,RMP,FAI,416,1,8
0.0,0.0,82.0,AS,WRG,KTN,612,2,3
0.0,0.0,82.0,EM,BFL,SBA,421,2,3
0.0,0.0,82.0,FX,BFL,SBA,416,2,3
0.0,0.0,82.0,FX,SBA,BFL,416,2,10
0.0,0.0,82.0,KO,KTN,WRG,405,2,1
0.0,0.0,82.0,KO,KTN,WRG,405,2,2
0.0,0.0,82.0,KO,KTN,WRG,405,2,3
0.0,0.0,82.0,KO,KTN,WRG,405,2,4
0.0,0.0,82.0,KO,KTN,WRG,405,2,5
0.0,0.0,82.0,KO,KTN,WRG,405,2,6
0.0,0.0,82.0,KO,KTN,WRG,405,2,7
0.0,0.0,82.0,KO,KTN,WRG,405,2,8
0.0,0.0,82.0,KO,KTN,WRG,405,2,9
0.0,0.0,82.0,KO,KTN,WRG,405,2,10
0.0,0.0,82.0,KO,KTN,WRG,405,2,11
0.0,0.0,82.0,KO,KTN,WRG,405,2,12
0.0,0.0,82.0,KO,WRG,KTN,405,2,1
0.0,0.0,82.0,KO,WRG,KTN,405,2,7
0.0,0.0,82.0,KO,WRG,KTN,405,2,8
0.0,0.0,82.0,KO,WRG,KTN,405,2,10
0.0,0.0,82.0,KO,WRG,KTN,405,2,12
0.0,0.0,83.0,7S,EEK,PTU,412,2,10
0.0,0.0,83.0,7S,KUK,KPN,412,2,7
0.0,0.0,83.0,7S,MYU,KPN,412,2,1
0.0,0.0,83.0,7S,PIP,AKN,412,2,5
0.0,0.0,83.0,EM,CVO,PDX,416,2,1
0.0,0.0,83.0,EM,CVO,PDX,416,2,2
0.0,0.0,83.0,EM,CVO,PDX,416,2,3
0.0,0.0,83.0,EM,CVO,PDX,416,2,4
0.0,0.0,83.0,EM,CVO,PDX,416,2,5
0.0,0.0,83.0,EM,CVO,PDX,416,2,6
0.0,0.0,83.0,EM,CVO,PDX,416,2,7
0.0,0.0,83.0,EM,CVO,PDX,416,2,8
0.0,0.0,83.0,EM,CVO,PDX,416,2,9
0.0,0.0,83.0,EM,CVO,PDX,416,2,10
0.0,0.0,83.0,EM,CVO,PDX,416,2,11
0.0,0.0,83.0,EM,CVO,PDX,416,2,12
0.0,0.0,83.0,EM,PDX,CVO,416,2,3
0.0,0.0,83.0,EM,PDX,CVO,416,2,8
0.0,0.0,83.0,FX,CLT,GSO,622,2,10
0.0,0.0,83.0,FX,CLT,GSO,626,2,9
0.0,0.0,83.0,FX,CLT,GSO,691,2,8
0.0,0.0,83.0,FX,CSG,ATL,416,2,1
0.0,0.0,83.0,FX,CSG,ATL,416,2,3
0.0,0.0,83.0,FX,CSG,ATL,416,2,4
0.0,0.0,83.0,FX,CSG,ATL,416,2,5
0.0,0.0,83.0,FX,CSG,ATL,416,2,6
0.0,0.0,83.0,FX,CSG,ATL,416,2,12
0.0,0.0,83.0,FX,CVO,PDX,416,2,1
0.0,0.0,83.0,FX,CVO,PDX,416,2,2
0.0,0.0,83.0,FX,CVO,PDX,416,2,3
0.0,0.0,83.0,FX,CVO,PDX,416,2,4
0.0,0.0,83.0,FX,CVO,PDX,416,2,5
0.0,0.0,83.0,FX,CVO,PDX,416,2,6
0.0,0.0,83.0,FX,CVO,PDX,416,2,7
0.0,0.0,83.0,FX,CVO,PDX,416,2,8
0.0,0.0,83.0,FX,CVO,PDX,416,2,9
0.0,0.0,83.0,FX,CVO,PDX,416,2,10
0.0,0.0,83.0,FX,CVO,PDX,416,2,11
0.0,0.0,83.0,FX,CVO,PDX,416,2,12
0.0,0.0,83.0,FX,PDX,CVO,416,2,3
0.0,0.0,83.0,FX,PDX,CVO,416,2,8
0.0,0.0,84.0,5X,CVG,SDF,740,2,7
0.0,0.0,84.0,5X,GSO,ROA,691,2,1
0.0,0.0,84.0,5X,GSO,ROA,691,2,2
0.0,0.0,84.0,5X,GSO,ROA,691,2,3
0.0,0.0,84.0,5X,GSO,ROA,691,2,4
0.0,0.0,84.0,5X,GSO,ROA,691,2,5
0.0,0.0,84.0,5X,GSO,ROA,691,2,6
0.0,0.0,84.0,5X,GSO,ROA,691,2,7
0.0,0.0,84.0,5X,GSO,ROA,691,2,8
0.0,0.0,84.0,5X,GSO,ROA,691,2,9
0.0,0.0,84.0,5X,GSO,ROA,691,2,10
0.0,0.0,84.0,5X,GSO,ROA,691,2,11
0.0,0.0,84.0,5X,GSO,ROA,691,2,12
0.0,0.0,84.0,5X,PHL,MDT,622,2,6
0.0,0.0,84.0,5X,PHL,MDT,626,2,9
0.0,0.0,84.0,5X,PHL,MDT,691,2,3
0.0,0.0,84.0,5X,ROA,GSO,691,2,2
0.0,0.0,84.0,5X,ROA,GSO,691,2,3
0.0,0.0,84.0,5X,ROA,GSO,691,2,4
0.0,0.0,84.0,5X,ROA,GSO,691,2,5
0.0,0.0,84.0,5X,ROA,GSO,691,2,6
0.0,0.0,84.0,5X,ROA,GSO,691,2,7
0.0,0.0,84.0,5Y,KOA,OGG,625,2,1
0.0,0.0,84.0,5Y,KOA,OGG,625,2,2
0.0,0.0,84.0,5Y,KOA,OGG,626,2,4
0.0,0.0,84.0,5Y,KOA,OGG,626,2,5
0.0,0.0,84.0,5Y,KOA,OGG,626,2,6
0.0,0.0,84.0,7S,ANC,DRF,412,2,8
0.0,0.0,84.0,7S,DRF,ANC,412,2,8
0.0,0.0,84.0,7S,MLL,ANI,412,2,3
0.0,0.0,84.0,7S,MLL,ANI,412,2,5
0.0,0.0,84.0,7S,VAK,AUK,412,2,5
0.0,0.0,84.0,7S,VAK,KSM,412,2,1
0.0,0.0,84.0,7S,VAK,KSM,412,2,3
0.0,0.0,84.0,7S,VAK,KSM,412,2,9
0.0,0.0,84.0,7S,VAK,KSM,412,2,10
0.0,0.0,84.0,7S,VAK,KSM,412,2,11
0.0,0.0,84.0,8C,KOA,OGG,626,2,9
0.0,0.0,84.0,8C,KOA,OGG,626,2,10
0.0,0.0,84.0,8C,KOA,OGG,626,2,11
0.0,0.0,84.0,8C,KOA,OGG,626,2,12
0.0,0.0,84.0,FX,CVG,SDF,691,2,1
0.0,0.0,84.0,FX,CVG,SDF,691,2,2
0.0,0.0,84.0,FX,CVG,SDF,691,2,3
0.0,0.0,84.0,FX,CVG,SDF,691,2,4
0.0,0.0,84.0,FX,CVG,SDF,691,2,5
0.0,0.0,84.0,FX,CVG,SDF,691,2,6
0.0,0.0,84.0,FX,CVG,SDF,691,2,7
0.0,0.0,84.0,FX,CVG,SDF,691,2,8
0.0,0.0,84.0,FX,CVG,SDF,691,2,9
0.0,0.0,84.0,FX,GSO,ROA,622,2,4
0.0,0.0,84.0,FX,HNL,JHM,416,2,1
0.0,0.0,84.0,FX,HNL,JHM,416,2,2
0.0,0.0,84.0,FX,HNL,JHM,416,2,3
0.0,0.0,84.0,FX,HNL,JHM,416,2,4
0.0,0.0,84.0,FX,HNL,JHM,416,2,5
0.0,0.0,84.0,FX,HNL,JHM,416,2,6
0.0,0.0,84.0,FX,HNL,JHM,416,2,7
0.0,0.0,84.0,FX,HNL,JHM,416,2,8
0.0,0.0,84.0,FX,HNL,JHM,416,2,9
0.0,0.0,84.0,FX,HNL,JHM,416,2,10
0.0,0.0,84.0,FX,HNL,JHM,416,2,11
0.0,0.0,84.0,FX,HNL,JHM,416,2,12
0.0,0.0,84.0,FX,JHM,HNL,416,2,1
0.0,0.0,84.0,FX,JHM,HNL,416,2,2
0.0,0.0,84.0,FX,JHM,HNL,416,2,3
0.0,0.0,84.0,FX,JHM,HNL,416,2,4
0.0,0.0,84.0,FX,JHM,HNL,416,2,5
0.0,0.0,84.0,FX,JHM,HNL,416,2,6
0.0,0.0,84.0,FX,JHM,HNL,416,2,7
0.0,0.0,84.0,FX,JHM,HNL,416,2,8
0.0,0.0,84.0,FX,JHM,HNL,416,2,9
0.0,0.0,84.0,FX,JHM,HNL,416,2,10
0.0,0.0,84.0,FX,JHM,HNL,416,2,11
0.0,0.0,84.0,FX,JHM,HNL,416,2,12
0.0,0.0,84.0,FX,ORD,SBN,622,2,7
0.0,0.0,84.0,FX,ROA,GSO,622,2,1
0.0,0.0,84.0,FX,ROA,GSO,622,2,2
0.0,0.0,84.0,FX,TVF,FAR,416,2,1
0.0,0.0,84.0,FX,TVF,FAR,416,2,2
0.0,0.0,84.0,FX,TVF,FAR,416,2,3
0.0,0.0,84.0,FX,TVF,FAR,416,2,4
0.0,0.0,84.0,FX,TVF,FAR,416,2,5
0.0,0.0,84.0,FX,TVF,FAR,416,2,6
0.0,0.0,84.0,FX,TVF,FAR,416,2,7
0.0,0.0,84.0,FX,TVF,FAR,416,2,8
0.0,0.0,84.0,FX,TVF,FAR,416,2,9
0.0,0.0,84.0,FX,TVF,FAR,416,2,10
0.0,0.0,84.0,FX,TVF,FAR,416,2,11
0.0,0.0,84.0,FX,TVF,FAR,416,2,12
0.0,0.0,84.0,GFQ,CVG,SDF,629,2,1
0.0,0.0,84.0,GFQ,FAR,TVF,629,2,1
0.0,0.0,84.0,GFQ,FAR,TVF,629,2,2
0.0,0.0,84.0,GFQ,FAR,TVF,629,2,8
0.0,0.0,84.0,KH,KOA,OGG,617,2,2
0.0,0.0,84.0,KH,KOA,OGG,617,2,3
0.0,0.0,84.0,KH,KOA,OGG,617,2,4
0.0,0.0,84.0,KH,KOA,OGG,617,2,5
0.0,0.0,84.0,KH,KOA,OGG,617,2,6
0.0,0.0,84.0,KH,KOA,OGG,617,2,10
0.0,0.0,84.0,KH,KOA,OGG,619,2,2
0.0,0.0,84.0,KH,KOA,OGG,619,2,3
0.0,0.0,84.0,KH,KOA,OGG,619,2,5
0.0,0.0,84.0,KH,KOA,OGG,619,2,6
0.0,0.0,84.0,KH,KOA,OGG,619,2,9
0.0,0.0,84.0,KH,OGG,KOA,617,2,2
0.0,0.0,85.0,FX,CEC,XXY,416,2,8
0.0,0.0,85.0,KLQ,YIP,FDY,617,2,11
0.0,0.0,85.0,KO,PSG,KLW,405,2,2
0.0,0.0,86.0,5V,AKP,UMT,218,2,10
0.0,0.0,86.0,7S,AIN,BRW,412,2,11
0.0,0.0,86.0,7S,BRW,AIN,412,2,11
0.0,0.0,86.0,7S,WBB,EMK,412,2,3
0.0,0.0,86.0,7S,WBB,EMK,412,2,4
0.0,0.0,86.0,7S,WBB,EMK,412,2,5
0.0,0.0,86.0,7S,WBB,EMK,412,2,6
0.0,0.0,86.0,7S,WBB,EMK,412,2,9
0.0,0.0,86.0,7S,WBB,EMK,412,2,12
0.0,0.0,86.0,8C,SFO,SMF,626,2,7
0.0,0.0,86.0,8V,AIN,BRW,416,2,7
0.0,0.0,86.0,8V,AKP,UMT,416,1,8
0.0,0.0,86.0,8V,BRW,AIN,416,2,7
0.0,0.0,86.0,8V,TAL,HUS,416,1,12
0.0,0.0,86.0,EM,ONT,C01,421,2,12
0.0,0.0,86.0,FX,MGM,CSG,416,2,12
0.0,0.0,87.0,7S,OBU,WLK,412,2,4
0.0,0.0,87.0,FX,BFL,SMX,416,2,12
0.0,0.0,87.0,FX,JFK,ABE,626,2,12
0.0,0.0,87.0,FX,MSN,ATW,416,2,10
0.0,0.0,87.0,FX,MSN,ATW,416,2,12
0.0,0.0,87.0,KO,CDB,SDP,405,2,1
0.0,0.0,87.0,KO,CDB,SDP,405,2,2
0.0,0.0,87.0,KO,CDB,SDP,405,2,3
0.0,0.0,87.0,KO,CDB,SDP,405,2,4
0.0,0.0,87.0,KO,CDB,SDP,405,2,5
0.0,0.0,87.0,KO,CDB,SDP,405,2,7
0.0,0.0,87.0,KO,CDB,SDP,405,2,8
0.0,0.0,87.0,KO,CDB,SDP,405,2,9
0.0,0.0,87.0,KO,CDB,SDP,405,2,10
0.0,0.0,87.0,KO,CDB,SDP,405,2,11
0.0,0.0,87.0,KO,CDB,SDP,405,2,12
0.0,0.0,87.0,KO,SDP,CDB,405,2,1
0.0,0.0,87.0,KO,SDP,CDB,405,2,2
0.0,0.0,87.0,KO,SDP,CDB,405,2,3
0.0,0.0,87.0,KO,SDP,CDB,405,2,4
0.0,0.0,87.0,KO,SDP,CDB,405,2,5
0.0,0.0,87.0,KO,SDP,CDB,405,2,6
0.0,0.0,87.0,KO,SDP,CDB,405,2,7
0.0,0.0,87.0,KO,SDP,CDB,405,2,8
0.0,0.0,87.0,KO,SDP,CDB,405,2,9
0.0,0.0,87.0,KO,SDP,CDB,405,2,10
0.0,0.0,87.0,KO,SDP,CDB,405,2,11
0.0,0.0,87.0,KO,SDP,CDB,405,2,12
0.0,0.0,87.0,VC,CDB,SDP,432,1,1
0.0,0.0,87.0,VC,CDB,SDP,432,1,2
0.0,0.0,87.0,VC,CDB,SDP,432,1,3
0.0,0.0,87.0,VC,SDP,CDB,432,1,1
0.0,0.0,87.0,VC,SDP,CDB,432,1,2
0.0,0.0,87.0,VC,SDP,CDB,432,1,3
0.0,0.0,87.0,VC,SDP,CDB,432,1,10
0.0,0.0,88.0,5X,CAE,CLT,740,2,1
0.0,0.0,88.0,5X,CLT,CAE,626,2,11
0.0,0.0,88.0,5X,CLT,CAE,691,2,2
0.0,0.0,88.0,7S,ABL,ORV,412,2,5
0.0,0.0,88.0,7S,ABL,ORV,412,2,8
0.0,0.0,88.0,7S,ANV,UNK,412,2,9
0.0,0.0,88.0,FX,BKW,HTS,416,2,1
0.0,0.0,88.0,FX,BKW,HTS,416,2,2
0.0,0.0,88.0,FX,BKW,HTS,416,2,3
0.0,0.0,88.0,FX,BKW,HTS,416,2,4
0.0,0.0,88.0,FX,BKW,HTS,416,2,5
0.0,0.0,88.0,FX,BKW,HTS,416,2,6
0.0,0.0,88.0,FX,BKW,HTS,416,2,7
0.0,0.0,88.0,FX,BKW,HTS,416,2,8
0.0,0.0,88.0,FX,BKW,HTS,416,2,9
0.0,0.0,88.0,FX,BKW,HTS,416,2,10
0.0,0.0,88.0,FX,BKW,HTS,416,2,11
0.0,0.0,88.0,FX,BKW,HTS,416,2,12
0.0,0.0,89.0,5X,MHR,SJC,622,2,7
0.0,0.0,89.0,5X,MHR,SJC,626,2,7
0.0,0.0,89.0,5X,MHR,SJC,626,2,8
0.0,0.0,89.0,5X,MHR,SJC,626,2,9
0.0,0.0,89.0,5X,MHR,SJC,626,2,11
0.0,0.0,89.0,7S,KNK,KGK,412,2,2
0.0,0.0,89.0,7S,SMK,EMK,412,2,3
0.0,0.0,89.0,7S,SMK,EMK,412,2,5
0.0,0.0,89.0,7S,SMK,EMK,412,2,8
0.0,0.0,89.0,7S,SMK,EMK,412,2,12
0.0,0.0,89.0,8V,TAL,LMA,35,1,3
0.0,0.0,89.0,EM,LWS,GEG,416,2,1
0.0,0.0,89.0,FX,LWS,GEG,416,2,1
0.0,0.0,89.0,KLQ,YIP,BTL,619,2,10
0.0,0.0,89.0,U7,BTL,YIP,655,2,1
0.0,0.0,89.0,U7,BTL,YIP,655,2,2
0.0,0.0,89.0,U7,BTL,YIP,655,2,10
0.0,0.0,89.0,U7,YIP,BTL,655,2,4
0.0,0.0,89.0,U7,YIP,BTL,655,2,10
0.0,0.0,89.0,U7,YIP,BTL,681,2,3
0.0,0.0,90.0,5X,BWI,PHL,622,2,12
0.0,0.0,90.0,5X,BWI,PHL,626,2,12
0.0,0.0,90.0,5X,BWI,PHL,691,2,1
0.0,0.0,90.0,5X,BWI,PHL,691,2,2
0.0,0.0,90.0,5X,BWI,PHL,691,2,3
0.0,0.0,90.0,5X,BWI,PHL,691,2,4
0.0,0.0,90.0,5X,BWI,PHL,691,2,5
0.0,0.0,90.0,5X,BWI,PHL,691,2,6
0.0,0.0,90.0,5X,BWI,PHL,691,2,7
0.0,0.0,90.0,5X,BWI,PHL,691,2,9
0.0,0.0,90.0,5X,BWI,PHL,691,2,10
0.0,0.0,90.0,5X,BWI,PHL,691,2,11
0.0,0.0,90.0,5X,BWI,PHL,691,2,12
0.0,0.0,90.0,5X,PHL,BWI,626,2,8
0.0,0.0,90.0,5Y,BWI,PHL,819,1,6
0.0,0.0,90.0,7S,BET,WWT,35,2,11
0.0,0.0,90.0,7S,BET,WWT,412,2,2
0.0,0.0,90.0,7S,BET,WWT,412,2,3
0.0,0.0,90.0,7S,BET,WWT,412,2,4
0.0,0.0,90.0,7S,BET,WWT,412,2,6
0.0,0.0,90.0,7S,BET,WWT,412,2,11
0.0,0.0,90.0,7S,BET,WWT,412,2,12
0.0,0.0,90.0,7S,PQS,BET,412,2,1
0.0,0.0,90.0,7S,PQS,BET,412,2,2
0.0,0.0,90.0,7S,PQS,BET,412,2,3
0.0,0.0,90.0,7S,PQS,BET,412,2,4
0.0,0.0,90.0,7S,PQS,BET,412,2,6
0.0,0.0,90.0,7S,PQS,BET,412,2,7
0.0,0.0,90.0,7S,PQS,BET,412,2,8
0.0,0.0,90.0,7S,PQS,BET,412,2,9
0.0,0.0,90.0,7S,PQS,BET,412,2,10
0.0,0.0,90.0,7S,PQS,BET,412,2,11
0.0,0.0,90.0,7S,PQS,BET,412,2,12
0.0,0.0,90.0,7S,WWT,BET,35,2,11
0.0,0.0,90.0,7S,WWT,BET,412,2,2
0.0,0.0,90.0,7S,WWT,BET,412,2,3
0.0,0.0,90.0,7S,WWT,BET,412,2,4
0.0,0.0,90.0,7S,WWT,BET,412,2,6
0.0,0.0,90.0,7S,WWT,BET,412,2,11
0.0,0.0,90.0,7S,WWT,BET,412,2,12
0.0,0.0,90.0,8V,FAI,SVS,416,1,1
0.0,0.0,90.0,AMQ,FWA,DAY,635,2,4
0.0,0.0,90.0,FX,FMN,GUP,416,2,1
0.0,0.0,90.0,FX,FMN,GUP,416,2,2
0.0,0.0,90.0,FX,FMN,GUP,416,2,3
0.0,0.0,90.0,FX,FMN,GUP,416,2,4
0.0,0.0,90.0,FX,FMN,GUP,416,2,5
0.0,0.0,90.0,FX,FMN,GUP,416,2,6
0.0,0.0,90.0,FX,FMN,GUP,416,2,7
0.0,0.0,90.0,FX,FMN,GUP,416,2,8
0.0,0.0,90.0,FX,FMN,GUP,416,2,9
0.0,0.0,90.0,FX,FMN,GUP,416,2,10
0.0,0.0,90.0,FX,FMN,GUP,416,2,11
0.0,0.0,90.0,FX,FMN,GUP,416,2,12
0.0,0.0,90.0,FX,GUP,FMN,416,2,1
0.0,0.0,90.0,FX,GUP,FMN,416,2,2
0.0,0.0,90.0,FX,GUP,FMN,416,2,3
0.0,0.0,90.0,FX,GUP,FMN,416,2,4
0.0,0.0,90.0,FX,GUP,FMN,416,2,5
0.0,0.0,90.0,FX,GUP,FMN,416,2,6
0.0,0.0,90.0,FX,GUP,FMN,416,2,7
0.0,0.0,90.0,FX,GUP,FMN,416,2,8
0.0,0.0,90.0,FX,GUP,FMN,416,2,9
0.0,0.0,90.0,FX,GUP,FMN,416,2,10
0.0,0.0,90.0,FX,GUP,FMN,416,2,11
0.0,0.0,90.0,FX,GUP,FMN,416,2,12
0.0,0.0,91.0,5X,BDL,BOS,626,2,3
0.0,0.0,91.0,5X,BDL,BOS,626,2,4
0.0,0.0,91.0,5X,BDL,BOS,626,2,5
0.0,0.0,91.0,5X,BDL,BOS,626,2,7
0.0,0.0,91.0,5X,BDL,BOS,626,2,8
0.0,0.0,91.0,5X,BDL,BOS,691,2,6
0.0,0.0,91.0,5X,BOS,BDL,622,2,11
0.0,0.0,91.0,5X,BOS,BDL,626,2,2
0.0,0.0,91.0,5X,BOS,BDL,626,2,6
0.0,0.0,91.0,5X,BOS,BDL,626,2,12
0.0,0.0,91.0,5X,CAE,GSP,691,2,1
0.0,0.0,91.0,5X,CAE,GSP,691,2,2
0.0,0.0,91.0,5X,CAE,GSP,691,2,3
0.0,0.0,91.0,5X,CAE,GSP,691,2,4
0.0,0.0,91.0,5X,CAE,GSP,691,2,5
0.0,0.0,91.0,5X,CAE,GSP,691,2,6
0.0,0.0,91.0,5X,CAE,GSP,691,2,7
0.0,0.0,91.0,5X,CAE,GSP,691,2,8
0.0,0.0,91.0,5X,CAE,GSP,691,2,9
0.0,0.0,91.0,5X,CAE,GSP,691,2,10
0.0,0.0,91.0,5X,CAE,GSP,691,2,11
0.0,0.0,91.0,5X,CAE,GSP,691,2,12
0.0,0.0,91.0,5X,GSP,CAE,691,2,1
0.0,0.0,91.0,5X,GSP,CAE,691,2,2
0.0,0.0,91.0,5X,GSP,CAE,691,2,3
0.0,0.0,91.0,5X,GSP,CAE,691,2,4
0.0,0.0,91.0,5X,GSP,CAE,691,2,5
0.0,0.0,91.0,5X,GSP,CAE,691,2,6
0.0,0.0,91.0,5X,GSP,CAE,691,2,7
0.0,0.0,91.0,5X,GSP,CAE,691,2,11
0.0,0.0,91.0,5X,GSP,CAE,691,2,12
0.0,0.0,91.0,7S,SHX,UNK,412,2,9
0.0,0.0,91.0,EM,SEA,ESD,416,2,1
0.0,0.0,91.0,EM,SEA,ESD,416,2,2
0.0,0.0,91.0,EM,SEA,ESD,416,2,3
0.0,0.0,91.0,EM,SEA,ESD,416,2,4
0.0,0.0,91.0,EM,SEA,ESD,416,2,5
0.0,0.0,91.0,EM,SEA,ESD,416,2,6
0.0,0.0,91.0,EM,SEA,ESD,416,2,7
0.0,0.0,91.0,EM,SEA,ESD,416,2,8
0.0,0.0,91.0,EM,SEA,ESD,416,2,9
0.0,0.0,91.0,EM,SEA,ESD,416,2,10
0.0,0.0,91.0,EM,SEA,ESD,416,2,11
0.0,0.0,91.0,EM,SEA,ESD,416,2,12
0.0,0.0,91.0,FX,BDL,BOS,626,2,4
0.0,0.0,91.0,FX,BOS,BDL,626,2,3
0.0,0.0,91.0,FX,CAE,GSP,110,2,7
0.0,0.0,91.0,FX,DHN,TLH,110,2,3
0.0,0.0,91.0,FX,EAR,MCK,416,2,1
0.0,0.0,91.0,FX,EAR,MCK,416,2,7
0.0,0.0,91.0,FX,EAR,MCK,416,2,8
0.0,0.0,91.0,FX,EAR,MCK,416,2,9
0.0,0.0,91.0,FX,GLH,MLU,416,2,1
0.0,0.0,91.0,FX,MCK,EAR,416,2,1
0.0,0.0,91.0,FX,MCK,EAR,416,2,2
0.0,0.0,91.0,FX,MCK,EAR,416,2,3
0.0,0.0,91.0,FX,MCK,EAR,416,2,4
0.0,0.0,91.0,FX,MCK,EAR,416,2,5
0.0,0.0,91.0,FX,MCK,EAR,416,2,6
0.0,0.0,91.0,FX,MCK,EAR,416,2,7
0.0,0.0,91.0,FX,MCK,EAR,416,2,8
0.0,0.0,91.0,FX,MCK,EAR,416,2,9
0.0,0.0,91.0,FX,MCK,EAR,416,2,10
0.0,0.0,91.0,FX,MCK,EAR,416,2,11
0.0,0.0,91.0,FX,MCK,EAR,416,2,12
0.0,0.0,91.0,FX,SEA,ESD,416,2,1
0.0,0.0,91.0,FX,SEA,ESD,416,2,2
0.0,0.0,91.0,FX,SEA,ESD,416,2,3
0.0,0.0,91.0,FX,SEA,ESD,416,2,4
0.0,0.0,91.0,FX,SEA,ESD,416,2,5
0.0,0.0,91.0,FX,SEA,ESD,416,2,6
0.0,0.0,91.0,FX,SEA,ESD,416,2,7
0.0,0.0,91.0,FX,SEA,ESD,416,2,8
0.0,0.0,91.0,FX,SEA,ESD,416,2,9
0.0,0.0,91.0,FX,SEA,ESD,416,2,10
0.0,0.0,91.0,FX,SEA,ESD,416,2,11
0.0,0.0,91.0,FX,SEA,ESD,416,2,12
0.0,0.0,91.0,FX,SWF,ABE,691,2,1
0.0,0.0,91.0,FX,SWF,ABE,691,2,2
0.0,0.0,91.0,FX,SWF,ABE,691,2,3
0.0,0.0,91.0,FX,SWF,ABE,691,2,4
0.0,0.0,91.0,FX,SWF,ABE,691,2,5
0.0,0.0,91.0,FX,SWF,ABE,691,2,6
0.0,0.0,91.0,FX,SWF,ABE,691,2,7
0.0,0.0,91.0,FX,TLH,DHN,416,2,11
0.0,0.0,91.0,YX,BOS,ACK,673,1,7
0.0,0.0,92.0,7S,ANI,KGX,412,2,1
0.0,0.0,92.0,7S,ANI,KGX,412,2,2
0.0,0.0,92.0,7S,ANI,KGX,412,2,5
0.0,0.0,92.0,7S,ANI,KGX,412,2,7
0.0,0.0,92.0,7S,ANI,KGX,412,2,9
0.0,0.0,92.0,7S,ANI,KGX,412,2,12
0.0,0.0,92.0,7S,KGX,ANI,412,2,1
0.0,0.0,92.0,7S,PQS,VAK,412,2,5
0.0,0.0,92.0,7S,VAK,PQS,412,2,1
0.0,0.0,92.0,FX,EAR,LBF,416,2,2
0.0,0.0,92.0,FX,EAR,LBF,416,2,3
0.0,0.0,92.0,FX,EAR,LBF,416,2,6
0.0,0.0,92.0,FX,EAR,LBF,416,2,10
0.0,0.0,92.0,FX,LBF,EAR,416,2,6
0.0,0.0,92.0,FX,SMF,UKI,416,2,1
0.0,0.0,92.0,FX,SMF,UKI,416,2,2
0.0,0.0,92.0,FX,SMF,UKI,416,2,3
0.0,0.0,92.0,FX,SMF,UKI,416,2,4
0.0,0.0,92.0,FX,SMF,UKI,416,2,5
0.0,0.0,92.0,FX,SMF,UKI,416,2,6
0.0,0.0,92.0,FX,SMF,UKI,416,2,7
0.0,0.0,92.0,FX,SMF,UKI,416,2,8
0.0,0.0,92.0,FX,SMF,UKI,416,2,9
0.0,0.0,92.0,FX,SMF,UKI,416,2,10
0.0,0.0,92.0,FX,SMF,UKI,416,2,11
0.0,0.0,92.0,FX,SMF,UKI,416,2,12
0.0,0.0,92.0,FX,UKI,SMF,416,2,1
0.0,0.0,92.0,FX,UKI,SMF,416,2,2
0.0,0.0,92.0,FX,UKI,SMF,416,2,3
0.0,0.0,92.0,FX,UKI,SMF,416,2,4
0.0,0.0,92.0,FX,UKI,SMF,416,2,5
0.0,0.0,92.0,FX,UKI,SMF,416,2,6
0.0,0.0,92.0,FX,UKI,SMF,416,2,7
0.0,0.0,92.0,FX,UKI,SMF,416,2,8
0.0,0.0,92.0,FX,UKI,SMF,416,2,9
0.0,0.0,92.0,FX,UKI,SMF,416,2,10
0.0,0.0,92.0,FX,UKI,SMF,416,2,11
0.0,0.0,92.0,FX,UKI,SMF,416,2,12
0.0,0.0,93.0,7S,VAK,EMK,412,2,2
0.0,0.0,93.0,7S,VAK,EMK,412,2,6
0.0,0.0,93.0,7S,VAK,EMK,412,2,7
0.0,0.0,93.0,7S,VAK,EMK,412,2,8
0.0,0.0,93.0,7S,VAK,EMK,412,2,12
0.0,0.0,93.0,8V,KBC,SVS,416,1,5
0.0,0.0,93.0,AS,SIT,PSG,612,2,3
0.0,0.0,93.0,AS,SIT,PSG,612,2,4
0.0,0.0,93.0,AS,SIT,PSG,612,2,5
0.0,0.0,93.0,AS,SIT,PSG,612,2,6
0.0,0.0,93.0,AS,SIT,PSG,612,2,8
0.0,0.0,93.0,AS,SIT,PSG,612,2,9
0.0,0.0,93.0,AS,SIT,PSG,612,2,10
0.0,0.0,93.0,AS,SIT,PSG,614,2,7
0.0,0.0,93.0,AS,SIT,PSG,614,2,8
0.0,0.0,93.0,EM,BLI,SEA,416,2,1
0.0,0.0,93.0,EM,BLI,SEA,416,2,2
0.0,0.0,93.0,EM,BLI,SEA,416,2,3
0.0,0.0,93.0,EM,BLI,SEA,416,2,4
0.0,0.0,93.0,EM,BLI,SEA,416,2,5
0.0,0.0,93.0,EM,BLI,SEA,416,2,6
0.0,0.0,93.0,EM,BLI,SEA,416,2,7
0.0,0.0,93.0,EM,BLI,SEA,416,2,8
0.0,0.0,93.0,EM,BLI,SEA,416,2,9
0.0,0.0,93.0,EM,BLI,SEA,416,2,10
0.0,0.0,93.0,EM,BLI,SEA,416,2,11
0.0,0.0,93.0,EM,BLI,SEA,416,2,12
0.0,0.0,93.0,EM,SEA,BLI,416,2,1
0.0,0.0,93.0,EM,SEA,BLI,416,2,2
0.0,0.0,93.0,EM,SEA,BLI,416,2,3
0.0,0.0,93.0,EM,SEA,BLI,416,2,4
0.0,0.0,93.0,EM,SEA,BLI,416,2,5
0.0,0.0,93.0,EM,SEA,BLI,416,2,6
0.0,0.0,93.0,EM,SEA,BLI,416,2,7
0.0,0.0,93.0,EM,SEA,BLI,416,2,8
0.0,0.0,93.0,EM,SEA,BLI,416,2,9
0.0,0.0,93.0,EM,SEA,BLI,416,2,10
0.0,0.0,93.0,EM,SEA,BLI,416,2,11
0.0,0.0,93.0,EM,SEA,BLI,416,2,12
0.0,0.0,93.0,FX,BLI,SEA,416,2,1
0.0,0.0,93.0,FX,BLI,SEA,416,2,2
0.0,0.0,93.0,FX,BLI,SEA,416,2,3
0.0,0.0,93.0,FX,BLI,SEA,416,2,4
0.0,0.0,93.0,FX,BLI,SEA,416,2,5
0.0,0.0,93.0,FX,BLI,SEA,416,2,6
0.0,0.0,93.0,FX,BLI,SEA,416,2,7
0.0,0.0,93.0,FX,BLI,SEA,416,2,8
0.0,0.0,93.0,FX,BLI,SEA,416,2,9
0.0,0.0,93.0,FX,BLI,SEA,416,2,10
0.0,0.0,93.0,FX,BLI,SEA,416,2,11
0.0,0.0,93.0,FX,BLI,SEA,416,2,12
0.0,0.0,93.0,FX,SEA,BLI,416,2,1
0.0,0.0,93.0,FX,SEA,BLI,416,2,2
0.0,0.0,93.0,FX,SEA,BLI,416,2,3
0.0,0.0,93.0,FX,SEA,BLI,416,2,4
0.0,0.0,93.0,FX,SEA,BLI,416,2,5
0.0,0.0,93.0,FX,SEA,BLI,416,2,6
0.0,0.0,93.0,FX,SEA,BLI,416,2,7
0.0,0.0,93.0,FX,SEA,BLI,416,2,8
0.0,0.0,93.0,FX,SEA,BLI,416,2,9
0.0,0.0,93.0,FX,SEA,BLI,416,2,10
0.0,0.0,93.0,FX,SEA,BLI,416,2,11
0.0,0.0,93.0,FX,SEA,BLI,416,2,12
0.0,0.0,93.0,KO,PSG,SIT,405,2,1
0.0,0.0,93.0,KO,PSG,SIT,405,2,2
0.0,0.0,93.0,KO,PSG,SIT,405,2,3
0.0,0.0,93.0,KO,PSG,SIT,405,2,4
0.0,0.0,93.0,KO,PSG,SIT,405,2,5
0.0,0.0,93.0,KO,PSG,SIT,405,2,6
0.0,0.0,93.0,KO,PSG,SIT,405,2,7
0.0,0.0,93.0,KO,PSG,SIT,405,2,8
0.0,0.0,93.0,KO,PSG,SIT,405,2,9
0.0,0.0,93.0,KO,PSG,SIT,405,2,10
0.0,0.0,93.0,KO,PSG,SIT,405,2,11
0.0,0.0,93.0,KO,PSG,SIT,405,2,12
0.0,0.0,93.0,U7,YIP,MBS,655,2,2
0.0,0.0,94.0,5X,BDL,MHT,626,2,7
0.0,0.0,94.0,5X,BDL,MHT,626,2,8
0.0,0.0,94.0,5X,BDL,MHT,626,2,9
0.0,0.0,94.0,5X,BDL,MHT,626,2,10
0.0,0.0,94.0,5X,BDL,MHT,626,2,11
0.0,0.0,94.0,5X,BDL,MHT,626,2,12
0.0,0.0,94.0,5X,BDL,MHT,691,2,4
0.0,0.0,94.0,5X,BDL,MHT,691,2,11
0.0,0.0,94.0,5X,BDL,MHT,691,2,12
0.0,0.0,94.0,5X,JFK,PHL,622,2,12
0.0,0.0,94.0,5X,JFK,PHL,626,2,1
0.0,0.0,94.0,5X,JFK,PHL,626,2,2
0.0,0.0,94.0,5X,JFK,PHL,626,2,3
0.0,0.0,94.0,5X,JFK,PHL,626,2,7
0.0,0.0,94.0,5X,JFK,PHL,626,2,8
0.0,0.0,94.0,5X,JFK,PHL,626,2,11
0.0,0.0,94.0,5X,JFK,PHL,626,2,12
0.0,0.0,94.0,5X,JFK,PHL,740,2,1
0.0,0.0,94.0,5X,MHT,BDL,626,2,9
0.0,0.0,94.0,5X,MHT,BDL,691,2,12
0.0,0.0,94.0,5X,ONT,SAN,622,2,3
0.0,0.0,94.0,5X,ONT,SAN,622,2,4
0.0,0.0,94.0,5X,ONT,SAN,622,2,5
0.0,0.0,94.0,5X,ONT,SAN,626,2,1
0.0,0.0,94.0,5X,ONT,SAN,626,2,7
0.0,0.0,94.0,5X,ONT,SAN,626,2,10
0.0,0.0,94.0,5X,ONT,SAN,626,2,11
0.0,0.0,94.0,5X,ONT,SAN,626,2,12
0.0,0.0,94.0,5X,PHL,JFK,691,2,9
0.0,0.0,94.0,5X,PHL,JFK,691,2,10
0.0,0.0,94.0,5X,PHL,JFK,691,2,11
0.0,0.0,94.0,5X,SAN,ONT,622,2,12
0.0,0.0,94.0,5X,SAN,ONT,626,2,12
0.0,0.0,94.0,7S,SHH,DRG,412,2,10
0.0,0.0,94.0,DL,JFK,PHL,608,1,1
0.0,0.0,94.0,DL,JFK,PHL,698,1,1
0.0,0.0,94.0,F4,SJU,STX,131,1,1
0.0,0.0,94.0,F4,SJU,STX,131,1,2
0.0,0.0,94.0,F4,SJU,STX,131,1,3
0.0,0.0,94.0,F4,SJU,STX,489,1,1
0.0,0.0,94.0,F4,SJU,STX,489,1,2
0.0,0.0,94.0,F4,SJU,STX,489,1,3
0.0,0.0,94.0,F4,STX,SJU,489,1,2
0.0,0.0,94.0,F4,STX,SJU,489,1,3
0.0,0.0,94.0,FX,BDL,MHT,626,2,4
0.0,0.0,94.0,FX,IAD,MDT,622,2,4
0.0,0.0,94.0,FX,IPL,SAN,416,2,1
0.0,0.0,94.0,FX,IPL,SAN,416,2,2
0.0,0.0,94.0,FX,IPL,SAN,416,2,3
0.0,0.0,94.0,FX,IPL,SAN,416,2,4
0.0,0.0,94.0,FX,IPL,SAN,416,2,5
0.0,0.0,94.0,FX,IPL,SAN,416,2,6
0.0,0.0,94.0,FX,IPL,SAN,416,2,7
0.0,0.0,94.0,FX,IPL,SAN,416,2,8
0.0,0.0,94.0,FX,IPL,SAN,416,2,9
0.0,0.0,94.0,FX,IPL,SAN,416,2,10
0.0,0.0,94.0,FX,IPL,SAN,416,2,11
0.0,0.0,94.0,FX,IPL,SAN,416,2,12
0.0,0.0,94.0,FX,ONT,SAN,622,2,12
0.0,0.0,94.0,FX,ONT,SAN,626,2,1
0.0,0.0,94.0,FX,ONT,SAN,626,2,2
0.0,0.0,94.0,FX,ONT,SAN,626,2,3
0.0,0.0,94.0,FX,ONT,SAN,626,2,4
0.0,0.0,94.0,FX,ONT,SAN,626,2,5
0.0,0.0,94.0,FX,ONT,SAN,626,2,6
0.0,0.0,94.0,FX,ONT,SAN,626,2,7
0.0,0.0,94.0,FX,ONT,SAN,626,2,8
0.0,0.0,94.0,FX,ONT,SAN,626,2,9
0.0,0.0,94.0,FX,ONT,SAN,626,2,10
0.0,0.0,94.0,FX,ONT,SAN,626,2,11
0.0,0.0,94.0,FX,ONT,SAN,626,2,12
0.0,0.0,94.0,FX,PHL,JFK,626,2,8
0.0,0.0,94.0,FX,SAN,IPL,416,2,1
0.0,0.0,94.0,FX,SAN,IPL,416,2,2
0.0,0.0,94.0,FX,SAN,IPL,416,2,3
0.0,0.0,94.0,FX,SAN,IPL,416,2,4
0.0,0.0,94.0,FX,SAN,IPL,416,2,5
0.0,0.0,94.0,FX,SAN,IPL,416,2,6
0.0,0.0,94.0,FX,SAN,IPL,416,2,7
0.0,0.0,94.0,FX,SAN,IPL,416,2,8
0.0,0.0,94.0,FX,SAN,IPL,416,2,9
0.0,0.0,94.0,FX,SAN,IPL,416,2,10
0.0,0.0,94.0,FX,SAN,IPL,416,2,11
0.0,0.0,94.0,FX,SAN,IPL,416,2,12
0.0,0.0,94.0,FX,SAN,ONT,626,2,1
0.0,0.0,94.0,FX,SAN,ONT,626,2,2
0.0,0.0,94.0,FX,SAN,ONT,626,2,3
0.0,0.0,94.0,FX,SAN,ONT,626,2,4
0.0,0.0,94.0,FX,SAN,ONT,626,2,5
0.0,0.0,94.0,FX,SAN,ONT,626,2,6
0.0,0.0,94.0,FX,SAN,ONT,626,2,7
0.0,0.0,94.0,FX,SAN,ONT,626,2,8
0.0,0.0,94.0,FX,SAN,ONT,626,2,9
0.0,0.0,94.0,FX,SAN,ONT,626,2,10
0.0,0.0,94.0,FX,SAN,ONT,626,2,11
0.0,0.0,94.0,FX,SAN,ONT,626,2,12
0.0,0.0,94.0,FX,SJU,STX,110,2,1
0.0,0.0,94.0,FX,SJU,STX,110,2,2
0.0,0.0,94.0,FX,SJU,STX,110,2,3
0.0,0.0,94.0,FX,SJU,STX,110,2,4
0.0,0.0,94.0,FX,SJU,STX,110,2,5
0.0,0.0,94.0,FX,SJU,STX,110,2,6
0.0,0.0,94.0,FX,SJU,STX,110,2,7
0.0,0.0,94.0,FX,SJU,STX,110,2,8
0.0,0.0,94.0,FX,SJU,STX,110,2,9
0.0,0.0,94.0,FX,SJU,STX,110,2,10
0.0,0.0,94.0,FX,SJU,STX,110,2,11
0.0,0.0,94.0,FX,SJU,STX,110,2,12
0.0,0.0,94.0,FX,SJU,STX,416,2,1
0.0,0.0,94.0,FX,SJU,STX,416,2,2
0.0,0.0,94.0,FX,SJU,STX,416,2,3
0.0,0.0,94.0,FX,SJU,STX,416,2,4
0.0,0.0,94.0,FX,SJU,STX,416,2,5
0.0,0.0,94.0,FX,SJU,STX,416,2,6
0.0,0.0,94.0,FX,SJU,STX,416,2,7
0.0,0.0,94.0,FX,SJU,STX,416,2,8
0.0,0.0,94.0,FX,SJU,STX,416,2,9
0.0,0.0,94.0,FX,SJU,STX,416,2,10
0.0,0.0,94.0,FX,SJU,STX,416,2,11
0.0,0.0,94.0,FX,SJU,STX,416,2,12
0.0,0.0,94.0,FX,STX,SJU,110,2,1
0.0,0.0,94.0,FX,STX,SJU,110,2,2
0.0,0.0,94.0,FX,STX,SJU,110,2,3
0.0,0.0,94.0,FX,STX,SJU,110,2,4
0.0,0.0,94.0,FX,STX,SJU,110,2,5
0.0,0.0,94.0,FX,STX,SJU,110,2,6
0.0,0.0,94.0,FX,STX,SJU,110,2,7
0.0,0.0,94.0,FX,STX,SJU,110,2,8
0.0,0.0,94.0,FX,STX,SJU,110,2,9
0.0,0.0,94.0,FX,STX,SJU,110,2,10
0.0,0.0,94.0,FX,STX,SJU,110,2,11
0.0,0.0,94.0,FX,STX,SJU,110,2,12
0.0,0.0,94.0,FX,STX,SJU,416,2,1
0.0,0.0,94.0,FX,STX,SJU,416,2,2
0.0,0.0,94.0,FX,STX,SJU,416,2,3
0.0,0.0,94.0,FX,STX,SJU,416,2,4
0.0,0.0,94.0,FX,STX,SJU,416,2,5
0.0,0.0,94.0,FX,STX,SJU,416,2,6
0.0,0.0,94.0,FX,STX,SJU,416,2,7
0.0,0.0,94.0,FX,STX,SJU,416,2,8
0.0,0.0,94.0,FX,STX,SJU,416,2,9
0.0,0.0,94.0,FX,STX,SJU,416,2,10
0.0,0.0,94.0,FX,STX,SJU,416,2,11
0.0,0.0,94.0,FX,STX,SJU,416,2,12
0.0,0.0,94.0,KAQ,PHL,JFK,819,2,7
0.0,0.0,95.0,5V,BET,ANI,655,2,2
0.0,0.0,95.0,5V,BET,ANI,655,2,3
0.0,0.0,95.0,5V,BET,ANI,655,2,5
0.0,0.0,95.0,5V,BET,ANI,655,2,6
0.0,0.0,95.0,5V,BET,ANI,655,2,7
0.0,0.0,95.0,5V,BET,ANI,655,2,8
0.0,0.0,95.0,5V,BET,ANI,655,2,9
0.0,0.0,95.0,5V,BET,ANI,655,2,11
0.0,0.0,95.0,5V,BET,ANI,655,2,12
0.0,0.0,95.0,5X,RFD,GYY,622,2,6
0.0,0.0,95.0,5X,RFD,GYY,626,2,1
0.0,0.0,95.0,5X,RFD,GYY,626,2,7
0.0,0.0,95.0,5X,RFD,GYY,626,2,8
0.0,0.0,95.0,5X,RFD,GYY,626,2,9
0.0,0.0,95.0,5X,RFD,GYY,691,2,1
0.0,0.0,95.0,5X,RFD,GYY,691,2,2
0.0,0.0,95.0,5X,RFD,GYY,691,2,3
0.0,0.0,95.0,5X,RFD,GYY,691,2,8
0.0,0.0,95.0,5X,RFD,GYY,691,2,9
0.0,0.0,95.0,5X,RFD,GYY,691,2,11
0.0,0.0,95.0,5X,RFD,GYY,691,2,12
0.0,0.0,95.0,7S,ANI,BET,412,2,4
0.0,0.0,95.0,7S,ANI,BET,412,2,6
0.0,0.0,95.0,7S,ANI,BET,412,2,10
0.0,0.0,95.0,7S,BET,ANI,412,2,2
0.0,0.0,95.0,7S,BET,CYF,412,2,1
0.0,0.0,95.0,7S,BET,CYF,412,2,2
0.0,0.0,95.0,7S,BET,CYF,412,2,3
0.0,0.0,95.0,7S,BET,CYF,412,2,4
0.0,0.0,95.0,7S,BET,CYF,412,2,5
0.0,0.0,95.0,7S,BET,CYF,412,2,6
0.0,0.0,95.0,7S,BET,CYF,412,2,7
0.0,0.0,95.0,7S,BET,CYF,412,2,8
0.0,0.0,95.0,7S,BET,CYF,412,2,9
0.0,0.0,95.0,7S,BET,CYF,412,2,10
0.0,0.0,95.0,7S,BET,CYF,412,2,11
0.0,0.0,95.0,7S,BET,CYF,412,2,12
0.0,0.0,95.0,7S,BET,KPN,412,2,1
0.0,0.0,95.0,7S,BET,KPN,412,2,2
0.0,0.0,95.0,7S,BET,KPN,412,2,3
0.0,0.0,95.0,7S,BET,KPN,412,2,4
0.0,0.0,95.0,7S,BET,KPN,412,2,5
0.0,0.0,95.0,7S,BET,KPN,412,2,6
0.0,0.0,95.0,7S,BET,KPN,412,2,7
0.0,0.0,95.0,7S,BET,KPN,412,2,8
0.0,0.0,95.0,7S,BET,KPN,412,2,9
0.0,0.0,95.0,7S,BET,KPN,412,2,10
0.0,0.0,95.0,7S,BET,KPN,412,2,11
0.0,0.0,95.0,7S,BET,KPN,412,2,12
0.0,0.0,95.0,7S,CYF,BET,412,2,1
0.0,0.0,95.0,7S,CYF,BET,412,2,2
0.0,0.0,95.0,7S,CYF,BET,412,2,3
0.0,0.0,95.0,7S,CYF,BET,412,2,4
0.0,0.0,95.0,7S,CYF,BET,412,2,5
0.0,0.0,95.0,7S,CYF,BET,412,2,6
0.0,0.0,95.0,7S,CYF,BET,412,2,7
0.0,0.0,95.0,7S,CYF,BET,412,2,8
0.0,0.0,95.0,7S,CYF,BET,412,2,9
0.0,0.0,95.0,7S,CYF,BET,412,2,10
0.0,0.0,95.0,7S,CYF,BET,412,2,11
0.0,0.0,95.0,7S,CYF,BET,412,2,12
0.0,0.0,95.0,7S,ELI,OME,412,2,1
0.0,0.0,95.0,7S,ELI,OME,412,2,2
0.0,0.0,95.0,7S,ELI,OME,412,2,3
0.0,0.0,95.0,7S,ELI,OME,412,2,4
0.0,0.0,95.0,7S,ELI,OME,412,2,5
0.0,0.0,95.0,7S,ELI,OME,412,2,6
0.0,0.0,95.0,7S,ELI,OME,412,2,7
0.0,0.0,95.0,7S,ELI,OME,412,2,8
0.0,0.0,95.0,7S,ELI,OME,412,2,9
0.0,0.0,95.0,7S,ELI,OME,412,2,10
0.0,0.0,95.0,7S,ELI,OME,412,2,11
0.0,0.0,95.0,7S,ELI,OME,412,2,12
0.0,0.0,95.0,7S,KPN,BET,412,2,1
0.0,0.0,95.0,7S,KPN,BET,412,2,2
0.0,0.0,95.0,7S,KPN,BET,412,2,3
0.0,0.0,95.0,7S,KPN,BET,412,2,4
0.0,0.0,95.0,7S,KPN,BET,412,2,5
0.0,0.0,95.0,7S,KPN,BET,412,2,6
0.0,0.0,95.0,7S,KPN,BET,412,2,7
0.0,0.0,95.0,7S,KPN,BET,412,2,8
0.0,0.0,95.0,7S,KPN,BET,412,2,9
0.0,0.0,95.0,7S,KPN,BET,412,2,10
0.0,0.0,95.0,7S,KPN,BET,412,2,11
0.0,0.0,95.0,7S,KPN,BET,412,2,12
0.0,0.0,95.0,7S,OME,ELI,412,2,1
0.0,0.0,95.0,7S,OME,ELI,412,2,2
0.0,0.0,95.0,7S,OME,ELI,412,2,3
0.0,0.0,95.0,7S,OME,ELI,412,2,4
0.0,0.0,95.0,7S,OME,ELI,412,2,5
0.0,0.0,95.0,7S,OME,ELI,412,2,6
0.0,0.0,95.0,7S,OME,ELI,412,2,7
0.0,0.0,95.0,7S,OME,ELI,412,2,8
0.0,0.0,95.0,7S,OME,ELI,412,2,9
0.0,0.0,95.0,7S,OME,ELI,412,2,10
0.0,0.0,95.0,7S,OME,ELI,412,2,11
0.0,0.0,95.0,7S,OME,ELI,412,2,12
0.0,0.0,95.0,8V,AIN,PIZ,416,1,10
0.0,0.0,95.0,9K,BOS,PWM,125,1,3
0.0,0.0,95.0,9K,BOS,PWM,125,1,4
0.0,0.0,95.0,AS,JNU,SIT,612,2,1
0.0,0.0,95.0,AS,JNU,SIT,612,2,2
0.0,0.0,95.0,AS,JNU,SIT,612,2,3
0.0,0.0,95.0,AS,JNU,SIT,612,2,4
0.0,0.0,95.0,AS,JNU,SIT,612,2,5
0.0,0.0,95.0,AS,JNU,SIT,612,2,6
0.0,0.0,95.0,AS,JNU,SIT,612,2,7
0.0,0.0,95.0,AS,JNU,SIT,612,2,8
0.0,0.0,95.0,AS,JNU,SIT,612,2,9
0.0,0.0,95.0,AS,JNU,SIT,612,2,10
0.0,0.0,95.0,AS,JNU,SIT,612,2,11
0.0,0.0,95.0,AS,JNU,SIT,612,2,12
0.0,0.0,95.0,AS,JNU,SIT,614,2,1
0.0,0.0,95.0,AS,JNU,SIT,614,2,5
0.0,0.0,95.0,AS,JNU,SIT,614,2,6
0.0,0.0,95.0,AS,JNU,SIT,614,2,7
0.0,0.0,95.0,AS,JNU,SIT,614,2,8
0.0,0.0,95.0,AS,JNU,SIT,614,2,9
0.0,0.0,95.0,AS,JNU,SIT,614,2,10
0.0,0.0,95.0,AS,JNU,SIT,614,2,11
0.0,0.0,95.0,AS,JNU,SIT,614,2,12
0.0,0.0,95.0,AS,SIT,JNU,612,2,1
0.0,0.0,95.0,AS,SIT,JNU,612,2,2
0.0,0.0,95.0,AS,SIT,JNU,612,2,3
0.0,0.0,95.0,AS,SIT,JNU,612,2,4
0.0,0.0,95.0,AS,SIT,JNU,612,2,5
0.0,0.0,95.0,AS,SIT,JNU,612,2,6
0.0,0.0,95.0,AS,SIT,JNU,612,2,7
0.0,0.0,95.0,AS,SIT,JNU,612,2,8
0.0,0.0,95.0,AS,SIT,JNU,612,2,9
0.0,0.0,95.0,AS,SIT,JNU,612,2,10
0.0,0.0,95.0,AS,SIT,JNU,612,2,11
0.0,0.0,95.0,AS,SIT,JNU,612,2,12
0.0,0.0,95.0,AS,SIT,JNU,614,2,5
0.0,0.0,95.0,AS,SIT,JNU,614,2,6
0.0,0.0,95.0,AS,SIT,JNU,614,2,7
0.0,0.0,95.0,AS,SIT,JNU,614,2,8
0.0,0.0,95.0,AS,SIT,JNU,614,2,9
0.0,0.0,95.0,AS,SIT,JNU,614,2,10
0.0,0.0,95.0,AS,SIT,JNU,614,2,11
0.0,0.0,95.0,AS,SIT,JNU,614,2,12
0.0,0.0,95.0,FX,CHS,CAE,622,2,11
0.0,0.0,95.0,KO,ANI,BET,405,2,1
0.0,0.0,95.0,KO,ANI,BET,405,2,2
0.0,0.0,95.0,KO,ANI,BET,405,2,3
0.0,0.0,95.0,KO,ANI,BET,405,2,4
0.0,0.0,95.0,KO,ANI,BET,405,2,5
0.0,0.0,95.0,KO,ANI,BET,405,2,6
0.0,0.0,95.0,KO,ANI,BET,405,2,7
0.0,0.0,95.0,KO,ANI,BET,405,2,8
0.0,0.0,95.0,KO,ANI,BET,405,2,9
0.0,0.0,95.0,KO,ANI,BET,405,2,10
0.0,0.0,95.0,KO,ANI,BET,405,2,11
0.0,0.0,95.0,KO,ANI,BET,405,2,12
0.0,0.0,95.0,KO,JNU,SIT,405,2,1
0.0,0.0,95.0,KO,JNU,SIT,405,2,2
0.0,0.0,95.0,KO,JNU,SIT,405,2,3
0.0,0.0,95.0,KO,JNU,SIT,405,2,4
0.0,0.0,95.0,KO,JNU,SIT,405,2,5
0.0,0.0,95.0,KO,JNU,SIT,405,2,6
0.0,0.0,95.0,KO,JNU,SIT,405,2,7
0.0,0.0,95.0,KO,JNU,SIT,405,2,8
0.0,0.0,95.0,KO,JNU,SIT,405,2,9
0.0,0.0,95.0,KO,JNU,SIT,405,2,10
0.0,0.0,95.0,KO,JNU,SIT,405,2,11
0.0,0.0,95.0,KO,JNU,SIT,405,2,12
0.0,0.0,95.0,KO,SIT,JNU,405,2,1
0.0,0.0,95.0,KO,SIT,JNU,405,2,2
0.0,0.0,95.0,KO,SIT,JNU,405,2,3
0.0,0.0,95.0,KO,SIT,JNU,405,2,4
0.0,0.0,95.0,KO,SIT,JNU,405,2,5
0.0,0.0,95.0,KO,SIT,JNU,405,2,6
0.0,0.0,95.0,KO,SIT,JNU,405,2,7
0.0,0.0,95.0,KO,SIT,JNU,405,2,8
0.0,0.0,95.0,KO,SIT,JNU,405,2,9
0.0,0.0,95.0,KO,SIT,JNU,405,2,10
0.0,0.0,95.0,KO,SIT,JNU,405,2,11
0.0,0.0,95.0,KO,SIT,JNU,405,2,12
0.0,0.0,95.0,L2,ANI,BET,556,2,10
0.0,0.0,95.0,L2,ELI,OME,556,2,2
0.0,0.0,95.0,L2,OME,ELI,556,2,2
0.0,0.0,95.0,NC,ANI,BET,617,2,9
0.0,0.0,95.0,NC,ANI,BET,619,2,1
0.0,0.0,95.0,NC,ANI,BET,619,2,6
0.0,0.0,95.0,NC,ANI,BET,619,2,8
0.0,0.0,95.0,NC,BET,ANI,614,2,3
0.0,0.0,95.0,NC,BET,ANI,617,2,2
0.0,0.0,95.0,NC,BET,ANI,617,2,5
0.0,0.0,95.0,NC,BET,ANI,617,2,10
0.0,0.0,95.0,NC,BET,ANI,617,2,11
0.0,0.0,95.0,NC,BET,ANI,617,2,12
0.0,0.0,95.0,NC,BET,ANI,619,2,4
0.0,0.0,95.0,NC,BET,ANI,619,2,5
0.0,0.0,96.0,7S,IAN,OBU,412,2,5
0.0,0.0,96.0,7S,OBU,IAN,412,2,7
0.0,0.0,96.0,7S,OBU,IAN,412,2,8
0.0,0.0,96.0,7S,UNK,WMO,412,2,7
0.0,0.0,96.0,7S,WMO,UNK,412,2,1
0.0,0.0,96.0,7S,WMO,UNK,412,2,4
0.0,0.0,96.0,7S,WMO,UNK,412,2,6
0.0,0.0,96.0,7S,WMO,UNK,412,2,7
0.0,0.0,96.0,7S,WMO,UNK,412,2,11
0.0,0.0,96.0,7S,WMO,UNK,412,2,12
0.0,0.0,96.0,FX,BWD,SJT,416,2,2
0.0,0.0,96.0,FX,SJT,BWD,416,2,2
0.0,0.0,96.0,FX,SJT,BWD,416,2,11
0.0,0.0,96.0,NK,PHL,LGA,722,1,3
0.0,0.0,97.0,7S,PTU,WTL,412,2,10
0.0,0.0,97.0,8V,HUS,BTT,416,1,8
0.0,0.0,97.0,EM,MSO,FCA,441,2,10
0.0,0.0,97.0,FX,BJI,FAR,416,2,1
0.0,0.0,97.0,FX,BJI,FAR,416,2,2
0.0,0.0,97.0,FX,BJI,FAR,416,2,3
0.0,0.0,97.0,FX,BJI,FAR,416,2,4
0.0,0.0,97.0,FX,BJI,FAR,416,2,5
0.0,0.0,97.0,FX,BJI,FAR,416,2,6
0.0,0.0,97.0,FX,BJI,FAR,416,2,7
0.0,0.0,97.0,FX,BJI,FAR,416,2,8
0.0,0.0,97.0,FX,BJI,FAR,416,2,9
0.0,0.0,97.0,FX,BJI,FAR,416,2,10
0.0,0.0,97.0,FX,BJI,FAR,416,2,11
0.0,0.0,97.0,FX,BJI,FAR,416,2,12
0.0,0.0,97.0,FX,FAR,BJI,416,2,1
0.0,0.0,97.0,FX,FAR,BJI,416,2,2
0.0,0.0,97.0,FX,FAR,BJI,416,2,3
0.0,0.0,97.0,FX,FAR,BJI,416,2,4
0.0,0.0,97.0,FX,FAR,BJI,416,2,5
0.0,0.0,97.0,FX,FAR,BJI,416,2,6
0.0,0.0,97.0,FX,FAR,BJI,416,2,7
0.0,0.0,97.0,FX,FAR,BJI,416,2,8
0.0,0.0,97.0,FX,FAR,BJI,416,2,9
0.0,0.0,97.0,FX,FAR,BJI,416,2,10
0.0,0.0,97.0,FX,FAR,BJI,416,2,11
0.0,0.0,97.0,FX,FAR,BJI,416,2,12
0.0,0.0,97.0,FX,MSO,FCA,110,2,10
0.0,0.0,97.0,GFQ,BTL,PTK,715,2,2
0.0,0.0,97.0,KO,AKN,ILI,405,2,1
0.0,0.0,97.0,KO,AKN,ILI,405,2,2
0.0,0.0,97.0,KO,AKN,ILI,405,2,3
0.0,0.0,97.0,KO,AKN,ILI,405,2,4
0.0,0.0,97.0,KO,AKN,ILI,405,2,5
0.0,0.0,97.0,KO,AKN,ILI,405,2,6
0.0,0.0,97.0,KO,AKN,ILI,405,2,7
0.0,0.0,97.0,KO,AKN,ILI,405,2,8
0.0,0.0,97.0,KO,AKN,ILI,405,2,9
0.0,0.0,97.0,KO,AKN,ILI,405,2,10
0.0,0.0,97.0,KO,AKN,ILI,405,2,11
0.0,0.0,97.0,KO,AKN,ILI,405,2,12
0.0,0.0,97.0,KO,ILI,AKN,405,2,5
0.0,0.0,97.0,KO,ILI,AKN,405,2,6
0.0,0.0,97.0,KO,ILI,AKN,405,2,7
0.0,0.0,97.0,KO,ILI,AKN,405,2,9
0.0,0.0,98.0,5X,EVV,SDF,622,2,4
0.0,0.0,98.0,7S,ANI,SRV,412,2,9
0.0,0.0,98.0,7S,SRV,ANI,412,2,9
0.0,0.0,98.0,FX,BIS,DIK,416,2,1
0.0,0.0,98.0,FX,BIS,DIK,416,2,2
0.0,0.0,98.0,FX,BIS,DIK,416,2,3
0.0,0.0,98.0,FX,BIS,DIK,416,2,4
0.0,0.0,98.0,FX,BIS,DIK,416,2,5
0.0,0.0,98.0,FX,BIS,DIK,416,2,6
0.0,0.0,98.0,FX,BIS,DIK,416,2,7
0.0,0.0,98.0,FX,BIS,DIK,416,2,8
0.0,0.0,98.0,FX,BIS,DIK,416,2,9
0.0,0.0,98.0,FX,BIS,DIK,416,2,10
0.0,0.0,98.0,FX,BIS,DIK,416,2,11
0.0,0.0,98.0,FX,BIS,DIK,416,2,12
0.0,0.0,98.0,FX,DIK,BIS,416,2,2
0.0,0.0,98.0,FX,DIK,BIS,416,2,4
0.0,0.0,98.0,FX,DIK,BIS,416,2,6
0.0,0.0,98.0,FX,DIK,BIS,416,2,8
0.0,0.0,98.0,FX,DIK,BIS,416,2,11
0.0,0.0,99.0,5Y,CVG,IND,626,1,6
0.0,0.0,99.0,5Y,IND,CVG,626,1,6
0.0,0.0,99.0,5Y,IND,CVG,626,2,5
0.0,0.0,99.0,ABX,CVG,IND,625,2,11
0.0,0.0,99.0,ABX,CVG,IND,626,2,3
0.0,0.0,99.0,ABX,IND,CVG,626,2,3
0.0,0.0,99.0,FX,CLE,ERI,416,2,1
0.0,0.0,99.0,FX,CLE,ERI,416,2,2
0.0,0.0,99.0,FX,CLE,ERI,416,2,3
0.0,0.0,99.0,FX,CLE,ERI,416,2,4
0.0,0.0,99.0,FX,CLE,ERI,416,2,5
0.0,0.0,99.0,FX,CLE,ERI,416,2,6
0.0,0.0,99.0,FX,CLE,ERI,416,2,7
0.0,0.0,99.0,FX,CLE,ERI,416,2,8
0.0,0.0,99.0,FX,CLE,ERI,416,2,9
0.0,0.0,99.0,FX,CLE,ERI,416,2,10
0.0,0.0,99.0,FX,CLE,ERI,416,2,11
0.0,0.0,99.0,FX,CLE,ERI,416,2,12
0.0,0.0,99.0,FX,CVG,IND,622,2,7
0.0,0.0,100.0,5X,OGG,HNL,626,2,1
0.0,0.0,100.0,5X,OGG,HNL,626,2,2
0.0,0.0,100.0,5X,OGG,HNL,626,2,3
0.0,0.0,100.0,5X,OGG,HNL,626,2,4
0.0,0.0,100.0,5X,OGG,HNL,626,2,5
0.0,0.0,100.0,5X,OGG,HNL,626,2,6
0.0,0.0,100.0,5X,OGG,HNL,626,2,7
0.0,0.0,100.0,5X,OGG,HNL,626,2,8
0.0,0.0,100.0,5X,OGG,HNL,626,2,9
0.0,0.0,100.0,5X,OGG,HNL,626,2,10
0.0,0.0,100.0,5X,OGG,HNL,626,2,11
0.0,0.0,100.0,5X,OGG,HNL,626,2,12
0.0,0.0,100.0,5X,RIC,IAD,626,2,1
0.0,0.0,100.0,5X,RIC,IAD,626,2,2
0.0,0.0,100.0,5X,RIC,IAD,626,2,3
0.0,0.0,100.0,5X,RIC,IAD,626,2,4
0.0,0.0,100.0,5X,RIC,IAD,626,2,5
0.0,0.0,100.0,5X,RIC,IAD,626,2,6
0.0,0.0,100.0,5X,RIC,IAD,626,2,7
0.0,0.0,100.0,5X,RIC,IAD,626,2,11
0.0,0.0,100.0,5X,RIC,IAD,626,2,12
0.0,0.0,100.0,5Y,HNL,OGG,625,2,1
0.0,0.0,100.0,7S,BET,NME,412,2,1
0.0,0.0,100.0,7S,BET,NME,412,2,2
0.0,0.0,100.0,7S,BET,NME,412,2,3
0.0,0.0,100.0,7S,BET,NME,412,2,4
0.0,0.0,100.0,7S,BET,NME,412,2,6
0.0,0.0,100.0,7S,BET,NME,412,2,8
0.0,0.0,100.0,7S,BET,NME,412,2,9
0.0,0.0,100.0,7S,BET,NME,412,2,10
0.0,0.0,100.0,7S,BET,NME,412,2,11
0.0,0.0,100.0,7S,BET,NME,412,2,12
0.0,0.0,100.0,7S,HPB,KSM,412,2,7
0.0,0.0,100.0,7S,HPB,KSM,412,2,9
0.0,0.0,100.0,7S,HPB,KSM,412,2,12
0.0,0.0,100.0,7S,KSM,HPB,412,2,2
0.0,0.0,100.0,7S,KSM,HPB,412,2,7
0.0,0.0,100.0,7S,NME,BET,412,2,1
0.0,0.0,100.0,7S,NME,BET,412,2,2
0.0,0.0,100.0,7S,NME,BET,412,2,3
0.0,0.0,100.0,7S,NME,BET,412,2,4
0.0,0.0,100.0,7S,NME,BET,412,2,5
0.0,0.0,100.0,7S,NME,BET,412,2,6
0.0,0.0,100.0,7S,NME,BET,412,2,8
0.0,0.0,100.0,7S,NME,BET,412,2,9
0.0,0.0,100.0,7S,NME,BET,412,2,10
0.0,0.0,100.0,7S,NME,BET,412,2,11
0.0,0.0,100.0,7S,NME,BET,412,2,12
0.0,0.0,100.0,7S,WMO,KTS,412,2,9
0.0,0.0,100.0,8C,OGG,HNL,626,2,9
0.0,0.0,100.0,8C,OGG,HNL,626,2,10
0.0,0.0,100.0,8C,OGG,HNL,626,2,12
0.0,0.0,100.0,EM,ONP,PDX,416,2,1
0.0,0.0,100.0,EM,OTH,MFR,416,2,2
0.0,0.0,100.0,EM,PDX,ONP,416,2,1
0.0,0.0,100.0,EM,PDX,ONP,416,2,2
0.0,0.0,100.0,EM,PDX,ONP,416,2,3
0.0,0.0,100.0,EM,PDX,ONP,416,2,4
0.0,0.0,100.0,EM,PDX,ONP,416,2,5
0.0,0.0,100.0,EM,PDX,ONP,416,2,6
0.0,0.0,100.0,EM,PDX,ONP,416,2,7
0.0,0.0,100.0,EM,PDX,ONP,416,2,8
0.0,0.0,100.0,EM,PDX,ONP,416,2,9
0.0,0.0,100.0,EM,PDX,ONP,416,2,10
0.0,0.0,100.0,EM,PDX,ONP,416,2,11
0.0,0.0,100.0,EM,PDX,ONP,416,2,12
0.0,0.0,100.0,FX,ONP,PDX,416,2,1
0.0,0.0,100.0,FX,OTH,MFR,416,2,2
0.0,0.0,100.0,FX,PDX,ONP,416,2,1
0.0,0.0,100.0,FX,PDX,ONP,416,2,2
0.0,0.0,100.0,FX,PDX,ONP,416,2,3
0.0,0.0,100.0,FX,PDX,ONP,416,2,4
0.0,0.0,100.0,FX,PDX,ONP,416,2,5
0.0,0.0,100.0,FX,PDX,ONP,416,2,6
0.0,0.0,100.0,FX,PDX,ONP,416,2,7
0.0,0.0,100.0,FX,PDX,ONP,416,2,8
0.0,0.0,100.0,FX,PDX,ONP,416,2,9
0.0,0.0,100.0,FX,PDX,ONP,416,2,10
0.0,0.0,100.0,FX,PDX,ONP,416,2,11
0.0,0.0,100.0,FX,PDX,ONP,416,2,12
0.0,0.0,100.0,KH,HNL,OGG,617,2,1
0.0,0.0,100.0,KH,HNL,OGG,617,2,2
0.0,0.0,100.0,KH,HNL,OGG,617,2,3
0.0,0.0,100.0,KH,HNL,OGG,617,2,4
0.0,0.0,100.0,KH,HNL,OGG,617,2,5
0.0,0.0,100.0,KH,HNL,OGG,617,2,6
0.0,0.0,100.0,KH,HNL,OGG,617,2,7
0.0,0.0,100.0,KH,HNL,OGG,617,2,8
0.0,0.0,100.0,KH,HNL,OGG,617,2,9
0.0,0.0,100.0,KH,HNL,OGG,617,2,10
0.0,0.0,100.0,KH,HNL,OGG,617,2,11
0.0,0.0,100.0,KH,HNL,OGG,617,2,12
0.0,0.0,100.0,KH,HNL,OGG,619,2,1
0.0,0.0,100.0,KH,HNL,OGG,619,2,2
0.0,0.0,100.0,KH,HNL,OGG,619,2,3
0.0,0.0,100.0,KH,HNL,OGG,619,2,4
0.0,0.0,100.0,KH,HNL,OGG,619,2,5
0.0,0.0,100.0,KH,HNL,OGG,619,2,6
0.0,0.0,100.0,KH,HNL,OGG,619,2,7
0.0,0.0,100.0,KH,HNL,OGG,619,2,8
0.0,0.0,100.0,KH,HNL,OGG,619,2,9
0.0,0.0,100.0,KH,HNL,OGG,619,2,10
0.0,0.0,100.0,KH,HNL,OGG,619,2,11
0.0,0.0,100.0,KH,HNL,OGG,619,2,12
0.0,0.0,100.0,KH,OGG,HNL,617,2,1
0.0,0.0,100.0,KH,OGG,HNL,617,2,2
0.0,0.0,100.0,KH,OGG,HNL,617,2,3
0.0,0.0,100.0,KH,OGG,HNL,617,2,4
0.0,0.0,100.0,KH,OGG,HNL,617,2,5
0.0,0.0,100.0,KH,OGG,HNL,617,2,6
0.0,0.0,100.0,KH,OGG,HNL,617,2,7
0.0,0.0,100.0,KH,OGG,HNL,617,2,8
0.0,0.0,100.0,KH,OGG,HNL,617,2,9
0.0,0.0,100.0,KH,OGG,HNL,617,2,10
0.0,0.0,100.0,KH,OGG,HNL,617,2,11
0.0,0.0,100.0,KH,OGG,HNL,617,2,12
0.0,0.0,100.0,KH,OGG,HNL,619,2,1
0.0,0.0,100.0,KH,OGG,HNL,619,2,2
0.0,0.0,100.0,KH,OGG,HNL,619,2,3
0.0,0.0,100.0,KH,OGG,HNL,619,2,4
0.0,0.0,100.0,KH,OGG,HNL,619,2,5
0.0,0.0,100.0,KH,OGG,HNL,619,2,6
0.0,0.0,100.0,KH,OGG,HNL,619,2,7
0.0,0.0,100.0,KH,OGG,HNL,619,2,8
0.0,0.0,100.0,KH,OGG,HNL,619,2,9
0.0,0.0,100.0,KH,OGG,HNL,619,2,10
0.0,0.0,100.0,KH,OGG,HNL,619,2,11
0.0,0.0,100.0,KH,OGG,HNL,619,2,12
0.0,0.0,100.0,YX,IAD,RIC,673,1,7
0.0,0.0,101.0,7S,BET,KSM,412,2,2
0.0,0.0,101.0,7S,BET,KSM,412,2,7
0.0,0.0,101.0,7S,BET,KSM,412,2,11
0.0,0.0,101.0,7S,KSM,BET,412,2,1
0.0,0.0,101.0,7S,KSM,BET,412,2,2
0.0,0.0,101.0,7S,KSM,BET,412,2,10
0.0,0.0,101.0,7S,KSM,BET,412,2,12
0.0,0.0,101.0,8V,AET,RMP,416,1,8
0.0,0.0,101.0,FX,LBB,BGS,416,2,6
0.0,0.0,101.0,FX,RDD,ACV,416,2,1
0.0,0.0,101.0,FX,RDD,ACV,416,2,6
0.0,0.0,101.0,FX,RDD,ACV,416,2,7
0.0,0.0,101.0,FX,RDD,ACV,416,2,9
0.0,0.0,101.0,FX,RDD,ACV,416,2,11
0.0,0.0,101.0,L2,BET,KSM,556,2,2
0.0,0.0,101.0,L2,BET,KSM,556,2,9
0.0,0.0,102.0,5X,HNL,LIH,626,2,1
0.0,0.0,102.0,5X,HNL,LIH,626,2,2
0.0,0.0,102.0,5X,HNL,LIH,626,2,3
0.0,0.0,102.0,5X,HNL,LIH,626,2,4
0.0,0.0,102.0,5X,HNL,LIH,626,2,5
0.0,0.0,102.0,5X,HNL,LIH,626,2,6
0.0,0.0,102.0,5X,HNL,LIH,626,2,7
0.0,0.0,102.0,5X,HNL,LIH,626,2,8
0.0,0.0,102.0,5X,HNL,LIH,626,2,9
0.0,0.0,102.0,5X,HNL,LIH,626,2,10
0.0,0.0,102.0,5X,HNL,LIH,626,2,11
0.0,0.0,102.0,5X,HNL,LIH,626,2,12
0.0,0.0,102.0,5X,LIH,HNL,626,2,1
0.0,0.0,102.0,5X,LIH,HNL,626,2,2
0.0,0.0,102.0,5X,LIH,HNL,626,2,3
0.0,0.0,102.0,5X,LIH,HNL,626,2,4
0.0,0.0,102.0,5X,LIH,HNL,626,2,5
0.0,0.0,102.0,5X,LIH,HNL,626,2,6
0.0,0.0,102.0,5X,LIH,HNL,626,2,7
0.0,0.0,102.0,5X,LIH,HNL,626,2,9
0.0,0.0,102.0,7S,KCQ,PIP,412,2,5
0.0,0.0,102.0,7S,MLL,EMK,412,2,3
0.0,0.0,102.0,7S,MLL,EMK,412,2,6
0.0,0.0,102.0,7S,MLL,EMK,412,2,12
0.0,0.0,102.0,8C,HNL,LIH,626,2,1
0.0,0.0,102.0,8C,HNL,LIH,626,2,2
0.0,0.0,102.0,8C,HNL,LIH,626,2,3
0.0,0.0,102.0,8C,HNL,LIH,626,2,4
0.0,0.0,102.0,8C,HNL,LIH,626,2,5
0.0,0.0,102.0,8C,HNL,LIH,626,2,6
0.0,0.0,102.0,8C,HNL,LIH,626,2,7
0.0,0.0,102.0,8C,HNL,LIH,626,2,8
0.0,0.0,102.0,8C,HNL,LIH,626,2,11
0.0,0.0,102.0,8C,HNL,LIH,626,2,12
0.0,0.0,102.0,8C,LIH,HNL,626,2,2
0.0,0.0,102.0,8C,LIH,HNL,626,2,8
0.0,0.0,102.0,8C,LIH,HNL,626,2,9
0.0,0.0,102.0,8C,LIH,HNL,626,2,10
0.0,0.0,102.0,8C,LIH,HNL,626,2,11
0.0,0.0,102.0,8V,RBY,KAL,416,1,2
0.0,0.0,102.0,FX,HNL,LIH,416,2,1
0.0,0.0,102.0,FX,HNL,LIH,416,2,2
0.0,0.0,102.0,FX,HNL,LIH,416,2,3
0.0,0.0,102.0,FX,HNL,LIH,416,2,4
0.0,0.0,102.0,FX,HNL,LIH,416,2,5
0.0,0.0,102.0,FX,HNL,LIH,416,2,6
0.0,0.0,102.0,FX,HNL,LIH,416,2,7
0.0,0.0,102.0,FX,HNL,LIH,416,2,8
0.0,0.0,102.0,FX,HNL,LIH,416,2,9
0.0,0.0,102.0,FX,HNL,LIH,416,2,10
0.0,0.0,102.0,FX,HNL,LIH,416,2,11
0.0,0.0,102.0,FX,HNL,LIH,416,2,12
0.0,0.0,102.0,FX,HTS,LCK,622,2,1
0.0,0.0,102.0,FX,HTS,LCK,622,2,2
0.0,0.0,102.0,FX,HTS,LCK,622,2,3
0.0,0.0,102.0,FX,HTS,LCK,622,2,4
0.0,0.0,102.0,FX,HTS,LCK,622,2,5
0.0,0.0,102.0,FX,HTS,LCK,622,2,6
0.0,0.0,102.0,FX,HTS,LCK,622,2,7
0.0,0.0,102.0,FX,HTS,LCK,622,2,8
0.0,0.0,102.0,FX,HTS,LCK,622,2,9
0.0,0.0,102.0,FX,HTS,LCK,622,2,10
0.0,0.0,102.0,FX,HTS,LCK,622,2,11
0.0,0.0,102.0,FX,HTS,LCK,622,2,12
0.0,0.0,102.0,FX,LCK,HTS,622,2,8
0.0,0.0,102.0,FX,LCK,HTS,622,2,10
0.0,0.0,102.0,FX,LIH,HNL,416,2,1
0.0,0.0,102.0,FX,LIH,HNL,416,2,2
0.0,0.0,102.0,FX,LIH,HNL,416,2,3
0.0,0.0,102.0,FX,LIH,HNL,416,2,4
0.0,0.0,102.0,FX,LIH,HNL,416,2,5
0.0,0.0,102.0,FX,LIH,HNL,416,2,6
0.0,0.0,102.0,FX,LIH,HNL,416,2,7
0.0,0.0,102.0,FX,LIH,HNL,416,2,8
0.0,0.0,102.0,FX,LIH,HNL,416,2,9
0.0,0.0,102.0,FX,LIH,HNL,416,2,10
0.0,0.0,102.0,FX,LIH,HNL,416,2,11
0.0,0.0,102.0,FX,LIH,HNL,416,2,12
0.0,0.0,102.0,KH,HNL,LIH,617,2,1
0.0,0.0,102.0,KH,HNL,LIH,617,2,2
0.0,0.0,102.0,KH,HNL,LIH,617,2,3
0.0,0.0,102.0,KH,HNL,LIH,617,2,4
0.0,0.0,102.0,KH,HNL,LIH,617,2,5
0.0,0.0,102.0,KH,HNL,LIH,617,2,6
0.0,0.0,102.0,KH,HNL,LIH,617,2,7
0.0,0.0,102.0,KH,HNL,LIH,617,2,8
0.0,0.0,102.0,KH,HNL,LIH,617,2,9
0.0,0.0,102.0,KH,HNL,LIH,617,2,10
0.0,0.0,102.0,KH,HNL,LIH,617,2,11
0.0,0.0,102.0,KH,HNL,LIH,617,2,12
0.0,0.0,102.0,KH,HNL,LIH,619,2,1
0.0,0.0,102.0,KH,HNL,LIH,619,2,2
0.0,0.0,102.0,KH,HNL,LIH,619,2,3
0.0,0.0,102.0,KH,HNL,LIH,619,2,4
0.0,0.0,102.0,KH,HNL,LIH,619,2,5
0.0,0.0,102.0,KH,HNL,LIH,619,2,6
0.0,0.0,102.0,KH,HNL,LIH,619,2,7
0.0,0.0,102.0,KH,HNL,LIH,619,2,8
0.0,0.0,102.0,KH,HNL,LIH,619,2,9
0.0,0.0,102.0,KH,HNL,LIH,619,2,10
0.0,0.0,102.0,KH,HNL,LIH,619,2,11
