Date,Airport,Hour,TSA_Throughput,Scheduled_Departures,Actual_Departures
2019-01-01,BOS,6,4668,25,25
2019-01-02,BOS,5,2814,23,23
2019-01-02,BOS,6,3114,30,30
2019-01-02,BOS,7,2142,35,35
2019-01-02,BOS,8,1780,22,22
2019-01-02,BOS,9,1426,20,20
2019-01-03,BOS,5,5272,19,19
2019-01-03,BOS,7,1991,35,34
2019-01-03,BOS,9,2765,19,19
2019-01-04,BOS,5,2968,18,18
2019-01-04,BOS,6,1696,35,35
2019-01-04,BOS,8,2087,25,25
2019-01-04,BOS,9,1793,19,19
2019-01-05,BOS,5,5767,14,14
2019-01-05,BOS,6,1417,25,25
2019-01-06,BOS,5,4627,13,13
2019-01-06,BOS,6,4142,30,30
2019-01-06,BOS,7,1899,30,30
2019-01-06,BOS,9,3037,23,23
2019-01-07,BOS,5,5292,18,18
2019-01-07,BOS,7,1980,35,35
2019-01-07,BOS,8,1267,25,25
2019-01-07,BOS,9,3930,28,28
2019-01-08,BOS,5,1970,18,18
2019-01-08,BOS,7,1078,30,30
2019-01-08,BOS,8,3004,24,24
2019-01-09,BOS,5,2266,19,19
2019-01-09,BOS,6,1432,41,41
2019-01-09,BOS,8,1489,24,24
2019-01-10,BOS,5,2366,19,19
2019-01-10,BOS,6,2891,42,42
2019-01-10,BOS,19,2224,18,18
2019-01-11,BOS,5,2791,20,20
2019-01-11,BOS,7,1769,32,32
2019-01-11,BOS,21,601,17,17
2019-01-12,BOS,6,1646,23,23
2019-01-12,BOS,18,984,15,14
2019-01-12,BOS,22,104,4,4
2019-01-13,BOS,5,3534,13,12
2019-01-13,BOS,10,1589,19,19
2019-01-13,BOS,15,1946,22,21
2019-01-13,BOS,19,1768,15,14
2019-01-13,BOS,21,343,16,15
2019-01-14,BOS,5,2842,20,20
2019-01-14,BOS,6,4403,43,42
2019-01-14,BOS,20,431,13,13
2019-01-15,BOS,5,169,18,18
2019-01-15,BOS,6,2983,40,40
2019-01-15,BOS,13,2185,17,17
2019-01-15,BOS,19,1696,17,16
2019-01-15,BOS,22,116,5,5
2019-01-16,BOS,5,5382,19,19
2019-01-16,BOS,6,1293,40,40
2019-01-16,BOS,14,3018,27,27
2019-01-16,BOS,18,76,26,26
2019-01-16,BOS,19,1328,18,18
2019-01-16,BOS,22,151,5,5
2019-01-17,BOS,5,4742,19,19
2019-01-17,BOS,6,2231,42,42
2019-01-17,BOS,7,1629,32,31
2019-01-17,BOS,19,1150,18,18
2019-01-17,BOS,22,197,5,5
2019-01-18,BOS,5,5596,19,19
2019-01-18,BOS,7,2312,32,32
2019-01-18,BOS,18,1822,26,25
2019-01-18,BOS,19,1722,18,18
2019-01-19,BOS,5,5374,18,17
2019-01-19,BOS,6,1572,23,21
2019-01-19,BOS,18,1130,14,12
2019-01-19,BOS,21,72,10,1
2019-01-19,BOS,22,76,4,0
2019-01-20,BOS,5,115,11,1
2019-01-20,BOS,6,286,22,4
2019-01-20,BOS,7,144,22,5
2019-01-20,BOS,8,153,16,5
2019-01-20,BOS,9,243,20,4
2019-01-20,BOS,10,430,15,1
2019-01-20,BOS,11,474,21,4
2019-01-20,BOS,12,593,14,3
2019-01-20,BOS,13,658,11,2
2019-01-20,BOS,14,961,22,3
2019-01-20,BOS,15,976,18,4
2019-01-20,BOS,16,1196,15,8
2019-01-20,BOS,17,782,25,10
2019-01-20,BOS,18,754,20,6
2019-01-20,BOS,19,588,10,3
2019-01-20,BOS,20,470,10,1
2019-01-20,BOS,21,202,13,0
2019-01-20,BOS,22,80,5,0
2019-01-21,BOS,5,1504,18,10
2019-01-21,BOS,6,2454,37,24
2019-01-21,BOS,7,1127,30,22
2019-01-21,BOS,8,1731,20,14
2019-01-21,BOS,9,1686,28,21
2019-01-21,BOS,10,1586,16,14
2019-01-21,BOS,11,1544,28,22
2019-01-21,BOS,12,952,15,9
2019-01-21,BOS,13,1531,17,11
2019-01-21,BOS,14,1751,28,13
2019-01-21,BOS,15,767,25,5
2019-01-21,BOS,16,838,20,12
2019-01-21,BOS,17,1696,30,11
2019-01-21,BOS,18,1600,24,8
2019-01-21,BOS,19,1706,18,10
2019-01-21,BOS,20,1558,13,8
2019-01-21,BOS,21,663,17,6
2019-01-21,BOS,22,347,5,3
2019-01-22,BOS,5,1520,18,11
2019-01-22,BOS,6,1926,40,30
2019-01-22,BOS,7,845,30,24
2019-01-22,BOS,8,1825,24,22
2019-01-22,BOS,9,1324,30,23
2019-01-22,BOS,10,1651,17,11
2019-01-22,BOS,11,1873,26,16
2019-01-22,BOS,12,1004,18,9
2019-01-22,BOS,13,1901,17,11
2019-01-22,BOS,14,1696,28,17
2019-01-22,BOS,15,2107,23,14
2019-01-22,BOS,16,1847,18,11
2019-01-22,BOS,17,1701,31,19
2019-01-22,BOS,18,1272,25,20
2019-01-22,BOS,19,1597,17,13
2019-01-22,BOS,20,1222,9,6
2019-01-22,BOS,21,499,17,10
2019-01-22,BOS,22,226,5,3
2019-01-23,BOS,5,1870,19,17
2019-01-23,BOS,6,1308,40,38
2019-01-23,BOS,7,711,30,25
2019-01-23,BOS,8,1769,24,19
2019-01-23,BOS,9,1612,30,30
2019-01-23,BOS,10,1740,17,17
2019-01-23,BOS,11,1808,25,25
2019-01-23,BOS,12,813,16,15
2019-01-23,BOS,13,1980,18,18
2019-01-23,BOS,14,2135,27,27
2019-01-23,BOS,15,2124,23,21
2019-01-23,BOS,16,1689,19,19
2019-01-23,BOS,17,1679,31,31
2019-01-23,BOS,18,1609,26,24
2019-01-23,BOS,19,1340,18,18
2019-01-23,BOS,20,822,13,13
2019-01-23,BOS,21,301,17,17
2019-01-23,BOS,22,19,5,5
2019-01-24,BOS,5,1460,19,18
2019-01-24,BOS,6,932,42,41
2019-01-24,BOS,7,759,32,31
2019-01-24,BOS,8,1754,24,24
2019-01-24,BOS,9,1576,29,28
2019-01-24,BOS,10,1588,18,17
2019-01-24,BOS,11,1601,27,26
2019-01-24,BOS,12,2013,17,14
2019-01-24,BOS,13,1954,17,16
2019-01-24,BOS,14,2160,29,28
2019-01-24,BOS,15,1525,24,23
2019-01-24,BOS,16,1742,21,18
2019-01-24,BOS,17,2517,31,30
2019-01-24,BOS,18,1676,26,25
2019-01-24,BOS,19,1191,18,17
2019-01-24,BOS,20,1022,14,13
2019-01-24,BOS,21,316,17,15
2019-01-24,BOS,22,315,5,4
2019-01-25,BOS,5,1718,20,20
2019-01-25,BOS,6,1366,41,41
2019-01-25,BOS,7,1629,32,31
2019-01-25,BOS,8,1622,24,24
2019-01-25,BOS,9,1534,29,29
2019-01-25,BOS,10,1625,18,18
2019-01-25,BOS,11,1608,27,26
2019-01-25,BOS,12,1273,17,17
2019-01-25,BOS,13,2237,17,17
2019-01-25,BOS,14,2544,28,28
2019-01-25,BOS,15,1721,24,24
2019-01-25,BOS,16,1755,21,21
2019-01-25,BOS,17,2376,31,31
2019-01-25,BOS,18,1933,26,26
2019-01-25,BOS,19,1485,18,18
2019-01-25,BOS,20,1113,14,14
2019-01-25,BOS,21,350,17,17
2019-01-25,BOS,22,86,5,5
2019-01-26,BOS,5,1639,18,18
2019-01-26,BOS,6,1110,22,22
2019-01-26,BOS,7,671,24,24
2019-01-26,BOS,8,1705,18,18
2019-01-26,BOS,9,1843,13,13
2019-01-26,BOS,10,1266,16,16
2019-01-26,BOS,11,1189,19,19
2019-01-26,BOS,12,1316,14,14
2019-01-26,BOS,13,683,10,10
2019-01-26,BOS,14,1555,18,18
2019-01-26,BOS,15,1256,13,13
2019-01-26,BOS,16,1557,13,13
2019-01-26,BOS,17,1123,18,18
2019-01-26,BOS,18,968,15,15
2019-01-26,BOS,19,702,4,4
2019-01-26,BOS,20,599,6,6
2019-01-26,BOS,21,304,10,10
2019-01-26,BOS,22,69,4,4
2019-01-27,BOS,5,1229,12,12
2019-01-27,BOS,6,1655,24,24
2019-01-27,BOS,7,668,25,25
2019-01-27,BOS,8,738,15,15
2019-01-27,BOS,9,1415,24,24
2019-01-27,BOS,10,1577,18,18
2019-01-27,BOS,11,1538,24,24
2019-01-27,BOS,12,2253,14,14
2019-01-27,BOS,13,1912,14,14
2019-01-27,BOS,14,2201,26,26
2019-01-27,BOS,15,1692,22,22
2019-01-27,BOS,16,1698,19,19
2019-01-27,BOS,17,2301,30,30
2019-01-27,BOS,18,1576,26,26
2019-01-27,BOS,19,1221,15,15
2019-01-27,BOS,20,1015,12,11
2019-01-27,BOS,21,209,16,15
2019-01-27,BOS,22,93,5,5
2019-01-28,BOS,5,1523,20,18
2019-01-28,BOS,6,1705,43,43
2019-01-28,BOS,7,891,32,32
2019-01-28,BOS,8,1388,24,23
2019-01-28,BOS,9,1532,29,28
2019-01-28,BOS,10,1605,18,17
2019-01-28,BOS,11,1455,26,25
2019-01-28,BOS,12,1579,18,18
2019-01-28,BOS,13,1140,17,16
2019-01-28,BOS,14,1780,28,28
2019-01-28,BOS,15,1138,24,24
2019-01-28,BOS,16,2258,21,20
2019-01-28,BOS,17,1407,31,29
2019-01-28,BOS,18,1131,26,26
2019-01-28,BOS,19,951,18,16
2019-01-28,BOS,20,806,13,12
2019-01-28,BOS,21,249,17,17
2019-01-28,BOS,22,107,5,5
2019-01-29,BOS,5,1097,18,15
2019-01-29,BOS,6,1041,40,40
2019-01-29,BOS,7,1472,30,29
2019-01-29,BOS,8,1600,24,24
2019-01-29,BOS,9,1475,30,30
2019-01-29,BOS,10,1388,17,17
2019-01-29,BOS,11,1603,26,26
2019-01-29,BOS,12,1817,18,18
2019-01-29,BOS,13,1561,16,15
2019-01-29,BOS,14,1705,28,28
2019-01-29,BOS,15,1757,23,23
2019-01-29,BOS,16,2084,18,17
2019-01-29,BOS,17,1278,31,31
2019-01-29,BOS,18,997,25,25
2019-01-29,BOS,19,972,17,16
2019-01-29,BOS,20,671,9,9
2019-01-29,BOS,21,200,17,16
2019-01-29,BOS,22,7,5,5
2019-01-30,BOS,5,1163,19,18
2019-01-30,BOS,6,2034,40,39
2019-01-30,BOS,7,1486,30,30
2019-01-30,BOS,8,1352,24,23
2019-01-30,BOS,9,1419,30,27
2019-01-30,BOS,10,862,17,16
2019-01-30,BOS,11,1549,25,24
2019-01-30,BOS,12,738,16,16
2019-01-30,BOS,13,2151,18,16
2019-01-30,BOS,14,2106,27,26
2019-01-30,BOS,15,2168,23,21
2019-01-30,BOS,16,2096,19,17
2019-01-30,BOS,17,1738,31,30
2019-01-30,BOS,18,1653,26,25
2019-01-30,BOS,19,1191,18,17
2019-01-30,BOS,20,1156,13,11
2019-01-30,BOS,21,466,17,15
2019-01-30,BOS,22,167,5,4
2019-01-31,BOS,5,1618,19,17
2019-01-31,BOS,6,852,42,38
2019-01-31,BOS,7,797,32,32
2019-01-31,BOS,8,1322,24,23
2019-01-31,BOS,9,1338,29,27
2019-01-31,BOS,10,1679,18,16
2019-01-31,BOS,11,2261,26,23
2019-01-31,BOS,12,2389,18,16
2019-01-31,BOS,13,1855,17,16
2019-01-31,BOS,14,2633,29,28
2019-01-31,BOS,15,2562,24,24
2019-01-31,BOS,16,1884,21,19
2019-01-31,BOS,17,2040,31,31
2019-01-31,BOS,18,1858,26,26
2019-01-31,BOS,19,1519,18,17
2019-01-31,BOS,20,1153,14,13
2019-01-31,BOS,21,382,17,17
2019-01-31,BOS,22,153,5,3
2019-02-01,BOS,5,1805,20,20
2019-02-01,BOS,6,1720,41,40
2019-02-01,BOS,7,1180,32,32
2019-02-01,BOS,8,1933,26,26
2019-02-01,BOS,9,2048,29,28
2019-02-01,BOS,10,1390,19,19
2019-02-01,BOS,11,1790,26,26
2019-02-01,BOS,12,1237,18,18
2019-02-01,BOS,13,1646,17,17
2019-02-01,BOS,14,2723,28,27
2019-02-01,BOS,15,1500,25,25
2019-02-01,BOS,16,1771,21,20
2019-02-01,BOS,17,1733,32,31
2019-02-01,BOS,18,1993,27,27
2019-02-01,BOS,19,1803,18,18
2019-02-01,BOS,20,1200,14,14
2019-02-01,BOS,21,513,17,17
2019-02-01,BOS,22,196,5,5
2019-02-02,BOS,5,1942,18,18
2019-02-02,BOS,6,1370,22,22
2019-02-02,BOS,7,826,24,24
2019-02-02,BOS,8,2119,17,17
2019-02-02,BOS,9,2182,14,14
2019-02-02,BOS,10,1762,14,14
2019-02-02,BOS,11,1373,17,17
2019-02-02,BOS,12,1791,15,15
2019-02-02,BOS,13,1263,11,11
2019-02-02,BOS,14,1824,16,16
2019-02-02,BOS,15,1428,12,12
2019-02-02,BOS,16,1676,13,13
2019-02-02,BOS,17,1173,20,20
2019-02-02,BOS,18,1386,13,13
2019-02-02,BOS,19,891,4,4
2019-02-02,BOS,20,933,6,5
2019-02-02,BOS,21,239,10,10
2019-02-02,BOS,22,129,4,4
2019-02-03,BOS,5,1733,12,12
2019-02-03,BOS,6,2115,23,23
2019-02-03,BOS,7,1702,24,24
2019-02-03,BOS,8,1312,15,15
2019-02-03,BOS,9,2507,25,25
2019-02-03,BOS,10,2555,15,15
2019-02-03,BOS,11,2154,22,22
2019-02-03,BOS,12,917,19,19
2019-02-03,BOS,13,2094,13,13
2019-02-03,BOS,14,2008,20,20
2019-02-03,BOS,15,2571,20,20
2019-02-03,BOS,16,2492,19,19
2019-02-03,BOS,17,2108,25,25
2019-02-03,BOS,18,1603,21,21
2019-02-03,BOS,19,1212,10,10
2019-02-03,BOS,20,889,9,9
2019-02-03,BOS,21,266,14,14
2019-02-03,BOS,22,31,6,6
2019-02-04,BOS,5,830,20,20
2019-02-04,BOS,6,1916,44,44
2019-02-04,BOS,7,1893,33,33
2019-02-04,BOS,8,2635,24,24
2019-02-04,BOS,9,2809,30,30
2019-02-04,BOS,10,1922,19,19
2019-02-04,BOS,11,1934,26,26
2019-02-04,BOS,12,1804,18,18
2019-02-04,BOS,13,2890,17,17
2019-02-04,BOS,14,2051,28,28
2019-02-04,BOS,15,2764,24,24
2019-02-04,BOS,16,2267,21,20
2019-02-04,BOS,17,2286,33,33
2019-02-04,BOS,18,1678,26,26
2019-02-04,BOS,19,1324,18,18
2019-02-04,BOS,20,986,14,14
2019-02-04,BOS,21,188,17,17
2019-02-04,BOS,22,47,5,5
2019-02-05,BOS,5,2336,18,18
2019-02-05,BOS,6,1944,40,40
2019-02-05,BOS,7,2284,30,30
2019-02-05,BOS,8,2274,24,23
2019-02-05,BOS,9,2223,30,30
2019-02-05,BOS,10,1941,17,17
2019-02-05,BOS,11,2267,26,26
2019-02-05,BOS,12,1241,18,18
2019-02-05,BOS,13,2264,16,15
2019-02-05,BOS,14,2723,28,28
2019-02-05,BOS,15,2594,23,23
2019-02-05,BOS,16,2875,18,17
2019-02-05,BOS,17,2057,31,31
2019-02-05,BOS,18,1701,25,25
2019-02-05,BOS,19,1130,17,17
2019-02-05,BOS,20,979,9,7
2019-02-05,BOS,21,267,17,17
2019-02-05,BOS,22,125,5,5
2019-02-06,BOS,5,1962,19,19
2019-02-06,BOS,6,2139,40,39
2019-02-06,BOS,7,1574,30,29
2019-02-06,BOS,8,1881,24,23
2019-02-06,BOS,9,2243,30,30
2019-02-06,BOS,10,1909,17,17
2019-02-06,BOS,11,2470,25,25
2019-02-06,BOS,12,2059,16,16
2019-02-06,BOS,13,2205,18,18
2019-02-06,BOS,14,2965,27,27
2019-02-06,BOS,15,3040,23,23
2019-02-06,BOS,16,2250,19,19
2019-02-06,BOS,17,2557,31,31
2019-02-06,BOS,18,1660,26,25
2019-02-06,BOS,19,1549,18,18
2019-02-06,BOS,20,912,13,13
2019-02-06,BOS,21,510,17,17
2019-02-06,BOS,22,32,5,5
2019-02-07,BOS,5,2508,19,18
2019-02-07,BOS,6,1293,42,40
2019-02-07,BOS,7,2662,32,31
2019-02-07,BOS,8,2230,24,24
2019-02-07,BOS,9,2683,29,28
2019-02-07,BOS,10,2060,18,18
2019-02-07,BOS,11,2565,26,26
2019-02-07,BOS,12,1889,18,18
2019-02-07,BOS,13,2533,17,17
2019-02-07,BOS,14,2485,29,28
2019-02-07,BOS,15,2654,24,24
2019-02-07,BOS,16,2112,21,21
2019-02-07,BOS,17,3370,31,31
2019-02-07,BOS,18,2670,26,26
2019-02-07,BOS,19,966,18,18
2019-02-07,BOS,20,1220,14,14
2019-02-07,BOS,21,516,17,17
2019-02-07,BOS,22,102,5,5
2019-02-08,BOS,5,1759,20,20
2019-02-08,BOS,6,1641,41,41
2019-02-08,BOS,7,2019,32,32
2019-02-08,BOS,8,1886,24,24
2019-02-08,BOS,9,2565,29,29
2019-02-08,BOS,10,2824,18,18
2019-02-08,BOS,11,1908,26,26
2019-02-08,BOS,12,1767,18,18
2019-02-08,BOS,13,2333,17,17
2019-02-08,BOS,14,3552,28,28
2019-02-08,BOS,15,2459,24,24
2019-02-08,BOS,16,1915,21,20
2019-02-08,BOS,17,2894,31,31
2019-02-08,BOS,18,3217,26,26
2019-02-08,BOS,19,2119,18,17
2019-02-08,BOS,20,1690,14,14
2019-02-08,BOS,21,472,17,17
2019-02-08,BOS,22,130,5,5
2019-02-09,BOS,5,1756,18,18
2019-02-09,BOS,6,1785,22,22
2019-02-09,BOS,7,2672,24,24
2019-02-09,BOS,8,1476,18,18
2019-02-09,BOS,9,2469,13,13
2019-02-09,BOS,10,2047,16,16
2019-02-09,BOS,11,1850,18,18
2019-02-09,BOS,12,2018,15,15
2019-02-09,BOS,13,1917,10,10
2019-02-09,BOS,14,2369,18,18
2019-02-09,BOS,15,1977,13,13
2019-02-09,BOS,16,1813,13,13
2019-02-09,BOS,17,1496,18,18
2019-02-09,BOS,18,1209,14,14
2019-02-09,BOS,19,877,4,4
2019-02-09,BOS,20,1036,6,6
2019-02-09,BOS,21,328,10,10
2019-02-09,BOS,22,245,4,4
2019-02-10,BOS,5,1299,12,12
2019-02-10,BOS,6,1079,24,24
2019-02-10,BOS,7,759,25,24
2019-02-10,BOS,8,933,15,15
2019-02-11,BOS,9,1829,29,29
2019-02-11,BOS,10,1786,18,18
2019-02-11,BOS,11,1696,26,26
2019-02-11,BOS,12,1118,18,18
2019-02-11,BOS,13,1508,17,17
2019-02-11,BOS,14,1890,28,28
2019-02-11,BOS,15,2501,24,24
2019-02-11,BOS,16,2728,21,21
2019-02-11,BOS,17,2681,31,31
2019-02-11,BOS,18,1318,26,26
2019-02-11,BOS,19,1728,18,17
2019-02-11,BOS,20,1235,13,10
2019-02-11,BOS,21,403,16,14
2019-02-11,BOS,22,118,5,5
2019-02-12,BOS,5,1516,18,17
2019-02-12,BOS,6,1233,40,37
2019-02-12,BOS,7,1101,30,28
2019-02-12,BOS,8,1240,24,23
2019-02-12,BOS,9,1892,30,28
2019-02-12,BOS,10,1703,17,13
2019-02-12,BOS,11,1719,26,21
2019-02-12,BOS,12,929,18,17
2019-02-12,BOS,13,1989,17,13
2019-02-12,BOS,14,2476,28,22
2019-02-12,BOS,15,2471,23,19
2019-02-12,BOS,16,2367,18,13
2019-02-12,BOS,17,1737,31,16
2019-02-12,BOS,18,1479,25,10
2019-02-12,BOS,19,1043,17,8
2019-02-12,BOS,20,780,9,5
2019-02-12,BOS,21,364,17,6
2019-02-12,BOS,22,136,5,5
2019-02-13,BOS,5,1374,19,16
2019-02-13,BOS,6,1191,40,31
2019-02-13,BOS,7,989,30,24
2019-02-13,BOS,8,1873,24,22
2019-02-13,BOS,9,1936,29,27
2019-02-13,BOS,10,1340,17,17
2019-02-13,BOS,11,1504,25,25
2019-02-13,BOS,12,1078,16,15
2019-02-13,BOS,13,1413,18,17
2019-02-13,BOS,14,1644,27,27
2019-02-13,BOS,15,1421,23,23
2019-02-13,BOS,16,1292,20,20
2019-02-13,BOS,17,1551,30,30
2019-02-13,BOS,18,1070,26,26
2019-02-13,BOS,19,949,18,18
2019-02-13,BOS,20,829,13,13
2019-02-13,BOS,21,311,17,16
2019-02-13,BOS,22,278,5,5
2019-02-14,BOS,5,1690,19,19
2019-02-14,BOS,6,1303,40,40
2019-02-14,BOS,7,1015,32,32
2019-02-14,BOS,8,1104,23,23
2019-02-14,BOS,9,1744,26,26
2019-02-14,BOS,10,1581,21,21
2019-02-14,BOS,11,1755,25,25
2019-02-14,BOS,12,1025,19,19
2019-02-14,BOS,13,1896,15,15
2019-02-14,BOS,14,2857,24,24
2019-02-14,BOS,15,970,26,26
2019-02-15,BOS,16,2854,23,23
2019-02-15,BOS,17,2436,30,29
2019-02-15,BOS,18,2114,25,25
2019-02-15,BOS,19,1600,19,19
2019-02-15,BOS,20,1275,16,16
2019-02-15,BOS,21,514,17,17
2019-02-15,BOS,22,133,4,4
2019-02-16,BOS,5,1027,21,21
2019-02-16,BOS,6,1753,23,23
2019-02-16,BOS,7,1058,26,25
2019-02-17,BOS,5,959,13,13
2019-02-17,BOS,6,1426,26,26
2019-02-17,BOS,7,1048,23,23
2019-02-17,BOS,8,1901,18,17
2019-02-17,BOS,9,2101,20,20
2019-02-17,BOS,10,2208,19,19
2019-02-17,BOS,11,1832,21,21
2019-02-17,BOS,12,2206,19,18
2019-02-17,BOS,13,2610,10,10
2019-02-17,BOS,14,1790,22,22
2019-02-17,BOS,15,1766,19,19
2019-02-17,BOS,16,1936,17,17
2019-02-17,BOS,17,2652,25,25
2019-02-17,BOS,18,2675,19,19
2019-02-17,BOS,19,417,13,13
2019-02-17,BOS,20,1713,12,11
2019-02-17,BOS,21,568,14,14
2019-02-17,BOS,22,127,5,5
2019-02-18,BOS,5,868,20,20
2019-02-18,BOS,6,1951,36,33
2019-02-18,BOS,7,1537,33,31
2019-02-18,BOS,8,1298,21,20
2019-02-18,BOS,9,2785,26,23
2019-02-18,BOS,10,4040,20,20
2019-02-18,BOS,11,3597,26,24
2019-02-18,BOS,12,3727,19,19
2019-02-18,BOS,13,3409,16,16
2019-02-18,BOS,14,5846,25,21
2019-02-18,BOS,15,2917,26,26
2019-02-18,BOS,16,4045,21,20
2019-02-18,BOS,17,3865,29,27
2019-02-18,BOS,18,4465,24,22
2019-02-18,BOS,19,3407,19,19
2019-02-18,BOS,20,2946,15,15
2019-02-18,BOS,21,1021,17,17
2019-02-18,BOS,22,364,4,4
2019-02-19,BOS,5,2160,19,19
2019-02-19,BOS,6,3534,39,39
2019-02-19,BOS,7,2688,32,32
2019-02-19,BOS,8,2750,24,24
2019-02-19,BOS,9,3332,25,25
2019-02-19,BOS,10,3474,21,20
2019-02-19,BOS,11,3675,24,24
2019-02-19,BOS,12,4725,19,19
2019-02-19,BOS,13,4257,16,16
2019-02-19,BOS,14,3586,25,25
2019-02-19,BOS,15,3794,26,25
2019-02-19,BOS,16,3814,22,22
2019-02-19,BOS,17,4423,28,28
2019-02-19,BOS,18,4414,25,25
2019-02-19,BOS,19,2323,18,17
2019-02-19,BOS,20,3061,14,14
2019-02-19,BOS,21,902,17,16
2019-02-19,BOS,22,286,4,4
2019-02-20,BOS,5,3001,19,18
2019-02-20,BOS,6,3072,38,38
2019-02-20,BOS,7,2126,33,32
2019-02-20,BOS,8,2929,23,19
2019-02-20,BOS,9,3239,27,25
2019-02-20,BOS,10,3563,20,19
2019-02-20,BOS,11,3303,24,22
2019-02-20,BOS,12,3607,19,18
2019-02-20,BOS,13,3962,16,14
2019-02-20,BOS,14,4298,24,21
2019-02-20,BOS,15,4514,26,23
2019-02-20,BOS,16,3373,22,20
2019-02-20,BOS,17,4433,29,27
2019-02-20,BOS,18,3981,25,21
2019-02-20,BOS,19,3304,20,19
2019-02-20,BOS,20,2416,14,14
2019-02-20,BOS,21,817,17,17
2019-02-20,BOS,22,260,4,4
2019-02-21,BOS,5,1624,21,18
2019-02-21,BOS,6,1214,39,29
2019-02-21,BOS,7,1038,33,27
2019-02-21,BOS,8,937,24,23
2019-02-21,BOS,9,1941,26,25
2019-02-21,BOS,10,2078,21,20
2019-02-21,BOS,11,1913,26,26
2019-02-21,BOS,12,2115,18,17
2019-02-21,BOS,13,2349,16,16
2019-02-21,BOS,14,2818,25,25
2019-02-21,BOS,15,1973,26,26
2019-02-21,BOS,16,2711,23,23
2019-02-21,BOS,17,2404,29,29
2019-02-21,BOS,18,2152,25,25
2019-02-21,BOS,19,1875,19,19
2019-02-21,BOS,20,1286,16,16
2019-02-21,BOS,21,369,17,17
2019-02-21,BOS,22,221,4,4
2019-02-22,BOS,5,1847,21,21
2019-02-22,BOS,6,1374,39,37
2019-02-22,BOS,7,1104,33,33
2019-02-22,BOS,8,1848,24,24
2019-02-22,BOS,9,2181,26,26
2019-02-22,BOS,10,1499,21,21
2019-02-22,BOS,11,1943,26,26
2019-02-22,BOS,12,2139,19,19
2019-02-22,BOS,13,2354,16,16
2019-02-22,BOS,14,2612,24,24
2019-02-22,BOS,15,1814,26,25
2019-02-22,BOS,16,1631,24,24
2019-02-22,BOS,17,2715,30,30
2019-02-22,BOS,18,1989,25,25
2019-02-22,BOS,19,1801,19,19
2019-02-22,BOS,20,1617,16,16
2019-02-22,BOS,21,521,17,17
2019-02-22,BOS,22,146,4,4
2019-02-23,BOS,5,1054,21,21
2019-02-23,BOS,6,1790,23,23
2019-02-23,BOS,7,1218,26,26
2019-02-23,BOS,8,927,17,17
2019-02-23,BOS,9,2140,14,14
2019-02-23,BOS,10,1862,18,18
2019-02-23,BOS,11,1420,18,18
2019-02-23,BOS,12,1664,18,18
2019-02-23,BOS,13,1529,7,7
2019-02-23,BOS,14,2153,14,14
2019-02-23,BOS,15,2189,23,23
2019-02-23,BOS,16,1179,13,13
2019-02-23,BOS,17,1742,22,22
2019-02-23,BOS,18,1579,16,16
2019-02-23,BOS,19,1119,6,6
2019-02-23,BOS,20,609,11,11
2019-02-23,BOS,21,179,12,12
2019-02-23,BOS,22,98,4,4
2019-02-24,BOS,5,1494,17,17
2019-02-24,BOS,6,1515,26,26
2019-02-24,BOS,7,752,26,26
2019-02-24,BOS,8,971,18,18
2019-02-24,BOS,9,2073,23,22
2019-02-24,BOS,10,1897,21,21
2019-02-24,BOS,11,1815,22,22
2019-02-24,BOS,12,1837,18,18
2019-02-24,BOS,13,2309,12,11
2019-02-24,BOS,14,2837,26,26
2019-02-24,BOS,15,1734,23,22
2019-02-24,BOS,16,1364,20,19
2019-02-24,BOS,17,1508,28,27
2019-02-24,BOS,18,1737,24,24
2019-02-24,BOS,19,1751,17,17
2019-02-24,BOS,20,1596,14,13
2019-02-24,BOS,21,545,17,16
2019-02-24,BOS,22,174,4,2
2019-02-25,BOS,5,1879,21,21
2019-02-25,BOS,6,1621,40,40
2019-02-25,BOS,7,1281,33,33
2019-02-25,BOS,8,1097,24,24
2019-02-25,BOS,9,2486,26,25
2019-02-25,BOS,10,1850,21,20
2019-02-25,BOS,11,1588,26,25
2019-02-25,BOS,12,2092,19,17
2019-02-25,BOS,13,2170,16,15
2019-02-25,BOS,14,2584,24,22
2019-02-25,BOS,15,1209,26,25
2019-02-25,BOS,16,2085,23,22
2019-02-25,BOS,17,1820,29,29
2019-02-25,BOS,18,953,25,25
2019-02-25,BOS,19,1067,18,18
2019-02-25,BOS,20,1133,15,15
2019-02-25,BOS,21,378,17,17
2019-02-25,BOS,22,173,5,5
2019-02-26,BOS,5,1177,19,19
2019-02-26,BOS,6,1393,38,38
2019-02-26,BOS,7,699,34,34
2019-02-26,BOS,8,855,25,25
2019-02-26,BOS,9,1616,26,26
2019-02-26,BOS,10,2080,23,23
2019-02-26,BOS,11,773,24,24
2019-02-26,BOS,12,864,20,20
2019-02-26,BOS,13,1918,17,17
2019-02-26,BOS,14,2090,28,28
2019-02-26,BOS,15,2073,26,26
2019-02-26,BOS,16,2420,23,23
2019-02-26,BOS,17,1630,31,31
2019-02-26,BOS,18,1589,25,25
2019-02-26,BOS,19,1368,15,15
2019-02-26,BOS,20,1244,17,17
2019-02-26,BOS,21,262,18,18
2019-02-26,BOS,22,73,4,4
2019-02-27,BOS,5,1733,19,19
2019-02-27,BOS,6,797,37,37
2019-02-27,BOS,7,921,34,34
2019-02-27,BOS,8,942,23,22
2019-02-27,BOS,9,1750,28,28
2019-02-27,BOS,10,1629,21,21
2019-02-27,BOS,11,1987,23,23
2019-02-27,BOS,12,1978,20,20
2019-02-28,BOS,13,2200,17,16
2019-02-28,BOS,14,2772,28,27
2019-02-28,BOS,15,1526,25,25
2019-02-28,BOS,16,1708,25,25
2019-02-28,BOS,17,2474,31,31
2019-02-28,BOS,18,1839,27,27
2019-02-28,BOS,19,700,16,16
2019-02-28,BOS,20,1326,19,19
2019-02-28,BOS,21,373,18,18
2019-02-28,BOS,22,161,4,4
2019-03-01,BOS,5,1730,22,22
2019-03-01,BOS,6,1504,39,36
2019-03-01,BOS,7,895,35,35
2019-03-01,BOS,8,1204,25,24
2019-03-01,BOS,9,1526,29,28
2019-03-01,BOS,10,1913,21,20
2019-03-01,BOS,11,1775,26,26
2019-03-01,BOS,12,2235,20,20
2019-03-01,BOS,13,1833,18,18
2019-03-01,BOS,14,1893,26,26
2019-03-01,BOS,15,2113,26,26
2019-03-01,BOS,16,2240,24,24
2019-03-01,BOS,17,1949,33,29
2019-03-01,BOS,18,2367,27,27
2019-03-01,BOS,19,2045,16,16
2019-03-01,BOS,20,969,18,16
2019-03-01,BOS,21,420,19,17
2019-03-01,BOS,22,222,4,4
2019-03-02,BOS,5,1919,20,18
2019-03-02,BOS,6,1620,25,20
2019-03-02,BOS,7,1196,26,19
2019-03-02,BOS,8,1342,17,10
2019-03-02,BOS,9,2030,18,13
2019-03-02,BOS,10,2239,20,10
2019-03-02,BOS,11,1228,18,16
2019-03-02,BOS,12,1534,17,16
2019-03-02,BOS,13,2469,12,12
2019-03-02,BOS,14,1913,15,13
2019-03-02,BOS,15,1057,22,20
2019-03-02,BOS,16,2006,15,13
2019-03-02,BOS,17,1966,24,24
2019-03-02,BOS,18,2682,19,19
2019-03-02,BOS,19,2473,8,8
2019-03-02,BOS,20,1701,9,9
2019-03-02,BOS,21,751,14,14
2019-03-02,BOS,22,127,4,4
2019-03-03,BOS,5,1129,18,18
2019-03-03,BOS,6,1740,27,26
2019-03-03,BOS,7,1389,28,28
2019-03-03,BOS,8,1445,20,20
2019-03-03,BOS,9,1321,23,23
2019-03-03,BOS,10,1625,21,21
2019-03-03,BOS,11,1462,21,21
2019-03-03,BOS,12,1611,18,18
2019-03-03,BOS,13,1605,15,15
2019-03-03,BOS,14,1879,31,31
2019-03-03,BOS,15,2225,27,27
2019-03-03,BOS,16,1418,17,16
2019-03-03,BOS,17,1644,34,32
2019-03-03,BOS,18,1941,26,24
2019-03-03,BOS,19,1720,17,14
2019-03-03,BOS,20,1104,18,18
2019-03-03,BOS,21,401,17,14
2019-03-03,BOS,22,199,4,2
2019-03-04,BOS,5,1607,22,18
2019-03-04,BOS,6,1556,39,16
2019-03-04,BOS,7,818,37,20
2019-03-04,BOS,8,1017,25,9
2019-03-04,BOS,9,1400,30,13
2019-03-04,BOS,10,1603,22,12
2019-03-04,BOS,11,1094,27,15
2019-03-04,BOS,12,1082,20,13
2019-03-04,BOS,13,1645,18,9
2019-03-04,BOS,14,2825,29,18
2019-03-04,BOS,15,1564,31,18
2019-03-04,BOS,16,1254,20,12
2019-03-04,BOS,17,2878,35,18
2019-03-04,BOS,18,1380,27,21
2019-03-04,BOS,19,1188,17,15
2019-03-04,BOS,20,1714,21,13
2019-03-04,BOS,21,456,18,12
2019-03-04,BOS,22,133,4,3
2019-03-05,BOS,5,1348,21,20
2019-03-05,BOS,6,1389,38,37
2019-03-05,BOS,7,767,37,35
2019-03-05,BOS,8,640,25,25
2019-03-05,BOS,9,1095,30,29
2019-03-05,BOS,10,1398,21,21
2019-03-05,BOS,11,1258,25,25
2019-03-05,BOS,12,780,20,20
2019-03-05,BOS,13,1534,18,17
2019-03-05,BOS,14,1925,30,30
2019-03-05,BOS,15,2117,31,31
2019-03-05,BOS,16,1087,18,18
2019-03-05,BOS,17,1907,35,33
2019-03-05,BOS,18,1875,26,26
2019-03-05,BOS,19,1313,16,16
2019-03-05,BOS,20,1798,20,20
2019-03-05,BOS,21,793,18,18
2019-03-05,BOS,22,264,4,4
2019-03-06,BOS,5,1551,21,21
2019-03-06,BOS,6,1781,37,37
2019-03-06,BOS,7,1069,38,38
2019-03-06,BOS,8,1949,24,24
2019-03-06,BOS,9,1042,31,31
2019-03-06,BOS,10,2059,21,21
2019-03-06,BOS,11,2043,25,25
2019-03-06,BOS,12,671,20,20
2019-03-06,BOS,13,2077,18,18
2019-03-06,BOS,14,2833,29,29
2019-03-06,BOS,15,2112,30,30
2019-03-06,BOS,16,2317,19,19
2019-03-06,BOS,17,2319,34,34
2019-03-06,BOS,18,1905,27,27
2019-03-06,BOS,19,1445,16,16
2019-03-06,BOS,20,1289,20,20
2019-03-06,BOS,21,203,18,18
2019-03-06,BOS,22,193,4,4
2019-03-07,BOS,5,1760,23,23
2019-03-07,BOS,6,1396,38,38
2019-03-07,BOS,7,941,36,36
2019-03-07,BOS,8,985,27,26
2019-03-07,BOS,9,1544,29,29
2019-03-07,BOS,10,1697,24,24
2019-03-07,BOS,11,1860,26,26
2019-03-07,BOS,12,1002,20,20
2019-03-07,BOS,13,2035,18,18
2019-03-07,BOS,14,2729,28,28
2019-03-07,BOS,15,1917,30,30
2019-03-07,BOS,16,1942,20,20
2019-03-07,BOS,17,2773,34,34
2019-03-07,BOS,18,2133,31,31
2019-03-07,BOS,19,1710,16,16
2019-03-07,BOS,20,1362,22,22
2019-03-08,BOS,21,326,18,18
2019-03-08,BOS,22,154,4,4
2019-03-09,BOS,5,1794,18,18
2019-03-09,BOS,6,1715,29,29
2019-03-09,BOS,7,1021,23,23
2019-03-09,BOS,8,989,17,17
2019-03-09,BOS,9,1998,19,19
2019-03-09,BOS,10,2288,18,18
2019-03-09,BOS,11,2083,18,18
2019-03-09,BOS,12,1187,17,17
2019-03-09,BOS,13,1741,13,13
2019-03-09,BOS,14,3142,17,16
2019-03-09,BOS,15,2060,20,20
2019-03-09,BOS,16,2052,16,16
2019-03-09,BOS,17,2690,26,25
2019-03-09,BOS,18,1642,18,18
2019-03-09,BOS,19,2135,10,10
2019-03-09,BOS,20,1576,10,10
2019-03-09,BOS,21,419,13,13
2019-03-09,BOS,22,153,4,4
2019-03-10,BOS,5,3393,16,15
2019-03-10,BOS,6,3160,33,33
2019-03-10,BOS,7,2729,27,26
2019-03-10,BOS,8,2356,18,18
2019-03-10,BOS,9,4184,23,23
2019-03-10,BOS,10,3906,17,17
2019-03-10,BOS,11,3925,23,23
2019-03-10,BOS,12,3257,19,17
2019-03-10,BOS,13,4921,17,16
2019-03-10,BOS,14,4551,28,23
2019-03-10,BOS,15,5033,28,27
2019-03-10,BOS,16,3608,18,16
2019-03-10,BOS,17,4268,30,28
2019-03-10,BOS,18,4039,31,31
2019-03-10,BOS,19,3247,20,18
2019-03-10,BOS,20,3082,17,17
2019-03-10,BOS,21,1427,18,18
2019-03-10,BOS,22,574,4,4
2019-03-11,BOS,5,2196,23,22
2019-03-11,BOS,6,3421,42,42
2019-03-11,BOS,7,2113,35,35
2019-03-11,BOS,8,3385,26,26
2019-03-11,BOS,9,2917,31,31
2019-03-11,BOS,10,3374,21,21
2019-03-11,BOS,11,4247,26,25
2019-03-11,BOS,12,2853,21,21
2019-03-11,BOS,13,3106,19,19
2019-03-11,BOS,14,4807,28,28
2019-03-11,BOS,15,4076,29,28
2019-03-11,BOS,16,3265,18,18
2019-03-11,BOS,17,4856,33,33
2019-03-11,BOS,18,3756,34,34
2019-03-11,BOS,19,2185,18,18
2019-03-11,BOS,20,2749,20,20
2019-03-11,BOS,21,1195,18,18
2019-03-11,BOS,22,345,4,4
2019-03-12,BOS,5,1725,23,23
2019-03-12,BOS,6,1164,38,38
2019-03-12,BOS,7,1331,37,36
2019-03-12,BOS,8,762,27,27
2019-03-12,BOS,9,1625,31,31
2019-03-12,BOS,10,1997,20,20
2019-03-12,BOS,11,1899,27,27
2019-03-12,BOS,12,2264,19,19
2019-03-12,BOS,13,1793,19,18
2019-03-12,BOS,14,2149,28,28
2019-03-12,BOS,15,2199,30,30
2019-03-12,BOS,16,1600,16,16
2019-03-12,BOS,17,2319,34,33
2019-03-12,BOS,18,2270,33,33
2019-03-12,BOS,19,1390,17,17
2019-03-12,BOS,20,1520,19,19
2019-03-12,BOS,21,362,18,18
2019-03-12,BOS,22,129,4,4
2019-03-13,BOS,5,1645,23,23
2019-03-13,BOS,6,1290,38,37
2019-03-13,BOS,7,2119,37,36
2019-03-13,BOS,8,859,25,25
2019-03-13,BOS,9,1899,31,30
2019-03-13,BOS,10,1794,20,20
2019-03-13,BOS,11,2010,27,26
2019-03-13,BOS,12,2148,19,19
2019-03-13,BOS,13,1371,19,17
2019-03-13,BOS,14,2419,28,28
2019-03-13,BOS,15,2791,29,28
2019-03-13,BOS,16,1518,16,15
2019-03-13,BOS,17,1607,33,33
2019-03-13,BOS,18,2442,33,30
2019-03-13,BOS,19,841,16,16
2019-03-13,BOS,20,1790,20,20
2019-03-13,BOS,21,702,18,18
2019-03-13,BOS,22,226,4,4
2019-03-14,BOS,5,1766,23,22
2019-03-14,BOS,6,1380,41,39
2019-03-14,BOS,7,1381,36,33
2019-03-14,BOS,8,1101,26,26
2019-03-14,BOS,9,2929,31,30
2019-03-14,BOS,10,1978,20,20
2019-03-14,BOS,11,2068,27,26
2019-03-14,BOS,12,1438,21,21
2019-03-14,BOS,13,1658,18,18
2019-03-14,BOS,14,2767,29,28
2019-03-14,BOS,15,2788,29,29
2019-03-14,BOS,16,2138,18,18
2019-03-14,BOS,17,1910,33,33
2019-03-14,BOS,18,1522,34,33
2019-03-14,BOS,19,1094,18,18
2019-03-14,BOS,20,1022,20,19
2019-03-14,BOS,21,673,18,18
2019-03-14,BOS,22,166,4,4
2019-03-15,BOS,5,951,23,23
2019-03-15,BOS,6,1735,42,42
2019-03-15,BOS,7,1484,35,35
2019-03-15,BOS,8,1474,26,26
2019-03-15,BOS,9,2284,31,31
2019-03-15,BOS,10,1761,20,20
2019-03-15,BOS,11,1175,27,27
2019-03-15,BOS,12,992,21,20
2019-03-15,BOS,13,1618,19,19
2019-03-15,BOS,14,3060,28,28
2019-03-15,BOS,15,2071,29,29
2019-03-15,BOS,16,1802,18,18
2019-03-15,BOS,17,1848,33,32
2019-03-15,BOS,18,1705,35,35
2019-03-15,BOS,19,2125,17,16
2019-03-15,BOS,20,1699,21,21
2019-03-15,BOS,21,288,18,18
2019-03-15,BOS,22,513,4,4
2019-03-16,BOS,5,1018,18,18
2019-03-16,BOS,6,1696,29,29
2019-03-16,BOS,7,1248,23,23
2019-03-16,BOS,8,1360,17,17
2019-03-16,BOS,9,1821,21,21
2019-03-16,BOS,10,1903,14,14
2019-03-16,BOS,11,1538,20,20
2019-03-16,BOS,12,1459,17,17
2019-03-16,BOS,13,1944,13,13
2019-03-16,BOS,14,1987,17,17
2019-03-16,BOS,15,2433,20,20
2019-03-16,BOS,16,2688,17,17
2019-03-16,BOS,17,2137,23,23
2019-03-16,BOS,18,1997,22,22
2019-03-16,BOS,19,1583,9,9
2019-03-16,BOS,20,538,9,9
2019-03-16,BOS,21,779,14,14
2019-03-16,BOS,22,249,4,4
2019-03-17,BOS,5,1615,16,16
2019-03-17,BOS,6,1104,32,32
2019-03-17,BOS,7,1091,28,28
2019-03-17,BOS,8,981,19,19
2019-03-17,BOS,9,2270,23,23
2019-03-17,BOS,10,1900,16,16
2019-03-17,BOS,11,1893,25,25
2019-03-17,BOS,12,1020,18,18
2019-03-17,BOS,13,1240,17,17
2019-03-17,BOS,14,2679,28,28
2019-03-17,BOS,15,2605,27,27
2019-03-17,BOS,16,2053,19,18
2019-03-17,BOS,17,1900,31,31
2019-03-17,BOS,18,1485,30,30
2019-03-17,BOS,19,1861,19,19
2019-03-17,BOS,20,1896,18,18
2019-03-17,BOS,21,1336,18,18
2019-03-17,BOS,22,420,4,4
2019-03-18,BOS,5,1841,23,23
2019-03-18,BOS,6,1758,41,41
2019-03-18,BOS,7,1340,36,36
2019-03-18,BOS,8,1139,26,26
2019-03-18,BOS,9,1226,31,31
2019-03-18,BOS,10,2066,20,20
2019-03-18,BOS,11,2031,27,27
2019-03-18,BOS,12,2144,21,21
2019-03-18,BOS,13,1417,19,19
2019-03-18,BOS,14,2335,28,28
2019-03-18,BOS,15,2712,29,29
2019-03-18,BOS,16,1913,19,19
2019-03-18,BOS,17,2618,33,33
2019-03-18,BOS,18,1990,34,34
2019-03-18,BOS,19,1505,18,18
2019-03-18,BOS,20,1245,20,20
2019-03-18,BOS,21,828,18,18
2019-03-18,BOS,22,209,4,4
2019-03-19,BOS,5,1686,23,23
2019-03-19,BOS,6,1189,38,38
2019-03-19,BOS,7,1316,37,35
2019-03-19,BOS,8,1066,27,26
2019-03-19,BOS,9,1905,31,31
2019-03-19,BOS,10,1777,19,19
2019-03-19,BOS,11,2085,28,27
2019-03-19,BOS,12,1222,19,18
2019-03-19,BOS,13,2328,19,19
2019-03-19,BOS,14,2364,28,28
2019-03-19,BOS,15,2604,30,30
2019-03-19,BOS,16,1803,17,17
2019-03-19,BOS,17,2688,34,32
2019-03-19,BOS,18,1520,33,32
2019-03-19,BOS,19,1271,17,17
2019-03-19,BOS,20,1434,19,19
2019-03-19,BOS,21,524,18,18
2019-03-19,BOS,22,155,4,4
2019-03-20,BOS,5,1611,23,23
2019-03-20,BOS,6,1268,39,38
2019-03-20,BOS,7,1001,36,35
2019-03-20,BOS,8,1107,25,24
2019-03-20,BOS,9,1716,31,31
2019-03-20,BOS,10,2101,19,19
2019-03-20,BOS,11,1939,28,27
2019-03-20,BOS,12,1956,19,19
2019-03-20,BOS,13,2017,19,19
2019-03-20,BOS,14,2580,28,27
2019-03-20,BOS,15,2445,29,29
2019-03-20,BOS,16,1252,17,17
2019-03-20,BOS,17,1274,33,30
2019-03-20,BOS,18,1128,33,32
2019-03-20,BOS,19,1919,16,16
2019-03-20,BOS,20,764,20,20
2019-03-20,BOS,21,951,18,18
2019-03-20,BOS,22,312,4,4
2019-03-21,BOS,5,1832,23,23
2019-03-21,BOS,6,1150,41,41
2019-03-21,BOS,7,2212,36,34
2019-03-21,BOS,8,481,26,25
2019-03-21,BOS,9,1997,31,31
2019-03-21,BOS,10,1600,20,20
2019-03-21,BOS,11,2009,26,26
2019-03-21,BOS,12,1396,21,21
2019-03-21,BOS,13,1247,18,18
2019-03-21,BOS,14,2177,28,28
2019-03-21,BOS,15,2763,29,29
2019-03-21,BOS,16,2043,19,19
2019-03-21,BOS,17,2025,33,31
2019-03-21,BOS,18,2473,34,33
2019-03-21,BOS,19,1090,18,18
2019-03-21,BOS,20,1750,20,20
2019-03-21,BOS,21,573,18,18
2019-03-21,BOS,22,228,4,4
2019-03-22,BOS,5,1599,23,23
2019-03-22,BOS,6,1544,42,42
2019-03-22,BOS,7,1444,35,33
2019-03-23,BOS,8,986,17,17
2019-03-23,BOS,9,2140,21,21
2019-03-23,BOS,10,1623,14,14
2019-03-23,BOS,11,1578,19,19
2019-03-23,BOS,12,2164,17,17
2019-03-23,BOS,13,2218,13,13
2019-03-23,BOS,14,2281,17,16
2019-03-23,BOS,15,2792,20,20
2019-03-23,BOS,16,1756,18,17
2019-03-23,BOS,17,1816,23,23
2019-03-23,BOS,18,2210,22,22
2019-03-23,BOS,19,2182,10,10
2019-03-23,BOS,20,1923,9,9
2019-03-23,BOS,21,1059,14,14
2019-03-23,BOS,22,400,4,4
2019-03-24,BOS,5,3062,16,16
2019-03-24,BOS,6,2559,33,33
2019-03-24,BOS,7,1924,27,27
2019-03-24,BOS,8,2257,19,19
2019-03-24,BOS,9,2378,23,22
2019-03-24,BOS,10,3050,16,16
2019-03-24,BOS,11,3132,23,23
2019-03-24,BOS,12,2530,18,18
2019-03-24,BOS,13,3658,17,17
2019-03-24,BOS,14,4399,28,28
2019-03-24,BOS,15,4441,27,27
2019-03-24,BOS,16,4206,20,20
2019-03-24,BOS,17,4026,32,32
2019-03-24,BOS,18,3806,29,28
2019-03-24,BOS,19,3473,20,20
2019-03-24,BOS,20,2045,17,17
2019-03-24,BOS,21,1409,18,18
2019-03-24,BOS,22,203,4,4
2019-03-25,BOS,5,1480,23,23
2019-03-25,BOS,6,1350,42,39
2019-03-25,BOS,7,1101,35,34
2019-03-25,BOS,8,939,26,24
2019-03-25,BOS,9,1779,31,31
2019-03-25,BOS,10,1848,20,20
2019-03-25,BOS,11,1872,26,26
2019-03-25,BOS,12,1835,21,21
2019-03-25,BOS,13,1885,19,18
2019-03-25,BOS,14,2122,28,28
2019-03-25,BOS,15,2101,29,29
2019-03-25,BOS,16,1621,19,19
2019-03-25,BOS,17,2089,32,31
2019-03-25,BOS,18,1326,34,34
2019-03-25,BOS,19,1503,18,18
2019-03-25,BOS,20,882,20,20
2019-03-25,BOS,21,430,18,18
2019-03-25,BOS,22,161,4,4
2019-03-26,BOS,5,1167,23,23
2019-03-26,BOS,6,844,38,38
2019-03-26,BOS,7,1118,37,36
2019-03-26,BOS,8,1640,27,24
2019-03-26,BOS,9,1455,31,31
2019-03-26,BOS,10,1833,19,19
2019-03-26,BOS,11,1413,27,27
2019-03-26,BOS,12,1262,19,19
2019-03-26,BOS,13,1700,19,19
2019-03-26,BOS,14,1855,28,28
2019-03-26,BOS,15,2350,30,30
2019-03-26,BOS,16,1175,17,17
2019-03-26,BOS,17,1874,34,33
2019-03-26,BOS,18,991,33,33
2019-03-26,BOS,19,1183,17,17
2019-03-26,BOS,20,1093,19,19
2019-03-26,BOS,21,494,18,18
2019-03-26,BOS,22,115,4,4
2019-03-27,BOS,5,1227,23,23
2019-03-27,BOS,6,1127,38,38
2019-03-27,BOS,7,988,37,36
2019-03-27,BOS,8,926,25,23
2019-03-27,BOS,9,1624,31,31
2019-03-27,BOS,10,1664,19,18
2019-03-27,BOS,11,1609,27,26
2019-03-27,BOS,12,2170,19,19
2019-03-27,BOS,13,2087,19,19
2019-03-27,BOS,14,2160,28,28
2019-03-27,BOS,15,1467,29,29
2019-03-27,BOS,16,2924,17,17
2019-03-27,BOS,17,1287,33,32
2019-03-27,BOS,18,1987,33,33
2019-03-27,BOS,19,1964,16,16
2019-03-27,BOS,20,1452,20,20
2019-03-27,BOS,21,845,18,18
2019-03-27,BOS,22,247,4,4
2019-03-28,BOS,5,1619,23,23
2019-03-28,BOS,6,1364,41,41
2019-03-28,BOS,7,1201,36,35
2019-03-28,BOS,8,1157,26,24
2019-03-28,BOS,9,1939,31,31
2019-03-28,BOS,10,1911,20,20
2019-03-28,BOS,11,1930,26,25
2019-03-28,BOS,12,1113,21,21
2019-03-28,BOS,13,2414,18,18
2019-03-28,BOS,14,1531,28,28
2019-03-28,BOS,15,1918,29,29
2019-03-28,BOS,16,1837,19,19
2019-03-28,BOS,17,1743,33,31
2019-03-28,BOS,18,2422,34,33
2019-03-28,BOS,19,2070,18,18
2019-03-28,BOS,20,745,20,20
2019-03-28,BOS,21,513,18,18
2019-03-28,BOS,22,169,4,4
2019-03-29,BOS,5,881,23,23
2019-03-29,BOS,6,1356,42,42
2019-03-29,BOS,7,1254,35,34
2019-03-29,BOS,8,1305,26,23
2019-03-29,BOS,9,1856,31,31
2019-03-29,BOS,10,1801,20,20
2019-03-29,BOS,11,1946,26,26
2019-03-29,BOS,12,1309,21,21
2019-03-29,BOS,13,1013,19,19
2019-03-29,BOS,14,2402,28,28
2019-03-29,BOS,15,2735,29,29
2019-03-29,BOS,16,1921,19,19
2019-03-29,BOS,17,1569,33,32
2019-03-29,BOS,18,1392,34,34
2019-03-29,BOS,19,2081,18,18
2019-03-29,BOS,20,1994,20,20
2019-03-29,BOS,21,1149,18,18
2019-03-30,BOS,22,351,4,4
2019-03-31,BOS,5,2892,17,17
2019-03-31,BOS,6,2929,33,33
2019-03-31,BOS,7,2713,27,27
2019-03-31,BOS,8,2147,18,18
2019-03-31,BOS,9,2573,24,24
2019-03-31,BOS,10,3744,16,16
2019-03-31,BOS,11,3341,21,21
2019-03-31,BOS,12,3628,20,20
2019-03-31,BOS,13,3368,18,18
2019-03-31,BOS,14,2801,27,27
2019-03-31,BOS,15,5177,25,25
2019-03-31,BOS,16,2271,22,22
2019-03-31,BOS,17,2466,30,30
2019-03-31,BOS,18,2380,30,29
2019-03-31,BOS,19,2178,22,22
2019-03-31,BOS,20,612,17,17
2019-03-31,BOS,21,617,18,18
2019-03-31,BOS,22,187,4,4
2019-04-01,BOS,5,1878,22,22
2019-04-01,BOS,6,1643,42,41
2019-04-01,BOS,7,1227,38,37
2019-04-01,BOS,8,1410,25,23
2019-04-01,BOS,9,1911,32,32
2019-04-01,BOS,10,2222,21,21
2019-04-01,BOS,11,2017,25,24
2019-04-01,BOS,12,1907,21,21
2019-04-01,BOS,13,1967,19,19
2019-04-01,BOS,14,2309,26,26
2019-04-01,BOS,15,1970,28,28
2019-04-01,BOS,16,4208,20,20
2019-04-01,BOS,17,4004,33,32
2019-04-01,BOS,18,3083,33,33
2019-04-01,BOS,19,2421,22,22
2019-04-01,BOS,20,2338,18,18
2019-04-01,BOS,21,1277,19,19
2019-04-01,BOS,22,535,4,4
2019-04-02,BOS,5,1339,19,19
2019-04-02,BOS,6,1218,42,42
2019-04-02,BOS,7,1850,37,36
2019-04-02,BOS,8,954,27,25
2019-04-02,BOS,9,1242,28,28
2019-04-02,BOS,10,1158,22,22
2019-04-02,BOS,11,1873,22,22
2019-04-02,BOS,12,1836,25,24
2019-04-02,BOS,13,1185,18,18
2019-04-02,BOS,14,2117,26,26
2019-04-02,BOS,15,2604,26,26
2019-04-02,BOS,16,2076,19,19
2019-04-02,BOS,17,2048,34,33
2019-04-02,BOS,18,1437,32,32
2019-04-02,BOS,19,1251,21,21
2019-04-02,BOS,20,1011,18,18
2019-04-02,BOS,21,493,18,18
2019-04-02,BOS,22,200,4,4
2019-04-03,BOS,5,1441,20,20
2019-04-03,BOS,6,1406,44,44
2019-04-03,BOS,7,2067,37,36
2019-04-03,BOS,8,1011,27,25
2019-04-03,BOS,9,2067,29,29
2019-04-04,BOS,10,1679,23,23
2019-04-04,BOS,11,2079,23,23
2019-04-04,BOS,12,1063,25,25
2019-04-04,BOS,13,1847,19,19
2019-04-04,BOS,14,2738,27,27
2019-04-04,BOS,15,2816,28,28
2019-04-04,BOS,16,1856,21,21
2019-04-04,BOS,17,2458,33,32
2019-04-04,BOS,18,2107,34,34
2019-04-04,BOS,19,1926,22,22
2019-04-04,BOS,20,845,20,20
2019-04-04,BOS,21,657,18,18
2019-04-04,BOS,22,265,4,4
2019-04-05,BOS,5,2150,20,20
2019-04-05,BOS,6,1343,45,45
2019-04-05,BOS,7,1144,37,36
2019-04-05,BOS,8,1452,28,26
2019-04-05,BOS,9,1262,29,29
2019-04-05,BOS,10,1821,22,22
2019-04-05,BOS,11,2014,24,24
2019-04-05,BOS,12,2159,25,25
2019-04-05,BOS,13,1824,18,18
2019-04-05,BOS,14,2802,27,27
2019-04-05,BOS,15,3131,28,28
2019-04-05,BOS,16,1308,21,21
2019-04-05,BOS,17,2918,34,33
2019-04-05,BOS,18,2570,33,33
2019-04-05,BOS,19,1311,21,21
2019-04-05,BOS,20,824,22,22
2019-04-05,BOS,21,622,17,17
2019-04-05,BOS,22,232,4,4
2019-04-06,BOS,5,962,20,19
2019-04-06,BOS,6,1847,29,29
2019-04-06,BOS,7,1641,25,25
2019-04-06,BOS,8,1584,19,18
2019-04-06,BOS,9,1964,19,19
2019-04-06,BOS,10,2178,17,17
2019-04-06,BOS,11,1925,17,17
2019-04-06,BOS,12,2351,20,20
2019-04-06,BOS,13,1619,13,13
2019-04-06,BOS,14,2646,18,17
2019-04-06,BOS,15,2351,23,23
2019-04-06,BOS,16,2481,17,16
2019-04-06,BOS,17,1892,24,24
2019-04-06,BOS,18,2495,21,21
2019-04-06,BOS,19,1249,12,12
2019-04-06,BOS,20,1013,9,9
2019-04-06,BOS,21,943,13,13
2019-04-06,BOS,22,197,4,4
2019-04-07,BOS,5,3196,16,16
2019-04-07,BOS,6,2940,34,34
2019-04-07,BOS,7,2197,30,30
2019-04-07,BOS,8,3048,17,17
2019-04-07,BOS,9,2943,24,24
2019-04-07,BOS,10,3468,14,14
2019-04-07,BOS,11,3053,23,23
2019-04-07,BOS,12,3494,22,22
2019-04-07,BOS,13,3383,16,16
2019-04-07,BOS,14,4466,28,28
2019-04-07,BOS,15,4849,25,25
2019-04-07,BOS,16,3897,22,22
2019-04-07,BOS,17,4093,30,30
2019-04-07,BOS,18,3121,29,29
2019-04-07,BOS,19,3349,22,21
2019-04-07,BOS,20,3033,20,20
2019-04-07,BOS,21,1305,16,16
2019-04-07,BOS,22,270,4,4
2019-04-08,BOS,5,1873,21,21
2019-04-08,BOS,6,1693,46,45
2019-04-08,BOS,7,2493,38,38
2019-04-08,BOS,8,1276,27,27
2019-04-08,BOS,9,1730,30,30
2019-04-08,BOS,10,2133,22,22
2019-04-08,BOS,11,1340,26,26
2019-04-08,BOS,12,1075,25,25
2019-04-08,BOS,13,2181,17,17
2019-04-08,BOS,14,2502,28,27
2019-04-08,BOS,15,2153,28,28
2019-04-08,BOS,16,2632,22,22
2019-04-08,BOS,17,2143,33,31
2019-04-08,BOS,18,1933,32,32
2019-04-08,BOS,19,1232,24,24
2019-04-08,BOS,20,1233,23,23
2019-04-08,BOS,21,542,18,18
2019-04-08,BOS,22,0,4,4
2019-04-09,BOS,5,1407,20,19
2019-04-09,BOS,6,1519,43,43
2019-04-09,BOS,7,1388,36,34
2019-04-09,BOS,8,1222,27,27
2019-04-09,BOS,9,1682,30,30
2019-04-09,BOS,10,1890,21,21
2019-04-09,BOS,11,1836,26,26
2019-04-09,BOS,12,1161,25,25
2019-04-09,BOS,13,2191,17,17
2019-04-09,BOS,14,2686,29,29
2019-04-09,BOS,15,2811,26,26
2019-04-09,BOS,16,1885,20,20
2019-04-09,BOS,17,2654,32,32
2019-04-09,BOS,18,2091,30,30
2019-04-09,BOS,19,2210,23,23
2019-04-09,BOS,20,995,21,21
2019-04-09,BOS,21,712,17,17
2019-04-09,BOS,22,293,4,4
2019-04-10,BOS,5,1180,21,21
2019-04-10,BOS,6,1915,46,46
2019-04-10,BOS,7,1636,35,35
2019-04-10,BOS,8,2295,28,28
2019-04-10,BOS,9,1233,29,29
2019-04-10,BOS,10,2190,22,22
2019-04-10,BOS,11,1303,24,24
2019-04-10,BOS,12,1183,25,24
2019-04-10,BOS,13,2277,18,18
2019-04-10,BOS,14,2081,28,28
2019-04-10,BOS,15,2342,27,26
2019-04-10,BOS,16,2088,21,21
2019-04-10,BOS,17,2987,31,31
2019-04-10,BOS,18,1726,31,28
2019-04-10,BOS,19,1333,23,23
2019-04-10,BOS,20,1930,23,23
2019-04-10,BOS,21,131,17,16
2019-04-10,BOS,22,273,4,4
2019-04-11,BOS,5,1281,21,21
2019-04-11,BOS,6,1916,45,45
2019-04-11,BOS,7,2030,37,36
2019-04-11,BOS,8,1460,28,28
2019-04-11,BOS,9,2301,29,29
2019-04-11,BOS,10,1607,22,22
2019-04-11,BOS,11,1576,26,26
2019-04-11,BOS,12,2270,25,25
2019-04-11,BOS,13,1586,18,18
2019-04-11,BOS,14,2375,30,29
2019-04-11,BOS,15,2495,28,27
2019-04-11,BOS,16,1191,23,23
2019-04-11,BOS,17,1421,32,32
2019-04-11,BOS,18,3020,32,31
2019-04-11,BOS,19,1421,24,23
2019-04-11,BOS,20,1115,23,23
2019-04-11,BOS,21,867,18,18
2019-04-11,BOS,22,301,4,4
2019-04-12,BOS,5,1238,21,21
2019-04-12,BOS,6,2503,45,44
2019-04-12,BOS,7,1981,37,37
2019-04-12,BOS,8,1808,29,29
2019-04-12,BOS,9,1647,29,29
2019-04-12,BOS,10,2514,22,22
2019-04-12,BOS,11,2496,26,26
2019-04-12,BOS,12,2537,25,25
2019-04-12,BOS,13,1845,18,18
2019-04-12,BOS,14,2250,29,28
2019-04-12,BOS,15,2357,28,28
2019-04-12,BOS,16,2525,23,23
2019-04-12,BOS,17,2264,33,33
2019-04-12,BOS,18,2055,31,31
2019-04-12,BOS,19,1387,24,24
2019-04-12,BOS,20,1101,23,23
2019-04-12,BOS,21,1252,18,18
2019-04-12,BOS,22,267,4,4
2019-04-13,BOS,5,1195,19,19
2019-04-13,BOS,6,1822,29,29
2019-04-13,BOS,7,1629,25,25
2019-04-13,BOS,8,1292,19,19
2019-04-13,BOS,9,1249,19,18
2019-04-13,BOS,10,2084,20,20
2019-04-13,BOS,11,1849,16,16
2019-04-13,BOS,12,1760,21,21
2019-04-13,BOS,13,1810,15,15
2019-04-13,BOS,14,1755,18,18
2019-04-13,BOS,15,2379,24,24
2019-04-13,BOS,16,2165,19,19
2019-04-13,BOS,17,1658,25,24
2019-04-13,BOS,18,2374,22,22
2019-04-13,BOS,19,1086,11,11
2019-04-13,BOS,20,1479,10,10
2019-04-13,BOS,21,695,14,14
2019-04-13,BOS,22,372,4,4
2019-04-14,BOS,5,1634,17,16
2019-04-14,BOS,6,1590,30,28
2019-04-14,BOS,7,1676,31,31
2019-04-14,BOS,8,1783,19,19
2019-04-14,BOS,9,2199,24,24
2019-04-14,BOS,10,1699,15,15
2019-04-14,BOS,11,2127,23,22
2019-04-14,BOS,12,1510,23,22
2019-04-14,BOS,13,2445,17,14
2019-04-14,BOS,14,3162,30,28
2019-04-14,BOS,15,2421,26,26
2019-04-14,BOS,16,1976,22,21
2019-04-14,BOS,17,1749,31,30
2019-04-14,BOS,18,1645,31,28
2019-04-14,BOS,19,1567,22,17
2019-04-14,BOS,20,1278,20,19
2019-04-14,BOS,21,600,17,16
2019-04-14,BOS,22,331,5,5
2019-04-15,BOS,5,1201,21,20
2019-04-15,BOS,6,2362,44,42
2019-04-15,BOS,7,1785,39,39
2019-04-15,BOS,8,1830,28,27
2019-04-15,BOS,9,710,30,30
2019-04-15,BOS,10,1410,22,22
2019-04-15,BOS,11,2375,27,27
2019-04-15,BOS,12,1105,25,24
2019-04-15,BOS,13,1539,18,18
2019-04-15,BOS,14,2863,29,25
2019-04-15,BOS,15,2077,27,27
2019-04-15,BOS,16,2817,24,24
2019-04-15,BOS,17,2616,32,31
2019-04-15,BOS,18,1761,33,33
2019-04-15,BOS,19,1479,24,23
2019-04-15,BOS,20,1968,23,22
2019-04-15,BOS,21,773,19,19
2019-04-15,BOS,22,246,4,4
2019-04-16,BOS,5,2029,20,20
2019-04-16,BOS,6,2138,42,42
2019-04-16,BOS,7,1663,37,35
2019-04-16,BOS,8,1956,28,27
2019-04-16,BOS,9,2787,30,30
2019-04-16,BOS,10,1893,21,21
2019-04-16,BOS,11,1579,26,26
2019-04-16,BOS,12,1425,25,25
2019-04-16,BOS,13,1569,18,18
2019-04-16,BOS,14,1996,29,29
2019-04-16,BOS,15,2049,25,25
2019-04-16,BOS,16,2211,22,21
2019-04-16,BOS,17,1756,33,33
2019-04-16,BOS,18,2196,31,31
2019-04-16,BOS,19,2042,23,23
2019-04-16,BOS,20,1505,21,21
2019-04-16,BOS,21,772,18,18
2019-04-16,BOS,22,385,4,4
2019-04-18,BOS,5,2139,21,21
2019-04-18,BOS,6,1748,44,43
2019-04-18,BOS,7,1536,38,37
2019-04-18,BOS,8,1612,28,28
2019-04-18,BOS,9,2133,29,29
2019-04-18,BOS,10,2224,22,22
2019-04-18,BOS,11,1180,27,27
2019-04-18,BOS,12,1018,25,25
2019-04-18,BOS,13,2395,18,18
2019-04-18,BOS,14,2489,30,30
2019-04-18,BOS,15,2352,27,27
2019-04-18,BOS,16,2107,24,24
2019-04-18,BOS,17,1865,32,32
2019-04-18,BOS,18,2636,33,33
2019-04-18,BOS,19,1235,24,24
2019-04-18,BOS,20,2010,23,23
2019-04-18,BOS,21,809,18,17
2019-04-18,BOS,22,337,4,4
2019-04-19,BOS,5,1593,21,21
2019-04-19,BOS,6,1741,43,42
2019-04-19,BOS,7,2481,37,37
2019-04-19,BOS,8,1203,29,28
2019-04-19,BOS,9,2023,28,28
2019-04-19,BOS,10,1925,22,22
2019-04-19,BOS,11,1809,27,24
2019-04-19,BOS,12,2136,24,23
2019-04-19,BOS,13,2333,19,15
2019-04-19,BOS,14,3156,28,17
2019-04-19,BOS,15,1591,27,18
2019-04-19,BOS,16,2113,23,16
2019-04-19,BOS,17,1882,33,26
2019-04-19,BOS,18,2715,31,20
2019-04-19,BOS,19,1406,23,18
2019-04-19,BOS,20,868,23,15
2019-04-19,BOS,21,705,18,15
2019-04-19,BOS,22,286,4,4
2019-04-20,BOS,5,1579,18,17
2019-04-20,BOS,6,1759,29,27
2019-04-20,BOS,7,1683,25,24
2019-04-20,BOS,8,1222,18,14
2019-04-20,BOS,9,2030,17,15
2019-04-20,BOS,10,1827,20,20
2019-04-20,BOS,11,1734,16,16
2019-04-20,BOS,12,1996,21,21
2019-04-20,BOS,13,1988,15,15
2019-04-20,BOS,14,2410,19,18
2019-04-20,BOS,15,1607,23,23
2019-04-20,BOS,16,1566,19,18
2019-04-20,BOS,17,2422,25,24
2019-04-20,BOS,18,2285,20,20
2019-04-20,BOS,19,2243,11,11
2019-04-20,BOS,20,2081,10,10
2019-04-20,BOS,21,1071,15,13
2019-04-20,BOS,22,458,4,4
2019-04-21,BOS,5,3333,13,13
2019-04-21,BOS,6,2502,30,30
2019-04-21,BOS,7,4410,30,30
2019-04-21,BOS,8,2489,19,19
2019-04-21,BOS,9,2753,23,23
2019-04-21,BOS,10,3588,15,15
2019-04-21,BOS,11,4066,23,22
2019-04-21,BOS,12,3186,23,23
2019-04-21,BOS,13,3973,17,16
2019-04-21,BOS,14,4020,30,30
2019-04-21,BOS,15,5046,25,24
2019-04-21,BOS,16,3819,23,23
2019-04-21,BOS,17,2762,31,31
2019-04-21,BOS,18,3273,30,30
2019-04-21,BOS,19,2639,22,22
2019-04-21,BOS,20,2717,19,19
2019-04-21,BOS,21,1255,17,15
2019-04-21,BOS,22,476,5,5
2019-04-22,BOS,5,1070,21,21
2019-04-22,BOS,6,1843,44,44
2019-04-22,BOS,7,1653,36,36
2019-04-22,BOS,8,1551,28,27
2019-04-22,BOS,9,2086,30,30
2019-04-22,BOS,10,1926,22,22
2019-04-22,BOS,11,2304,27,26
2019-04-22,BOS,12,2228,25,25
2019-04-22,BOS,13,1273,19,19
2019-04-22,BOS,14,2670,29,28
2019-04-22,BOS,15,1090,26,26
2019-04-22,BOS,16,2063,24,24
2019-04-22,BOS,17,2822,33,33
2019-04-22,BOS,18,2211,32,31
2019-04-22,BOS,19,1910,24,24
2019-04-22,BOS,20,1782,23,23
2019-04-22,BOS,21,1069,19,19
2019-04-22,BOS,22,338,5,5
2019-04-23,BOS,5,1464,20,20
2019-04-23,BOS,6,1532,43,43
2019-04-23,BOS,7,2184,35,35
2019-04-23,BOS,8,1261,28,28
2019-04-23,BOS,9,1729,29,29
2019-04-23,BOS,10,1885,21,21
2019-04-23,BOS,11,1863,26,26
2019-04-23,BOS,12,2141,25,25
2019-04-23,BOS,13,1739,18,17
2019-04-23,BOS,14,2312,29,29
2019-04-23,BOS,15,2480,24,24
2019-04-23,BOS,16,1797,21,21
2019-04-23,BOS,17,2198,33,33
2019-04-23,BOS,18,2059,31,31
2019-04-23,BOS,19,1537,23,23
2019-04-23,BOS,20,1067,21,21
2019-04-23,BOS,21,660,18,18
2019-04-23,BOS,22,261,4,4
2019-04-24,BOS,5,1539,20,20
2019-04-24,BOS,6,1446,46,46
2019-04-24,BOS,7,1237,34,34
2019-04-24,BOS,8,2045,28,28
2019-04-24,BOS,9,1863,28,27
2019-04-24,BOS,10,1586,22,22
2019-04-24,BOS,11,2134,25,25
2019-04-24,BOS,12,1119,25,25
2019-04-24,BOS,13,1130,19,19
2019-04-24,BOS,14,2509,28,28
2019-04-24,BOS,15,2184,25,25
2019-04-24,BOS,16,3148,21,21
2019-04-24,BOS,17,2736,32,32
2019-04-24,BOS,18,2010,32,32
2019-04-24,BOS,19,1947,23,23
2019-04-24,BOS,20,844,23,23
2019-04-24,BOS,21,902,18,18
2019-04-24,BOS,22,260,4,4
2019-04-25,BOS,5,1750,21,21
2019-04-25,BOS,6,1565,45,45
2019-04-25,BOS,7,2320,36,34
2019-04-25,BOS,8,1118,28,28
2019-04-25,BOS,9,1708,28,28
2019-04-25,BOS,10,2170,22,22
2019-04-25,BOS,11,1180,26,26
2019-04-25,BOS,12,1194,25,25
2019-04-25,BOS,13,2506,18,18
2019-04-25,BOS,14,1425,30,29
2019-04-25,BOS,15,2084,26,26
2019-04-25,BOS,16,2240,23,23
2019-04-25,BOS,17,2511,32,32
2019-04-25,BOS,18,1598,33,33
2019-04-25,BOS,19,1206,24,24
2019-04-25,BOS,20,1856,23,23
2019-04-25,BOS,21,581,18,18
2019-04-25,BOS,22,232,4,4
2019-04-26,BOS,5,1908,21,21
2019-04-26,BOS,6,1722,45,45
2019-04-26,BOS,7,1519,35,35
2019-04-26,BOS,8,2484,29,29
2019-04-26,BOS,9,1185,27,27
2019-04-26,BOS,10,1726,22,22
2019-04-26,BOS,11,1448,26,26
2019-04-26,BOS,12,1051,25,23
2019-04-26,BOS,13,2322,19,19
2019-04-26,BOS,14,2667,29,25
2019-04-26,BOS,15,1840,26,22
2019-04-26,BOS,16,2019,23,23
2019-04-26,BOS,17,1799,34,29
2019-04-26,BOS,18,2744,31,27
2019-04-26,BOS,19,2474,24,21
2019-04-26,BOS,20,1648,23,18
2019-04-26,BOS,21,536,18,15
2019-04-26,BOS,22,560,4,3
2019-04-27,BOS,5,1795,19,17
2019-04-27,BOS,6,1476,30,30
2019-04-27,BOS,7,1400,23,23
2019-04-27,BOS,8,1234,19,19
2019-04-28,BOS,9,1990,23,23
2019-04-28,BOS,10,1644,15,15
2019-04-28,BOS,11,2019,22,22
2019-04-28,BOS,12,1474,23,23
2019-04-28,BOS,13,1828,16,16
2019-04-28,BOS,14,1745,30,30
2019-04-28,BOS,15,2371,24,24
2019-04-28,BOS,16,1675,22,22
2019-04-28,BOS,17,1856,31,31
2019-04-28,BOS,18,1375,31,31
2019-04-28,BOS,19,1469,22,22
2019-04-28,BOS,20,1137,20,20
2019-04-28,BOS,21,547,16,16
2019-04-28,BOS,22,255,5,5
2019-05-05,BOS,5,1316,12,12
2019-05-05,BOS,6,1295,26,26
2019-05-05,BOS,7,1836,33,33
2019-05-05,BOS,8,1732,25,25
2019-05-05,BOS,9,1763,28,28
2019-05-05,BOS,10,1669,20,20
2019-05-05,BOS,11,1936,20,20
2019-05-05,BOS,12,1318,25,24
2019-05-05,BOS,13,2298,15,14
2019-05-05,BOS,14,1352,27,26
2019-05-05,BOS,15,2222,29,29
2019-05-05,BOS,16,2050,18,18
2019-05-05,BOS,17,2296,25,24
2019-05-05,BOS,18,2654,39,39
2019-05-05,BOS,19,1383,22,22
2019-05-05,BOS,20,1850,15,14
2019-05-05,BOS,21,599,17,17
2019-05-05,BOS,22,234,6,6
2019-05-06,BOS,5,1602,18,18
2019-05-06,BOS,6,2093,40,40
2019-05-06,BOS,7,1538,39,37
2019-05-06,BOS,8,2320,33,32
2019-05-06,BOS,9,2137,33,33
2019-05-06,BOS,10,2045,23,23
2019-05-06,BOS,11,1900,23,23
2019-05-06,BOS,12,1775,24,24
2019-05-06,BOS,13,1622,17,17
2019-05-06,BOS,14,2293,29,29
2019-05-06,BOS,15,2808,29,29
2019-05-06,BOS,16,2457,19,19
2019-05-06,BOS,17,2202,26,26
2019-05-06,BOS,18,1705,39,38
2019-05-06,BOS,19,1347,25,25
2019-05-06,BOS,20,1446,19,19
2019-05-06,BOS,21,807,16,15
2019-05-06,BOS,22,203,5,5
2019-05-07,BOS,5,1344,17,17
2019-05-07,BOS,6,1476,38,38
2019-05-07,BOS,7,1331,38,38
2019-05-07,BOS,8,2327,32,32
2019-05-07,BOS,9,1519,32,32
2019-05-07,BOS,10,1420,21,21
2019-05-07,BOS,11,2218,23,23
2019-05-07,BOS,12,1820,25,25
2019-05-07,BOS,13,2009,15,15
2019-05-07,BOS,14,2789,28,28
2019-05-07,BOS,15,1823,28,28
2019-05-07,BOS,16,1702,19,19
2019-05-07,BOS,17,2499,24,24
2019-05-07,BOS,18,1612,36,36
2019-05-07,BOS,19,1658,22,21
2019-05-07,BOS,20,1281,17,17
2019-05-07,BOS,21,848,16,16
2019-05-07,BOS,22,130,4,4
2019-05-08,BOS,5,1508,16,16
2019-05-08,BOS,6,1528,37,36
2019-05-08,BOS,7,1553,38,38
2019-05-08,BOS,8,2078,33,33
2019-05-08,BOS,9,1872,32,32
2019-05-08,BOS,10,1999,21,21
2019-05-08,BOS,11,1803,21,21
2019-05-08,BOS,12,2031,25,25
2019-05-08,BOS,13,2394,15,15
2019-05-08,BOS,14,2793,28,28
2019-05-08,BOS,15,2118,27,27
2019-05-08,BOS,16,2283,19,19
2019-05-08,BOS,17,1895,26,26
2019-05-08,BOS,18,2231,37,37
2019-05-08,BOS,19,2107,23,23
2019-05-08,BOS,20,1711,18,18
2019-05-08,BOS,21,732,16,16
2019-05-08,BOS,22,261,4,4
2019-05-09,BOS,5,878,17,17
2019-05-09,BOS,6,1809,38,36
2019-05-09,BOS,7,1895,39,39
2019-05-09,BOS,8,2469,33,32
2019-05-09,BOS,9,1988,32,32
2019-05-09,BOS,10,2026,22,22
2019-05-09,BOS,11,2530,23,23
2019-05-09,BOS,12,2169,25,25
2019-05-09,BOS,13,1573,16,16
2019-05-09,BOS,14,2879,29,29
2019-05-09,BOS,15,1924,28,28
2019-05-09,BOS,16,2241,19,19
2019-05-09,BOS,17,2285,26,26
2019-05-09,BOS,18,1917,39,39
2019-05-09,BOS,19,2187,25,25
2019-05-09,BOS,20,1049,19,19
2019-05-09,BOS,21,855,16,16
2019-05-09,BOS,22,283,5,5
2019-05-10,BOS,5,1876,17,17
2019-05-10,BOS,6,2112,40,40
2019-05-10,BOS,7,2326,39,39
2019-05-10,BOS,8,2456,33,33
2019-05-10,BOS,9,2078,33,33
2019-05-10,BOS,10,2402,23,23
2019-05-10,BOS,11,2274,23,23
2019-05-10,BOS,12,1819,25,25
2019-05-10,BOS,13,1585,16,16
2019-05-10,BOS,14,1817,29,28
2019-05-10,BOS,15,3053,29,29
2019-05-10,BOS,16,2084,19,19
2019-05-10,BOS,17,2368,26,25
2019-05-10,BOS,18,2930,39,39
2019-05-10,BOS,19,2550,24,24
2019-05-10,BOS,20,997,20,20
2019-05-10,BOS,21,1161,16,16
2019-05-10,BOS,22,358,5,5
2019-05-11,BOS,5,1554,12,12
2019-05-11,BOS,6,1861,23,23
2019-05-11,BOS,7,1812,27,27
2019-05-11,BOS,8,1114,25,25
2019-05-11,BOS,9,1610,21,21
2019-05-11,BOS,10,1621,17,17
2019-05-11,BOS,11,1767,18,18
2019-05-11,BOS,12,1889,17,17
2019-05-11,BOS,13,2001,10,10
2019-05-11,BOS,14,2400,21,21
2019-05-11,BOS,15,2661,21,21
2019-05-11,BOS,16,1573,18,18
2019-05-11,BOS,17,1468,18,18
2019-05-11,BOS,18,1684,23,23
2019-05-11,BOS,19,1587,8,8
2019-05-11,BOS,20,1387,4,4
2019-05-11,BOS,21,630,12,12
2019-05-11,BOS,22,13,3,3
2019-05-12,BOS,5,1479,10,10
2019-05-12,BOS,6,1503,26,26
2019-05-12,BOS,7,1880,33,33
2019-05-12,BOS,8,1692,24,23
2019-05-12,BOS,9,872,25,24
2019-05-12,BOS,10,1686,18,17
2019-05-12,BOS,11,2301,22,22
2019-05-12,BOS,12,2234,23,22
2019-05-12,BOS,13,2276,14,14
2019-05-12,BOS,14,2984,27,25
2019-05-12,BOS,15,2105,25,25
2019-05-12,BOS,16,2160,18,18
2019-05-12,BOS,17,2396,24,24
2019-05-12,BOS,18,2196,39,39
2019-05-12,BOS,19,2160,22,22
2019-05-12,BOS,20,1279,14,14
2019-05-12,BOS,21,1088,17,17
2019-05-12,BOS,22,169,6,6
2019-05-13,BOS,5,1982,18,17
2019-05-13,BOS,6,2151,40,40
2019-05-13,BOS,7,2208,40,40
2019-05-13,BOS,8,2725,32,32
2019-05-13,BOS,9,2291,33,33
2019-05-13,BOS,10,2460,23,23
2019-05-13,BOS,11,2255,23,23
2019-05-13,BOS,12,1196,25,25
2019-05-13,BOS,13,1603,16,16
2019-05-13,BOS,14,2882,29,29
2019-05-13,BOS,15,1400,29,29
2019-05-13,BOS,16,2357,19,19
2019-05-13,BOS,17,1859,26,26
2019-05-13,BOS,18,2374,39,39
2019-05-13,BOS,19,2050,25,25
2019-05-13,BOS,20,969,19,19
2019-05-13,BOS,21,917,16,16
2019-05-13,BOS,22,362,5,5
2019-05-14,BOS,5,1794,17,17
2019-05-14,BOS,6,1647,38,37
2019-05-14,BOS,7,1784,38,38
2019-05-14,BOS,8,1890,32,32
2019-05-14,BOS,9,1013,32,32
2019-05-14,BOS,10,1743,21,21
2019-05-14,BOS,11,2144,23,23
2019-05-14,BOS,12,1349,25,25
2019-05-14,BOS,13,2063,15,15
2019-05-14,BOS,14,2935,28,28
2019-05-14,BOS,15,1742,28,27
2019-05-14,BOS,16,1879,19,19
2019-05-14,BOS,17,2561,24,23
2019-05-14,BOS,18,1420,36,36
2019-05-14,BOS,19,1961,22,22
2019-05-14,BOS,20,738,17,17
2019-05-14,BOS,21,866,16,16
2019-05-14,BOS,22,212,4,4
2019-05-15,BOS,5,1581,16,16
2019-05-15,BOS,6,1917,37,37
2019-05-15,BOS,7,1707,38,38
2019-05-15,BOS,8,1260,33,33
2019-05-15,BOS,9,1751,31,31
2019-05-15,BOS,10,1991,22,22
2019-05-15,BOS,11,2207,21,21
2019-05-15,BOS,12,1470,25,25
2019-05-15,BOS,13,2312,15,15
2019-05-15,BOS,14,2925,29,29
2019-05-15,BOS,15,2920,27,27
2019-05-15,BOS,16,2612,19,19
2019-05-15,BOS,17,2340,26,26
2019-05-15,BOS,18,2175,37,37
2019-05-15,BOS,19,1156,23,23
2019-05-15,BOS,20,826,18,18
2019-05-15,BOS,21,1028,16,16
2019-05-15,BOS,22,317,4,4
2019-05-16,BOS,5,2060,18,18
2019-05-16,BOS,6,2193,39,39
2019-05-16,BOS,7,1932,39,39
2019-05-16,BOS,8,2730,33,33
2019-05-16,BOS,9,1854,33,33
2019-05-16,BOS,10,2143,22,22
2019-05-16,BOS,11,2272,22,21
2019-05-16,BOS,12,1136,25,24
2019-05-16,BOS,13,1589,16,16
2019-05-16,BOS,14,2070,29,29
2019-05-16,BOS,15,1744,27,27
2019-05-16,BOS,16,2363,20,20
2019-05-16,BOS,17,2339,26,26
2019-05-16,BOS,18,2138,39,39
2019-05-16,BOS,19,2377,26,26
2019-05-16,BOS,20,2165,19,19
2019-05-16,BOS,21,775,16,16
2019-05-16,BOS,22,248,5,5
2019-05-17,BOS,5,1148,17,17
2019-05-17,BOS,6,2395,40,40
2019-05-17,BOS,7,2422,39,39
2019-05-17,BOS,8,1921,33,33
2019-05-17,BOS,9,1398,34,34
2019-05-17,BOS,10,1976,23,23
2019-05-17,BOS,11,1479,22,22
2019-05-17,BOS,12,1304,26,26
2019-05-17,BOS,13,1769,16,15
2019-05-17,BOS,14,3048,29,29
2019-05-17,BOS,15,1908,29,29
2019-05-17,BOS,16,2026,19,19
2019-05-17,BOS,17,2122,26,26
2019-05-17,BOS,18,1446,39,39
2019-05-17,BOS,19,2412,25,25
2019-05-17,BOS,20,1076,20,20
2019-05-17,BOS,21,985,16,16
2019-05-17,BOS,22,221,5,5
2019-05-18,BOS,5,1705,12,12
2019-05-18,BOS,6,1957,23,23
2019-05-18,BOS,7,1804,27,27
2019-05-18,BOS,8,1632,26,26
2019-05-18,BOS,9,1609,23,23
2019-05-18,BOS,10,1664,19,19
2019-05-18,BOS,11,1914,19,19
2019-05-18,BOS,12,1718,18,17
2019-05-18,BOS,13,1993,11,11
2019-05-18,BOS,14,2299,24,24
2019-05-18,BOS,15,2641,21,21
2019-05-18,BOS,16,1726,19,19
2019-05-18,BOS,17,2398,18,18
2019-05-18,BOS,18,1796,23,23
2019-05-18,BOS,19,1489,8,8
2019-05-18,BOS,20,1833,4,4
2019-05-18,BOS,21,1063,12,12
2019-05-18,BOS,22,174,3,3
2019-05-19,BOS,5,1635,12,12
2019-05-19,BOS,6,1943,26,26
2019-05-19,BOS,7,2135,32,32
2019-05-19,BOS,8,1517,25,25
2019-05-19,BOS,9,2099,28,28
2019-05-19,BOS,10,1998,20,20
2019-05-19,BOS,11,2132,20,20
2019-05-19,BOS,12,2015,26,26
2019-05-19,BOS,13,1557,15,15
2019-05-19,BOS,14,2075,28,28
2019-05-19,BOS,15,3063,28,28
2019-05-19,BOS,16,2178,18,18
2019-05-19,BOS,17,2406,25,25
2019-05-19,BOS,18,2005,39,39
2019-05-19,BOS,19,1697,23,23
2019-05-19,BOS,20,1103,15,15
2019-05-19,BOS,21,1287,17,16
2019-05-19,BOS,22,344,6,6
2019-05-20,BOS,5,2004,17,17
2019-05-20,BOS,6,2257,40,39
2019-05-20,BOS,7,2016,39,38
2019-05-20,BOS,8,1795,33,32
2019-05-20,BOS,9,2291,34,34
2019-05-20,BOS,10,1866,23,23
2019-05-20,BOS,11,1857,22,20
2019-05-20,BOS,12,1300,25,25
2019-05-20,BOS,13,2215,16,15
2019-05-20,BOS,14,3259,29,29
2019-05-20,BOS,15,2283,29,29
2019-05-20,BOS,16,1680,19,18
2019-05-20,BOS,17,2384,26,26
2019-05-20,BOS,18,2858,39,39
2019-05-20,BOS,19,2148,26,26
2019-05-20,BOS,20,2097,19,19
2019-05-20,BOS,21,975,16,16
2019-05-20,BOS,22,305,5,5
2019-05-21,BOS,5,1994,17,17
2019-05-21,BOS,6,1178,38,36
2019-05-21,BOS,7,1797,38,38
2019-05-21,BOS,8,1667,31,31
2019-05-21,BOS,9,2167,34,33
2019-05-21,BOS,10,2068,21,20
2019-05-21,BOS,11,2136,22,22
2019-05-21,BOS,12,1545,25,25
2019-05-21,BOS,13,2573,15,14
2019-05-21,BOS,14,1611,28,28
2019-05-21,BOS,15,2814,28,28
2019-05-21,BOS,16,2417,19,19
2019-05-21,BOS,17,2336,24,24
2019-05-21,BOS,18,2592,36,36
2019-05-21,BOS,19,2314,23,23
2019-05-21,BOS,20,1820,18,18
2019-05-21,BOS,21,1216,15,15
2019-05-21,BOS,22,225,5,5
2019-05-22,BOS,5,1747,16,16
2019-05-22,BOS,6,1997,37,37
2019-05-22,BOS,7,1731,38,38
2019-05-22,BOS,8,2373,33,33
2019-05-22,BOS,9,2347,32,32
2019-05-22,BOS,10,1669,22,22
2019-05-22,BOS,11,2229,20,20
2019-05-22,BOS,12,1435,24,23
2019-05-22,BOS,13,2335,15,15
2019-05-22,BOS,14,3299,28,28
2019-05-22,BOS,15,1980,28,28
2019-05-22,BOS,16,2447,19,19
2019-05-22,BOS,17,2254,26,26
2019-05-22,BOS,18,2457,37,37
2019-05-22,BOS,19,1525,25,25
2019-05-22,BOS,20,2176,19,19
2019-05-22,BOS,21,715,16,16
2019-05-22,BOS,22,481,4,4
2019-05-23,BOS,5,1688,17,17
2019-05-23,BOS,6,2132,40,40
2019-05-23,BOS,7,2595,39,38
2019-05-23,BOS,8,1673,33,33
2019-05-24,BOS,9,2019,34,34
2019-05-24,BOS,10,1941,23,23
2019-05-24,BOS,11,2206,22,21
2019-05-24,BOS,12,1199,26,25
2019-05-24,BOS,13,1666,16,16
2019-05-24,BOS,14,3056,28,28
2019-05-24,BOS,15,2011,29,29
2019-05-24,BOS,16,2026,19,19
2019-05-24,BOS,17,2154,26,26
2019-05-24,BOS,18,1931,39,39
2019-05-24,BOS,19,2242,25,24
2019-05-24,BOS,20,1268,20,20
2019-05-24,BOS,21,971,16,16
2019-05-24,BOS,22,265,5,5
2019-05-25,BOS,5,1244,12,12
2019-05-25,BOS,6,2040,23,23
2019-05-25,BOS,7,2329,27,27
2019-05-25,BOS,8,1798,27,27
2019-05-25,BOS,9,2267,22,22
2019-05-25,BOS,10,1598,19,18
2019-05-25,BOS,11,2297,18,18
2019-05-25,BOS,12,2027,16,16
2019-05-25,BOS,13,1702,11,11
2019-05-25,BOS,14,3293,22,22
2019-05-25,BOS,15,1683,19,19
2019-05-25,BOS,16,2304,17,17
2019-05-25,BOS,17,1702,21,21
2019-05-25,BOS,18,1937,21,21
2019-05-25,BOS,19,2206,9,9
2019-05-25,BOS,20,2328,4,4
2019-05-25,BOS,21,1115,12,12
2019-05-25,BOS,22,425,3,3
2019-05-26,BOS,5,2842,8,8
2019-05-26,BOS,6,3135,18,18
2019-05-26,BOS,7,3665,24,24
2019-05-26,BOS,8,2771,22,22
2019-05-26,BOS,9,3004,31,31
2019-05-26,BOS,10,3480,16,16
2019-05-26,BOS,11,3148,16,16
2019-05-26,BOS,12,2522,20,20
2019-05-26,BOS,13,3727,11,11
2019-05-26,BOS,14,4533,23,23
2019-05-26,BOS,15,4964,23,23
2019-05-26,BOS,16,3296,15,15
2019-05-26,BOS,17,4403,18,18
2019-05-26,BOS,18,3475,33,33
2019-05-26,BOS,19,2775,13,13
2019-05-26,BOS,20,3311,9,9
2019-05-26,BOS,21,1336,14,14
2019-05-26,BOS,22,571,4,4
2019-05-27,BOS,5,1233,11,11
2019-05-27,BOS,6,1754,31,31
2019-05-27,BOS,7,1875,33,33
2019-05-27,BOS,8,1396,27,27
2019-05-27,BOS,9,1791,34,34
2019-05-27,BOS,10,1668,19,19
2019-05-27,BOS,11,2090,21,21
2019-05-27,BOS,12,2095,26,25
2019-05-27,BOS,13,1156,16,15
2019-05-27,BOS,14,1776,29,29
2019-05-27,BOS,15,2109,28,28
2019-05-27,BOS,16,2487,19,19
2019-05-27,BOS,17,2257,24,24
2019-05-27,BOS,18,1788,38,36
2019-05-27,BOS,19,2056,26,23
2019-05-27,BOS,20,1201,18,18
2019-05-27,BOS,21,773,16,16
2019-05-27,BOS,22,323,6,6
2019-05-27,BOS,23,86,1,1
2019-05-28,BOS,5,2232,17,17
2019-05-28,BOS,6,2023,38,38
2019-05-28,BOS,7,1792,38,38
2019-05-28,BOS,8,1587,31,30
2019-05-28,BOS,9,1985,33,32
2019-05-28,BOS,10,2423,21,21
2019-05-28,BOS,11,2303,23,23
2019-05-28,BOS,12,1248,26,25
2019-05-28,BOS,13,1189,16,16
2019-05-28,BOS,14,2737,28,28
2019-05-28,BOS,15,2911,28,28
2019-05-28,BOS,16,1955,19,18
2019-05-28,BOS,17,2266,23,23
2019-05-28,BOS,18,2189,36,33
2019-05-28,BOS,19,2030,23,20
2019-05-28,BOS,20,1769,18,17
2019-05-28,BOS,21,523,16,14
2019-05-28,BOS,22,210,4,4
2019-05-29,BOS,5,1643,16,16
2019-05-29,BOS,6,1907,37,37
2019-05-29,BOS,7,1643,38,37
2019-05-29,BOS,8,1418,33,33
2019-05-29,BOS,9,1665,32,32
2019-05-29,BOS,10,2022,22,22
2019-05-29,BOS,11,1644,21,21
2019-05-29,BOS,12,991,24,24
2019-05-29,BOS,13,2332,15,12
2019-05-29,BOS,14,2299,28,26
2019-05-29,BOS,15,1893,28,25
2019-05-29,BOS,16,2585,19,16
2019-05-29,BOS,17,1493,25,24
2019-05-29,BOS,18,1927,37,31
2019-05-29,BOS,19,1976,24,19
2019-05-29,BOS,20,1789,19,13
2019-05-29,BOS,21,1033,16,13
2019-05-29,BOS,22,394,4,4
2019-05-30,BOS,5,1799,17,17
2019-05-30,BOS,6,1956,40,39
2019-05-30,BOS,7,1874,39,38
2019-05-30,BOS,8,1503,33,33
2019-05-30,BOS,9,1765,34,32
2019-05-30,BOS,10,1984,22,20
2019-05-30,BOS,11,2671,23,22
2019-05-30,BOS,12,1143,25,24
2019-05-30,BOS,13,1591,16,16
2019-05-30,BOS,14,2997,29,29
2019-05-30,BOS,15,2917,29,28
2019-05-30,BOS,16,2257,19,18
2019-05-30,BOS,17,2155,25,25
2019-05-30,BOS,18,2709,39,38
2019-05-30,BOS,19,1929,26,20
2019-05-30,BOS,20,2087,20,20
2019-05-30,BOS,21,786,16,15
2019-05-30,BOS,22,299,5,5
2019-05-31,BOS,5,1401,17,16
2019-05-31,BOS,6,2181,40,39
2019-05-31,BOS,7,1342,39,39
2019-05-31,BOS,8,1877,33,33
2019-05-31,BOS,9,2250,34,34
2019-05-31,BOS,10,1869,23,23
2019-05-31,BOS,11,2502,23,23
2019-05-31,BOS,12,1752,26,26
2019-05-31,BOS,13,2174,16,16
2019-05-31,BOS,14,2223,28,27
2019-05-31,BOS,15,3117,29,29
2019-05-31,BOS,16,2131,19,19
2019-05-31,BOS,17,2145,25,25
2019-05-31,BOS,18,2431,39,39
2019-05-31,BOS,19,2181,25,25
2019-05-31,BOS,20,2004,20,20
2019-05-31,BOS,21,907,16,16
2019-05-31,BOS,22,331,5,5
2019-06-01,BOS,5,1421,12,12
2019-06-01,BOS,6,2144,22,22
2019-06-01,BOS,7,1893,27,27
2019-06-01,BOS,8,1268,27,27
2019-06-01,BOS,9,1461,23,23
2019-06-01,BOS,10,1667,19,18
2019-06-01,BOS,11,1485,18,18
2019-06-01,BOS,12,1641,19,19
2019-06-01,BOS,13,2015,12,12
2019-06-01,BOS,14,2297,23,23
2019-06-01,BOS,15,2621,21,21
2019-06-01,BOS,16,2055,19,19
2019-06-01,BOS,17,1606,18,18
2019-06-01,BOS,18,1713,23,23
2019-06-01,BOS,19,1725,8,8
2019-06-01,BOS,20,944,4,4
2019-06-01,BOS,21,976,12,11
2019-06-01,BOS,22,305,3,3
2019-06-02,BOS,5,1901,12,12
2019-06-02,BOS,6,1712,25,25
2019-06-02,BOS,7,1631,33,33
2019-06-02,BOS,8,1575,25,25
2019-06-02,BOS,9,1873,28,28
2019-06-02,BOS,10,2174,20,20
2019-06-02,BOS,11,1937,21,21
2019-06-02,BOS,12,1940,26,26
2019-06-02,BOS,13,1839,15,15
2019-06-02,BOS,14,1787,26,26
2019-06-02,BOS,15,2790,29,29
2019-06-02,BOS,16,1994,18,18
2019-06-02,BOS,17,2223,23,23
2019-06-02,BOS,18,2787,39,39
2019-06-02,BOS,19,1612,24,24
2019-06-02,BOS,20,1097,15,15
2019-06-02,BOS,21,1238,17,17
2019-06-02,BOS,22,410,6,6
2019-06-03,BOS,5,1060,17,17
2019-06-03,BOS,6,2226,40,40
2019-06-03,BOS,7,2109,39,39
2019-06-03,BOS,8,2572,33,31
2019-06-03,BOS,9,2070,34,33
2019-06-03,BOS,10,1872,23,23
2019-06-03,BOS,11,1870,23,23
2019-06-03,BOS,12,1090,25,24
2019-06-03,BOS,13,2323,17,16
2019-06-03,BOS,14,2845,27,27
2019-06-03,BOS,15,3173,30,30
2019-06-03,BOS,16,1985,19,19
2019-06-03,BOS,17,2274,25,25
2019-06-03,BOS,18,2600,38,38
2019-06-03,BOS,19,1799,27,27
2019-06-03,BOS,20,1583,19,18
2019-06-03,BOS,21,971,16,16
2019-06-03,BOS,22,307,5,5
2019-06-05,BOS,5,1832,16,16
2019-06-05,BOS,6,1577,37,37
2019-06-05,BOS,7,1513,38,38
2019-06-05,BOS,8,2135,33,33
2019-06-05,BOS,9,1825,31,31
2019-06-05,BOS,10,1843,21,21
2019-06-05,BOS,11,1564,22,22
2019-06-05,BOS,12,1943,23,22
2019-06-05,BOS,13,1277,16,16
2019-06-05,BOS,14,1938,26,24
2019-06-05,BOS,15,1392,29,29
2019-06-05,BOS,16,2016,19,18
2019-06-05,BOS,17,3011,25,25
2019-06-05,BOS,18,1956,36,36
2019-06-05,BOS,19,1889,25,25
2019-06-05,BOS,20,1840,18,18
2019-06-05,BOS,21,885,16,16
2019-06-05,BOS,22,255,4,4
2019-06-06,BOS,5,1575,18,18
2019-06-06,BOS,6,1451,40,40
2019-06-06,BOS,7,1235,37,37
2019-06-06,BOS,8,1285,35,35
2019-06-06,BOS,9,1443,31,31
2019-06-06,BOS,10,1867,21,21
2019-06-06,BOS,11,1390,22,22
2019-06-06,BOS,12,809,27,27
2019-06-06,BOS,13,2249,17,17
2019-06-06,BOS,14,2793,28,28
2019-06-06,BOS,15,3156,28,28
2019-06-06,BOS,16,2486,19,19
2019-06-06,BOS,17,1861,23,23
2019-06-06,BOS,18,1399,38,38
2019-06-06,BOS,19,2041,28,28
2019-06-06,BOS,20,1097,20,20
2019-06-06,BOS,21,1069,16,16
2019-06-06,BOS,22,200,5,5
2019-06-07,BOS,5,2163,18,18
2019-06-07,BOS,6,1913,42,41
2019-06-07,BOS,7,1493,38,38
2019-06-07,BOS,8,2192,34,33
2019-06-07,BOS,9,1577,33,33
2019-06-07,BOS,10,1770,22,21
2019-06-07,BOS,11,1108,22,22
2019-06-07,BOS,12,863,27,27
2019-06-07,BOS,13,2249,16,16
2019-06-07,BOS,14,1897,28,28
2019-06-07,BOS,15,2127,28,28
2019-06-07,BOS,16,2307,19,19
2019-06-07,BOS,17,2186,24,24
2019-06-07,BOS,18,2664,38,38
2019-06-07,BOS,19,2408,27,27
2019-06-07,BOS,20,2062,20,20
2019-06-07,BOS,21,1141,16,16
2019-06-07,BOS,22,179,5,5
2019-06-08,BOS,5,1453,18,18
2019-06-08,BOS,6,1910,24,24
2019-06-08,BOS,7,2386,28,28
2019-06-08,BOS,8,1053,32,31
2019-06-08,BOS,9,2053,20,20
2019-06-08,BOS,10,2406,24,23
2019-06-08,BOS,11,2100,15,15
2019-06-08,BOS,12,1110,20,20
2019-06-08,BOS,13,1479,11,11
2019-06-08,BOS,14,2792,23,22
2019-06-08,BOS,15,2181,19,19
2019-06-08,BOS,16,2208,23,23
2019-06-08,BOS,17,2222,16,16
2019-06-08,BOS,18,2659,27,25
2019-06-08,BOS,19,2432,9,9
2019-06-08,BOS,20,1131,4,4
2019-06-08,BOS,21,1130,12,12
2019-06-08,BOS,22,303,3,3
2019-06-09,BOS,5,3943,14,13
2019-06-09,BOS,6,3833,28,27
2019-06-09,BOS,7,4113,33,33
2019-06-09,BOS,8,4457,27,27
2019-06-09,BOS,9,2957,30,30
2019-06-09,BOS,10,1980,19,19
2019-06-09,BOS,11,1581,21,21
2019-06-09,BOS,12,2143,26,26
2019-06-09,BOS,13,2442,17,17
2019-06-09,BOS,14,2200,24,23
2019-06-09,BOS,15,2221,29,29
2019-06-09,BOS,16,2104,16,16
2019-06-09,BOS,17,2236,23,23
2019-06-09,BOS,18,2653,38,37
2019-06-09,BOS,19,1447,24,24
2019-06-09,BOS,20,477,18,16
2019-06-09,BOS,21,1074,16,16
2019-06-09,BOS,22,254,6,6
2019-06-10,BOS,5,2188,17,15
2019-06-10,BOS,6,1058,43,40
2019-06-10,BOS,7,1968,36,35
2019-06-10,BOS,8,1863,36,35
2019-06-10,BOS,9,2128,34,32
2019-06-10,BOS,10,3848,21,21
2019-06-10,BOS,11,3562,22,22
2019-06-10,BOS,12,3372,26,24
2019-06-10,BOS,13,3690,19,19
2019-06-10,BOS,14,4861,25,23
2019-06-10,BOS,15,4368,32,30
2019-06-10,BOS,16,5442,20,20
2019-06-10,BOS,17,3938,23,22
2019-06-10,BOS,18,3887,36,32
2019-06-10,BOS,19,3359,27,25
2019-06-10,BOS,20,3874,22,22
2019-06-10,BOS,21,2401,16,16
2019-06-10,BOS,22,673,6,6
2019-06-11,BOS,5,983,17,17
2019-06-11,BOS,6,1750,40,39
2019-06-11,BOS,7,1563,35,34
2019-06-11,BOS,8,2197,35,35
2019-06-11,BOS,9,1747,34,34
2019-06-11,BOS,10,1859,17,17
2019-06-11,BOS,11,2449,18,17
2019-06-11,BOS,12,2198,25,25
2019-06-11,BOS,13,2369,18,16
2019-06-11,BOS,14,2633,25,25
2019-06-11,BOS,15,2397,31,31
2019-06-11,BOS,16,2055,19,19
2019-06-11,BOS,17,1998,22,22
2019-06-11,BOS,18,2264,34,34
2019-06-11,BOS,19,2197,21,20
2019-06-11,BOS,20,1738,20,20
2019-06-11,BOS,21,823,16,16
2019-06-11,BOS,22,240,5,5
2019-06-12,BOS,5,1860,17,17
2019-06-12,BOS,6,1864,41,39
2019-06-12,BOS,7,1524,36,34
2019-06-12,BOS,8,1151,35,34
2019-06-12,BOS,9,2203,32,32
2019-06-12,BOS,10,1480,18,18
2019-06-12,BOS,11,2391,19,18
2019-06-12,BOS,12,2302,24,22
2019-06-12,BOS,13,1897,18,17
2019-06-12,BOS,14,2684,25,24
2019-06-12,BOS,15,2867,31,30
2019-06-12,BOS,16,3153,19,18
2019-06-12,BOS,17,2024,22,22
2019-06-12,BOS,18,2450,34,34
2019-06-12,BOS,19,2085,23,23
2019-06-12,BOS,20,905,22,22
2019-06-12,BOS,21,1005,16,15
2019-06-12,BOS,22,170,5,5
2019-06-12,BOS,23,96,1,1
2019-06-13,BOS,5,1031,17,17
2019-06-13,BOS,6,2185,44,43
2019-06-13,BOS,7,1881,33,33
2019-06-13,BOS,8,1231,36,35
2019-06-13,BOS,9,2019,34,34
2019-06-13,BOS,10,2168,18,18
2019-06-13,BOS,11,1888,21,21
2019-06-13,BOS,12,1211,24,22
2019-06-13,BOS,13,2173,19,18
2019-06-13,BOS,14,1876,26,26
2019-06-13,BOS,15,2228,28,28
2019-06-13,BOS,16,2012,25,25
2019-06-13,BOS,17,3018,23,22
2019-06-13,BOS,18,2454,33,32
2019-06-13,BOS,19,3131,25,25
2019-06-13,BOS,20,1464,25,24
2019-06-13,BOS,21,1329,15,15
2019-06-13,BOS,22,355,5,5
2019-06-13,BOS,23,196,1,1
2019-06-14,BOS,5,1137,18,18
2019-06-14,BOS,6,2258,43,41
2019-06-14,BOS,7,2367,33,32
2019-06-14,BOS,8,1411,37,37
2019-06-14,BOS,9,2111,33,33
2019-06-14,BOS,10,2006,19,19
2019-06-14,BOS,11,1135,20,19
2019-06-14,BOS,12,1230,23,23
2019-06-14,BOS,13,2264,19,19
2019-06-14,BOS,14,1989,26,26
2019-06-14,BOS,15,2587,28,28
2019-06-14,BOS,16,2173,25,24
2019-06-14,BOS,17,2398,24,24
2019-06-14,BOS,18,3079,33,33
2019-06-14,BOS,19,1484,25,25
2019-06-14,BOS,20,2107,24,24
2019-06-14,BOS,21,1102,15,15
2019-06-14,BOS,22,437,5,5
2019-06-14,BOS,23,203,1,1
2019-06-15,BOS,5,1794,18,18
2019-06-15,BOS,6,1823,30,30
2019-06-15,BOS,7,2740,26,26
2019-06-15,BOS,8,1402,30,29
2019-06-15,BOS,9,1734,23,23
2019-06-15,BOS,10,1765,20,20
2019-06-15,BOS,11,1898,14,14
2019-06-15,BOS,12,1739,20,20
2019-06-15,BOS,13,1889,15,15
2019-06-15,BOS,14,2496,21,21
2019-06-15,BOS,15,3105,18,18
2019-06-15,BOS,16,2050,25,24
2019-06-15,BOS,17,2740,19,19
2019-06-15,BOS,18,1534,26,26
2019-06-15,BOS,19,1719,10,10
2019-06-15,BOS,20,885,10,10
2019-06-15,BOS,21,1166,11,11
2019-06-15,BOS,22,302,4,4
2019-06-15,BOS,23,67,1,1
2019-06-16,BOS,5,1661,14,14
2019-06-16,BOS,6,1659,34,34
2019-06-16,BOS,7,1254,29,29
2019-06-16,BOS,8,1511,29,28
2019-06-16,BOS,9,1928,29,28
2019-06-16,BOS,10,1791,18,18
2019-06-16,BOS,11,2045,19,19
2019-06-16,BOS,12,1568,22,22
2019-06-16,BOS,13,1883,19,19
2019-06-16,BOS,14,2772,25,25
2019-06-16,BOS,15,1903,24,24
2019-06-16,BOS,16,2186,20,20
2019-06-16,BOS,17,3275,25,25
2019-06-16,BOS,18,2698,35,35
2019-06-16,BOS,19,2717,22,22
2019-06-16,BOS,20,1294,20,19
2019-06-16,BOS,21,1162,15,15
2019-06-16,BOS,22,527,5,5
2019-06-16,BOS,23,75,1,1
2019-06-17,BOS,5,1143,17,17
2019-06-17,BOS,6,2128,44,43
2019-06-17,BOS,7,2127,33,31
2019-06-17,BOS,8,875,37,37
2019-06-17,BOS,9,1500,33,33
2019-06-17,BOS,10,1885,19,18
2019-06-17,BOS,11,1802,22,21
2019-06-17,BOS,12,1383,24,24
2019-06-17,BOS,13,2314,19,19
2019-06-17,BOS,14,2701,26,25
2019-06-17,BOS,15,2448,28,28
2019-06-17,BOS,16,2635,25,25
2019-06-17,BOS,17,2318,24,23
2019-06-17,BOS,18,2468,33,33
2019-06-17,BOS,19,1227,25,24
2019-06-17,BOS,20,928,25,25
2019-06-17,BOS,21,1048,15,14
2019-06-17,BOS,22,161,5,5
2019-06-17,BOS,23,213,1,1
2019-06-18,BOS,5,1379,17,17
2019-06-18,BOS,6,1812,43,42
2019-06-18,BOS,7,1765,32,31
2019-06-18,BOS,8,1393,37,36
2019-06-18,BOS,9,1872,33,33
2019-06-18,BOS,10,1850,15,15
2019-06-18,BOS,11,2523,20,20
2019-06-18,BOS,12,2143,23,23
2019-06-18,BOS,13,2231,19,18
2019-06-18,BOS,14,2625,26,26
2019-06-18,BOS,15,2047,27,26
2019-06-18,BOS,16,2129,23,22
2019-06-18,BOS,17,2116,23,21
2019-06-18,BOS,18,2273,33,31
2019-06-18,BOS,19,2259,22,20
2019-06-18,BOS,20,1184,24,23
2019-06-18,BOS,21,1468,15,15
2019-06-18,BOS,22,467,5,5
2019-06-18,BOS,23,132,1,1
2019-06-19,BOS,5,1323,18,18
2019-06-19,BOS,6,2173,44,44
2019-06-19,BOS,7,1605,33,33
2019-06-19,BOS,8,1217,37,37
2019-06-19,BOS,9,2201,31,31
2019-06-19,BOS,10,1926,16,16
2019-06-19,BOS,11,1921,21,21
2019-06-19,BOS,12,2292,22,22
2019-06-19,BOS,13,2267,19,19
2019-06-19,BOS,14,2926,26,24
2019-06-19,BOS,15,2251,27,26
2019-06-19,BOS,16,2548,22,22
2019-06-19,BOS,17,2817,25,25
2019-06-19,BOS,18,2298,32,30
2019-06-19,BOS,19,1425,23,23
2019-06-19,BOS,20,1538,25,24
2019-06-19,BOS,21,1462,15,15
2019-06-19,BOS,22,490,5,5
2019-06-19,BOS,23,128,1,1
2019-06-20,BOS,5,1019,17,17
2019-06-20,BOS,6,1252,44,44
2019-06-20,BOS,7,2051,33,32
2019-06-20,BOS,8,923,37,37
2019-06-20,BOS,9,1285,33,31
2019-06-20,BOS,10,2381,18,18
2019-06-20,BOS,11,1196,22,21
2019-06-20,BOS,12,1856,24,24
2019-06-20,BOS,13,1480,19,17
2019-06-20,BOS,14,1952,26,24
2019-06-20,BOS,15,2169,28,26
2019-06-20,BOS,16,2068,24,20
2019-06-20,BOS,17,2297,24,23
2019-06-20,BOS,18,1749,34,32
2019-06-20,BOS,19,846,25,22
2019-06-20,BOS,20,1311,25,22
2019-06-20,BOS,21,1620,15,14
2019-06-20,BOS,22,479,5,4
2019-06-20,BOS,23,274,1,1
2019-06-21,BOS,5,1254,17,17
2019-06-21,BOS,6,1479,44,42
2019-06-21,BOS,7,2168,33,33
2019-06-21,BOS,8,1862,37,37
2019-06-21,BOS,9,2309,33,33
2019-06-21,BOS,10,2188,19,19
2019-06-21,BOS,11,1426,21,21
2019-06-21,BOS,12,1457,23,23
2019-06-21,BOS,13,2247,19,19
2019-06-21,BOS,14,2867,26,25
2019-06-21,BOS,15,2241,28,28
2019-06-21,BOS,16,2685,25,25
2019-06-21,BOS,17,1595,24,24
2019-06-21,BOS,18,2761,33,33
2019-06-21,BOS,19,1717,25,25
2019-06-21,BOS,20,1243,24,24
2019-06-21,BOS,21,373,15,15
2019-06-21,BOS,22,524,5,5
2019-06-21,BOS,23,135,1,1
2019-06-22,BOS,5,1761,18,18
2019-06-22,BOS,6,1855,30,30
2019-06-22,BOS,7,1806,26,26
2019-06-22,BOS,8,1553,30,30
2019-06-22,BOS,9,1159,23,23
2019-06-22,BOS,10,1888,20,20
2019-06-22,BOS,11,1693,14,14
2019-06-22,BOS,12,1738,20,19
2019-06-22,BOS,13,1999,15,15
2019-06-22,BOS,14,2613,21,21
2019-06-22,BOS,15,2150,18,18
2019-06-22,BOS,16,1770,25,23
2019-06-22,BOS,17,1628,19,19
2019-06-22,BOS,18,2084,26,26
2019-06-22,BOS,19,1266,12,12
2019-06-22,BOS,20,924,10,10
2019-06-22,BOS,21,1079,11,11
2019-06-22,BOS,22,461,4,4
2019-06-22,BOS,23,99,1,1
2019-06-23,BOS,5,1964,14,14
2019-06-23,BOS,6,1861,34,34
2019-06-23,BOS,7,1743,30,30
2019-06-23,BOS,8,1816,28,28
2019-06-23,BOS,9,2289,29,29
2019-06-23,BOS,10,1980,18,18
2019-06-23,BOS,11,1924,20,20
2019-06-23,BOS,12,2044,22,22
2019-06-23,BOS,13,2228,19,18
2019-06-23,BOS,14,2024,25,24
2019-06-23,BOS,15,2043,24,24
2019-06-23,BOS,16,3293,21,21
2019-06-23,BOS,17,2332,24,24
2019-06-23,BOS,18,2590,35,31
2019-06-23,BOS,19,2846,23,23
2019-06-23,BOS,20,1373,19,19
2019-06-23,BOS,21,1172,15,15
2019-06-23,BOS,22,361,5,5
2019-06-23,BOS,23,145,1,1
2019-06-24,BOS,5,1365,17,16
2019-06-24,BOS,6,1158,44,43
2019-06-24,BOS,7,2367,33,33
2019-06-24,BOS,8,1828,37,37
2019-06-24,BOS,9,2486,33,32
2019-06-24,BOS,10,2003,19,18
2019-06-24,BOS,11,1294,23,23
2019-06-24,BOS,12,2045,24,24
2019-06-24,BOS,13,2085,19,19
2019-06-24,BOS,14,2140,26,26
2019-06-24,BOS,15,2235,28,28
2019-06-24,BOS,16,2681,25,25
2019-06-24,BOS,17,3065,24,24
2019-06-24,BOS,18,1770,33,33
2019-06-24,BOS,19,1393,25,25
2019-06-24,BOS,20,1119,25,25
2019-06-24,BOS,21,868,15,15
2019-06-24,BOS,22,520,5,5
2019-06-24,BOS,23,90,1,1
2019-06-25,BOS,5,1331,17,17
2019-06-25,BOS,6,2023,43,43
2019-06-25,BOS,7,1699,33,33
2019-06-25,BOS,8,1540,36,36
2019-06-25,BOS,9,2100,33,33
2019-06-25,BOS,10,2131,15,15
2019-06-25,BOS,11,2366,20,18
2019-06-25,BOS,12,2039,23,23
2019-06-25,BOS,13,2401,19,17
2019-06-25,BOS,14,2680,26,26
2019-06-25,BOS,15,2245,27,27
2019-06-25,BOS,16,2394,23,23
2019-06-25,BOS,17,2007,23,23
2019-06-25,BOS,18,2356,33,33
2019-06-25,BOS,19,1636,22,21
2019-06-25,BOS,20,1152,24,22
2019-06-25,BOS,21,1154,15,15
2019-06-25,BOS,22,467,5,5
2019-06-25,BOS,23,117,1,1
2019-06-26,BOS,5,862,18,18
2019-06-26,BOS,6,2099,44,44
2019-06-26,BOS,7,872,32,32
2019-06-26,BOS,8,1202,37,37
2019-06-26,BOS,9,1208,32,32
2019-06-26,BOS,10,2197,16,16
2019-06-26,BOS,11,2123,22,22
2019-06-26,BOS,12,1399,22,22
2019-06-26,BOS,13,2340,19,19
2019-06-26,BOS,14,1990,26,26
2019-06-26,BOS,15,2059,26,26
2019-06-26,BOS,16,1913,23,23
2019-06-26,BOS,17,2224,24,24
2019-06-26,BOS,18,2573,32,32
2019-06-26,BOS,19,2551,23,23
2019-06-26,BOS,20,1284,25,24
2019-06-26,BOS,21,1450,15,15
2019-06-26,BOS,22,367,5,5
2019-06-26,BOS,23,166,1,1
2019-06-27,BOS,5,1049,17,17
2019-06-27,BOS,6,1208,44,44
2019-06-27,BOS,7,2006,33,33
2019-06-27,BOS,8,1362,37,36
2019-06-27,BOS,9,1897,33,33
2019-06-27,BOS,10,1924,18,17
2019-06-27,BOS,11,1087,22,21
2019-06-27,BOS,12,2232,24,24
2019-06-27,BOS,13,2536,19,19
2019-06-27,BOS,14,2131,26,26
2019-06-27,BOS,15,2303,28,28
2019-06-27,BOS,16,2431,25,24
2019-06-27,BOS,17,1830,23,23
2019-06-27,BOS,18,1731,34,34
2019-06-27,BOS,19,938,25,25
2019-06-27,BOS,20,1429,25,25
2019-06-27,BOS,21,1263,15,15
2019-06-27,BOS,22,286,5,5
2019-06-27,BOS,23,123,1,1
2019-06-28,BOS,5,1143,17,17
2019-06-28,BOS,6,1477,44,44
2019-06-28,BOS,7,1577,33,33
2019-06-28,BOS,8,1569,37,37
2019-06-28,BOS,9,1198,33,33
2019-06-28,BOS,10,1945,19,19
2019-06-28,BOS,11,1582,21,21
2019-06-28,BOS,12,2054,23,23
2019-06-28,BOS,13,2406,19,19
2019-06-28,BOS,14,2175,26,26
2019-06-28,BOS,15,2198,28,28
2019-06-28,BOS,16,2511,25,24
2019-06-28,BOS,17,2364,24,24
2019-06-28,BOS,18,2827,33,33
2019-06-28,BOS,19,2620,25,25
2019-06-28,BOS,20,1286,24,23
2019-06-28,BOS,21,1262,15,15
2019-06-28,BOS,22,605,5,5
2019-06-28,BOS,23,142,1,1
2019-06-29,BOS,5,2121,17,17
2019-06-29,BOS,6,1740,30,30
2019-06-29,BOS,7,2077,26,26
2019-06-29,BOS,8,1922,30,30
2019-06-29,BOS,9,1538,23,23
2019-06-29,BOS,10,1880,20,20
2019-06-29,BOS,11,1573,17,16
2019-06-29,BOS,12,1890,18,18
2019-06-29,BOS,13,1954,14,13
2019-06-29,BOS,14,2974,22,21
2019-06-29,BOS,15,2145,18,18
2019-06-29,BOS,16,2152,26,25
2019-06-29,BOS,17,1768,19,19
2019-06-29,BOS,18,1809,26,23
2019-06-29,BOS,19,2069,12,12
2019-06-29,BOS,20,1198,10,10
2019-06-29,BOS,21,1158,11,11
2019-06-29,BOS,22,436,4,4
2019-06-29,BOS,23,170,1,1
2019-06-30,BOS,5,1863,14,13
2019-06-30,BOS,6,1606,33,32
2019-06-30,BOS,7,1853,31,31
2019-06-30,BOS,8,2433,25,25
2019-06-30,BOS,9,1427,27,26
2019-06-30,BOS,10,1842,18,18
2019-06-30,BOS,11,1877,20,19
2019-06-30,BOS,12,1133,21,21
2019-06-30,BOS,13,2009,17,17
2019-06-30,BOS,14,2032,24,22
2019-06-30,BOS,15,2116,21,21
2019-06-30,BOS,16,2050,18,17
2019-06-30,BOS,17,2114,19,19
2019-06-30,BOS,18,2763,33,33
2019-06-30,BOS,19,1350,15,14
2019-06-30,BOS,20,1288,16,16
2019-06-30,BOS,21,1176,13,13
2019-06-30,BOS,22,522,5,5
2019-06-30,BOS,23,122,1,1
2019-07-01,BOS,5,2130,16,16
2019-07-01,BOS,6,1746,36,35
2019-07-01,BOS,7,1975,29,28
2019-07-01,BOS,8,2441,30,30
2019-07-01,BOS,9,2077,30,30
2019-07-01,BOS,10,1835,15,15
2019-07-01,BOS,11,2054,22,21
2019-07-01,BOS,12,2236,22,22
2019-07-01,BOS,13,2256,15,15
2019-07-01,BOS,14,2625,21,20
2019-07-01,BOS,15,2344,22,22
2019-07-01,BOS,16,2841,23,23
2019-07-01,BOS,17,2293,20,20
2019-07-01,BOS,18,2528,31,31
2019-07-01,BOS,19,2147,18,18
2019-07-01,BOS,20,1006,16,16
2019-07-01,BOS,21,1110,10,10
2019-07-01,BOS,22,388,2,2
2019-07-01,BOS,23,89,1,1
2019-07-02,BOS,5,1025,13,13
2019-07-02,BOS,6,1369,35,34
2019-07-02,BOS,7,2951,28,28
2019-07-02,BOS,8,1235,30,29
2019-07-02,BOS,9,1459,29,29
2019-07-02,BOS,10,1754,11,11
2019-07-02,BOS,11,2151,19,19
2019-07-02,BOS,12,1911,21,21
2019-07-02,BOS,13,1815,15,15
2019-07-02,BOS,14,2766,20,19
2019-07-02,BOS,15,3104,22,22
2019-07-02,BOS,16,3049,22,22
2019-07-02,BOS,17,1866,18,18
2019-07-02,BOS,18,1322,29,29
2019-07-02,BOS,19,2023,14,14
2019-07-02,BOS,20,548,15,14
2019-07-02,BOS,21,894,9,9
2019-07-03,BOS,22,351,4,4
2019-07-03,BOS,23,104,1,1
2019-07-04,BOS,5,1571,8,8
2019-07-04,BOS,6,1600,27,27
2019-07-04,BOS,7,1749,27,27
2019-07-04,BOS,8,1320,26,26
2019-07-04,BOS,9,979,29,29
2019-07-04,BOS,10,1926,15,15
2019-07-04,BOS,11,2021,21,21
2019-07-04,BOS,12,2088,15,15
2019-07-04,BOS,13,2033,14,14
2019-07-04,BOS,14,2579,15,15
2019-07-04,BOS,15,1571,20,20
2019-07-04,BOS,16,1464,18,17
2019-07-04,BOS,17,2015,17,16
2019-07-04,BOS,18,2019,20,20
2019-07-04,BOS,19,1368,14,12
2019-07-04,BOS,20,794,6,6
2019-07-04,BOS,21,1161,8,8
2019-07-04,BOS,22,317,1,1
2019-07-04,BOS,23,157,1,1
2019-07-05,BOS,5,1661,9,9
2019-07-05,BOS,6,1919,27,26
2019-07-05,BOS,7,1648,25,25
2019-07-05,BOS,8,1503,28,27
2019-07-05,BOS,9,1903,29,29
2019-07-05,BOS,10,1809,16,16
2019-07-05,BOS,11,1749,19,19
2019-07-05,BOS,12,1588,18,18
2019-07-05,BOS,13,2267,14,14
2019-07-05,BOS,14,2261,18,18
2019-07-05,BOS,15,2449,18,18
2019-07-05,BOS,16,2547,21,21
2019-07-05,BOS,17,1909,16,16
2019-07-05,BOS,18,1673,23,23
2019-07-05,BOS,19,886,16,16
2019-07-05,BOS,20,1676,10,10
2019-07-05,BOS,21,698,10,10
2019-07-05,BOS,22,181,1,1
2019-07-05,BOS,23,87,1,1
2019-07-06,BOS,5,1785,16,16
2019-07-06,BOS,6,1811,29,29
2019-07-06,BOS,7,1720,25,25
2019-07-06,BOS,8,2776,29,29
2019-07-06,BOS,9,2099,24,24
2019-07-06,BOS,10,2154,20,20
2019-07-06,BOS,11,1593,15,15
2019-07-06,BOS,12,1786,20,20
2019-07-06,BOS,13,1905,12,11
2019-07-06,BOS,14,1603,23,22
2019-07-06,BOS,15,1970,18,17
2019-07-06,BOS,16,2574,25,22
2019-07-06,BOS,17,2596,19,17
2019-07-06,BOS,18,1973,26,24
2019-07-06,BOS,19,2068,11,9
2019-07-06,BOS,20,868,10,10
2019-07-06,BOS,21,892,11,9
2019-07-06,BOS,22,296,4,1
2019-07-06,BOS,23,164,1,1
2019-07-07,BOS,5,3698,14,13
2019-07-07,BOS,6,3292,35,32
2019-07-07,BOS,7,3730,30,29
2019-07-07,BOS,8,3789,28,27
2019-07-07,BOS,9,4336,30,29
2019-07-07,BOS,10,3863,18,18
2019-07-07,BOS,11,3909,19,18
2019-07-07,BOS,12,4232,22,21
2019-07-07,BOS,13,4092,19,19
2019-07-07,BOS,14,4316,26,25
2019-07-07,BOS,15,4883,24,23
2019-07-07,BOS,16,3246,20,20
2019-07-07,BOS,17,5772,25,24
2019-07-07,BOS,18,4151,35,34
2019-07-07,BOS,19,4633,21,21
2019-07-07,BOS,20,3545,19,18
2019-07-07,BOS,21,2212,15,15
2019-07-07,BOS,22,1365,5,5
2019-07-07,BOS,23,347,1,1
2019-07-08,BOS,5,978,20,20
2019-07-08,BOS,6,2037,43,42
2019-07-08,BOS,7,1276,33,33
2019-07-08,BOS,8,1943,35,33
2019-07-08,BOS,9,1457,34,33
2019-07-08,BOS,10,2043,19,19
2019-07-08,BOS,11,2189,23,22
2019-07-08,BOS,12,1275,24,24
2019-07-08,BOS,13,2333,19,19
2019-07-08,BOS,14,1972,28,28
2019-07-08,BOS,15,2537,26,26
2019-07-08,BOS,16,2701,26,26
2019-07-08,BOS,17,2225,25,25
2019-07-08,BOS,18,2413,34,34
2019-07-08,BOS,19,1666,25,25
2019-07-08,BOS,20,1220,25,24
2019-07-08,BOS,21,1166,14,14
2019-07-08,BOS,22,509,6,6
2019-07-08,BOS,23,184,1,1
2019-07-09,BOS,5,966,20,20
2019-07-09,BOS,6,1785,43,42
2019-07-09,BOS,7,1819,33,33
2019-07-09,BOS,8,1749,36,36
2019-07-09,BOS,9,1952,34,34
2019-07-09,BOS,10,1845,17,17
2019-07-09,BOS,11,1695,22,22
2019-07-09,BOS,12,1660,23,23
2019-07-09,BOS,13,1339,19,19
2019-07-09,BOS,14,1962,28,27
2019-07-09,BOS,15,2152,25,25
2019-07-09,BOS,16,2489,25,25
2019-07-09,BOS,17,1749,24,24
2019-07-09,BOS,18,2008,34,34
2019-07-09,BOS,19,1543,25,25
2019-07-09,BOS,20,1865,25,25
2019-07-09,BOS,21,1084,14,14
2019-07-09,BOS,22,484,6,6
2019-07-09,BOS,23,91,1,1
2019-07-10,BOS,5,1155,20,20
2019-07-10,BOS,6,1448,43,43
2019-07-10,BOS,7,1612,33,33
2019-07-10,BOS,8,2499,36,36
2019-07-10,BOS,9,1979,33,33
2019-07-10,BOS,10,1687,18,18
2019-07-10,BOS,11,1140,23,23
2019-07-10,BOS,12,1813,22,22
2019-07-10,BOS,13,2191,19,19
2019-07-10,BOS,14,2909,28,28
2019-07-10,BOS,15,2484,25,25
2019-07-10,BOS,16,2513,25,24
2019-07-10,BOS,17,2070,25,25
2019-07-10,BOS,18,2495,33,33
2019-07-10,BOS,19,2232,25,25
2019-07-10,BOS,20,995,25,25
2019-07-10,BOS,21,1282,14,14
2019-07-10,BOS,22,285,6,6
2019-07-10,BOS,23,169,1,1
2019-07-11,BOS,5,1799,20,19
2019-07-11,BOS,6,1797,43,43
2019-07-11,BOS,7,1891,33,33
2019-07-11,BOS,8,2330,35,34
2019-07-11,BOS,9,1919,34,34
2019-07-11,BOS,10,1647,18,18
2019-07-11,BOS,11,2104,22,22
2019-07-11,BOS,12,2125,24,23
2019-07-11,BOS,13,2221,19,16
2019-07-11,BOS,14,3006,28,22
2019-07-11,BOS,15,2195,26,21
2019-07-11,BOS,16,2278,26,22
2019-07-11,BOS,17,2041,24,22
2019-07-11,BOS,18,2099,35,31
2019-07-11,BOS,19,1715,25,20
2019-07-11,BOS,20,1166,25,22
2019-07-11,BOS,21,1206,14,12
2019-07-11,BOS,22,489,6,2
2019-07-11,BOS,23,119,1,1
2019-07-12,BOS,5,1395,20,20
2019-07-12,BOS,6,1571,43,41
2019-07-12,BOS,7,2108,33,31
2019-07-12,BOS,8,1608,35,34
2019-07-12,BOS,9,1911,34,34
2019-07-12,BOS,10,2202,19,17
2019-07-12,BOS,11,1232,21,21
2019-07-12,BOS,12,1849,23,23
2019-07-12,BOS,13,2758,19,19
2019-07-12,BOS,14,2809,28,28
2019-07-12,BOS,15,2245,26,25
2019-07-12,BOS,16,1964,26,25
2019-07-12,BOS,17,2428,25,24
2019-07-12,BOS,18,2372,34,34
2019-07-12,BOS,19,2721,25,24
2019-07-12,BOS,20,1177,24,24
2019-07-12,BOS,21,1435,14,14
2019-07-12,BOS,22,505,6,6
2019-07-12,BOS,23,128,1,1
2019-07-13,BOS,5,1905,20,20
2019-07-13,BOS,6,1747,29,29
2019-07-13,BOS,7,3004,27,27
2019-07-13,BOS,8,1448,28,28
2019-07-13,BOS,9,1951,24,23
2019-07-13,BOS,10,1598,21,20
2019-07-13,BOS,11,1647,15,14
2019-07-13,BOS,12,1876,20,20
2019-07-13,BOS,13,1957,15,15
2019-07-13,BOS,14,2297,24,23
2019-07-13,BOS,15,1979,16,16
2019-07-13,BOS,16,1952,24,24
2019-07-13,BOS,17,1401,19,19
2019-07-13,BOS,18,1921,28,28
2019-07-13,BOS,19,2011,11,11
2019-07-13,BOS,20,1709,10,10
2019-07-13,BOS,21,968,11,11
2019-07-13,BOS,22,444,4,4
2019-07-13,BOS,23,169,1,1
2019-07-14,BOS,5,907,17,17
2019-07-14,BOS,6,1683,32,32
2019-07-14,BOS,7,1891,31,31
2019-07-14,BOS,8,1687,27,27
2019-07-14,BOS,9,2131,31,31
2019-07-14,BOS,10,1716,16,16
2019-07-14,BOS,11,2287,21,21
2019-07-14,BOS,12,2000,22,22
2019-07-14,BOS,13,1399,19,19
2019-07-14,BOS,14,2123,27,27
2019-07-14,BOS,15,2391,23,23
2019-07-14,BOS,16,2266,21,21
2019-07-14,BOS,17,2982,24,24
2019-07-14,BOS,18,2568,36,36
2019-07-14,BOS,19,2511,22,22
2019-07-14,BOS,20,2416,20,20
2019-07-14,BOS,21,1187,14,14
2019-07-14,BOS,22,399,6,6
2019-07-14,BOS,23,178,1,1
2019-07-15,BOS,5,1020,20,19
2019-07-15,BOS,6,2269,43,43
2019-07-15,BOS,7,2315,33,32
2019-07-15,BOS,8,1834,35,34
2019-07-15,BOS,9,2556,34,34
2019-07-15,BOS,10,2105,19,19
2019-07-15,BOS,11,2423,23,23
2019-07-15,BOS,12,2512,24,24
2019-07-15,BOS,13,2258,19,19
2019-07-15,BOS,14,1728,28,28
2019-07-15,BOS,15,2565,26,26
2019-07-15,BOS,16,2503,26,26
2019-07-15,BOS,17,2124,25,25
2019-07-15,BOS,18,2715,34,34
2019-07-15,BOS,19,1493,25,25
2019-07-15,BOS,20,959,25,25
2019-07-15,BOS,21,692,14,14
2019-07-15,BOS,22,245,6,6
2019-07-15,BOS,23,78,1,1
2019-07-16,BOS,5,881,20,20
2019-07-16,BOS,6,2037,43,43
2019-07-16,BOS,7,2027,33,33
2019-07-16,BOS,8,2428,36,34
2019-07-16,BOS,9,1073,34,34
2019-07-16,BOS,10,1831,17,17
2019-07-16,BOS,11,2143,22,22
2019-07-16,BOS,12,2148,23,22
2019-07-16,BOS,13,2099,19,19
2019-07-16,BOS,14,1985,28,28
2019-07-16,BOS,15,2545,25,25
2019-07-16,BOS,16,2055,25,25
2019-07-16,BOS,17,2025,24,24
2019-07-16,BOS,18,2007,34,34
2019-07-16,BOS,19,2049,25,25
2019-07-16,BOS,20,836,25,24
2019-07-16,BOS,21,800,14,14
2019-07-16,BOS,22,294,6,6
2019-07-16,BOS,23,101,1,1
2019-07-17,BOS,5,1890,20,20
2019-07-17,BOS,6,1974,43,41
2019-07-17,BOS,7,1461,33,33
2019-07-17,BOS,8,2423,36,35
2019-07-17,BOS,9,2045,33,33
2019-07-17,BOS,10,1886,18,18
2019-07-17,BOS,11,2448,23,22
2019-07-17,BOS,12,2217,22,22
2019-07-17,BOS,13,2429,19,19
2019-07-17,BOS,14,1967,28,26
2019-07-17,BOS,15,2360,25,24
2019-07-17,BOS,16,2246,25,23
2019-07-17,BOS,17,1772,25,22
2019-07-17,BOS,18,1876,33,24
2019-07-17,BOS,19,1519,25,14
2019-07-17,BOS,20,1869,25,16
2019-07-17,BOS,21,1396,14,12
2019-07-17,BOS,22,931,6,3
2019-07-17,BOS,23,216,1,1
2019-07-18,BOS,5,1731,20,17
2019-07-18,BOS,6,1847,43,38
2019-07-18,BOS,7,1950,33,33
2019-07-18,BOS,8,1522,35,32
2019-07-18,BOS,9,1837,34,31
2019-07-18,BOS,10,1820,18,18
2019-07-18,BOS,11,1286,22,21
2019-07-18,BOS,12,1422,24,22
2019-07-18,BOS,13,1980,19,15
2019-07-18,BOS,14,1918,28,28
2019-07-18,BOS,15,3424,26,24
2019-07-18,BOS,16,2430,26,23
2019-07-18,BOS,17,1609,24,24
2019-07-18,BOS,18,2518,35,31
2019-07-18,BOS,19,2508,25,23
2019-07-18,BOS,20,1044,25,22
2019-07-18,BOS,21,1369,14,13
2019-07-18,BOS,22,686,6,5
2019-07-18,BOS,23,143,1,1
2019-07-19,BOS,5,1164,20,20
2019-07-19,BOS,6,2160,43,43
2019-07-19,BOS,7,1956,33,32
2019-07-19,BOS,8,1565,35,35
2019-07-19,BOS,9,1415,34,34
2019-07-19,BOS,10,2268,19,19
2019-07-19,BOS,11,2266,21,21
2019-07-19,BOS,12,1708,23,23
2019-07-19,BOS,13,1379,19,19
2019-07-19,BOS,14,1673,28,28
2019-07-19,BOS,15,2674,26,26
2019-07-19,BOS,16,2217,26,25
2019-07-19,BOS,17,2154,25,24
2019-07-19,BOS,18,2615,34,34
2019-07-19,BOS,19,2767,25,25
2019-07-19,BOS,20,1268,24,24
2019-07-19,BOS,21,1238,14,14
2019-07-19,BOS,22,451,6,6
2019-07-19,BOS,23,201,1,1
2019-07-20,BOS,5,1690,20,20
2019-07-20,BOS,6,2033,29,29
2019-07-20,BOS,7,1618,27,26
2019-07-20,BOS,8,1829,28,27
2019-07-20,BOS,9,1897,24,24
2019-07-20,BOS,10,2068,21,21
2019-07-20,BOS,11,1777,15,15
2019-07-20,BOS,12,2033,20,20
2019-07-20,BOS,13,2028,15,15
2019-07-20,BOS,14,1864,24,24
2019-07-20,BOS,15,3253,16,16
2019-07-20,BOS,16,1803,24,24
2019-07-20,BOS,17,2197,19,19
2019-07-20,BOS,18,1932,28,28
2019-07-20,BOS,19,2239,10,10
2019-07-20,BOS,20,1584,10,10
2019-07-20,BOS,21,1168,11,11
2019-07-20,BOS,22,337,4,4
2019-07-20,BOS,23,63,1,1
2019-07-21,BOS,5,1794,17,17
2019-07-21,BOS,6,1749,32,32
2019-07-21,BOS,7,1929,31,30
2019-07-21,BOS,8,1439,27,27
2019-07-21,BOS,9,1656,31,31
2019-07-21,BOS,10,2044,16,16
2019-07-21,BOS,11,1984,21,21
2019-07-21,BOS,12,2230,22,22
2019-07-21,BOS,13,2542,19,19
2019-07-21,BOS,14,2996,27,27
2019-07-21,BOS,15,2137,23,23
2019-07-21,BOS,16,2168,21,21
2019-07-21,BOS,17,1905,24,24
2019-07-21,BOS,18,2536,36,34
2019-07-21,BOS,19,1334,22,22
2019-07-21,BOS,20,2465,20,18
2019-07-21,BOS,21,990,14,13
2019-07-21,BOS,22,506,6,6
2019-07-21,BOS,23,163,1,1
2019-07-22,BOS,5,811,20,20
2019-07-22,BOS,6,2196,43,43
2019-07-22,BOS,7,2337,33,33
2019-07-22,BOS,8,1379,35,35
2019-07-22,BOS,9,2427,34,34
2019-07-22,BOS,10,2115,19,19
2019-07-22,BOS,11,1096,23,22
2019-07-22,BOS,12,2233,24,23
2019-07-22,BOS,13,2320,19,18
2019-07-22,BOS,14,1870,28,26
2019-07-22,BOS,15,2999,26,23
2019-07-22,BOS,16,2694,26,21
2019-07-22,BOS,17,2555,25,23
2019-07-22,BOS,18,2614,34,29
2019-07-22,BOS,19,1317,25,19
2019-07-22,BOS,20,1839,25,19
2019-07-22,BOS,21,1046,14,11
2019-07-22,BOS,22,457,6,5
2019-07-22,BOS,23,161,1,1
2019-07-23,BOS,5,1164,20,20
2019-07-23,BOS,6,1929,43,41
2019-07-23,BOS,7,2019,33,33
2019-07-23,BOS,8,1504,36,35
2019-07-23,BOS,9,2032,34,34
2019-07-23,BOS,10,2214,17,17
2019-07-23,BOS,11,2249,22,22
2019-07-23,BOS,12,2060,23,23
2019-07-23,BOS,13,2133,19,19
2019-07-23,BOS,14,1925,28,28
2019-07-23,BOS,15,2263,25,25
2019-07-23,BOS,16,3212,25,25
2019-07-23,BOS,17,1891,24,24
2019-07-23,BOS,18,2302,34,33
2019-07-23,BOS,19,1338,25,24
2019-07-23,BOS,20,1919,25,25
2019-07-23,BOS,21,977,14,14
2019-07-23,BOS,22,492,6,6
2019-07-23,BOS,23,123,1,1
2019-07-24,BOS,5,860,20,19
2019-07-24,BOS,6,1975,43,43
2019-07-24,BOS,7,1830,33,33
2019-07-24,BOS,8,2135,36,36
2019-07-24,BOS,9,1919,33,33
2019-07-24,BOS,10,3020,18,18
2019-07-24,BOS,11,2255,23,22
2019-07-24,BOS,12,2311,22,22
2019-07-24,BOS,13,1867,19,19
2019-07-24,BOS,14,2254,28,28
2019-07-24,BOS,15,2981,25,24
2019-07-24,BOS,16,1805,25,25
2019-07-24,BOS,17,2799,25,24
2019-07-24,BOS,18,2342,33,33
2019-07-24,BOS,19,2123,25,25
2019-07-24,BOS,20,2075,25,25
2019-07-24,BOS,21,1295,14,14
2019-07-24,BOS,22,179,6,6
2019-07-25,BOS,5,1001,20,20
2019-07-25,BOS,6,1979,43,43
2019-07-25,BOS,7,1803,33,33
2019-07-25,BOS,8,1546,35,35
2019-07-25,BOS,9,1462,34,34
2019-07-25,BOS,10,1953,18,18
2019-07-25,BOS,11,2425,22,22
2019-07-25,BOS,12,2072,24,24
2019-07-25,BOS,13,1282,19,19
2019-07-25,BOS,14,2115,28,28
2019-07-25,BOS,15,2566,26,26
2019-07-25,BOS,16,2572,26,26
2019-07-25,BOS,17,2149,24,24
2019-07-25,BOS,18,2458,35,35
2019-07-25,BOS,19,754,25,25
2019-07-25,BOS,20,1107,25,25
2019-07-25,BOS,21,255,13,13
2019-07-25,BOS,22,108,7,7
2019-07-25,BOS,23,14,1,1
2019-07-26,BOS,5,2154,20,20
2019-07-26,BOS,6,2349,43,43
2019-07-26,BOS,7,1839,33,33
2019-07-26,BOS,8,1678,35,35
2019-07-26,BOS,9,2292,34,34
2019-07-26,BOS,10,1719,19,19
2019-07-26,BOS,11,2225,21,21
2019-07-26,BOS,12,2104,23,23
2019-07-26,BOS,13,1329,19,19
2019-07-26,BOS,14,2006,28,27
2019-07-26,BOS,15,2108,26,26
2019-07-26,BOS,16,2463,26,26
2019-07-26,BOS,17,2362,25,25
2019-07-26,BOS,18,2478,34,34
2019-07-26,BOS,19,1584,25,25
2019-07-26,BOS,20,1539,24,24
2019-07-26,BOS,21,1109,13,13
2019-07-26,BOS,22,473,7,7
2019-07-26,BOS,23,150,1,1
2019-07-27,BOS,5,1538,20,20
2019-07-27,BOS,6,1982,30,30
2019-07-27,BOS,7,2013,26,26
2019-07-27,BOS,8,1796,28,28
2019-07-27,BOS,9,1935,24,24
2019-07-27,BOS,10,1683,21,21
2019-07-27,BOS,11,1532,15,15
2019-07-27,BOS,12,1648,20,20
2019-07-27,BOS,13,1897,15,15
2019-07-27,BOS,14,1762,24,24
2019-07-27,BOS,15,2880,16,16
2019-07-27,BOS,16,1282,24,24
2019-07-27,BOS,17,1465,19,19
2019-07-27,BOS,18,1699,28,28
2019-07-27,BOS,19,1758,11,11
2019-07-27,BOS,20,947,10,10
2019-07-27,BOS,21,902,10,10
2019-07-27,BOS,22,322,5,5
2019-07-27,BOS,23,23,1,1
2019-07-28,BOS,5,1273,17,17
2019-07-28,BOS,6,2113,32,32
2019-07-28,BOS,7,2930,31,31
2019-07-28,BOS,8,1865,27,27
2019-07-28,BOS,9,1784,31,31
2019-07-28,BOS,10,1832,16,16
2019-07-28,BOS,11,2396,21,21
2019-07-28,BOS,12,1995,22,22
2019-07-28,BOS,13,2251,19,19
2019-07-28,BOS,14,2063,27,27
2019-07-28,BOS,15,2169,23,23
2019-07-28,BOS,16,2157,21,21
2019-07-28,BOS,17,2727,24,24
2019-07-28,BOS,18,2877,36,36
2019-07-28,BOS,19,2380,22,22
2019-07-28,BOS,20,1434,20,20
2019-07-28,BOS,21,892,13,13
2019-07-28,BOS,22,121,7,7
2019-07-28,BOS,23,119,1,1
2019-07-29,BOS,5,1994,20,20
2019-07-29,BOS,6,1108,43,43
2019-07-29,BOS,7,1923,33,33
2019-07-29,BOS,8,2256,35,35
2019-07-29,BOS,9,1122,34,34
2019-07-29,BOS,10,2317,19,19
2019-07-29,BOS,11,1328,23,23
2019-07-29,BOS,12,2033,24,24
2019-07-29,BOS,13,2410,19,19
2019-07-29,BOS,14,1963,28,28
2019-07-29,BOS,15,2542,26,26
2019-07-29,BOS,16,2446,26,26
2019-07-29,BOS,17,2268,25,25
2019-07-29,BOS,18,1954,34,33
2019-07-29,BOS,19,2416,25,25
2019-07-29,BOS,20,1262,25,22
2019-07-29,BOS,21,823,13,13
2019-07-29,BOS,22,386,7,7
2019-07-29,BOS,23,130,1,1
2019-07-30,BOS,5,1889,20,20
2019-07-30,BOS,6,1976,43,43
2019-07-30,BOS,7,1747,33,32
2019-07-30,BOS,8,1120,36,36
2019-07-30,BOS,9,1856,34,34
2019-07-30,BOS,10,1960,17,17
2019-07-30,BOS,11,2130,22,22
2019-07-30,BOS,12,2285,23,22
2019-07-30,BOS,13,1881,19,19
2019-07-30,BOS,14,2107,28,28
2019-07-30,BOS,15,2988,25,25
2019-07-30,BOS,16,2212,25,25
2019-07-30,BOS,17,1868,24,24
2019-07-30,BOS,18,2422,34,34
2019-07-30,BOS,19,2565,25,25
2019-07-30,BOS,20,1968,25,25
2019-07-30,BOS,21,901,13,13
2019-07-30,BOS,22,505,7,7
2019-07-30,BOS,23,145,1,1
2019-07-31,BOS,5,1823,20,20
2019-07-31,BOS,6,1742,43,42
2019-07-31,BOS,7,1758,33,32
2019-07-31,BOS,8,1462,36,36
2019-07-31,BOS,9,1549,33,33
2019-07-31,BOS,10,1981,18,18
2019-07-31,BOS,11,2488,23,22
2019-07-31,BOS,12,1257,22,21
2019-07-31,BOS,13,2162,19,17
2019-07-31,BOS,14,1669,28,22
2019-07-31,BOS,15,3214,25,21
2019-07-31,BOS,16,2262,25,20
2019-07-31,BOS,17,2704,25,17
2019-07-31,BOS,18,2061,33,19
2019-07-31,BOS,19,2481,25,16
2019-07-31,BOS,20,1386,24,16
2019-07-31,BOS,21,600,13,12
2019-07-31,BOS,22,417,8,7
2019-07-31,BOS,23,140,1,1
2019-08-01,BOS,5,2185,21,20
2019-08-01,BOS,6,1904,42,41
2019-08-01,BOS,7,1307,33,31
2019-08-01,BOS,8,1785,35,35
2019-08-01,BOS,9,2467,34,34
2019-08-01,BOS,10,1722,18,18
2019-08-01,BOS,11,2453,22,22
2019-08-01,BOS,12,1197,24,21
2019-08-01,BOS,13,2633,19,19
2019-08-01,BOS,14,1991,28,28
2019-08-01,BOS,15,2191,25,24
2019-08-01,BOS,16,2696,27,26
2019-08-01,BOS,17,2145,24,24
2019-08-01,BOS,18,2798,35,35
2019-08-01,BOS,19,2681,25,25
2019-08-01,BOS,20,1378,25,25
2019-08-01,BOS,21,1330,14,14
2019-08-01,BOS,22,484,6,6
2019-08-01,BOS,23,201,1,1
2019-08-02,BOS,5,1974,21,20
2019-08-02,BOS,6,2213,42,41
2019-08-02,BOS,7,2295,33,32
2019-08-02,BOS,8,1587,35,35
2019-08-02,BOS,9,1193,34,34
2019-08-02,BOS,10,1920,19,19
2019-08-02,BOS,11,2599,21,21
2019-08-02,BOS,12,2318,23,22
2019-08-02,BOS,13,1653,19,19
2019-08-02,BOS,14,2787,28,28
2019-08-02,BOS,15,2397,25,25
2019-08-02,BOS,16,2267,27,27
2019-08-02,BOS,17,2395,25,25
2019-08-02,BOS,18,2823,34,34
2019-08-02,BOS,19,627,25,25
2019-08-02,BOS,20,1140,24,24
2019-08-02,BOS,21,1193,14,14
2019-08-02,BOS,22,94,6,6
2019-08-03,BOS,5,1650,21,21
2019-08-03,BOS,6,2263,29,28
2019-08-03,BOS,7,2129,27,27
2019-08-03,BOS,8,1542,28,28
2019-08-03,BOS,9,2364,23,23
2019-08-03,BOS,10,1242,21,21
2019-08-03,BOS,11,1735,15,15
2019-08-03,BOS,12,1036,20,20
2019-08-03,BOS,13,1962,15,15
2019-08-03,BOS,14,1704,24,24
2019-08-03,BOS,15,2195,15,15
2019-08-03,BOS,16,2126,25,25
2019-08-03,BOS,17,1756,18,18
2019-08-03,BOS,18,1935,28,28
2019-08-03,BOS,19,936,10,10
2019-08-03,BOS,20,1244,10,10
2019-08-03,BOS,21,1013,11,10
2019-08-03,BOS,22,396,4,4
2019-08-04,BOS,5,937,18,18
2019-08-04,BOS,6,1705,32,32
2019-08-04,BOS,7,2116,32,32
2019-08-04,BOS,8,834,27,27
2019-08-04,BOS,9,1868,32,32
2019-08-04,BOS,10,1643,14,14
2019-08-04,BOS,11,2114,22,22
2019-08-04,BOS,12,2455,22,22
2019-08-04,BOS,13,2530,19,19
2019-08-04,BOS,14,2722,27,27
2019-08-04,BOS,15,1515,22,22
2019-08-04,BOS,16,2304,22,22
2019-08-04,BOS,17,2004,24,24
2019-08-04,BOS,18,2455,36,36
2019-08-04,BOS,19,2464,22,22
2019-08-04,BOS,20,1440,20,20
2019-08-04,BOS,21,1148,14,14
2019-08-04,BOS,22,438,6,6
2019-08-04,BOS,23,174,1,1
2019-08-05,BOS,5,1995,21,21
2019-08-05,BOS,6,2104,42,42
2019-08-05,BOS,7,1339,33,33
2019-08-05,BOS,8,2803,35,34
2019-08-05,BOS,9,1387,35,35
2019-08-05,BOS,10,2326,18,18
2019-08-05,BOS,11,2296,24,24
2019-08-05,BOS,12,1111,24,24
2019-08-05,BOS,13,1645,19,19
2019-08-05,BOS,14,1602,28,28
2019-08-05,BOS,15,2449,25,25
2019-08-05,BOS,16,2874,27,27
2019-08-05,BOS,17,2211,25,25
2019-08-05,BOS,18,2457,34,34
2019-08-05,BOS,19,1572,25,25
2019-08-05,BOS,20,2124,25,25
2019-08-05,BOS,21,1226,14,14
2019-08-05,BOS,22,316,6,6
2019-08-05,BOS,23,88,1,1
2019-08-06,BOS,5,894,19,19
2019-08-06,BOS,6,1890,43,43
2019-08-06,BOS,7,1675,35,34
2019-08-06,BOS,8,1548,35,35
2019-08-06,BOS,9,1889,34,34
2019-08-06,BOS,10,2155,18,18
2019-08-06,BOS,11,1220,25,25
2019-08-06,BOS,12,2160,22,21
2019-08-06,BOS,13,1979,19,19
2019-08-06,BOS,14,2049,28,28
2019-08-06,BOS,15,2317,23,23
2019-08-06,BOS,16,2094,25,23
2019-08-06,BOS,17,2467,25,23
2019-08-06,BOS,18,2477,35,34
2019-08-06,BOS,19,1526,24,24
2019-08-06,BOS,20,1969,24,24
2019-08-06,BOS,21,1036,14,14
2019-08-07,BOS,22,374,5,2
2019-08-07,BOS,23,80,1,1
2019-08-08,BOS,5,1121,19,16
2019-08-08,BOS,6,1850,43,37
2019-08-08,BOS,7,1944,35,31
2019-08-08,BOS,8,2219,34,30
2019-08-08,BOS,9,2045,34,31
2019-08-08,BOS,10,1875,19,17
2019-08-08,BOS,11,1258,24,22
2019-08-08,BOS,12,2237,24,24
2019-08-08,BOS,13,1601,19,19
2019-08-08,BOS,14,2774,28,27
2019-08-08,BOS,15,3346,24,22
2019-08-08,BOS,16,2494,26,24
2019-08-08,BOS,17,2324,25,23
2019-08-08,BOS,18,1780,36,34
2019-08-08,BOS,19,1497,24,22
2019-08-08,BOS,20,1209,24,22
2019-08-08,BOS,21,1517,14,14
2019-08-08,BOS,22,717,5,5
2019-08-08,BOS,23,263,1,1
2019-08-09,BOS,5,1922,19,19
2019-08-09,BOS,6,1656,43,43
2019-08-09,BOS,7,2169,35,34
2019-08-09,BOS,8,1761,34,34
2019-08-09,BOS,9,2020,34,34
2019-08-09,BOS,10,2407,20,20
2019-08-09,BOS,11,2698,23,23
2019-08-09,BOS,12,2098,23,23
2019-08-09,BOS,13,1442,19,19
2019-08-09,BOS,14,3003,28,28
2019-08-09,BOS,15,2277,24,24
2019-08-09,BOS,16,2783,26,26
2019-08-09,BOS,17,3435,26,26
2019-08-09,BOS,18,2148,35,35
2019-08-09,BOS,19,1692,24,24
2019-08-09,BOS,20,493,24,24
2019-08-09,BOS,21,895,14,14
2019-08-09,BOS,22,564,5,5
2019-08-09,BOS,23,105,1,1
2019-08-10,BOS,5,1085,18,18
2019-08-10,BOS,6,2050,29,29
2019-08-10,BOS,7,595,29,29
2019-08-10,BOS,8,1621,27,27
2019-08-10,BOS,9,2518,26,26
2019-08-10,BOS,10,2108,18,18
2019-08-10,BOS,11,1041,19,19
2019-08-10,BOS,12,1644,20,20
2019-08-10,BOS,13,2319,14,14
2019-08-10,BOS,14,3143,24,24
2019-08-10,BOS,15,2061,15,15
2019-08-10,BOS,16,2476,26,26
2019-08-10,BOS,17,2602,18,18
2019-08-10,BOS,18,2925,26,26
2019-08-10,BOS,19,1555,11,11
2019-08-10,BOS,20,329,10,10
2019-08-10,BOS,21,573,10,10
2019-08-10,BOS,22,501,4,4
2019-08-10,BOS,23,170,1,1
2019-08-11,BOS,5,2843,18,18
2019-08-11,BOS,6,4074,32,32
2019-08-11,BOS,7,4514,30,30
2019-08-11,BOS,8,3204,28,28
2019-08-11,BOS,9,3462,32,32
2019-08-11,BOS,10,3474,14,14
2019-08-11,BOS,11,4194,20,20
2019-08-11,BOS,12,3274,22,22
2019-08-11,BOS,13,4339,19,19
2019-08-11,BOS,14,3504,27,27
2019-08-11,BOS,15,4832,24,24
2019-08-11,BOS,16,3767,22,22
2019-08-11,BOS,17,3810,24,24
2019-08-11,BOS,18,4564,35,35
2019-08-11,BOS,19,3530,23,23
2019-08-11,BOS,20,3305,22,22
2019-08-11,BOS,21,1971,14,13
2019-08-11,BOS,22,1102,6,6
2019-08-11,BOS,23,344,1,1
2019-08-12,BOS,5,1145,19,19
2019-08-12,BOS,6,2193,43,43
2019-08-12,BOS,7,1340,35,35
2019-08-12,BOS,8,1924,35,35
2019-08-12,BOS,9,1647,33,33
2019-08-12,BOS,10,2296,20,20
2019-08-12,BOS,11,1324,25,25
2019-08-12,BOS,12,2209,24,24
2019-08-12,BOS,13,1993,19,19
2019-08-12,BOS,14,2016,28,28
2019-08-12,BOS,15,2613,24,24
2019-08-12,BOS,16,2578,26,26
2019-08-12,BOS,17,2475,26,26
2019-08-12,BOS,18,2945,35,35
2019-08-12,BOS,19,1191,23,23
2019-08-12,BOS,20,1848,25,25
2019-08-12,BOS,21,926,14,13
2019-08-12,BOS,22,216,5,5
2019-08-12,BOS,23,4,1,1
2019-08-13,BOS,5,1102,19,19
2019-08-13,BOS,6,1948,43,43
2019-08-13,BOS,7,2254,35,35
2019-08-13,BOS,8,1595,36,36
2019-08-13,BOS,9,2182,33,32
2019-08-13,BOS,10,1982,18,18
2019-08-13,BOS,11,1336,25,25
2019-08-13,BOS,12,2187,22,20
2019-08-13,BOS,13,2128,19,19
2019-08-13,BOS,14,1918,28,27
2019-08-13,BOS,15,3405,23,23
2019-08-13,BOS,16,2027,25,25
2019-08-13,BOS,17,3204,25,24
2019-08-13,BOS,18,2429,34,34
2019-08-13,BOS,19,1493,23,23
2019-08-13,BOS,20,1620,25,25
2019-08-13,BOS,21,1128,14,14
2019-08-13,BOS,22,438,5,5
2019-08-13,BOS,23,111,1,1
2019-08-14,BOS,5,944,19,19
2019-08-14,BOS,6,1729,43,43
2019-08-14,BOS,7,2041,35,35
2019-08-14,BOS,8,2294,36,36
2019-08-14,BOS,9,2107,33,33
2019-08-14,BOS,10,1550,18,18
2019-08-14,BOS,11,1246,25,25
2019-08-14,BOS,12,1409,22,22
2019-08-14,BOS,13,2571,19,19
2019-08-14,BOS,14,1780,28,28
2019-08-14,BOS,15,3045,23,23
2019-08-14,BOS,16,1891,25,25
2019-08-14,BOS,17,2153,26,26
2019-08-14,BOS,18,1795,32,32
2019-08-14,BOS,19,1749,23,22
2019-08-14,BOS,20,879,25,25
2019-08-14,BOS,21,1049,14,13
2019-08-14,BOS,22,547,5,5
2019-08-14,BOS,23,155,1,1
2019-08-15,BOS,5,1998,19,18
2019-08-15,BOS,6,1950,43,43
2019-08-15,BOS,7,2216,35,32
2019-08-15,BOS,8,1809,35,35
2019-08-15,BOS,9,1915,33,33
2019-08-15,BOS,10,1758,19,19
2019-08-15,BOS,11,1131,24,23
2019-08-15,BOS,12,1952,24,23
2019-08-15,BOS,13,2600,19,18
2019-08-15,BOS,14,2633,28,27
2019-08-15,BOS,15,2518,24,24
2019-08-15,BOS,16,2155,26,25
2019-08-15,BOS,17,2154,25,24
2019-08-15,BOS,18,2636,36,36
2019-08-15,BOS,19,1812,23,22
2019-08-15,BOS,20,976,25,25
2019-08-15,BOS,21,1096,14,14
2019-08-15,BOS,22,426,5,5
2019-08-15,BOS,23,125,1,1
2019-08-16,BOS,5,2159,19,19
2019-08-16,BOS,6,1103,43,42
2019-08-16,BOS,7,2651,35,34
2019-08-16,BOS,8,1672,35,35
2019-08-16,BOS,9,1933,33,33
2019-08-16,BOS,10,2034,20,20
2019-08-16,BOS,11,2315,23,23
2019-08-16,BOS,12,1083,23,23
2019-08-16,BOS,13,2225,19,18
2019-08-16,BOS,14,1649,28,27
2019-08-16,BOS,15,2191,24,24
2019-08-16,BOS,16,2153,26,26
2019-08-16,BOS,17,2740,26,25
2019-08-16,BOS,18,2733,35,35
2019-08-16,BOS,19,615,23,23
2019-08-16,BOS,20,1739,25,25
2019-08-16,BOS,21,482,14,14
2019-08-16,BOS,22,392,5,5
2019-08-16,BOS,23,121,1,1
2019-08-17,BOS,5,969,18,18
2019-08-17,BOS,6,1817,29,29
2019-08-17,BOS,7,1985,29,29
2019-08-17,BOS,8,1876,28,28
2019-08-17,BOS,9,2198,26,26
2019-08-17,BOS,10,1927,18,18
2019-08-17,BOS,11,1672,19,19
2019-08-17,BOS,12,1914,20,20
2019-08-17,BOS,13,2009,14,14
2019-08-17,BOS,14,2783,23,23
2019-08-17,BOS,15,1897,16,16
2019-08-17,BOS,16,3056,26,26
2019-08-17,BOS,17,944,16,16
2019-08-17,BOS,18,1778,27,27
2019-08-17,BOS,19,1250,9,9
2019-08-17,BOS,20,1812,11,11
2019-08-17,BOS,21,353,10,10
2019-08-17,BOS,22,466,4,4
2019-08-17,BOS,23,173,1,1
2019-08-18,BOS,5,1419,18,18
2019-08-18,BOS,6,1939,32,32
2019-08-18,BOS,7,1775,30,30
2019-08-18,BOS,8,1820,27,27
2019-08-18,BOS,9,1824,32,32
2019-08-18,BOS,10,1792,15,14
2019-08-18,BOS,11,2007,20,20
2019-08-18,BOS,12,1402,22,22
2019-08-18,BOS,13,2505,19,19
2019-08-18,BOS,14,1816,27,27
2019-08-18,BOS,15,2572,24,24
2019-08-18,BOS,16,1774,22,22
2019-08-18,BOS,17,2056,24,24
2019-08-18,BOS,18,2693,35,33
2019-08-18,BOS,19,2387,22,22
2019-08-18,BOS,20,2355,23,21
2019-08-18,BOS,21,1036,14,13
2019-08-18,BOS,22,409,6,4
2019-08-18,BOS,23,122,1,1
2019-08-19,BOS,5,924,19,17
2019-08-19,BOS,6,1261,44,43
2019-08-19,BOS,7,2139,35,34
2019-08-19,BOS,8,1900,35,34
2019-08-19,BOS,9,1598,33,33
2019-08-19,BOS,10,1951,20,20
2019-08-19,BOS,11,1238,26,26
2019-08-19,BOS,12,2408,23,22
2019-08-19,BOS,13,2169,19,19
2019-08-19,BOS,14,1685,28,27
2019-08-19,BOS,15,2337,24,23
2019-08-19,BOS,16,2848,26,26
2019-08-19,BOS,17,1261,25,25
2019-08-19,BOS,18,2568,35,35
2019-08-19,BOS,19,2094,22,22
2019-08-19,BOS,20,1929,25,19
2019-08-19,BOS,21,1098,14,14
2019-08-19,BOS,22,451,5,5
2019-08-19,BOS,23,107,1,1
2019-08-20,BOS,5,938,18,18
2019-08-20,BOS,6,1862,44,44
2019-08-20,BOS,7,2158,34,33
2019-08-20,BOS,8,1647,36,36
2019-08-20,BOS,9,2043,33,33
2019-08-20,BOS,10,1929,17,16
2019-08-20,BOS,11,1446,25,24
2019-08-20,BOS,12,1207,21,18
2019-08-20,BOS,13,1908,21,21
2019-08-20,BOS,14,1644,26,26
2019-08-20,BOS,15,2180,25,24
2019-08-20,BOS,16,1864,24,23
2019-08-20,BOS,17,1767,24,24
2019-08-20,BOS,18,2453,33,31
2019-08-20,BOS,19,2181,23,21
2019-08-20,BOS,20,2050,24,22
2019-08-20,BOS,21,1185,14,14
2019-08-20,BOS,22,376,5,5
2019-08-20,BOS,23,110,1,1
2019-08-21,BOS,5,1948,18,18
2019-08-21,BOS,6,1875,42,40
2019-08-21,BOS,7,1905,36,36
2019-08-21,BOS,8,1557,35,35
2019-08-21,BOS,9,909,32,32
2019-08-21,BOS,10,2024,19,19
2019-08-21,BOS,11,2082,23,23
2019-08-21,BOS,12,1200,21,21
2019-08-21,BOS,13,2210,20,19
2019-08-21,BOS,14,2475,26,25
2019-08-21,BOS,15,2426,25,23
2019-08-21,BOS,16,2249,25,23
2019-08-21,BOS,17,2748,26,24
2019-08-21,BOS,18,2447,33,30
2019-08-21,BOS,19,1329,24,16
2019-08-21,BOS,20,1771,24,15
2019-08-21,BOS,21,964,14,11
2019-08-22,BOS,22,531,5,4
2019-08-22,BOS,23,235,1,1
2019-08-23,BOS,5,1863,19,18
2019-08-23,BOS,6,1980,42,41
2019-08-23,BOS,7,2064,36,36
2019-08-23,BOS,8,1542,34,34
2019-08-23,BOS,9,2127,33,33
2019-08-23,BOS,10,2071,21,21
2019-08-23,BOS,11,2144,24,24
2019-08-23,BOS,12,1955,21,21
2019-08-23,BOS,13,1525,20,20
2019-08-23,BOS,14,1699,27,27
2019-08-23,BOS,15,2189,26,26
2019-08-23,BOS,16,1495,27,27
2019-08-23,BOS,17,2010,26,26
2019-08-23,BOS,18,2970,35,35
2019-08-23,BOS,19,2624,24,24
2019-08-23,BOS,20,1693,25,25
2019-08-23,BOS,21,1134,14,14
2019-08-23,BOS,22,284,5,5
2019-08-23,BOS,23,152,1,1
2019-08-24,BOS,5,1818,16,16
2019-08-24,BOS,6,2170,27,27
2019-08-24,BOS,7,1996,30,30
2019-08-24,BOS,8,1560,26,26
2019-08-24,BOS,9,1839,26,26
2019-08-24,BOS,10,1741,19,19
2019-08-24,BOS,11,1690,18,18
2019-08-24,BOS,12,2203,20,20
2019-08-24,BOS,13,1405,15,15
2019-08-24,BOS,14,2800,22,22
2019-08-24,BOS,15,2196,16,16
2019-08-24,BOS,16,2127,26,26
2019-08-24,BOS,17,2216,17,17
2019-08-24,BOS,18,2650,26,26
2019-08-24,BOS,19,2088,10,10
2019-08-24,BOS,20,985,10,10
2019-08-24,BOS,21,1172,10,10
2019-08-24,BOS,22,269,4,4
2019-08-24,BOS,23,183,1,1
2019-08-25,BOS,5,2691,18,18
2019-08-25,BOS,6,3179,30,30
2019-08-25,BOS,7,3494,31,31
2019-08-25,BOS,8,3429,25,25
2019-08-25,BOS,9,950,32,32
2019-08-25,BOS,10,1955,18,18
2019-08-25,BOS,11,2000,20,20
2019-08-25,BOS,12,2444,22,22
2019-08-25,BOS,13,2222,21,21
2019-08-25,BOS,14,3092,25,25
2019-08-25,BOS,15,2417,26,26
2019-08-25,BOS,16,2182,25,25
2019-08-25,BOS,17,2323,24,24
2019-08-25,BOS,18,2570,35,35
2019-08-25,BOS,19,1447,25,25
2019-08-25,BOS,20,713,23,23
2019-08-25,BOS,21,819,14,14
2019-08-25,BOS,22,370,6,6
2019-08-25,BOS,23,162,1,1
2019-08-26,BOS,5,1909,19,19
2019-08-26,BOS,6,2021,42,42
2019-08-26,BOS,7,2931,36,35
2019-08-26,BOS,8,1508,34,34
2019-08-26,BOS,9,4200,33,33
2019-08-26,BOS,10,3431,21,21
2019-08-26,BOS,11,3668,26,26
2019-08-26,BOS,12,3867,22,22
2019-08-26,BOS,13,3200,20,20
2019-08-26,BOS,14,4960,27,27
2019-08-26,BOS,15,3963,26,26
2019-08-26,BOS,16,3992,27,27
2019-08-26,BOS,17,5169,26,26
2019-08-26,BOS,18,4190,35,35
2019-08-26,BOS,19,2815,23,23
2019-08-26,BOS,20,3333,24,24
2019-08-26,BOS,21,1683,14,14
2019-08-26,BOS,22,617,5,5
2019-08-26,BOS,23,196,1,1
2019-08-27,BOS,5,1001,18,18
2019-08-27,BOS,6,1668,42,42
2019-08-27,BOS,7,1460,36,36
2019-08-27,BOS,8,1932,34,34
2019-08-27,BOS,9,1678,33,32
2019-08-27,BOS,10,1759,18,18
2019-08-27,BOS,11,1594,24,24
2019-08-27,BOS,12,1223,21,21
2019-08-27,BOS,13,2010,20,20
2019-08-27,BOS,14,2300,26,26
2019-08-27,BOS,15,1683,25,25
2019-08-27,BOS,16,1997,24,24
2019-08-27,BOS,17,1666,25,25
2019-08-27,BOS,18,1953,32,32
2019-08-27,BOS,19,1777,23,23
2019-08-27,BOS,20,1545,24,24
2019-08-27,BOS,21,892,14,13
2019-08-27,BOS,22,276,5,5
2019-08-27,BOS,23,49,1,1
2019-08-28,BOS,5,1502,18,18
2019-08-28,BOS,6,1448,42,42
2019-08-29,BOS,7,2296,36,36
2019-08-29,BOS,8,1008,33,33
2019-08-29,BOS,9,1672,33,32
2019-08-29,BOS,10,1668,20,20
2019-08-29,BOS,11,1968,25,25
2019-08-29,BOS,12,1714,22,22
2019-08-29,BOS,13,2287,20,20
2019-08-29,BOS,14,2660,27,27
2019-08-29,BOS,15,2053,27,27
2019-08-30,BOS,16,3112,27,27
2019-08-30,BOS,17,2058,27,27
2019-08-30,BOS,18,2217,34,34
2019-08-30,BOS,19,2251,24,24
2019-08-30,BOS,20,1816,25,25
2019-08-30,BOS,21,1037,14,14
2019-08-30,BOS,22,685,5,5
2019-08-30,BOS,23,141,1,1
2019-08-31,BOS,5,1826,13,13
2019-08-31,BOS,6,1854,29,28
2019-08-31,BOS,7,1881,27,27
2019-08-31,BOS,8,1551,25,25
2019-08-31,BOS,9,1922,27,27
2019-08-31,BOS,10,2244,17,16
2019-08-31,BOS,11,1723,19,19
2019-08-31,BOS,12,1954,17,17
2019-08-31,BOS,13,2368,14,14
2019-08-31,BOS,14,2843,21,21
2019-08-31,BOS,15,2467,17,17
2019-08-31,BOS,16,1334,21,21
2019-08-31,BOS,17,2028,16,16
2019-08-31,BOS,18,2826,21,21
2019-08-31,BOS,19,1768,8,8
2019-08-31,BOS,20,1143,8,8
2019-08-31,BOS,21,430,10,10
2019-08-31,BOS,22,608,4,4
2019-08-31,BOS,23,170,1,1
2019-09-01,BOS,5,3258,12,12
2019-09-01,BOS,6,3415,28,28
2019-09-01,BOS,7,4609,22,22
2019-09-01,BOS,8,4075,23,22
2019-09-01,BOS,9,3729,28,28
2019-09-01,BOS,10,3456,17,17
2019-09-01,BOS,11,4432,17,17
2019-09-01,BOS,12,3983,20,20
2019-09-01,BOS,13,4376,15,15
2019-09-01,BOS,14,4691,21,21
2019-09-01,BOS,15,5589,17,17
2019-09-01,BOS,16,4815,25,24
2019-09-01,BOS,17,4436,20,20
2019-09-01,BOS,18,3726,26,25
2019-09-01,BOS,19,4858,15,15
2019-09-01,BOS,20,3025,11,11
2019-09-01,BOS,21,1347,13,13
2019-09-01,BOS,22,671,5,5
2019-09-01,BOS,23,270,1,1
2019-09-02,BOS,5,3657,13,12
2019-09-02,BOS,6,3667,38,36
2019-09-02,BOS,7,5732,31,31
2019-09-02,BOS,8,5205,27,26
2019-09-02,BOS,9,3686,33,30
2019-09-02,BOS,10,2891,16,16
2019-09-02,BOS,11,2918,25,24
2019-09-02,BOS,12,4087,19,18
2019-09-02,BOS,13,4587,20,20
2019-09-02,BOS,14,5048,26,25
2019-09-02,BOS,15,5362,21,20
2019-09-02,BOS,16,5321,28,26
2019-09-02,BOS,17,5065,25,24
2019-09-02,BOS,18,4026,33,28
2019-09-02,BOS,19,3024,20,18
2019-09-02,BOS,20,3282,21,20
2019-09-02,BOS,21,2207,13,11
2019-09-02,BOS,22,657,6,6
2019-09-02,BOS,23,173,1,1
2019-09-03,BOS,5,1427,18,17
2019-09-03,BOS,6,2439,40,36
2019-09-03,BOS,7,3069,38,37
2019-09-03,BOS,8,2419,31,28
2019-09-03,BOS,9,1670,32,30
2019-09-03,BOS,10,2469,18,18
2019-09-03,BOS,11,2133,23,20
2019-09-03,BOS,12,2359,19,18
2019-09-03,BOS,13,2098,18,18
2019-09-03,BOS,14,3079,24,23
2019-09-03,BOS,15,1937,17,17
2019-09-03,BOS,16,2012,26,25
2019-09-03,BOS,17,2682,24,24
2019-09-03,BOS,18,2212,30,29
2019-09-03,BOS,19,2152,26,26
2019-09-03,BOS,20,1678,17,15
2019-09-03,BOS,21,843,10,8
2019-09-03,BOS,22,304,4,4
2019-09-04,BOS,5,1180,13,12
2019-09-04,BOS,6,1862,36,35
2019-09-04,BOS,7,2063,36,36
2019-09-04,BOS,8,2507,31,29
2019-09-04,BOS,9,1689,30,29
2019-09-04,BOS,10,1083,24,23
2019-09-04,BOS,11,2510,24,24
2019-09-04,BOS,12,1963,17,16
2019-09-04,BOS,13,2210,23,23
2019-09-04,BOS,14,1917,21,21
2019-09-04,BOS,15,1405,22,21
2019-09-04,BOS,16,2499,22,21
2019-09-04,BOS,17,2637,24,23
2019-09-04,BOS,18,1854,32,32
2019-09-04,BOS,19,1836,26,26
2019-09-04,BOS,20,1661,13,12
2019-09-04,BOS,21,841,12,11
2019-09-04,BOS,22,551,4,4
2019-09-05,BOS,5,1449,14,13
2019-09-05,BOS,6,1552,41,39
2019-09-05,BOS,7,2186,35,35
2019-09-05,BOS,8,1057,33,32
2019-09-05,BOS,9,1535,30,30
2019-09-05,BOS,10,1604,21,20
2019-09-05,BOS,11,1949,25,23
2019-09-05,BOS,12,1328,18,18
2019-09-05,BOS,13,2333,25,24
2019-09-05,BOS,14,2443,18,18
2019-09-05,BOS,15,2132,22,22
2019-09-05,BOS,16,2578,24,24
2019-09-05,BOS,17,2257,27,27
2019-09-05,BOS,18,1690,31,31
2019-09-05,BOS,19,1620,27,27
2019-09-05,BOS,20,1842,15,15
2019-09-05,BOS,21,1095,15,15
2019-09-05,BOS,22,361,5,5
2019-09-06,BOS,5,1972,14,13
2019-09-06,BOS,6,2193,42,40
2019-09-06,BOS,7,2768,39,39
2019-09-06,BOS,8,2341,33,33
2019-09-06,BOS,9,1153,29,29
2019-09-06,BOS,10,1706,23,23
2019-09-06,BOS,11,2007,25,25
2019-09-06,BOS,12,2263,18,18
2019-09-06,BOS,13,1544,25,25
2019-09-06,BOS,14,1955,18,18
2019-09-06,BOS,15,2338,22,22
2019-09-06,BOS,16,2497,24,24
2019-09-06,BOS,17,2818,25,25
2019-09-06,BOS,18,2525,30,30
2019-09-06,BOS,19,1903,28,28
2019-09-06,BOS,20,1723,16,16
2019-09-06,BOS,21,775,15,15
2019-09-06,BOS,22,292,5,5
2019-09-07,BOS,5,1075,13,13
2019-09-07,BOS,6,1760,27,27
2019-09-07,BOS,7,1425,24,24
2019-09-07,BOS,8,1325,24,23
2019-09-07,BOS,9,1911,24,24
2019-09-07,BOS,10,1648,16,15
2019-09-07,BOS,11,1767,21,21
2019-09-07,BOS,12,1816,16,16
2019-09-07,BOS,13,1764,13,13
2019-09-07,BOS,14,1965,15,15
2019-09-07,BOS,15,2862,17,17
2019-09-07,BOS,16,3258,19,19
2019-09-07,BOS,17,1994,14,14
2019-09-07,BOS,18,1721,20,20
2019-09-07,BOS,19,786,8,8
2019-09-07,BOS,20,1150,6,6
2019-09-07,BOS,21,624,9,9
2019-09-07,BOS,22,162,4,4
2019-09-08,BOS,5,2135,12,12
2019-09-08,BOS,6,1956,34,34
2019-09-08,BOS,7,1412,29,29
2019-09-08,BOS,8,1746,26,26
2019-09-08,BOS,9,893,28,28
2019-09-08,BOS,10,1910,21,21
2019-09-08,BOS,11,2766,21,21
2019-09-08,BOS,12,1509,19,19
2019-09-08,BOS,13,2315,23,23
2019-09-08,BOS,14,2001,22,22
2019-09-08,BOS,15,2270,27,27
2019-09-08,BOS,16,2472,21,21
2019-09-08,BOS,17,2176,24,24
2019-09-08,BOS,18,3031,32,32
2019-09-08,BOS,19,1858,27,27
2019-09-08,BOS,20,1218,20,20
2019-09-08,BOS,21,1160,17,17
2019-09-08,BOS,22,332,6,6
2019-09-09,BOS,5,1456,15,15
2019-09-09,BOS,6,1606,43,43
2019-09-09,BOS,7,1513,40,40
2019-09-09,BOS,8,1231,33,33
2019-09-09,BOS,9,1246,31,31
2019-09-09,BOS,10,2034,24,24
2019-09-09,BOS,11,2673,26,26
2019-09-09,BOS,12,719,19,19
2019-09-09,BOS,13,2442,26,26
2019-09-09,BOS,14,1963,24,24
2019-09-09,BOS,15,2457,27,27
2019-09-09,BOS,16,2562,23,23
2019-09-09,BOS,17,2932,25,25
2019-09-09,BOS,18,2387,29,29
2019-09-09,BOS,19,1414,30,30
2019-09-09,BOS,20,1631,19,19
2019-09-09,BOS,21,744,16,16
2019-09-09,BOS,22,251,5,5
2019-09-10,BOS,5,1711,14,14
2019-09-10,BOS,6,2089,40,40
2019-09-10,BOS,7,1633,38,38
2019-09-10,BOS,8,1269,32,32
2019-09-10,BOS,9,2099,30,30
2019-09-10,BOS,10,1003,25,25
2019-09-10,BOS,11,2305,23,23
2019-09-10,BOS,12,1336,17,17
2019-09-10,BOS,13,2102,24,24
2019-09-10,BOS,14,2481,24,24
2019-09-10,BOS,15,3384,24,24
2019-09-10,BOS,16,2314,23,23
2019-09-10,BOS,17,2415,23,23
2019-09-10,BOS,18,1479,27,27
2019-09-10,BOS,19,1704,27,27
2019-09-10,BOS,20,1289,15,15
2019-09-10,BOS,21,523,11,11
2019-09-10,BOS,22,169,4,4
2019-09-11,BOS,5,1711,13,13
2019-09-11,BOS,6,2445,37,37
2019-09-11,BOS,7,2396,37,37
2019-09-11,BOS,8,2454,31,31
2019-09-11,BOS,9,1821,29,29
2019-09-11,BOS,10,1709,25,25
2019-09-11,BOS,11,1709,24,24
2019-09-11,BOS,12,1199,18,18
2019-09-11,BOS,13,2002,25,25
2019-09-11,BOS,14,1988,24,24
2019-09-11,BOS,15,3438,27,27
2019-09-11,BOS,16,2207,22,22
2019-09-11,BOS,17,2370,23,23
2019-09-11,BOS,18,2293,29,28
2019-09-11,BOS,19,1870,29,29
2019-09-11,BOS,20,582,15,15
2019-09-11,BOS,21,1112,12,12
2019-09-11,BOS,22,392,4,4
2019-09-12,BOS,5,1315,13,13
2019-09-12,BOS,6,2068,41,41
2019-09-12,BOS,7,1758,40,40
2019-09-12,BOS,8,1526,33,33
2019-09-12,BOS,9,1300,30,30
2019-09-12,BOS,10,2103,23,23
2019-09-12,BOS,11,2059,26,26
2019-09-12,BOS,12,1062,19,19
2019-09-12,BOS,13,1351,25,25
2019-09-12,BOS,14,1672,24,24
2019-09-12,BOS,15,2591,27,27
2019-09-12,BOS,16,2187,24,24
2019-09-12,BOS,17,2198,26,26
2019-09-12,BOS,18,2838,29,29
2019-09-12,BOS,19,1753,30,30
2019-09-12,BOS,20,783,19,19
2019-09-12,BOS,21,899,17,17
2019-09-12,BOS,22,396,5,5
2019-09-13,BOS,5,1157,15,14
2019-09-13,BOS,6,609,43,43
2019-09-13,BOS,7,1691,40,40
2019-09-13,BOS,8,1550,33,33
2019-09-13,BOS,9,1218,31,31
2019-09-13,BOS,10,1642,24,24
2019-09-13,BOS,11,2463,26,26
2019-09-13,BOS,12,1593,19,19
2019-09-13,BOS,13,847,26,26
2019-09-13,BOS,14,1627,23,23
2019-09-13,BOS,15,2258,27,27
2019-09-13,BOS,16,1938,22,22
2019-09-13,BOS,17,2925,25,25
2019-09-13,BOS,18,2858,29,29
2019-09-13,BOS,19,1468,30,30
2019-09-13,BOS,20,1596,19,19
2019-09-13,BOS,21,1300,17,17
2019-09-13,BOS,22,238,5,5
2019-09-14,BOS,5,1853,13,13
2019-09-14,BOS,6,1690,27,27
2019-09-14,BOS,7,2862,24,24
2019-09-14,BOS,8,1548,25,25
2019-09-14,BOS,9,1767,23,23
2019-09-14,BOS,10,1936,16,16
2019-09-14,BOS,11,1758,22,22
2019-09-14,BOS,12,1939,15,15
2019-09-14,BOS,13,1583,14,14
2019-09-14,BOS,14,2022,16,16
2019-09-14,BOS,15,3284,18,18
2019-09-14,BOS,16,2048,18,18
2019-09-14,BOS,17,2224,14,14
2019-09-14,BOS,18,1695,21,21
2019-09-14,BOS,19,1626,8,8
2019-09-14,BOS,20,1410,6,6
2019-09-14,BOS,21,502,9,9
2019-09-14,BOS,22,177,4,4
2019-09-15,BOS,5,1228,12,11
2019-09-15,BOS,6,2405,34,34
2019-09-15,BOS,7,2089,29,29
2019-09-15,BOS,8,1707,26,26
2019-09-15,BOS,9,1976,28,28
2019-09-15,BOS,10,2019,21,21
2019-09-15,BOS,11,2406,21,21
2019-09-15,BOS,12,1585,19,18
2019-09-15,BOS,13,2318,23,23
2019-09-15,BOS,14,2064,23,23
2019-09-15,BOS,15,2729,27,27
2019-09-15,BOS,16,2581,21,21
2019-09-15,BOS,17,1523,25,25
2019-09-15,BOS,18,3147,32,32
2019-09-15,BOS,19,1189,26,26
2019-09-15,BOS,20,2147,20,20
2019-09-15,BOS,21,897,17,17
2019-09-15,BOS,22,310,6,6
2019-09-16,BOS,5,398,15,15
2019-09-16,BOS,6,1647,43,43
2019-09-16,BOS,7,2319,40,40
2019-09-16,BOS,8,2977,33,33
2019-09-16,BOS,9,1257,31,31
2019-09-16,BOS,10,1862,24,24
2019-09-16,BOS,11,2462,26,26
2019-09-16,BOS,12,1539,19,19
2019-09-16,BOS,13,2480,26,26
2019-09-16,BOS,14,1916,24,24
2019-09-16,BOS,15,3446,27,27
2019-09-16,BOS,16,2439,23,23
2019-09-16,BOS,17,2150,25,25
2019-09-16,BOS,18,2293,28,28
2019-09-16,BOS,19,1294,31,31
2019-09-16,BOS,20,1709,18,18
2019-09-16,BOS,21,850,17,17
2019-09-16,BOS,22,217,5,5
2019-09-17,BOS,5,2028,14,14
2019-09-17,BOS,6,1784,40,40
2019-09-17,BOS,7,2460,38,38
2019-09-17,BOS,8,2237,31,31
2019-09-17,BOS,9,2237,30,30
2019-09-17,BOS,10,1318,24,24
2019-09-17,BOS,11,2229,24,24
2019-09-17,BOS,12,1487,17,17
2019-09-17,BOS,13,2226,23,23
2019-09-17,BOS,14,2479,24,23
2019-09-17,BOS,15,2583,24,24
2019-09-18,BOS,16,1977,22,22
2019-09-18,BOS,17,2562,24,24
2019-09-18,BOS,18,2163,29,29
2019-09-18,BOS,19,1989,29,28
2019-09-18,BOS,20,1215,15,15
2019-09-18,BOS,21,625,12,12
2019-09-18,BOS,22,147,4,4
2019-09-19,BOS,5,1832,13,13
2019-09-19,BOS,6,878,41,41
2019-09-19,BOS,7,1487,40,40
2019-09-19,BOS,8,1372,34,34
2019-09-19,BOS,9,1707,30,30
2019-09-19,BOS,10,2173,23,23
2019-09-19,BOS,11,2075,26,26
2019-09-19,BOS,12,1495,19,19
2019-09-19,BOS,13,2132,26,24
2019-09-19,BOS,14,2864,24,23
2019-09-19,BOS,15,2183,27,26
2019-09-19,BOS,16,1764,24,24
2019-09-19,BOS,17,2282,26,25
2019-09-19,BOS,18,1420,29,29
2019-09-19,BOS,19,2223,30,30
2019-09-19,BOS,20,1667,19,19
2019-09-19,BOS,21,930,17,17
2019-09-19,BOS,22,210,5,5
2019-09-20,BOS,5,490,15,15
2019-09-20,BOS,6,2007,43,43
2019-09-20,BOS,7,2633,40,40
2019-09-20,BOS,8,825,34,34
2019-09-20,BOS,9,2366,31,30
2019-09-20,BOS,10,1724,25,25
2019-09-20,BOS,11,2249,25,25
2019-09-20,BOS,12,1798,19,19
2019-09-20,BOS,13,1702,27,27
2019-09-20,BOS,14,2023,23,23
2019-09-20,BOS,15,2847,27,27
2019-09-20,BOS,16,2532,23,22
2019-09-20,BOS,17,2075,25,25
2019-09-20,BOS,18,2112,29,29
2019-09-20,BOS,19,2399,30,30
2019-09-20,BOS,20,2306,19,19
2019-09-20,BOS,21,938,17,17
2019-09-20,BOS,22,200,5,5
2019-09-21,BOS,5,1366,13,13
2019-09-21,BOS,6,652,27,27
2019-09-21,BOS,7,943,25,25
2019-09-21,BOS,8,2933,23,23
2019-09-21,BOS,9,2442,24,24
2019-09-21,BOS,10,2169,16,16
2019-09-21,BOS,11,2563,22,22
2019-09-21,BOS,12,1561,15,15
2019-09-21,BOS,13,2386,14,14
2019-09-21,BOS,14,2099,16,16
2019-09-21,BOS,15,2756,18,17
2019-09-21,BOS,16,2507,18,18
2019-09-21,BOS,17,2134,14,14
2019-09-21,BOS,18,2039,21,21
2019-09-21,BOS,19,894,9,9
2019-09-21,BOS,20,1233,6,6
2019-09-21,BOS,21,1216,9,9
2019-09-21,BOS,22,317,4,4
2019-09-22,BOS,5,3283,12,12
2019-09-22,BOS,6,3783,34,34
2019-09-22,BOS,7,4984,29,29
2019-09-22,BOS,8,2423,27,27
2019-09-22,BOS,9,4486,28,28
2019-09-22,BOS,10,3211,21,21
2019-09-22,BOS,11,4530,21,21
2019-09-22,BOS,12,3410,19,19
2019-09-22,BOS,13,4213,24,24
2019-09-22,BOS,14,5398,23,23
2019-09-22,BOS,15,5913,27,27
2019-09-22,BOS,16,4315,21,21
2019-09-22,BOS,17,4952,25,25
2019-09-22,BOS,18,4643,32,32
2019-09-22,BOS,19,3235,26,26
2019-09-22,BOS,20,3639,20,20
2019-09-22,BOS,21,1439,17,17
2019-09-22,BOS,22,403,6,6
2019-09-23,BOS,5,471,15,15
2019-09-23,BOS,6,1514,43,43
2019-09-23,BOS,7,2511,40,39
2019-09-23,BOS,8,1705,34,34
2019-09-23,BOS,9,2243,31,31
2019-09-23,BOS,10,2514,24,24
2019-09-23,BOS,11,2624,26,26
2019-09-23,BOS,12,1237,19,19
2019-09-23,BOS,13,2338,27,27
2019-09-23,BOS,14,1918,24,24
2019-09-23,BOS,15,2520,27,27
2019-09-23,BOS,16,2054,23,23
2019-09-23,BOS,17,2198,25,25
2019-09-23,BOS,18,2390,30,30
2019-09-23,BOS,19,2217,31,31
2019-09-23,BOS,20,1408,19,19
2019-09-23,BOS,21,715,15,15
2019-09-23,BOS,22,309,5,5
2019-09-24,BOS,5,1161,14,14
2019-09-24,BOS,6,1803,40,40
2019-09-24,BOS,7,1519,39,39
2019-09-24,BOS,8,2304,32,32
2019-09-24,BOS,9,2008,30,30
2019-09-24,BOS,10,1927,24,24
2019-09-24,BOS,11,2106,24,24
2019-09-24,BOS,12,1340,18,18
2019-09-24,BOS,13,2362,24,24
2019-09-24,BOS,14,2012,24,24
2019-09-24,BOS,15,2223,24,24
2019-09-24,BOS,16,3102,23,23
2019-09-24,BOS,17,2568,25,25
2019-09-24,BOS,18,1999,26,26
2019-09-24,BOS,19,1668,28,28
2019-09-24,BOS,20,1255,15,15
2019-09-24,BOS,21,607,10,10
2019-09-24,BOS,22,168,4,4
2019-09-25,BOS,5,1300,12,12
2019-09-25,BOS,6,1752,36,35
2019-09-25,BOS,7,1415,38,38
2019-09-25,BOS,8,1427,31,31
2019-09-25,BOS,9,1902,29,29
2019-09-25,BOS,10,1705,25,25
2019-09-25,BOS,11,2345,25,24
2019-09-25,BOS,12,1227,19,19
2019-09-25,BOS,13,1993,25,25
2019-09-25,BOS,14,1829,24,24
2019-09-25,BOS,15,2838,27,27
2019-09-25,BOS,16,2384,22,22
2019-09-25,BOS,17,3072,24,24
2019-09-25,BOS,18,2331,29,29
2019-09-25,BOS,19,2022,30,30
2019-09-25,BOS,20,1484,15,15
2019-09-25,BOS,21,824,11,11
2019-09-25,BOS,22,318,4,4
2019-09-26,BOS,5,1264,13,13
2019-09-26,BOS,6,2090,40,40
2019-09-26,BOS,7,2922,40,40
2019-09-26,BOS,8,1200,34,34
2019-09-26,BOS,9,1197,30,30
2019-09-26,BOS,10,2041,23,23
2019-09-26,BOS,11,1466,26,25
2019-09-26,BOS,12,1136,20,20
2019-09-26,BOS,13,1594,26,26
2019-09-26,BOS,14,1961,24,24
2019-09-26,BOS,15,2509,27,27
2019-09-26,BOS,16,2757,24,24
2019-09-26,BOS,17,2171,27,27
2019-09-26,BOS,18,2175,29,29
2019-09-26,BOS,19,2873,31,31
2019-09-26,BOS,20,1307,19,19
2019-09-26,BOS,21,1079,16,16
2019-09-26,BOS,22,218,5,5
2019-09-27,BOS,5,1174,15,15
2019-09-27,BOS,6,1314,43,43
2019-09-27,BOS,7,1885,40,40
2019-09-27,BOS,8,1982,34,34
2019-09-27,BOS,9,2039,31,31
2019-09-27,BOS,10,1485,24,24
2019-09-27,BOS,11,2376,26,25
2019-09-27,BOS,12,1744,20,19
2019-09-27,BOS,13,2528,27,25
2019-09-27,BOS,14,2836,23,23
2019-09-27,BOS,15,2468,27,26
2019-09-27,BOS,16,2191,23,23
2019-09-27,BOS,17,2211,26,24
2019-09-27,BOS,18,2481,28,27
2019-09-27,BOS,19,2647,31,30
2019-09-27,BOS,20,1117,19,17
2019-09-27,BOS,21,1080,16,16
2019-09-27,BOS,22,309,6,6
2019-09-28,BOS,5,1962,13,13
2019-09-28,BOS,6,2231,27,27
2019-09-28,BOS,7,992,25,25
2019-09-28,BOS,8,1528,23,23
2019-09-28,BOS,9,2074,23,23
2019-09-28,BOS,10,2076,17,17
2019-09-28,BOS,11,1879,22,22
2019-09-28,BOS,12,1845,16,16
2019-09-28,BOS,13,1914,15,15
2019-09-28,BOS,14,2560,16,16
2019-09-28,BOS,15,1962,18,18
2019-09-28,BOS,16,1809,18,18
2019-09-28,BOS,17,2210,14,14
2019-09-28,BOS,18,1673,21,21
2019-09-28,BOS,19,1546,9,9
2019-09-28,BOS,20,478,6,6
2019-09-29,BOS,5,1882,12,12
2019-09-29,BOS,6,2105,34,34
2019-09-29,BOS,7,2199,29,29
2019-09-29,BOS,8,1466,27,27
2019-09-29,BOS,9,1940,28,28
2019-09-29,BOS,10,2047,21,21
2019-09-29,BOS,11,1371,21,21
2019-09-29,BOS,12,993,20,19
2019-09-29,BOS,13,2267,24,24
2019-09-29,BOS,14,1763,23,23
2019-09-29,BOS,15,2315,27,27
2019-09-29,BOS,16,2548,20,20
2019-09-29,BOS,17,2435,26,26
2019-09-29,BOS,18,2662,32,32
2019-09-29,BOS,19,2039,29,29
2019-09-29,BOS,20,2178,20,20
2019-09-29,BOS,21,2143,16,16
2019-09-29,BOS,22,798,6,6
2019-09-30,BOS,5,1252,15,14
2019-09-30,BOS,6,1320,44,43
2019-09-30,BOS,7,3026,40,39
2019-09-30,BOS,8,1232,35,35
2019-09-30,BOS,9,1924,32,32
2019-09-30,BOS,10,2192,25,25
2019-09-30,BOS,11,2152,26,25
2019-09-30,BOS,12,1278,21,21
2019-09-30,BOS,13,1788,27,27
2019-09-30,BOS,14,1866,24,24
2019-09-30,BOS,15,2375,28,28
2019-09-30,BOS,16,2642,25,25
2019-09-30,BOS,17,2205,26,26
2019-09-30,BOS,18,2325,30,30
2019-09-30,BOS,19,1792,31,31
2019-09-30,BOS,20,1625,20,19
2019-09-30,BOS,21,827,15,15
2019-09-30,BOS,22,301,5,5
2019-10-01,BOS,5,1882,15,15
2019-10-01,BOS,6,1933,42,42
2019-10-01,BOS,7,1065,39,39
2019-10-01,BOS,8,1371,34,33
2019-10-01,BOS,9,1129,28,28
2019-10-01,BOS,10,1820,27,27
2019-10-01,BOS,11,1740,28,28
2019-10-01,BOS,12,2237,16,16
2019-10-01,BOS,13,2145,27,26
2019-10-01,BOS,14,2921,27,27
2019-10-01,BOS,15,2911,24,24
2019-10-01,BOS,16,2192,23,23
2019-10-01,BOS,17,2275,29,29
2019-10-01,BOS,18,1788,27,27
2019-10-01,BOS,19,1441,31,30
2019-10-01,BOS,20,1033,17,17
2019-10-01,BOS,21,706,10,10
2019-10-01,BOS,22,223,4,4
2019-10-02,BOS,5,1473,12,11
2019-10-02,BOS,6,1147,40,40
2019-10-02,BOS,7,1309,35,35
2019-10-02,BOS,8,1190,34,34
2019-10-03,BOS,9,1051,29,29
2019-10-03,BOS,10,1698,23,23
2019-10-03,BOS,11,2197,29,29
2019-10-03,BOS,12,1357,19,18
2019-10-03,BOS,13,2142,26,26
2019-10-03,BOS,14,1631,30,29
2019-10-03,BOS,15,2044,28,28
2019-10-03,BOS,16,2080,26,26
2019-10-03,BOS,17,2136,29,29
2019-10-03,BOS,18,2369,29,29
2019-10-03,BOS,19,1809,31,31
2019-10-03,BOS,20,1525,20,20
2019-10-03,BOS,21,701,18,18
2019-10-03,BOS,22,161,6,6
2019-10-04,BOS,5,2236,17,17
2019-10-04,BOS,6,2193,47,47
2019-10-04,BOS,7,2513,36,36
2019-10-04,BOS,8,1277,39,38
2019-10-04,BOS,9,1414,29,29
2019-10-04,BOS,10,1976,22,22
2019-10-04,BOS,11,2033,31,30
2019-10-04,BOS,12,1621,19,19
2019-10-04,BOS,13,1789,27,27
2019-10-04,BOS,14,2584,29,29
2019-10-04,BOS,15,2469,28,28
2019-10-04,BOS,16,2305,25,25
2019-10-04,BOS,17,1869,29,29
2019-10-04,BOS,18,2570,29,29
2019-10-04,BOS,19,1808,31,31
2019-10-04,BOS,20,1567,20,20
2019-10-04,BOS,21,1029,18,18
2019-10-04,BOS,22,233,7,7
2019-10-05,BOS,5,442,16,16
2019-10-05,BOS,6,2423,25,25
2019-10-05,BOS,7,1815,24,24
2019-10-05,BOS,8,1091,28,28
2019-10-05,BOS,9,1510,25,25
2019-10-05,BOS,10,1821,19,18
2019-10-05,BOS,11,2108,21,21
2019-10-05,BOS,12,1503,13,13
2019-10-05,BOS,13,2523,21,21
2019-10-05,BOS,14,2270,13,13
2019-10-05,BOS,15,3309,22,22
2019-10-05,BOS,16,2437,18,18
2019-10-05,BOS,17,2047,15,15
2019-10-05,BOS,18,2469,21,21
2019-10-05,BOS,19,1842,10,10
2019-10-05,BOS,20,1937,6,6
2019-10-05,BOS,21,985,8,8
2019-10-05,BOS,22,403,4,4
2019-10-06,BOS,5,4159,13,13
2019-10-06,BOS,6,3808,35,35
2019-10-06,BOS,7,3854,30,30
2019-10-06,BOS,8,1836,29,29
2019-10-06,BOS,9,4305,23,23
2019-10-06,BOS,10,3961,21,21
2019-10-06,BOS,11,4211,28,28
2019-10-06,BOS,12,2536,18,18
2019-10-06,BOS,13,4039,27,27
2019-10-06,BOS,14,4204,27,27
2019-10-06,BOS,15,5762,25,25
2019-10-06,BOS,16,3430,23,23
2019-10-06,BOS,17,3028,32,32
2019-10-06,BOS,18,4026,29,29
2019-10-06,BOS,19,2936,30,30
2019-10-06,BOS,20,3360,21,21
2019-10-06,BOS,21,1567,18,18
2019-10-06,BOS,22,458,7,7
2019-10-07,BOS,5,1234,17,17
2019-10-07,BOS,6,411,47,47
2019-10-07,BOS,7,1979,36,36
2019-10-07,BOS,8,1466,39,38
2019-10-07,BOS,9,1432,29,29
2019-10-07,BOS,10,1663,22,22
2019-10-07,BOS,11,2115,31,31
2019-10-07,BOS,12,1083,19,19
2019-10-07,BOS,13,2509,28,28
2019-10-07,BOS,14,3174,29,29
2019-10-07,BOS,15,3030,28,28
2019-10-07,BOS,16,2170,25,25
2019-10-07,BOS,17,1593,29,29
2019-10-07,BOS,18,1842,29,28
2019-10-07,BOS,19,1460,31,31
2019-10-07,BOS,20,1653,20,20
2019-10-07,BOS,21,940,16,16
2019-10-07,BOS,22,451,6,6
2019-10-08,BOS,5,1167,15,15
2019-10-08,BOS,6,1774,44,44
2019-10-08,BOS,7,2588,35,35
2019-10-08,BOS,8,1213,37,37
2019-10-08,BOS,9,2015,28,28
2019-10-08,BOS,10,2138,21,21
2019-10-08,BOS,11,2320,30,29
2019-10-08,BOS,12,2171,19,19
2019-10-08,BOS,13,2421,25,25
2019-10-08,BOS,14,2076,29,29
2019-10-08,BOS,15,3254,26,25
2019-10-08,BOS,16,2171,25,24
2019-10-08,BOS,17,2389,29,29
2019-10-08,BOS,18,1653,28,28
2019-10-08,BOS,19,1737,29,29
2019-10-08,BOS,20,966,17,17
2019-10-08,BOS,21,606,10,10
2019-10-08,BOS,22,274,5,5
2019-10-09,BOS,5,1327,14,14
2019-10-09,BOS,6,1687,40,40
2019-10-09,BOS,7,1403,34,33
2019-10-09,BOS,8,1266,36,36
2019-10-09,BOS,9,2436,28,28
2019-10-09,BOS,10,1856,22,22
2019-10-09,BOS,11,2347,31,30
2019-10-09,BOS,12,2460,19,19
2019-10-09,BOS,13,1557,26,26
2019-10-09,BOS,14,2513,28,28
2019-10-09,BOS,15,2620,28,28
2019-10-09,BOS,16,2905,24,24
2019-10-09,BOS,17,3136,29,29
2019-10-09,BOS,18,1985,29,29
2019-10-09,BOS,19,2041,30,30
2019-10-09,BOS,20,1479,17,17
2019-10-09,BOS,21,974,11,11
2019-10-09,BOS,22,164,5,5
2019-10-10,BOS,5,1209,15,15
2019-10-10,BOS,6,1529,42,42
2019-10-10,BOS,7,2130,36,36
2019-10-10,BOS,8,1416,39,38
2019-10-10,BOS,9,1482,29,29
2019-10-10,BOS,10,2241,20,20
2019-10-10,BOS,11,2594,32,32
2019-10-10,BOS,12,1718,19,19
2019-10-10,BOS,13,2549,25,25
2019-10-10,BOS,14,2810,30,29
2019-10-10,BOS,15,2959,29,29
2019-10-10,BOS,16,2589,25,24
2019-10-10,BOS,17,2121,29,29
2019-10-10,BOS,18,1817,30,30
2019-10-10,BOS,19,685,31,31
2019-10-10,BOS,20,2120,20,20
2019-10-10,BOS,21,502,16,16
2019-10-10,BOS,22,429,8,8
2019-10-11,BOS,5,450,17,17
2019-10-11,BOS,6,566,46,46
2019-10-11,BOS,7,665,36,36
2019-10-11,BOS,8,1544,40,39
2019-10-11,BOS,9,2357,29,29
2019-10-11,BOS,10,2317,21,21
2019-10-11,BOS,11,2303,32,32
2019-10-11,BOS,12,1668,19,19
2019-10-11,BOS,13,1670,26,26
2019-10-11,BOS,14,3230,28,28
2019-10-11,BOS,15,2691,28,28
2019-10-11,BOS,16,2054,25,24
2019-10-11,BOS,17,2058,29,29
2019-10-11,BOS,18,1897,29,27
2019-10-11,BOS,19,2526,31,29
2019-10-11,BOS,20,2236,20,20
2019-10-11,BOS,21,1455,16,15
2019-10-11,BOS,22,715,9,7
2019-10-12,BOS,5,467,16,16
2019-10-12,BOS,6,2320,25,25
2019-10-12,BOS,7,2190,24,24
2019-10-12,BOS,8,1533,29,28
2019-10-12,BOS,9,1510,25,25
2019-10-12,BOS,10,2165,19,19
2019-10-12,BOS,11,1841,21,21
2019-10-12,BOS,12,2309,13,13
2019-10-12,BOS,13,2279,21,21
2019-10-12,BOS,14,1818,13,13
2019-10-12,BOS,15,2090,23,23
2019-10-12,BOS,16,1905,19,19
2019-10-12,BOS,17,2056,15,15
2019-10-12,BOS,18,1630,21,21
2019-10-12,BOS,19,1999,12,12
2019-10-12,BOS,20,450,5,5
2019-10-12,BOS,21,865,7,7
2019-10-12,BOS,22,266,5,5
2019-10-13,BOS,5,2241,13,13
2019-10-13,BOS,6,389,33,33
2019-10-13,BOS,7,1930,30,30
2019-10-13,BOS,8,1592,29,28
2019-10-13,BOS,9,579,24,24
2019-10-13,BOS,10,2126,20,20
2019-10-13,BOS,11,1493,29,29
2019-10-13,BOS,12,789,18,18
2019-10-13,BOS,13,2019,26,26
2019-10-13,BOS,14,1620,27,27
2019-10-13,BOS,15,2696,27,27
2019-10-13,BOS,16,2821,22,22
2019-10-13,BOS,17,2258,32,32
2019-10-13,BOS,18,2698,29,29
2019-10-13,BOS,19,3011,30,30
2019-10-13,BOS,20,978,21,21
2019-10-13,BOS,21,1053,16,16
2019-10-13,BOS,22,273,9,9
2019-10-14,BOS,5,1153,17,17
2019-10-14,BOS,6,2282,45,45
2019-10-14,BOS,7,2266,36,36
2019-10-14,BOS,8,2032,39,39
2019-10-14,BOS,9,2266,30,30
2019-10-14,BOS,10,2122,21,21
2019-10-14,BOS,11,2416,32,32
2019-10-14,BOS,12,1381,19,19
2019-10-14,BOS,13,2336,27,27
2019-10-14,BOS,14,1963,28,28
2019-10-14,BOS,15,3863,28,28
2019-10-14,BOS,16,1752,25,25
2019-10-14,BOS,17,2115,29,29
2019-10-14,BOS,18,1543,30,30
2019-10-14,BOS,19,2307,31,31
2019-10-14,BOS,20,1850,20,20
2019-10-14,BOS,21,861,14,14
2019-10-14,BOS,22,332,8,8
2019-10-15,BOS,5,1026,15,15
2019-10-15,BOS,6,476,44,44
2019-10-15,BOS,7,2151,35,35
2019-10-15,BOS,8,1486,38,38
2019-10-15,BOS,9,2342,28,28
2019-10-15,BOS,10,2656,20,20
2019-10-15,BOS,11,1900,32,32
2019-10-15,BOS,12,2553,19,19
2019-10-15,BOS,13,1520,24,24
2019-10-15,BOS,14,1848,29,29
2019-10-15,BOS,15,2818,28,28
2019-10-15,BOS,16,2050,25,25
2019-10-15,BOS,17,2791,30,30
2019-10-15,BOS,18,1762,28,28
2019-10-15,BOS,19,1845,30,30
2019-10-15,BOS,20,1244,17,17
2019-10-15,BOS,21,730,10,10
2019-10-15,BOS,22,239,5,5
2019-10-16,BOS,5,320,15,15
2019-10-16,BOS,6,919,40,40
2019-10-16,BOS,7,1310,34,34
2019-10-16,BOS,8,1153,36,36
2019-10-16,BOS,9,2103,28,28
2019-10-16,BOS,10,2380,21,21
2019-10-16,BOS,11,1711,32,32
2019-10-16,BOS,12,2527,19,19
2019-10-16,BOS,13,697,25,25
2019-10-16,BOS,14,2504,28,28
2019-10-16,BOS,15,1476,28,28
2019-10-16,BOS,16,2208,25,25
2019-10-16,BOS,17,1976,30,30
2019-10-16,BOS,18,1912,29,29
2019-10-16,BOS,19,1804,30,29
2019-10-16,BOS,20,1402,17,17
2019-10-16,BOS,21,753,11,11
2019-10-16,BOS,22,145,5,5
2019-10-17,BOS,5,203,14,14
2019-10-17,BOS,6,1685,42,41
2019-10-17,BOS,7,2206,36,34
2019-10-17,BOS,8,1458,38,36
2019-10-17,BOS,9,1907,29,29
2019-10-17,BOS,10,2161,20,20
2019-10-17,BOS,11,2187,32,31
2019-10-17,BOS,12,1443,19,18
2019-10-17,BOS,13,1677,25,23
2019-10-17,BOS,14,2042,30,28
2019-10-17,BOS,15,2544,29,27
2019-10-17,BOS,16,2598,25,25
2019-10-17,BOS,17,2544,30,29
2019-10-17,BOS,18,2559,29,28
2019-10-17,BOS,19,2259,31,30
2019-10-17,BOS,20,1808,20,19
2019-10-17,BOS,21,1042,16,15
2019-10-17,BOS,22,266,8,7
2019-10-17,BOS,23,110,1,1
2019-10-18,BOS,5,254,17,17
2019-10-18,BOS,6,288,46,46
2019-10-18,BOS,7,1003,36,35
2019-10-18,BOS,8,1985,39,39
2019-10-18,BOS,9,2702,29,29
2019-10-18,BOS,10,2358,20,20
2019-10-18,BOS,11,2774,32,32
2019-10-18,BOS,12,1748,19,19
2019-10-18,BOS,13,2578,26,26
2019-10-18,BOS,14,1940,30,30
2019-10-18,BOS,15,2344,28,28
2019-10-18,BOS,16,2264,25,25
2019-10-18,BOS,17,2373,30,30
2019-10-18,BOS,18,2492,28,28
2019-10-18,BOS,19,2626,31,31
2019-10-18,BOS,20,2012,20,20
2019-10-18,BOS,21,1097,16,16
2019-10-18,BOS,22,511,9,9
2019-10-18,BOS,23,106,1,1
2019-10-19,BOS,5,1040,16,16
2019-10-19,BOS,6,1093,27,27
2019-10-19,BOS,7,835,23,23
2019-10-19,BOS,8,1382,29,29
2019-10-19,BOS,9,2101,25,25
2019-10-19,BOS,10,1774,19,19
2019-10-19,BOS,11,1951,21,21
2019-10-19,BOS,12,2282,13,13
2019-10-19,BOS,13,1857,21,21
2019-10-19,BOS,14,2344,13,13
2019-10-19,BOS,15,2822,23,23
2019-10-19,BOS,16,1993,18,18
2019-10-19,BOS,17,2095,16,16
2019-10-19,BOS,18,2119,21,21
2019-10-19,BOS,19,1231,11,11
2019-10-19,BOS,20,1322,6,6
2019-10-19,BOS,21,697,7,7
2019-10-19,BOS,22,271,5,5
2019-10-19,BOS,23,102,1,1
2019-10-20,BOS,5,702,12,12
2019-10-20,BOS,6,1298,33,33
2019-10-20,BOS,7,1930,29,29
2019-10-20,BOS,8,1658,28,28
2019-10-20,BOS,9,1477,24,24
2019-10-20,BOS,10,2117,20,20
2019-10-20,BOS,11,2735,29,29
2019-10-20,BOS,12,2443,18,18
2019-10-20,BOS,13,2554,26,26
2019-10-20,BOS,14,1964,27,27
2019-10-20,BOS,15,2260,27,27
2019-10-20,BOS,16,1426,22,22
2019-10-20,BOS,17,2639,33,33
2019-10-20,BOS,18,1952,28,28
2019-10-20,BOS,19,2280,30,30
2019-10-20,BOS,20,1555,21,21
2019-10-20,BOS,21,737,16,16
2019-10-20,BOS,22,252,9,8
2019-10-20,BOS,23,1,1,1
2019-10-21,BOS,5,265,17,17
2019-10-21,BOS,6,396,46,46
2019-10-21,BOS,7,1097,36,35
2019-10-21,BOS,8,1782,38,38
2019-10-21,BOS,9,2395,30,30
2019-10-21,BOS,10,1651,21,21
2019-10-21,BOS,11,939,32,32
2019-10-21,BOS,12,1574,19,18
2019-10-21,BOS,13,2409,27,27
2019-10-21,BOS,14,1269,29,29
2019-10-21,BOS,15,2173,28,28
2019-10-21,BOS,16,2057,25,25
2019-10-21,BOS,17,2129,30,30
2019-10-21,BOS,18,2199,29,29
2019-10-21,BOS,19,1546,31,31
2019-10-21,BOS,20,1479,20,20
2019-10-21,BOS,21,1018,14,14
2019-10-21,BOS,22,200,8,8
2019-10-21,BOS,23,122,1,1
2019-10-22,BOS,5,241,15,15
2019-10-22,BOS,6,1852,43,43
2019-10-22,BOS,7,1585,35,35
2019-10-22,BOS,8,1292,37,36
2019-10-22,BOS,9,1964,28,28
2019-10-22,BOS,10,2394,20,20
2019-10-22,BOS,11,2432,32,32
2019-10-22,BOS,12,1586,19,19
2019-10-22,BOS,13,1473,24,24
2019-10-22,BOS,14,1821,29,29
2019-10-22,BOS,15,3181,27,27
2019-10-22,BOS,16,3070,24,24
2019-10-22,BOS,17,1640,30,30
2019-10-22,BOS,18,1804,28,28
2019-10-22,BOS,19,1662,29,29
2019-10-22,BOS,20,1201,17,17
2019-10-22,BOS,21,688,10,10
2019-10-22,BOS,22,135,5,5
2019-10-23,BOS,5,295,14,14
2019-10-23,BOS,6,1777,40,40
2019-10-23,BOS,7,1607,34,34
2019-10-23,BOS,8,1272,36,36
2019-10-23,BOS,9,1483,28,28
2019-10-23,BOS,10,2682,21,21
2019-10-23,BOS,11,2647,32,32
2019-10-23,BOS,12,1783,19,19
2019-10-23,BOS,13,2427,25,25
2019-10-23,BOS,14,1951,28,28
2019-10-23,BOS,15,1769,28,28
2019-10-23,BOS,16,1971,24,24
2019-10-23,BOS,17,2793,30,30
2019-10-23,BOS,18,2102,29,29
2019-10-23,BOS,19,1805,30,30
2019-10-23,BOS,20,1193,17,17
2019-10-23,BOS,21,495,11,11
2019-10-23,BOS,22,239,5,5
2019-10-24,BOS,5,221,14,14
2019-10-24,BOS,6,1912,42,42
2019-10-24,BOS,7,1482,36,36
2019-10-24,BOS,8,1491,38,38
2019-10-24,BOS,9,1990,29,29
2019-10-24,BOS,10,2386,20,20
2019-10-24,BOS,11,2218,32,32
2019-10-24,BOS,12,2348,19,19
2019-10-24,BOS,13,2695,25,25
2019-10-24,BOS,14,1256,30,30
2019-10-24,BOS,15,2308,29,28
2019-10-24,BOS,16,2304,25,25
2019-10-24,BOS,17,1444,29,29
2019-10-24,BOS,18,2262,29,29
2019-10-24,BOS,19,1196,31,31
2019-10-24,BOS,20,1629,20,20
2019-10-24,BOS,21,1077,16,16
2019-10-24,BOS,22,351,8,8
2019-10-24,BOS,23,130,1,1
2019-10-25,BOS,5,257,17,17
2019-10-25,BOS,6,1191,45,44
2019-10-25,BOS,7,1721,36,36
2019-10-25,BOS,8,1661,39,38
2019-10-25,BOS,9,2224,29,29
2019-10-25,BOS,10,2563,21,21
2019-10-25,BOS,11,2650,32,32
2019-10-25,BOS,12,679,19,19
2019-10-25,BOS,13,1497,26,26
2019-10-25,BOS,14,1112,29,29
2019-10-25,BOS,15,2359,28,28
2019-10-25,BOS,16,2152,25,25
2019-10-25,BOS,17,1930,29,29
2019-10-25,BOS,18,2325,28,28
2019-10-25,BOS,19,2259,32,32
2019-10-25,BOS,20,1695,20,20
2019-10-25,BOS,21,665,16,16
2019-10-25,BOS,22,322,9,9
2019-10-25,BOS,23,177,1,1
2019-10-26,BOS,5,1161,16,16
2019-10-26,BOS,6,982,27,27
2019-10-26,BOS,7,1738,23,23
2019-10-26,BOS,8,1328,28,28
2019-10-26,BOS,9,994,27,27
2019-10-26,BOS,10,1750,17,17
2019-10-26,BOS,11,1905,19,19
2019-10-26,BOS,12,1819,12,12
2019-10-26,BOS,13,1318,20,19
2019-10-26,BOS,14,2279,13,13
2019-10-26,BOS,15,2937,20,20
2019-10-26,BOS,16,2579,17,17
2019-10-26,BOS,17,2007,15,15
2019-10-26,BOS,18,1470,22,22
2019-10-26,BOS,19,1233,10,10
2019-10-26,BOS,20,1124,8,8
2019-10-26,BOS,21,1103,7,7
2019-10-26,BOS,22,302,6,6
2019-10-26,BOS,23,139,3,3
2019-10-27,BOS,5,917,16,16
2019-10-27,BOS,6,1036,33,33
2019-10-27,BOS,7,990,26,26
2019-10-27,BOS,8,1488,23,23
2019-10-27,BOS,9,1439,22,22
2019-10-27,BOS,10,2358,23,23
2019-10-27,BOS,11,2574,29,29
2019-10-27,BOS,12,3521,18,18
2019-10-27,BOS,13,1099,20,20
2019-10-27,BOS,14,1816,24,24
2019-10-27,BOS,15,2455,24,24
2019-10-27,BOS,16,2295,24,24
2019-10-27,BOS,17,1091,26,26
2019-10-27,BOS,18,2514,26,26
2019-10-27,BOS,19,1834,29,29
2019-10-27,BOS,20,1723,16,16
2019-10-27,BOS,21,1447,14,14
2019-10-27,BOS,22,661,11,11
2019-10-27,BOS,23,111,4,4
2019-10-28,BOS,5,833,20,20
2019-10-28,BOS,6,251,42,42
2019-10-28,BOS,7,2123,32,32
2019-10-28,BOS,8,2543,34,34
2019-10-28,BOS,9,1595,26,26
2019-10-28,BOS,10,1592,24,24
2019-10-28,BOS,11,2580,28,27
2019-10-28,BOS,12,2399,23,22
2019-10-28,BOS,13,2516,19,19
2019-10-28,BOS,14,1720,24,24
2019-10-28,BOS,15,2357,22,22
2019-10-28,BOS,16,2027,28,28
2019-10-28,BOS,17,2519,27,27
2019-10-28,BOS,18,2015,27,27
2019-10-28,BOS,19,1869,30,30
2019-10-28,BOS,20,1386,12,12
2019-10-28,BOS,21,920,14,14
2019-10-28,BOS,22,341,10,10
2019-10-28,BOS,23,102,4,4
2019-10-29,BOS,5,1824,17,17
2019-10-29,BOS,6,1828,40,40
2019-10-29,BOS,7,1653,31,31
2019-10-29,BOS,8,952,35,35
2019-10-29,BOS,9,1786,23,23
2019-10-29,BOS,10,2104,24,24
2019-10-29,BOS,11,2412,28,28
2019-10-29,BOS,12,2274,22,22
2019-10-29,BOS,13,2796,19,19
2019-10-29,BOS,14,2599,25,25
2019-10-29,BOS,15,2515,21,20
2019-10-29,BOS,16,2526,27,27
2019-10-29,BOS,17,2100,28,28
2019-10-29,BOS,18,2021,25,25
2019-10-29,BOS,19,1447,26,26
2019-10-29,BOS,20,958,11,11
2019-10-29,BOS,21,928,13,13
2019-10-29,BOS,22,233,7,7
2019-10-29,BOS,23,119,4,4
2019-10-30,BOS,5,1579,16,16
2019-10-30,BOS,6,2183,39,39
2019-10-30,BOS,7,2347,32,31
2019-10-30,BOS,8,1021,33,33
2019-10-30,BOS,9,1570,22,22
2019-10-30,BOS,10,2143,24,24
2019-10-30,BOS,11,1952,29,29
2019-10-30,BOS,12,1450,22,22
2019-10-30,BOS,13,2278,19,19
2019-10-30,BOS,14,2688,24,24
2019-10-30,BOS,15,1955,21,21
2019-10-30,BOS,16,1330,26,26
2019-10-30,BOS,17,2743,27,27
2019-10-30,BOS,18,1995,27,27
2019-10-30,BOS,19,1645,28,28
2019-10-30,BOS,20,1389,12,12
2019-10-30,BOS,21,999,13,13
2019-10-30,BOS,22,303,7,7
2019-10-30,BOS,23,68,4,4
2019-10-31,BOS,5,1870,16,16
2019-10-31,BOS,6,2041,38,38
2019-10-31,BOS,7,2381,33,33
2019-10-31,BOS,8,1149,30,30
2019-10-31,BOS,9,1566,24,23
2019-10-31,BOS,10,1485,21,21
2019-10-31,BOS,11,2350,28,27
2019-10-31,BOS,12,1360,25,25
2019-10-31,BOS,13,1587,17,17
2019-10-31,BOS,14,1347,22,22
2019-10-31,BOS,15,1782,20,20
2019-10-31,BOS,16,1528,25,25
2019-10-31,BOS,17,1980,20,20
2019-10-31,BOS,18,1206,25,24
2019-10-31,BOS,19,2088,18,16
2019-10-31,BOS,20,1797,8,8
2019-10-31,BOS,21,1041,12,11
2019-10-31,BOS,22,211,9,7
2019-10-31,BOS,23,204,4,4
2019-11-01,BOS,5,130,21,21
2019-11-01,BOS,6,1198,39,39
2019-11-01,BOS,7,2679,32,32
2019-11-01,BOS,8,1543,30,30
2019-11-01,BOS,9,1633,25,25
2019-11-01,BOS,10,2026,23,23
2019-11-01,BOS,11,2429,29,29
2019-11-01,BOS,12,1947,24,23
2019-11-01,BOS,13,2388,18,18
2019-11-01,BOS,14,1228,22,22
2019-11-01,BOS,15,2084,22,22
2019-11-01,BOS,16,1908,27,27
2019-11-01,BOS,17,1763,23,23
2019-11-01,BOS,18,2099,28,28
2019-11-01,BOS,19,1923,27,27
2019-11-01,BOS,20,1881,10,10
2019-11-01,BOS,21,1269,14,14
2019-11-01,BOS,22,570,9,9
2019-11-01,BOS,23,123,4,4
2019-11-02,BOS,5,1956,18,18
2019-11-02,BOS,6,1834,29,29
2019-11-02,BOS,7,1679,20,20
2019-11-02,BOS,8,1080,25,25
2019-11-02,BOS,9,2106,22,22
2019-11-02,BOS,10,1750,19,19
2019-11-02,BOS,11,1684,25,25
2019-11-02,BOS,12,1262,14,14
2019-11-02,BOS,13,1864,14,14
2019-11-02,BOS,14,1946,15,15
2019-11-02,BOS,15,2234,16,16
2019-11-02,BOS,16,2053,19,19
2019-11-02,BOS,17,2265,16,16
2019-11-02,BOS,18,1706,19,19
2019-11-02,BOS,19,1157,12,12
2019-11-02,BOS,20,1460,6,6
2019-11-02,BOS,21,1155,9,9
2019-11-02,BOS,22,391,9,9
2019-11-02,BOS,23,7,3,3
2019-11-03,BOS,5,2163,17,17
2019-11-03,BOS,6,2210,34,34
2019-11-03,BOS,7,2007,24,24
2019-11-03,BOS,8,1504,21,20
2019-11-03,BOS,9,1221,23,23
2019-11-03,BOS,10,2270,23,23
2019-11-03,BOS,11,2258,31,31
2019-11-03,BOS,12,1323,19,19
2019-11-03,BOS,13,2633,15,14
2019-11-03,BOS,14,2815,30,30
2019-11-03,BOS,15,2478,22,22
2019-11-03,BOS,16,2162,25,25
2019-11-03,BOS,17,2387,24,24
2019-11-03,BOS,18,2840,29,29
2019-11-03,BOS,19,2137,31,31
2019-11-03,BOS,20,1826,15,15
2019-11-03,BOS,21,818,17,17
2019-11-03,BOS,22,259,9,9
2019-11-03,BOS,23,116,4,4
2019-11-04,BOS,5,1265,21,21
2019-11-04,BOS,6,1154,46,46
2019-11-04,BOS,7,985,36,36
2019-11-04,BOS,8,1587,32,32
2019-11-04,BOS,9,1286,28,28
2019-11-04,BOS,10,1890,26,25
2019-11-04,BOS,11,2223,29,29
2019-11-04,BOS,12,1253,25,25
2019-11-04,BOS,13,2390,22,22
2019-11-04,BOS,14,3090,25,25
2019-11-04,BOS,15,2189,23,22
2019-11-04,BOS,16,1480,27,27
2019-11-04,BOS,17,2038,25,25
2019-11-04,BOS,18,2039,31,31
2019-11-04,BOS,19,1812,33,33
2019-11-04,BOS,20,1365,18,18
2019-11-04,BOS,21,588,16,16
2019-11-04,BOS,22,309,9,9
2019-11-04,BOS,23,90,4,4
2019-11-05,BOS,5,2089,18,18
2019-11-05,BOS,6,1573,45,45
2019-11-05,BOS,7,1267,33,33
2019-11-05,BOS,8,1322,31,31
2019-11-05,BOS,9,2737,26,26
2019-11-05,BOS,10,2149,25,25
2019-11-05,BOS,11,2097,25,25
2019-11-05,BOS,12,2139,23,23
2019-11-05,BOS,13,2301,22,22
2019-11-05,BOS,14,2262,23,23
2019-11-05,BOS,15,2372,21,21
2019-11-05,BOS,16,1972,23,23
2019-11-05,BOS,17,3035,24,24
2019-11-05,BOS,18,2017,30,30
2019-11-05,BOS,19,1644,32,32
2019-11-05,BOS,20,1292,14,14
2019-11-05,BOS,21,480,15,15
2019-11-05,BOS,22,274,7,7
2019-11-05,BOS,23,87,2,2
2019-11-06,BOS,5,1744,16,16
2019-11-06,BOS,6,1824,46,46
2019-11-06,BOS,7,1092,34,34
2019-11-06,BOS,8,2044,31,31
2019-11-06,BOS,9,1986,24,24
2019-11-06,BOS,10,2273,26,26
2019-11-06,BOS,11,2444,24,24
2019-11-06,BOS,12,1349,24,24
2019-11-06,BOS,13,1971,22,22
2019-11-06,BOS,14,3092,23,23
2019-11-06,BOS,15,2114,21,21
2019-11-06,BOS,16,1211,23,23
2019-11-06,BOS,17,2256,26,26
2019-11-06,BOS,18,2327,31,31
2019-11-06,BOS,19,1783,32,32
2019-11-06,BOS,20,1301,16,16
2019-11-06,BOS,21,506,13,13
2019-11-06,BOS,22,176,7,7
2019-11-06,BOS,23,94,2,2
2019-11-07,BOS,5,2317,19,19
2019-11-07,BOS,6,2101,46,45
2019-11-07,BOS,7,2420,34,34
2019-11-07,BOS,8,1230,31,31
2019-11-07,BOS,9,1418,26,25
2019-11-07,BOS,10,1062,27,27
2019-11-07,BOS,11,2570,28,28
2019-11-07,BOS,12,2419,25,25
2019-11-07,BOS,13,1678,22,22
2019-11-07,BOS,14,2396,27,27
2019-11-07,BOS,15,1478,25,25
2019-11-07,BOS,16,1904,26,26
2019-11-07,BOS,17,1375,27,27
2019-11-07,BOS,18,1651,30,30
2019-11-07,BOS,19,1526,34,34
2019-11-07,BOS,20,2109,19,19
2019-11-07,BOS,21,950,16,16
2019-11-07,BOS,22,555,8,8
2019-11-07,BOS,23,169,2,2
2019-11-08,BOS,5,363,21,21
2019-11-08,BOS,6,1234,47,47
2019-11-08,BOS,7,1774,35,35
2019-11-08,BOS,8,1366,31,31
2019-11-08,BOS,9,1952,28,28
2019-11-08,BOS,10,1588,28,28
2019-11-08,BOS,11,2365,28,28
2019-11-08,BOS,12,2543,25,25
2019-11-08,BOS,13,1666,22,22
2019-11-08,BOS,14,1846,27,27
2019-11-08,BOS,15,2133,25,25
2019-11-08,BOS,16,1142,26,26
2019-11-08,BOS,17,2182,27,26
2019-11-08,BOS,18,1580,30,30
2019-11-08,BOS,19,2067,34,34
2019-11-08,BOS,20,1927,18,18
2019-11-08,BOS,21,825,16,16
2019-11-08,BOS,22,314,9,9
2019-11-08,BOS,23,90,2,2
2019-11-09,BOS,5,417,14,14
2019-11-09,BOS,6,1733,31,31
2019-11-09,BOS,7,1430,22,22
2019-11-09,BOS,8,1120,24,24
2019-11-09,BOS,9,2131,19,19
2019-11-09,BOS,10,1706,16,16
2019-11-09,BOS,11,1617,24,24
