Date,Airport,TSA_Throughput,Scheduled_Departures,Actual_Departures
2019-01-01,BOS,8782,327,327.0
2019-01-02,BOS,18344,362,362.0
2019-01-03,BOS,15499,358,357.0
2019-01-04,BOS,13271,359,358.0
2019-01-05,BOS,8810,279,279.0
2019-01-06,BOS,19942,370,370.0
2019-01-07,BOS,17864,411,411.0
2019-01-08,BOS,11160,393,392.0
2019-01-09,BOS,8603,400,399.0
2019-01-10,BOS,9308,408,404.0
2019-01-11,BOS,7195,408,407.0
2019-01-12,BOS,9320,257,254.0
2019-01-13,BOS,10638,340,329.0
2019-01-14,BOS,9467,409,401.0
2019-01-15,BOS,8468,391,389.0
2019-01-16,BOS,13390,397,397.0
2019-01-17,BOS,11553,408,406.0
2019-01-18,BOS,14713,407,402.0
2019-01-19,BOS,10238,251,217.0
2019-01-20,BOS,9283,290,64.0
2019-01-21,BOS,26900,389,223.0
2019-01-22,BOS,28785,393,270.0
2019-01-23,BOS,26983,398,379.0
2019-01-24,BOS,27901,410,388.0
2019-01-25,BOS,29974,409,407.0
2019-01-26,BOS,21313,255,255.0
2019-01-27,BOS,26999,341,339.0
2019-01-28,BOS,24286,410,397.0
2019-01-29,BOS,25129,392,384.0
2019-01-30,BOS,27632,398,375.0
2019-01-31,BOS,30165,410,386.0
2019-02-01,BOS,30312,415,410.0
2019-02-02,BOS,26956,250,249.0
2019-02-03,BOS,33084,312,312.0
2019-02-04,BOS,34997,417,416.0
2019-02-05,BOS,35557,393,388.0
2019-02-06,BOS,36344,398,394.0
2019-02-07,BOS,39336,410,404.0
2019-02-08,BOS,40258,409,407.0
2019-02-09,BOS,31908,254,254.0
2019-02-10,BOS,6026,341,340.0
2019-02-11,BOS,22647,409,402.0
2019-02-12,BOS,28159,393,301.0
2019-02-13,BOS,23772,397,372.0
2019-02-14,BOS,19684,401,401.0
2019-02-15,BOS,10926,408,407.0
2019-02-16,BOS,6111,279,278.0
2019-02-17,BOS,31832,315,312.0
2019-02-18,BOS,53970,397,377.0
2019-02-19,BOS,62680,398,394.0
2019-02-20,BOS,60797,400,371.0
2019-02-21,BOS,32671,408,385.0
2019-02-22,BOS,33258,410,407.0
2019-02-23,BOS,27018,283,283.0
2019-02-24,BOS,30248,356,347.0
2019-02-25,BOS,29388,408,398.0
2019-02-26,BOS,25995,413,413.0
2019-02-27,BOS,13355,404,401.0
2019-02-28,BOS,15190,426,420.0
2019-03-01,BOS,32044,428,414.0
2019-03-02,BOS,31746,303,258.0
2019-03-03,BOS,29166,382,368.0
2019-03-04,BOS,26735,442,255.0
2019-03-05,BOS,25217,433,425.0
2019-03-06,BOS,31976,432,432.0
2019-03-07,BOS,29685,444,443.0
2019-03-08,BOS,480,445,445.0
2019-03-09,BOS,33109,306,304.0
2019-03-10,BOS,66221,387,370.0
2019-03-11,BOS,59653,446,443.0
2019-03-12,BOS,30342,440,437.0
2019-03-13,BOS,32527,436,425.0
2019-03-14,BOS,32019,446,435.0
2019-03-15,BOS,30023,447,444.0
2019-03-16,BOS,30600,307,307.0
2019-03-17,BOS,31909,388,387.0
2019-03-18,BOS,32712,447,447.0
2019-03-19,BOS,30998,441,433.0
2019-03-20,BOS,29604,437,428.0
2019-03-21,BOS,30983,445,439.0
2019-03-22,BOS,6280,445,439.0
2019-03-23,BOS,27285,308,305.0
2019-03-24,BOS,57290,387,385.0
2019-03-25,BOS,29231,445,437.0
2019-03-26,BOS,26139,440,435.0
2019-03-27,BOS,30482,436,430.0
2019-03-28,BOS,30197,445,438.0
2019-03-29,BOS,30382,446,441.0
2019-03-30,BOS,465,306,301.0
2019-03-31,BOS,50199,389,388.0
2019-04-01,BOS,41581,448,442.0
2019-04-02,BOS,28478,438,433.0
2019-04-03,BOS,9784,444,437.0
2019-04-04,BOS,22403,455,451.0
2019-04-05,BOS,32981,455,451.0
2019-04-06,BOS,33593,320,316.0
2019-04-07,BOS,60890,392,391.0
2019-04-08,BOS,33310,464,460.0
2019-04-09,BOS,33834,447,444.0
2019-04-10,BOS,32582,453,447.0
2019-04-11,BOS,34109,465,460.0
2019-04-12,BOS,35969,465,463.0
2019-04-13,BOS,31404,330,328.0
2019-04-14,BOS,34062,403,381.0
2019-04-15,BOS,33304,469,457.0
2019-04-16,BOS,34355,453,449.0
2019-04-17,BOS,122,456,452.0
2019-04-18,BOS,34207,467,464.0
2019-04-19,BOS,34380,460,389.0
2019-04-20,BOS,34567,325,310.0
2019-04-21,BOS,62183,395,390.0
2019-04-22,BOS,33747,467,463.0
2019-04-23,BOS,32647,449,448.0
2019-04-24,BOS,33353,453,452.0
2019-04-25,BOS,32577,462,459.0
2019-04-26,BOS,34370,461,430.0
2019-04-27,BOS,7981,326,318.0
2019-04-28,BOS,21467,395,395.0
2019-05-05,BOS,32418,402,397.0
2019-05-06,BOS,34647,457,452.0
2019-05-07,BOS,32330,435,434.0
2019-05-08,BOS,35432,436,435.0
2019-05-09,BOS,36016,451,448.0
2019-05-10,BOS,39900,456,454.0
2019-05-11,BOS,31214,298,298.0
2019-05-12,BOS,35895,387,381.0
2019-05-13,BOS,37660,457,456.0
2019-05-14,BOS,32550,435,432.0
2019-05-15,BOS,35310,437,437.0
2019-05-16,BOS,36228,454,452.0
2019-05-17,BOS,33548,458,457.0
2019-05-18,BOS,34163,310,309.0
2019-05-19,BOS,36335,403,402.0
2019-05-20,BOS,38283,457,450.0
2019-05-21,BOS,37315,437,432.0
2019-05-22,BOS,37817,439,438.0
2019-05-23,BOS,11352,455,435.0
2019-05-24,BOS,25116,456,451.0
2019-05-25,BOS,36769,303,302.0
2019-05-26,BOS,62019,318,318.0
2019-05-27,BOS,32014,423,416.0
2019-05-28,BOS,36259,438,425.0
2019-05-29,BOS,33298,438,405.0
2019-05-30,BOS,36869,457,439.0
2019-05-31,BOS,37456,457,454.0
2019-06-01,BOS,31207,310,308.0
2019-06-02,BOS,35268,402,402.0
2019-06-03,BOS,36736,457,451.0
2019-06-04,BOS,100,434,432.0
2019-06-05,BOS,33239,435,431.0
2019-06-06,BOS,32047,453,453.0
2019-06-07,BOS,34495,457,454.0
2019-06-08,BOS,36425,328,323.0
2019-06-09,BOS,48859,409,403.0
2019-06-10,BOS,60639,461,439.0
2019-06-11,BOS,36721,432,426.0
2019-06-12,BOS,37443,438,425.0
2019-06-13,BOS,37392,452,444.0
2019-06-14,BOS,37238,451,446.0
2019-06-15,BOS,36196,341,339.0
2019-06-16,BOS,37040,405,402.0
2019-06-17,BOS,33602,455,446.0
2019-06-18,BOS,36617,438,425.0
2019-06-19,BOS,38174,442,436.0
2019-06-20,BOS,30271,454,429.0
2019-06-21,BOS,34938,452,449.0
2019-06-22,BOS,33013,343,340.0
2019-06-23,BOS,38483,406,400.0
2019-06-24,BOS,36675,456,452.0
2019-06-25,BOS,36989,438,431.0
2019-06-26,BOS,33844,442,441.0
2019-06-27,BOS,33373,454,450.0
2019-06-28,BOS,35411,452,450.0
2019-06-29,BOS,35652,344,337.0
2019-06-30,BOS,34939,371,363.0
2019-07-01,BOS,38084,379,375.0
2019-07-02,BOS,33755,353,349.0
2019-07-03,BOS,455,350,347.0
2019-07-04,BOS,31512,302,298.0
2019-07-05,BOS,32652,319,317.0
2019-07-06,BOS,35448,338,321.0
2019-07-07,BOS,74513,406,392.0
2019-07-08,BOS,34768,460,454.0
2019-07-09,BOS,32691,454,452.0
2019-07-10,BOS,35932,454,453.0
2019-07-11,BOS,37382,458,417.0
2019-07-12,BOS,37868,456,445.0
2019-07-13,BOS,35269,347,343.0
2019-07-14,BOS,38994,410,410.0
2019-07-15,BOS,38116,460,457.0
2019-07-16,BOS,34549,454,450.0
2019-07-17,BOS,38183,454,408.0
2019-07-18,BOS,35772,458,421.0
2019-07-19,BOS,35354,456,453.0
2019-07-20,BOS,36865,346,344.0
2019-07-21,BOS,35946,410,404.0
2019-07-22,BOS,37351,460,424.0
2019-07-23,BOS,36360,454,449.0
2019-07-24,BOS,40087,454,450.0
2019-07-25,BOS,32868,458,458.0
2019-07-26,BOS,36422,456,455.0
2019-07-27,BOS,32169,347,347.0
2019-07-28,BOS,37017,410,410.0
2019-07-29,BOS,35136,460,456.0
2019-07-30,BOS,38085,454,452.0
2019-07-31,BOS,36945,454,392.0
2019-08-01,BOS,37271,458,449.0
2019-08-02,BOS,35287,456,452.0
2019-08-03,BOS,32248,345,343.0
2019-08-04,BOS,34770,412,412.0
2019-08-05,BOS,37127,461,460.0
2019-08-06,BOS,34888,454,447.0
2019-08-07,BOS,454,454,375.0
2019-08-08,BOS,37494,458,421.0
2019-08-09,BOS,38896,457,456.0
2019-08-10,BOS,34451,345,345.0
2019-08-11,BOS,67225,413,412.0
2019-08-12,BOS,36653,460,459.0
2019-08-13,BOS,36824,453,448.0
2019-08-14,BOS,33124,452,450.0
2019-08-15,BOS,36898,458,447.0
2019-08-16,BOS,34661,457,452.0
2019-08-17,BOS,33266,344,344.0
2019-08-18,BOS,36174,413,405.0
2019-08-19,BOS,35405,459,445.0
2019-08-20,BOS,34283,448,434.0
2019-08-21,BOS,35092,449,416.0
2019-08-22,BOS,766,460,451.0
2019-08-23,BOS,36696,460,458.0
2019-08-24,BOS,36544,339,339.0
2019-08-25,BOS,43533,421,421.0
2019-08-26,BOS,59927,461,460.0
2019-08-27,BOS,30007,445,443.0
2019-08-28,BOS,5169,448,446.0
2019-08-29,BOS,17326,460,457.0
2019-08-30,BOS,13317,458,458.0
2019-08-31,BOS,36046,315,313.0
2019-09-01,BOS,73862,336,333.0
2019-09-02,BOS,76182,416,392.0
2019-09-03,BOS,39658,415,393.0
2019-09-04,BOS,34751,410,398.0
2019-09-05,BOS,32530,426,418.0
2019-09-06,BOS,36945,431,428.0
2019-09-07,BOS,31800,290,288.0
2019-09-08,BOS,35821,409,409.0
2019-09-09,BOS,33761,455,455.0
2019-09-10,BOS,34041,421,421.0
2019-09-11,BOS,35961,424,423.0
2019-09-12,BOS,32581,451,451.0
2019-09-13,BOS,31874,454,453.0
2019-09-14,BOS,34639,293,293.0
2019-09-15,BOS,36619,410,408.0
2019-09-16,BOS,35718,455,455.0
2019-09-17,BOS,25386,421,420.0
2019-09-18,BOS,10744,425,424.0
2019-09-19,BOS,33300,453,448.0
2019-09-20,BOS,36355,457,455.0
2019-09-21,BOS,35957,294,293.0
2019-09-22,BOS,74065,412,412.0
2019-09-23,BOS,36025,458,457.0
2019-09-24,BOS,34524,424,424.0
2019-09-25,BOS,34495,426,424.0
2019-09-26,BOS,34915,454,453.0
2019-09-27,BOS,35817,459,448.0
2019-09-28,BOS,31801,295,295.0
2019-09-29,BOS,38026,415,414.0
2019-09-30,BOS,35485,469,464.0
2019-10-01,BOS,33387,448,445.0
2019-10-02,BOS,7501,450,447.0
2019-10-03,BOS,23040,475,473.0
2019-10-04,BOS,35640,483,481.0
2019-10-05,BOS,35348,309,308.0
2019-10-06,BOS,68128,436,436.0
2019-10-07,BOS,33856,481,479.0
2019-10-08,BOS,35902,452,449.0
2019-10-09,BOS,37068,451,449.0
2019-10-10,BOS,35112,475,472.0
2019-10-11,BOS,34323,481,472.0
2019-10-12,BOS,32390,313,312.0
2019-10-13,BOS,32974,435,434.0
2019-10-14,BOS,36824,479,479.0
2019-10-15,BOS,34026,457,457.0
2019-10-16,BOS,30550,453,452.0
2019-10-17,BOS,35693,474,455.0
2019-10-18,BOS,35244,482,481.0
2019-10-19,BOS,32628,315,315.0
2019-10-20,BOS,35554,433,432.0
2019-10-21,BOS,28280,481,479.0
2019-10-22,BOS,32579,452,451.0
2019-10-23,BOS,33471,451,451.0
2019-10-24,BOS,33822,473,472.0
2019-10-25,BOS,32103,481,479.0
2019-10-26,BOS,31437,310,309.0
2019-10-27,BOS,34749,408,408.0
2019-10-28,BOS,34118,446,444.0
2019-10-29,BOS,35997,426,425.0
2019-10-30,BOS,34315,425,424.0
2019-10-31,BOS,31872,395,387.0
2019-11-01,BOS,34454,427,426.0
2019-11-02,BOS,31964,310,310.0
2019-11-03,BOS,39015,413,411.0
2019-11-04,BOS,31829,476,474.0
2019-11-05,BOS,35991,439,439.0
2019-11-06,BOS,33720,441,441.0
2019-11-07,BOS,34155,472,470.0
2019-11-08,BOS,29728,479,478.0
2019-11-09,BOS,28287,297,296.0
2019-11-10,BOS,33902,421,420.0
2019-11-11,BOS,34612,477,463.0
2019-11-12,BOS,31514,449,446.0
2019-11-13,BOS,29450,449,448.0
2019-11-14,BOS,33263,474,474.0
2019-11-15,BOS,36062,477,476.0
2019-11-16,BOS,26731,297,297.0
2019-11-17,BOS,34247,423,423.0
2019-11-18,BOS,31142,474,471.0
2019-11-19,BOS,32871,455,452.0
2019-11-20,BOS,34288,453,450.0
2019-11-21,BOS,35207,474,474.0
2019-11-22,BOS,32684,482,481.0
2019-11-23,BOS,30927,327,327.0
2019-11-24,BOS,33122,404,401.0
2019-11-25,BOS,34535,420,419.0
2019-11-26,BOS,30109,442,442.0
2019-11-27,BOS,32100,454,454.0
2019-11-28,BOS,25007,275,275.0
2019-11-29,BOS,27940,320,320.0
2019-11-30,BOS,33778,405,405.0
2019-12-01,BOS,27329,479,439.0
2019-12-02,BOS,32254,481,428.0
2019-12-03,BOS,1347,456,333.0
2019-12-04,BOS,34923,433,425.0
2019-12-05,BOS,34007,459,457.0
2019-12-06,BOS,34310,458,458.0
2019-12-07,BOS,35085,275,274.0
2019-12-08,BOS,64659,398,398.0
2019-12-09,BOS,32650,452,431.0
2019-12-10,BOS,35292,429,426.0
2019-12-11,BOS,34763,430,421.0
2019-12-12,BOS,37968,454,454.0
2019-12-13,BOS,33906,456,456.0
2019-12-14,BOS,28760,273,273.0
2019-12-15,BOS,34652,394,393.0
2019-12-16,BOS,34747,450,449.0
2019-12-17,BOS,36820,431,367.0
2019-12-18,BOS,32601,435,426.0
2019-12-19,BOS,37249,453,450.0
2019-12-20,BOS,30141,437,437.0
2019-12-21,BOS,31772,350,350.0
2019-12-22,BOS,33591,386,386.0
2019-12-23,BOS,29857,401,398.0
2019-12-24,BOS,28743,319,316.0
2019-12-25,BOS,30718,306,306.0
2019-12-26,BOS,31718,404,402.0
2019-12-27,BOS,33094,402,400.0
2019-12-28,BOS,33908,346,346.0
2019-12-29,BOS,29756,390,390.0
2019-12-30,BOS,31839,403,402.0
2019-12-31,BOS,24997,333,332.0
2020-01-01,BOS,33272,331,331.0
2020-01-02,BOS,151,382,381.0
2020-01-03,BOS,32691,381,380.0
2020-01-04,BOS,35007,305,305.0
2020-01-05,BOS,66468,370,370.0
2020-01-06,BOS,33403,439,439.0
2020-01-07,BOS,30781,418,417.0
2020-01-08,BOS,30316,410,410.0
2020-01-09,BOS,35405,440,439.0
2020-01-10,BOS,29240,437,434.0
2020-01-11,BOS,28176,275,265.0
2020-01-12,BOS,33286,383,380.0
2020-01-13,BOS,29838,434,431.0
2020-01-14,BOS,29569,414,413.0
2020-01-15,BOS,29530,414,412.0
2020-01-16,BOS,33514,435,433.0
2020-01-17,BOS,30440,439,426.0
2020-01-18,BOS,26220,268,266.0
2020-01-19,BOS,30354,327,325.0
2020-01-20,BOS,18507,416,416.0
2020-01-21,BOS,10568,413,413.0
2020-01-22,BOS,29329,411,409.0
2020-01-23,BOS,29556,429,429.0
2020-01-24,BOS,10281,437,434.0
2020-01-25,BOS,23604,271,269.0
2020-01-26,BOS,59684,379,379.0
2020-01-27,BOS,52070,434,434.0
2020-01-28,BOS,28008,412,412.0
2020-01-29,BOS,25898,410,410.0
2020-01-30,BOS,31246,430,430.0
2020-01-31,BOS,30430,438,438.0
2020-02-01,BOS,6279,270,270.0
2020-02-02,BOS,46927,350,350.0
2020-02-03,BOS,32029,435,433.0
2020-02-04,BOS,27404,412,412.0
2020-02-05,BOS,32097,411,410.0
2020-02-06,BOS,32545,431,423.0
2020-02-07,BOS,31663,438,425.0
2020-02-08,BOS,23255,272,271.0
2020-02-09,BOS,30930,379,377.0
2020-02-10,BOS,30259,435,435.0
2020-02-11,BOS,30699,415,414.0
2020-02-12,BOS,30979,419,417.0
2020-02-13,BOS,30081,438,435.0
2020-02-14,BOS,31252,442,442.0
2020-02-15,BOS,31367,313,313.0
2020-02-16,BOS,29716,354,354.0
2020-02-17,BOS,6318,426,425.0
2020-02-18,BOS,24886,439,439.0
2020-02-19,BOS,30432,434,434.0
2020-02-20,BOS,29483,443,441.0
2020-02-21,BOS,29836,447,446.0
2020-02-22,BOS,106,317,317.0
2020-02-23,BOS,62642,398,397.0
2020-02-24,BOS,31327,444,443.0
2020-02-25,BOS,51604,448,446.0
2020-02-26,BOS,30689,442,440.0
2020-02-27,BOS,29453,456,454.0
2020-02-28,BOS,30343,460,459.0
2020-02-29,BOS,28569,318,318.0
2020-03-01,BOS,31252,405,405.0
2020-03-02,BOS,17225,456,456.0
2020-03-03,BOS,9718,445,444.0
2020-03-04,BOS,30266,444,441.0
2020-03-05,BOS,30881,459,459.0
2020-03-06,BOS,32651,458,458.0
2020-03-07,BOS,799,316,313.0
2020-03-08,BOS,60999,409,408.0
2020-03-09,BOS,56268,460,449.0
2020-03-10,BOS,27250,454,441.0
2020-03-11,BOS,27489,451,440.0
2020-03-12,BOS,29170,467,457.0
2020-03-13,BOS,28515,469,459.0
2020-03-14,BOS,25884,325,321.0
2020-03-15,BOS,25898,418,405.0
2020-03-16,BOS,20170,473,441.0
2020-03-17,BOS,13826,465,416.0
2020-03-18,BOS,10971,463,415.0
2020-03-19,BOS,8625,479,411.0
2020-03-20,BOS,7751,476,396.0
2020-03-21,BOS,7019,332,273.0
2020-03-22,BOS,6940,423,346.0
2020-03-23,BOS,4581,453,255.0
2020-03-24,BOS,3872,443,250.0
2020-03-25,BOS,3188,434,207.0
2020-03-26,BOS,2882,422,197.0
2020-03-27,BOS,2381,414,185.0
2020-03-28,BOS,2589,310,158.0
2020-03-29,BOS,3051,376,180.0
2020-03-30,BOS,2645,402,168.0
2020-03-31,BOS,2223,364,148.0
2020-04-01,BOS,2223,326,138.0
2020-04-02,BOS,1747,303,111.0
2020-04-03,BOS,1824,304,114.0
2020-04-04,BOS,1772,184,94.0
2020-04-05,BOS,1388,216,117.0
2020-04-06,BOS,1186,238,112.0
2020-04-07,BOS,1071,188,84.0
2020-04-08,BOS,1011,154,91.0
2020-04-09,BOS,1165,161,98.0
2020-04-10,BOS,1369,160,109.0
2020-04-11,BOS,1180,128,82.0
2020-04-12,BOS,924,114,81.0
2020-04-13,BOS,851,113,80.0
2020-04-14,BOS,878,108,77.0
2020-04-15,BOS,1132,97,75.0
2020-04-16,BOS,1048,115,82.0
2020-04-17,BOS,1143,110,74.0
2020-04-18,BOS,1203,79,61.0
2020-04-19,BOS,1537,107,74.0
2020-04-20,BOS,1180,97,62.0
2020-04-21,BOS,1226,93,57.0
2020-04-22,BOS,1330,82,59.0
2020-04-23,BOS,1360,99,69.0
2020-04-24,BOS,1694,102,74.0
2020-04-25,BOS,1740,74,53.0
2020-04-26,BOS,1664,102,65.0
2020-04-27,BOS,984,95,60.0
2020-04-28,BOS,1527,91,64.0
2020-04-29,BOS,1408,84,61.0
2020-04-30,BOS,1905,107,79.0
2020-05-01,BOS,2063,87,73.0
2020-05-02,BOS,1929,57,49.0
2020-05-03,BOS,2398,77,75.0
2020-05-04,BOS,2048,67,67.0
2020-05-05,BOS,1712,50,50.0
2020-05-06,BOS,1794,43,43.0
2020-05-07,BOS,2935,86,80.0
2020-05-08,BOS,3027,80,75.0
2020-05-09,BOS,2822,54,50.0
2020-05-10,BOS,3090,78,72.0
2020-05-11,BOS,3004,75,69.0
2020-05-12,BOS,2369,55,55.0
2020-05-13,BOS,2284,56,55.0
2020-05-14,BOS,3238,81,75.0
2020-05-15,BOS,3782,75,70.0
2020-05-16,BOS,3041,50,50.0
2020-05-17,BOS,3368,77,73.0
2020-05-18,BOS,2905,73,66.0
2020-05-19,BOS,2364,53,53.0
2020-05-20,BOS,2746,55,55.0
2020-05-21,BOS,4528,79,77.0
2020-05-22,BOS,4973,73,70.0
2020-05-23,BOS,3780,53,53.0
2020-05-24,BOS,3183,77,74.0
2020-05-25,BOS,3494,71,68.0
2020-05-26,BOS,2886,53,53.0
2020-05-27,BOS,3269,56,56.0
2020-05-28,BOS,4196,79,77.0
2020-05-29,BOS,4124,74,70.0
2020-05-30,BOS,3853,52,52.0
2020-05-31,BOS,5150,78,76.0
2020-06-01,BOS,4900,85,85.0
2020-06-02,BOS,2915,71,71.0
2020-06-03,BOS,4019,78,77.0
2020-06-04,BOS,5065,102,102.0
2020-06-05,BOS,5612,100,100.0
2020-06-06,BOS,4311,74,74.0
2020-06-07,BOS,5624,104,103.0
2020-06-08,BOS,5387,104,102.0
2020-06-09,BOS,4542,81,79.0
2020-06-10,BOS,5233,85,85.0
2020-06-11,BOS,7812,116,116.0
2020-06-12,BOS,8448,111,111.0
2020-06-13,BOS,6498,85,84.0
2020-06-14,BOS,7142,112,110.0
2020-06-15,BOS,6436,113,113.0
2020-06-16,BOS,4992,85,85.0
2020-06-17,BOS,4939,89,89.0
2020-06-18,BOS,7866,117,117.0
2020-06-19,BOS,7825,114,114.0
2020-06-20,BOS,6346,90,90.0
2020-06-21,BOS,7512,115,115.0
2020-06-22,BOS,7904,114,114.0
2020-06-23,BOS,5287,86,86.0
2020-06-24,BOS,6064,92,91.0
2020-06-25,BOS,8456,120,120.0
2020-06-26,BOS,8551,115,115.0
2020-06-27,BOS,7431,92,92.0
2020-06-28,BOS,9886,121,121.0
2020-06-29,BOS,9472,117,117.0
2020-06-30,BOS,7607,87,87.0
2020-07-01,BOS,11758,130,128.0
2020-07-02,BOS,15048,171,170.0
2020-07-03,BOS,14126,170,169.0
2020-07-04,BOS,8532,129,125.0
2020-07-05,BOS,11985,171,168.0
2020-07-06,BOS,13053,174,171.0
2020-07-07,BOS,10957,152,150.0
2020-07-08,BOS,10178,159,159.0
2020-07-09,BOS,11056,192,184.0
2020-07-10,BOS,11296,193,190.0
2020-07-11,BOS,10651,167,166.0
2020-07-12,BOS,11784,192,191.0
2020-07-13,BOS,10332,187,185.0
2020-07-14,BOS,8416,153,150.0
2020-07-15,BOS,9370,156,155.0
2020-07-16,BOS,10918,189,189.0
2020-07-17,BOS,10390,188,187.0
2020-07-18,BOS,9745,167,164.0
2020-07-19,BOS,12258,187,187.0
2020-07-20,BOS,54,190,189.0
2020-07-21,BOS,10365,155,154.0
2020-07-22,BOS,7368,156,154.0
2020-07-23,BOS,7937,189,189.0
2020-07-24,BOS,10295,189,187.0
2020-07-25,BOS,10588,167,163.0
2020-07-26,BOS,20918,189,181.0
2020-07-27,BOS,9219,188,176.0
2020-07-28,BOS,7796,156,144.0
2020-07-29,BOS,7743,158,151.0
2020-07-30,BOS,10184,189,184.0
2020-07-31,BOS,10652,188,187.0
2020-08-01,BOS,10298,167,160.0
2020-08-02,BOS,11899,200,194.0
2020-08-03,BOS,10686,188,186.0
2020-08-04,BOS,7772,148,128.0
2020-08-05,BOS,8087,151,145.0
2020-08-06,BOS,9886,187,181.0
2020-08-07,BOS,9623,182,177.0
2020-08-08,BOS,9620,137,137.0
2020-08-09,BOS,12189,173,173.0
2020-08-10,BOS,9632,159,158.0
2020-08-11,BOS,7220,130,128.0
2020-08-12,BOS,7993,129,129.0
2020-08-13,BOS,10256,172,172.0
2020-08-14,BOS,10456,162,162.0
2020-08-15,BOS,9763,135,135.0
2020-08-16,BOS,13470,172,172.0
2020-08-17,BOS,10071,159,158.0
2020-08-18,BOS,7389,131,129.0
2020-08-19,BOS,7694,133,133.0
2020-08-20,BOS,9988,172,171.0
2020-08-21,BOS,10273,164,163.0
2020-08-22,BOS,8924,139,139.0
2020-08-23,BOS,12409,175,175.0
2020-08-24,BOS,9388,158,158.0
2020-08-25,BOS,6858,130,130.0
2020-08-26,BOS,7124,132,130.0
2020-08-27,BOS,9773,172,169.0
2020-08-28,BOS,9702,163,162.0
2020-08-29,BOS,8831,138,138.0
2020-08-30,BOS,12165,173,173.0
2020-08-31,BOS,9739,161,161.0
2020-09-01,BOS,6813,126,126.0
2020-09-02,BOS,7733,126,124.0
2020-09-03,BOS,11396,165,165.0
2020-09-04,BOS,11889,159,159.0
2020-09-05,BOS,9013,126,125.0
2020-09-06,BOS,9741,137,137.0
2020-09-07,BOS,12273,143,143.0
2020-09-08,BOS,10207,119,119.0
2020-09-09,BOS,7508,109,107.0
2020-09-10,BOS,9690,143,142.0
2020-09-11,BOS,8560,136,135.0
2020-09-12,BOS,8383,113,113.0
2020-09-13,BOS,10657,144,144.0
2020-09-14,BOS,8207,133,133.0
2020-09-15,BOS,5920,107,107.0
2020-09-16,BOS,6407,108,107.0
2020-09-17,BOS,9917,141,140.0
2020-09-18,BOS,9013,136,136.0
2020-09-19,BOS,8364,113,112.0
2020-09-20,BOS,10735,143,143.0
2020-09-21,BOS,8583,133,133.0
2020-09-22,BOS,6407,107,107.0
2020-09-23,BOS,6812,108,108.0
2020-09-24,BOS,9639,141,140.0
2020-09-25,BOS,9673,135,135.0
2020-09-26,BOS,8476,113,113.0
2020-09-27,BOS,11624,144,144.0
2020-09-28,BOS,9910,133,133.0
2020-09-29,BOS,6610,107,107.0
2020-09-30,BOS,6796,109,109.0
2020-10-01,BOS,11053,157,157.0
2020-10-02,BOS,10850,154,154.0
2020-10-03,BOS,9162,124,123.0
2020-10-04,BOS,12422,158,158.0
2020-10-05,BOS,10688,152,151.0
2020-10-06,BOS,7369,113,113.0
2020-10-07,BOS,8939,120,120.0
2020-10-08,BOS,13155,169,169.0
2020-10-09,BOS,13592,160,158.0
2020-10-10,BOS,10986,127,127.0
2020-10-11,BOS,14603,168,167.0
2020-10-12,BOS,13697,160,160.0
2020-10-13,BOS,9902,120,120.0
2020-10-14,BOS,8824,122,122.0
2020-10-15,BOS,12912,167,167.0
2020-10-16,BOS,13544,158,158.0
2020-10-17,BOS,10635,127,127.0
2020-10-18,BOS,15334,167,167.0
2020-10-19,BOS,11835,156,156.0
2020-10-20,BOS,8743,112,112.0
2020-10-21,BOS,8230,115,115.0
2020-10-22,BOS,11314,164,164.0
2020-10-23,BOS,12748,157,157.0
2020-10-24,BOS,10610,119,119.0
2020-10-25,BOS,14007,157,157.0
2020-10-26,BOS,12005,146,145.0
2020-10-27,BOS,7572,108,108.0
2020-10-28,BOS,7849,111,110.0
2020-10-29,BOS,11979,154,154.0
2020-10-30,BOS,11437,146,145.0
2020-10-31,BOS,7982,94,93.0
2020-11-01,BOS,12507,151,149.0
2020-11-02,BOS,345,148,148.0
2020-11-03,BOS,10997,98,96.0
2020-11-04,BOS,6954,109,108.0
2020-11-05,BOS,8133,160,160.0
2020-11-06,BOS,11005,157,157.0
2020-11-07,BOS,12037,122,122.0
2020-11-08,BOS,21810,169,169.0
2020-11-09,BOS,8817,166,166.0
2020-11-10,BOS,6632,111,111.0
2020-11-11,BOS,8891,123,122.0
2020-11-12,BOS,10449,172,169.0
2020-11-13,BOS,11706,165,162.0
2020-11-14,BOS,9208,130,130.0
2020-11-15,BOS,12199,169,168.0
2020-11-16,BOS,9198,165,164.0
2020-11-17,BOS,5849,111,110.0
2020-11-18,BOS,9046,131,131.0
2020-11-19,BOS,12436,190,189.0
2020-11-20,BOS,14513,195,195.0
2020-11-21,BOS,16283,188,188.0
2020-11-22,BOS,14636,199,198.0
2020-11-23,BOS,11586,177,177.0
2020-11-24,BOS,12139,188,186.0
2020-11-25,BOS,15353,199,198.0
2020-11-26,BOS,6946,101,90.0
2020-11-27,BOS,12157,158,154.0
2020-11-28,BOS,13319,199,197.0
2020-11-29,BOS,15829,216,216.0
2020-11-30,BOS,12662,211,209.0
2020-12-01,BOS,10187,161,161.0
2020-12-02,BOS,8805,121,121.0
2020-12-03,BOS,10310,160,157.0
2020-12-04,BOS,10591,148,147.0
2020-12-05,BOS,8763,118,114.0
2020-12-06,BOS,11178,156,149.0
2020-12-07,BOS,8115,146,143.0
2020-12-08,BOS,5773,106,105.0
2020-12-09,BOS,7405,110,110.0
2020-12-10,BOS,9830,157,156.0
2020-12-11,BOS,11386,149,148.0
2020-12-12,BOS,9618,115,115.0
2020-12-13,BOS,11253,156,156.0
2020-12-14,BOS,8238,147,147.0
2020-12-15,BOS,7456,109,109.0
2020-12-16,BOS,12236,123,114.0
2020-12-17,BOS,5711,165,79.0
2020-12-18,BOS,18970,188,182.0
2020-12-19,BOS,16892,181,181.0
2020-12-20,BOS,16701,181,181.0
2020-12-21,BOS,13764,178,178.0
2020-12-22,BOS,15305,180,180.0
2020-12-23,BOS,18536,200,198.0
2020-12-24,BOS,13117,125,124.0
2020-12-25,BOS,11808,112,107.0
2020-12-26,BOS,15751,182,180.0
2020-12-27,BOS,19863,198,198.0
2020-12-28,BOS,17173,182,181.0
2020-12-29,BOS,16497,174,174.0
2020-12-30,BOS,18461,187,187.0
2020-12-31,BOS,13010,118,118.0
2021-01-01,BOS,11517,144,140.0
2021-01-02,BOS,16282,187,185.0
2021-01-03,BOS,18063,200,200.0
2021-01-04,BOS,13893,189,187.0
2021-01-05,BOS,8317,115,115.0
2021-01-06,BOS,8634,109,109.0
2021-01-07,BOS,10410,149,149.0
2021-01-08,BOS,10197,138,136.0
2021-01-09,BOS,9074,112,112.0
2021-01-10,BOS,11208,149,147.0
2021-01-11,BOS,7473,139,138.0
2021-01-12,BOS,5073,102,102.0
2021-01-13,BOS,7277,102,102.0
2021-01-14,BOS,10909,146,146.0
2021-01-15,BOS,12108,139,135.0
2021-01-16,BOS,9855,108,106.0
2021-01-17,BOS,9636,132,132.0
2021-01-18,BOS,8525,135,135.0
2021-01-19,BOS,5056,102,102.0
2021-01-20,BOS,6105,102,100.0
2021-01-21,BOS,8926,143,142.0
2021-01-22,BOS,9565,137,135.0
2021-01-23,BOS,8118,105,105.0
2021-01-24,BOS,8567,144,143.0
2021-01-25,BOS,6435,136,135.0
2021-01-26,BOS,4297,99,98.0
2021-01-27,BOS,5730,101,100.0
2021-01-28,BOS,8959,142,142.0
2021-01-29,BOS,9310,135,132.0
2021-01-30,BOS,8404,106,106.0
2021-01-31,BOS,10521,148,133.0
2021-02-01,BOS,4999,140,67.0
2021-02-02,BOS,3411,99,55.0
2021-02-03,BOS,7990,103,101.0
2021-02-04,BOS,10407,147,145.0
2021-02-05,BOS,11128,139,137.0
2021-02-06,BOS,9461,106,106.0
2021-02-07,BOS,8665,139,128.0
2021-02-08,BOS,6924,140,137.0
2021-02-09,BOS,5844,101,100.0
2021-02-10,BOS,9198,106,106.0
2021-02-11,BOS,15190,174,172.0
2021-02-12,BOS,17304,171,171.0
2021-02-13,BOS,13939,134,132.0
2021-02-14,BOS,15185,163,155.0
2021-02-15,BOS,16110,170,159.0
2021-02-16,BOS,10036,127,120.0
2021-02-17,BOS,11176,127,121.0
2021-02-18,BOS,13013,179,150.0
2021-02-19,BOS,12292,170,158.0
2021-02-20,BOS,12649,134,134.0
2021-02-21,BOS,12434,178,177.0
2021-02-22,BOS,8329,165,165.0
2021-02-23,BOS,6608,117,116.0
2021-02-24,BOS,9886,117,117.0
2021-02-25,BOS,13823,171,170.0
2021-02-26,BOS,14456,162,162.0
2021-02-27,BOS,10128,128,128.0
2021-02-28,BOS,12142,176,176.0
2021-03-01,BOS,10519,165,165.0
2021-03-02,BOS,6956,123,122.0
2021-03-03,BOS,10702,125,125.0
2021-03-04,BOS,13756,184,183.0
2021-03-05,BOS,15690,176,173.0
2021-03-06,BOS,11364,147,147.0
2021-03-07,BOS,11891,189,188.0
2021-03-08,BOS,10530,183,182.0
2021-03-09,BOS,8429,142,142.0
2021-03-10,BOS,11562,151,151.0
2021-03-11,BOS,14690,192,192.0
2021-03-12,BOS,16673,186,186.0
2021-03-13,BOS,738,149,147.0
2021-03-14,BOS,28932,194,186.0
2021-03-15,BOS,12552,188,181.0
2021-03-16,BOS,11806,151,151.0
2021-03-17,BOS,13675,156,154.0
2021-03-18,BOS,15624,197,195.0
2021-03-19,BOS,18594,193,193.0
2021-03-20,BOS,12329,153,153.0
2021-03-21,BOS,17082,195,195.0
2021-03-22,BOS,12372,193,191.0
2021-03-23,BOS,10501,154,154.0
2021-03-24,BOS,14199,157,157.0
2021-03-25,BOS,18395,198,198.0
2021-03-26,BOS,18398,196,195.0
2021-03-27,BOS,12753,155,155.0
2021-03-28,BOS,15057,193,193.0
2021-03-29,BOS,12450,191,189.0
2021-03-30,BOS,11002,157,157.0
2021-03-31,BOS,15163,157,157.0
2021-04-01,BOS,18131,200,199.0
2021-04-02,BOS,16962,186,186.0
2021-04-03,BOS,13180,153,153.0
2021-04-04,BOS,16736,198,197.0
2021-04-05,BOS,17316,191,190.0
2021-04-06,BOS,12730,154,154.0
2021-04-07,BOS,16775,160,160.0
2021-04-08,BOS,19809,214,214.0
2021-04-09,BOS,19700,203,201.0
2021-04-10,BOS,15282,166,164.0
2021-04-11,BOS,18685,209,192.0
2021-04-12,BOS,18720,206,195.0
2021-04-13,BOS,17685,161,161.0
2021-04-14,BOS,18195,174,174.0
2021-04-15,BOS,20549,226,226.0
2021-04-16,BOS,22411,224,224.0
2021-04-17,BOS,18849,200,200.0
2021-04-18,BOS,20061,224,224.0
2021-04-19,BOS,20561,221,221.0
2021-04-20,BOS,17461,169,169.0
2021-04-21,BOS,18529,175,175.0
2021-04-22,BOS,19523,229,229.0
2021-04-23,BOS,19883,226,226.0
2021-04-24,BOS,17057,194,194.0
2021-04-25,BOS,18842,232,232.0
2021-04-26,BOS,15099,220,220.0
2021-04-27,BOS,12944,163,163.0
2021-04-28,BOS,17752,163,163.0
2021-04-29,BOS,20094,214,213.0
2021-04-30,BOS,9,200,200.0
2021-05-01,BOS,20893,168,168.0
2021-05-02,BOS,33808,207,205.0
2021-05-03,BOS,15648,205,205.0
2021-05-04,BOS,13286,156,156.0
2021-05-05,BOS,17618,186,185.0
2021-05-06,BOS,20070,237,237.0
2021-05-07,BOS,21798,229,229.0
2021-05-08,BOS,17746,187,187.0
2021-05-09,BOS,19246,227,227.0
2021-05-10,BOS,18569,231,231.0
2021-05-11,BOS,16328,191,191.0
2021-05-12,BOS,19176,194,192.0
2021-05-13,BOS,22748,238,238.0
2021-05-14,BOS,20672,232,231.0
2021-05-15,BOS,17615,189,189.0
2021-05-16,BOS,20107,229,229.0
2021-05-17,BOS,19926,232,232.0
2021-05-18,BOS,45,194,194.0
2021-05-20,BOS,18110,246,245.0
2021-05-21,BOS,20531,240,239.0
2021-05-22,BOS,20095,192,191.0
2021-05-23,BOS,41535,238,238.0
2021-05-24,BOS,38516,240,240.0
2021-05-25,BOS,19369,197,197.0
2021-05-26,BOS,22288,201,200.0
2021-05-27,BOS,22910,249,249.0
2021-05-28,BOS,24691,245,245.0
2021-05-29,BOS,18030,191,191.0
2021-05-30,BOS,19419,214,214.0
2021-05-31,BOS,22001,241,241.0
2021-06-01,BOS,19501,201,201.0
2021-06-02,BOS,20603,200,200.0
2021-06-03,BOS,22731,251,251.0
2021-06-04,BOS,24203,252,249.0
2021-06-05,BOS,17460,228,227.0
2021-06-06,BOS,24382,270,269.0
2021-06-07,BOS,20189,272,270.0
2021-06-08,BOS,18714,229,227.0
2021-06-09,BOS,21482,233,228.0
2021-06-10,BOS,23023,279,273.0
2021-06-11,BOS,25542,280,279.0
2021-06-12,BOS,19201,240,239.0
2021-06-13,BOS,24979,275,270.0
2021-06-14,BOS,24058,278,274.0
2021-06-15,BOS,24363,255,251.0
2021-06-16,BOS,23387,254,254.0
2021-06-17,BOS,25538,281,278.0
2021-06-18,BOS,27649,281,276.0
2021-06-19,BOS,23322,241,241.0
2021-06-20,BOS,27665,277,270.0
2021-06-21,BOS,25115,281,277.0
2021-06-22,BOS,23723,256,252.0
2021-06-23,BOS,25129,254,253.0
2021-06-24,BOS,25761,283,282.0
2021-06-25,BOS,27219,283,280.0
2021-06-26,BOS,50,241,237.0
2021-06-27,BOS,47262,277,277.0
2021-06-28,BOS,25832,281,278.0
2021-06-29,BOS,23101,256,254.0
2021-06-30,BOS,25068,255,252.0
2021-07-01,BOS,27660,293,280.0
2021-07-02,BOS,27105,289,283.0
2021-07-03,BOS,23835,236,227.0
2021-07-04,BOS,25609,231,231.0
2021-07-05,BOS,26635,286,285.0
2021-07-06,BOS,26258,269,264.0
2021-07-07,BOS,23875,268,265.0
2021-07-08,BOS,25748,297,294.0
2021-07-09,BOS,27345,294,282.0
2021-07-10,BOS,23061,251,245.0
2021-07-11,BOS,28182,291,285.0
2021-07-12,BOS,26840,293,291.0
2021-07-13,BOS,23975,271,269.0
2021-07-14,BOS,26860,269,265.0
2021-07-15,BOS,27679,300,300.0
2021-07-16,BOS,27400,299,299.0
2021-07-17,BOS,22727,255,242.0
2021-07-18,BOS,25768,298,295.0
2021-07-19,BOS,26376,299,299.0
2021-07-20,BOS,26194,275,273.0
2021-07-21,BOS,27247,275,274.0
2021-07-22,BOS,25614,305,305.0
2021-07-23,BOS,27024,302,301.0
2021-07-24,BOS,24969,255,251.0
2021-07-25,BOS,28008,298,293.0
2021-07-26,BOS,27317,299,293.0
2021-07-27,BOS,25294,276,276.0
2021-07-28,BOS,27670,275,275.0
2021-07-29,BOS,28563,305,299.0
2021-07-30,BOS,28660,302,300.0
2021-07-31,BOS,24224,255,252.0
2021-08-01,BOS,28959,299,293.0
2021-08-02,BOS,26802,301,289.0
2021-08-03,BOS,24840,275,251.0
2021-08-04,BOS,25633,273,261.0
2021-08-05,BOS,24989,309,297.0
2021-08-06,BOS,27429,308,297.0
2021-08-07,BOS,24103,259,256.0
2021-08-08,BOS,26733,301,296.0
2021-08-09,BOS,26578,306,298.0
2021-08-10,BOS,25895,281,276.0
2021-08-11,BOS,27643,280,269.0
2021-08-12,BOS,28951,309,302.0
2021-08-13,BOS,28589,308,306.0
2021-08-14,BOS,26182,261,256.0
2021-08-15,BOS,25870,302,296.0
2021-08-16,BOS,28179,305,304.0
2021-08-17,BOS,26097,280,278.0
2021-08-18,BOS,28854,283,280.0
2021-08-19,BOS,26827,311,309.0
2021-08-20,BOS,29554,309,305.0
2021-08-21,BOS,26487,261,259.0
2021-08-22,BOS,21450,306,250.0
2021-08-23,BOS,26585,303,294.0
2021-08-24,BOS,24452,281,279.0
2021-08-25,BOS,25148,283,279.0
2021-08-26,BOS,27584,310,309.0
2021-08-27,BOS,27305,308,306.0
2021-08-28,BOS,22962,260,260.0
2021-08-29,BOS,29417,306,301.0
2021-08-30,BOS,25777,303,302.0
2021-08-31,BOS,22115,280,278.0
2021-09-01,BOS,24041,282,272.0
2021-09-02,BOS,27262,307,292.0
2021-09-03,BOS,26486,305,303.0
2021-09-04,BOS,21849,247,246.0
2021-09-05,BOS,25747,256,254.0
2021-09-06,BOS,26762,285,284.0
2021-09-07,BOS,24322,269,267.0
2021-09-08,BOS,24611,271,269.0
2021-09-09,BOS,24595,303,302.0
2021-09-10,BOS,25699,306,306.0
2021-09-11,BOS,22586,243,243.0
2021-09-12,BOS,27866,299,299.0
2021-09-13,BOS,25409,324,324.0
2021-09-14,BOS,19687,289,285.0
2021-09-15,BOS,23204,293,292.0
2021-09-16,BOS,26079,323,322.0
2021-09-17,BOS,28876,324,324.0
2021-09-18,BOS,21689,257,257.0
2021-09-19,BOS,29468,323,322.0
2021-09-20,BOS,24586,327,327.0
2021-09-21,BOS,21271,292,292.0
2021-09-22,BOS,23369,296,295.0
2021-09-23,BOS,25280,326,310.0
2021-09-24,BOS,27365,327,310.0
2021-09-25,BOS,21856,257,247.0
2021-09-26,BOS,28159,322,322.0
2021-09-27,BOS,26966,328,328.0
2021-09-28,BOS,21277,295,292.0
2021-09-29,BOS,23300,299,298.0
2021-09-30,BOS,27220,326,325.0
2021-10-01,BOS,29135,333,333.0
2021-10-02,BOS,23280,255,255.0
2021-10-03,BOS,27710,324,324.0
2021-10-04,BOS,30831,326,325.0
2021-10-05,BOS,21037,291,291.0
2021-10-06,BOS,25812,297,297.0
2021-10-07,BOS,29261,331,331.0
2021-10-08,BOS,29092,336,332.0
2021-10-09,BOS,24307,263,257.0
2021-10-10,BOS,27919,334,319.0
2021-10-11,BOS,28185,344,341.0
2021-10-12,BOS,25130,311,310.0
2021-10-13,BOS,28627,317,315.0
2021-10-14,BOS,28096,341,339.0
2021-10-15,BOS,26597,343,342.0
2021-10-16,BOS,23508,265,265.0
2021-10-17,BOS,29116,337,337.0
2021-10-18,BOS,27996,340,340.0
2021-10-19,BOS,24902,309,309.0
2021-10-20,BOS,28132,315,315.0
2021-10-21,BOS,25701,340,340.0
2021-10-22,BOS,27210,343,343.0
2021-10-23,BOS,23499,263,263.0
2021-10-24,BOS,25159,336,334.0
2021-10-25,BOS,26975,340,337.0
2021-10-26,BOS,24090,309,308.0
2021-10-27,BOS,22919,314,298.0
2021-10-28,BOS,26840,338,337.0
2021-10-29,BOS,28686,341,334.0
2021-10-30,BOS,21205,263,262.0
2021-10-31,BOS,26849,290,280.0
2021-11-01,BOS,26126,364,350.0
2021-11-02,BOS,22471,343,338.0
2021-11-03,BOS,25383,354,353.0
2021-11-04,BOS,26710,381,379.0
2021-11-05,BOS,29786,385,385.0
2021-11-06,BOS,24132,265,263.0
2021-11-07,BOS,29782,350,349.0
2021-11-08,BOS,25888,360,358.0
2021-11-09,BOS,21910,322,320.0
2021-11-10,BOS,27538,331,331.0
2021-11-11,BOS,28996,358,356.0
2021-11-12,BOS,26951,362,361.0
2021-11-13,BOS,22604,257,255.0
2021-11-14,BOS,30850,351,347.0
2021-11-15,BOS,28442,360,360.0
2021-11-16,BOS,20419,323,319.0
2021-11-17,BOS,24002,331,330.0
2021-11-18,BOS,29128,362,361.0
2021-11-19,BOS,32057,379,378.0
2021-11-20,BOS,28084,278,278.0
2021-11-21,BOS,30237,361,360.0
2021-11-22,BOS,29752,359,357.0
2021-11-23,BOS,31447,362,361.0
2021-11-24,BOS,30331,377,377.0
2021-11-25,BOS,17335,195,194.0
2021-11-26,BOS,28625,268,267.0
2021-11-27,BOS,30080,313,313.0
2021-11-28,BOS,31853,386,386.0
2021-11-29,BOS,31695,380,380.0
2021-11-30,BOS,26813,354,353.0
2021-12-01,BOS,26194,352,351.0
2021-12-02,BOS,29400,381,380.0
2021-12-03,BOS,27342,380,380.0
2021-12-04,BOS,22,266,265.0
2021-12-05,BOS,52448,364,364.0
2021-12-06,BOS,23390,349,347.0
2021-12-07,BOS,21607,312,311.0
2021-12-08,BOS,24653,314,312.0
2021-12-09,BOS,29457,351,351.0
2021-12-10,BOS,28887,352,351.0
2021-12-11,BOS,25241,248,247.0
2021-12-12,BOS,29877,340,340.0
2021-12-13,BOS,27427,349,349.0
2021-12-14,BOS,25567,310,309.0
2021-12-15,BOS,29694,313,310.0
2021-12-16,BOS,31787,337,335.0
2021-12-17,BOS,32715,357,357.0
2021-12-18,BOS,28389,276,276.0
2021-12-19,BOS,31558,330,329.0
2021-12-20,BOS,29401,341,338.0
2021-12-21,BOS,30781,322,321.0
2021-12-22,BOS,28237,323,321.0
2021-12-23,BOS,28292,337,332.0
2021-12-24,BOS,25960,265,251.0
2021-12-25,BOS,27403,242,227.0
2021-12-26,BOS,29149,313,290.0
2021-12-27,BOS,27874,304,282.0
2021-12-28,BOS,29704,297,278.0
2021-12-29,BOS,27301,296,274.0
2021-12-30,BOS,27165,312,277.0
2021-12-31,BOS,23327,262,233.0
2022-01-01,BOS,25177,251,220.0
2022-01-02,BOS,27460,333,283.0
2022-01-03,BOS,6,334,270.0
2022-01-04,BOS,26405,317,294.0
2022-01-05,BOS,25782,328,315.0
2022-01-06,BOS,24222,347,324.0
2022-01-07,BOS,25973,345,186.0
2022-01-08,BOS,17712,250,222.0
2022-01-09,BOS,45881,335,324.0
2022-01-10,BOS,18693,345,332.0
2022-01-11,BOS,14820,309,303.0
2022-01-12,BOS,17427,320,314.0
2022-01-13,BOS,22006,350,346.0
2022-01-14,BOS,25109,353,347.0
2022-01-15,BOS,457,243,236.0
2022-01-16,BOS,38896,302,257.0
2022-01-17,BOS,19749,348,331.0
2022-01-18,BOS,14936,305,303.0
2022-01-19,BOS,15677,319,310.0
2022-01-20,BOS,20032,350,334.0
2022-01-21,BOS,20782,346,343.0
2022-01-22,BOS,17134,246,242.0
2022-01-23,BOS,19074,334,331.0
2022-01-24,BOS,15029,344,341.0
2022-01-25,BOS,12807,307,307.0
2022-01-26,BOS,16591,322,321.0
2022-01-27,BOS,22509,353,351.0
2022-01-28,BOS,27908,351,327.0
2022-01-29,BOS,0,246,0.0
2022-01-30,BOS,12990,339,120.0
2022-01-31,BOS,21595,345,322.0
2022-02-01,BOS,15254,306,304.0
2022-02-02,BOS,17930,318,292.0
2022-02-03,BOS,22015,349,305.0
2022-02-04,BOS,12898,349,117.0
2022-02-05,BOS,20104,244,209.0
2022-02-06,BOS,22109,338,319.0
2022-02-07,BOS,19043,352,346.0
2022-02-08,BOS,16015,315,314.0
2022-02-09,BOS,369,325,324.0
2022-02-10,BOS,20934,351,349.0
2022-02-11,BOS,25828,354,352.0
2022-02-12,BOS,25968,253,252.0
2022-02-13,BOS,45699,301,286.0
2022-02-14,BOS,20693,352,337.0
2022-02-15,BOS,21186,321,321.0
2022-02-16,BOS,26972,339,336.0
2022-02-17,BOS,29073,387,371.0
2022-02-18,BOS,27735,385,383.0
2022-02-19,BOS,29445,285,283.0
2022-02-20,BOS,26772,333,331.0
2022-02-21,BOS,25735,385,381.0
2022-02-22,BOS,24934,360,359.0
2022-02-23,BOS,27882,366,359.0
2022-02-24,BOS,27495,386,367.0
2022-02-25,BOS,12345,387,104.0
2022-02-26,BOS,28218,292,271.0
2022-02-27,BOS,27358,370,360.0
2022-02-28,BOS,23355,385,378.0
2022-03-01,BOS,22255,351,345.0
2022-03-02,BOS,27317,354,348.0
2022-03-03,BOS,29483,372,371.0
2022-03-04,BOS,28685,365,364.0
2022-03-05,BOS,28678,281,277.0
2022-03-06,BOS,28505,356,353.0
2022-03-07,BOS,26315,375,370.0
2022-03-08,BOS,24119,360,358.0
2022-03-09,BOS,27310,352,339.0
2022-03-10,BOS,32709,376,373.0
2022-03-11,BOS,32637,370,366.0
2022-03-12,BOS,28685,291,260.0
2022-03-13,BOS,5,362,335.0
2022-03-14,BOS,37063,376,368.0
2022-03-15,BOS,35853,359,359.0
2022-03-16,BOS,39539,358,358.0
2022-03-17,BOS,38284,380,345.0
2022-03-18,BOS,39992,372,359.0
2022-03-19,BOS,34598,298,295.0
2022-03-20,BOS,30568,364,358.0
2022-03-21,BOS,27577,378,377.0
2022-03-22,BOS,24247,360,359.0
2022-03-23,BOS,26636,360,359.0
2022-03-24,BOS,28660,382,380.0
2022-03-25,BOS,31428,376,373.0
2022-03-26,BOS,25638,293,291.0
2022-03-27,BOS,30736,363,361.0
2022-03-28,BOS,25613,379,378.0
2022-03-29,BOS,24168,364,363.0
2022-03-30,BOS,28297,361,361.0
2022-03-31,BOS,31181,385,369.0
2022-04-01,BOS,33213,387,364.0
2022-04-02,BOS,28120,293,241.0
2022-04-03,BOS,9,374,319.0
2022-05-02,BOS,24671,409,408.0
2022-05-03,BOS,22102,388,386.0
2022-05-06,BOS,32971,411,409.0
2022-05-07,BOS,26660,305,302.0
2022-05-08,BOS,34927,395,394.0
2022-05-09,BOS,33356,417,415.0
2022-05-10,BOS,31265,391,389.0
2022-05-11,BOS,32832,391,390.0
2022-05-12,BOS,37315,417,416.0
2022-05-13,BOS,37554,412,406.0
2022-05-14,BOS,29141,304,298.0
2022-05-16,BOS,44228,417,386.0
2022-05-17,BOS,42339,393,377.0
2022-05-18,BOS,43991,393,393.0
2022-05-19,BOS,47026,418,418.0
2022-05-20,BOS,44909,414,393.0
2022-05-21,BOS,40643,306,292.0
2022-05-23,BOS,43734,419,408.0
2022-05-24,BOS,41650,394,391.0
2022-05-25,BOS,42340,393,392.0
2022-05-26,BOS,41955,420,417.0
2022-05-27,BOS,41235,418,380.0
2022-05-28,BOS,38953,312,298.0
2022-05-29,BOS,36485,368,363.0
2022-05-30,BOS,36511,418,407.0
2022-05-31,BOS,33703,397,394.0
2022-06-01,BOS,33941,388,376.0
2022-06-02,BOS,35848,408,367.0
2022-06-03,BOS,35393,403,387.0
2022-06-04,BOS,31141,304,291.0
2022-06-06,BOS,48078,411,409.0
2022-06-07,BOS,41962,399,397.0
2022-06-08,BOS,41691,398,389.0
2022-06-09,BOS,46601,408,399.0
2022-06-10,BOS,44784,409,405.0
2022-06-11,BOS,42038,310,308.0
2022-06-12,BOS,37439,387,367.0
2022-06-13,BOS,34976,411,398.0
2022-06-14,BOS,35507,400,392.0
2022-06-15,BOS,33750,396,390.0
2022-06-16,BOS,35577,411,332.0
2022-06-17,BOS,39689,408,360.0
2022-06-19,BOS,34775,388,375.0
2022-06-20,BOS,34029,412,408.0
2022-06-21,BOS,35192,400,395.0
2022-06-22,BOS,35859,396,351.0
2022-06-23,BOS,35175,410,385.0
2022-06-24,BOS,36153,410,396.0
2022-06-25,BOS,28998,313,306.0
2022-06-26,BOS,31932,390,381.0
2022-06-27,BOS,38124,411,389.0
2022-06-28,BOS,33755,397,388.0
2022-06-29,BOS,33582,397,391.0
2022-06-30,BOS,34517,412,405.0
2022-07-01,BOS,34077,412,403.0
2022-07-03,BOS,10,347,344.0
2022-07-04,BOS,43317,378,377.0
2022-07-05,BOS,45841,394,387.0
2022-07-06,BOS,43845,381,373.0
2022-07-07,BOS,42178,393,389.0
2022-07-08,BOS,42645,393,393.0
2022-07-09,BOS,40429,315,314.0
2022-07-10,BOS,37572,396,393.0
2022-07-11,BOS,35847,425,425.0
2022-07-12,BOS,33068,411,396.0
2022-07-13,BOS,32262,410,410.0
2022-07-14,BOS,35004,424,423.0
2022-07-15,BOS,35778,426,421.0
2022-07-16,BOS,34293,318,315.0
2022-07-17,BOS,35791,400,393.0
2022-07-18,BOS,34972,426,393.0
2022-07-19,BOS,34439,412,411.0
2022-07-20,BOS,35371,409,408.0
2022-07-21,BOS,36649,428,425.0
2022-07-22,BOS,33687,425,419.0
2022-07-23,BOS,34757,318,314.0
2022-07-24,BOS,36980,402,392.0
2022-07-25,BOS,36039,428,389.0
2022-07-26,BOS,35528,412,396.0
2022-07-27,BOS,36061,410,405.0
2022-07-28,BOS,40398,429,399.0
2022-07-29,BOS,36474,425,415.0
2022-07-30,BOS,32519,320,316.0
2022-07-31,BOS,35965,401,397.0
2022-08-01,BOS,34081,423,416.0
2022-08-02,BOS,35682,408,404.0
2022-08-03,BOS,34065,403,391.0
2022-08-04,BOS,38786,420,390.0
2022-08-05,BOS,35597,419,357.0
2022-08-06,BOS,33313,317,302.0
2022-08-07,BOS,37611,394,375.0
2022-08-08,BOS,35280,417,405.0
2022-08-09,BOS,38104,405,393.0
2022-08-10,BOS,35501,400,379.0
2022-08-11,BOS,35570,417,407.0
2022-08-12,BOS,33710,414,411.0
2022-08-13,BOS,34122,315,314.0
2022-08-14,BOS,33697,392,390.0
2022-08-15,BOS,35234,414,411.0
2022-08-16,BOS,36562,398,395.0
2022-08-17,BOS,35673,397,393.0
2022-08-18,BOS,33253,410,407.0
2022-08-19,BOS,35970,410,408.0
2022-08-20,BOS,34086,322,317.0
2022-08-21,BOS,36778,388,380.0
2022-08-22,BOS,34707,410,386.0
2022-08-23,BOS,33412,399,382.0
2022-08-24,BOS,32347,395,394.0
2022-08-25,BOS,34770,413,413.0
2022-08-26,BOS,37026,409,381.0
2022-08-27,BOS,32209,321,318.0
2022-08-28,BOS,35110,388,387.0
2022-08-29,BOS,35597,412,405.0
2022-08-30,BOS,33426,401,376.0
2022-08-31,BOS,33384,400,397.0
2022-09-01,BOS,36084,411,405.0
2022-09-02,BOS,34927,411,411.0
2022-09-03,BOS,30536,308,308.0
2022-09-04,BOS,34369,348,346.0
2022-09-05,BOS,35492,407,405.0
2022-09-06,BOS,34800,393,389.0
2022-09-07,BOS,30921,383,382.0
2022-09-08,BOS,32925,400,400.0
2022-09-09,BOS,36010,397,396.0
2022-09-10,BOS,33407,310,308.0
2022-09-11,BOS,34536,389,388.0
2022-09-12,BOS,34075,411,410.0
2022-09-13,BOS,29146,393,389.0
2022-09-14,BOS,33168,392,392.0
2022-09-15,BOS,35543,413,411.0
2022-09-16,BOS,31371,405,405.0
2022-09-17,BOS,35672,305,304.0
2022-09-18,BOS,31698,381,378.0
2022-09-19,BOS,33409,410,408.0
2022-09-20,BOS,33055,389,388.0
2022-09-21,BOS,31906,388,387.0
2022-09-22,BOS,33358,408,390.0
2022-09-23,BOS,32407,405,402.0
2022-09-24,BOS,32803,304,304.0
2022-09-25,BOS,32658,385,379.0
2022-09-26,BOS,31909,413,411.0
2022-09-27,BOS,28686,393,386.0
2022-09-28,BOS,30549,393,360.0
2022-09-29,BOS,31394,412,385.0
2022-09-30,BOS,33966,412,388.0
2022-10-01,BOS,31336,314,306.0
2022-10-02,BOS,33808,387,379.0
2022-10-03,BOS,32752,417,413.0
2022-10-04,BOS,32562,392,387.0
2022-10-05,BOS,34328,390,387.0
2022-10-06,BOS,33032,421,420.0
2022-10-07,BOS,30162,422,421.0
2022-10-08,BOS,32448,315,312.0
2022-10-09,BOS,32784,390,389.0
2022-10-10,BOS,29594,427,425.0
2022-10-11,BOS,33183,412,411.0
2022-10-12,BOS,33254,409,409.0
2022-10-13,BOS,33313,425,420.0
2022-10-14,BOS,29609,426,423.0
2022-10-15,BOS,33826,315,315.0
2022-10-16,BOS,32209,391,391.0
2022-10-17,BOS,30737,428,426.0
2022-10-18,BOS,31574,410,408.0
2022-10-19,BOS,31754,409,408.0
2022-10-20,BOS,34475,425,423.0
2022-10-21,BOS,30718,425,425.0
2022-10-22,BOS,32712,312,312.0
2022-10-23,BOS,33949,391,391.0
2022-10-24,BOS,31369,427,426.0
2022-10-25,BOS,32919,410,381.0
2022-10-26,BOS,31011,409,400.0
2022-10-27,BOS,30385,425,422.0
2022-10-28,BOS,32970,426,424.0
2022-10-29,BOS,30636,308,308.0
2022-10-30,BOS,35360,366,366.0
2022-10-31,BOS,31433,363,362.0
2022-11-01,BOS,33028,396,396.0
2022-11-02,BOS,30418,394,393.0
2022-11-03,BOS,31647,413,412.0
2022-11-04,BOS,32052,410,398.0
2022-11-05,BOS,31152,296,292.0
2022-11-06,BOS,32988,384,383.0
2022-11-07,BOS,31744,414,414.0
2022-11-08,BOS,31039,404,403.0
2022-11-09,BOS,34633,403,386.0
2022-11-10,BOS,34944,419,400.0
2022-11-11,BOS,31397,417,410.0
2022-11-12,BOS,30016,319,317.0
2022-11-13,BOS,32136,395,395.0
2022-11-14,BOS,30962,419,419.0
2022-11-15,BOS,27664,406,406.0
2022-11-16,BOS,29801,402,402.0
2022-11-17,BOS,30974,421,419.0
2022-11-18,BOS,32184,420,414.0
2022-11-19,BOS,32267,323,321.0
2022-11-20,BOS,35930,400,399.0
2022-11-21,BOS,36270,418,417.0
2022-11-22,BOS,32629,418,418.0
2022-11-23,BOS,32818,425,425.0
2022-11-24,BOS,20046,228,227.0
2022-11-25,BOS,29780,304,304.0
2022-11-26,BOS,31618,344,344.0
2022-11-27,BOS,35054,420,417.0
2022-11-28,BOS,35395,426,426.0
2022-11-29,BOS,33950,406,404.0
2022-11-30,BOS,30407,394,381.0
2022-12-01,BOS,32104,403,402.0
2022-12-02,BOS,32488,401,400.0
2022-12-03,BOS,26481,295,293.0
2022-12-04,BOS,31817,381,379.0
2022-12-05,BOS,29950,405,405.0
2022-12-06,BOS,28510,394,391.0
2022-12-07,BOS,28254,390,388.0
2022-12-08,BOS,33287,401,399.0
2022-12-09,BOS,31333,403,401.0
2022-12-10,BOS,26111,294,294.0
2022-12-11,BOS,29270,378,361.0
2022-12-12,BOS,30422,402,385.0
2022-12-13,BOS,29927,387,387.0
2022-12-14,BOS,30744,386,385.0
2022-12-15,BOS,34485,396,394.0
2022-12-16,BOS,31669,380,375.0
2022-12-17,BOS,35264,289,287.0
2022-12-18,BOS,33228,348,347.0
2022-12-19,BOS,33216,358,357.0
2022-12-20,BOS,36690,354,352.0
2022-12-21,BOS,35714,364,363.0
2022-12-22,BOS,30437,371,348.0
2022-12-23,BOS,28776,362,265.0
2022-12-24,BOS,30232,256,217.0
2022-12-25,BOS,29057,270,244.0
2022-12-26,BOS,30278,329,294.0
2022-12-27,BOS,28995,332,305.0
2022-12-28,BOS,28298,325,302.0
2022-12-29,BOS,31498,325,311.0
2022-12-30,BOS,31231,322,320.0
2022-12-31,BOS,28388,259,257.0
2023-01-01,BOS,30001,284,279.0
2023-01-02,BOS,31001,326,319.0
2023-01-03,BOS,30957,332,328.0
2023-01-04,BOS,29698,316,309.0
2023-01-05,BOS,28739,326,324.0
2023-01-06,BOS,29588,324,324.0
2023-01-07,BOS,30677,277,277.0
2023-01-08,BOS,30581,350,350.0
2023-01-09,BOS,29915,390,388.0
2023-01-10,BOS,24476,370,370.0
2023-01-11,BOS,24604,361,341.0
2023-01-12,BOS,28577,382,382.0
2023-01-13,BOS,30556,380,379.0
2023-01-14,BOS,26333,274,274.0
2023-01-15,BOS,27321,342,342.0
2023-01-16,BOS,26835,381,353.0
2023-01-17,BOS,26202,369,368.0
2023-01-18,BOS,25037,364,362.0
2023-01-19,BOS,27064,386,383.0
2023-01-20,BOS,27267,385,376.0
2023-01-21,BOS,22364,280,280.0
2023-01-22,BOS,26380,369,367.0
2023-01-23,BOS,24557,385,342.0
2023-01-24,BOS,24385,371,369.0
2023-01-25,BOS,25701,366,358.0
2023-01-26,BOS,27365,389,389.0
2023-01-27,BOS,28775,386,386.0
2023-01-28,BOS,21355,280,279.0
2023-01-29,BOS,29040,370,370.0
2023-01-30,BOS,22726,385,382.0
2023-01-31,BOS,23836,371,364.0
2023-02-01,BOS,23950,367,356.0
2023-02-02,BOS,26904,390,385.0
2023-02-03,BOS,26688,389,380.0
2023-02-04,BOS,23893,280,255.0
2023-02-05,BOS,28126,372,370.0
2023-02-06,BOS,24594,392,391.0
2023-02-07,BOS,23154,374,374.0
2023-02-08,BOS,26483,374,374.0
2023-02-09,BOS,25920,397,395.0
2023-02-10,BOS,28049,396,395.0
2023-02-11,BOS,24017,288,287.0
2023-02-12,BOS,30418,372,371.0
2023-02-13,BOS,27434,395,394.0
2023-02-14,BOS,28534,380,379.0
2023-02-15,BOS,30384,381,381.0
2023-02-16,BOS,30345,407,404.0
2023-02-17,BOS,29313,410,405.0
2023-02-18,BOS,28908,303,303.0
2023-02-19,BOS,26932,377,377.0
2023-02-20,BOS,31812,412,411.0
2023-02-21,BOS,27386,405,404.0
2023-02-22,BOS,28621,403,390.0
2023-02-23,BOS,29669,410,345.0
2023-02-24,BOS,28541,411,401.0
2023-02-25,BOS,26527,305,301.0
2023-02-26,BOS,30892,386,380.0
2023-02-27,BOS,28968,414,398.0
2023-02-28,BOS,25750,404,349.0
2023-03-01,BOS,29647,402,399.0
2023-03-02,BOS,32687,410,408.0
2023-03-03,BOS,31772,413,404.0
2023-03-04,BOS,27855,307,221.0
2023-03-05,BOS,33761,386,383.0
2023-03-06,BOS,27751,417,413.0
2023-03-07,BOS,28032,404,403.0
2023-03-08,BOS,31661,398,397.0
2023-03-09,BOS,31009,419,417.0
2023-03-10,BOS,32677,420,415.0
2023-03-11,BOS,29989,313,311.0
2023-03-12,BOS,32687,391,386.0
2023-03-13,BOS,32996,424,421.0
2023-03-14,BOS,27826,412,294.0
2023-03-15,BOS,31234,413,392.0
2023-03-16,BOS,33454,422,419.0
2023-03-17,BOS,28650,422,421.0
2023-03-18,BOS,29019,313,312.0
2023-03-19,BOS,32169,396,395.0
2023-03-20,BOS,30937,424,422.0
2023-03-21,BOS,29012,413,413.0
2023-03-22,BOS,30020,413,413.0
2023-03-23,BOS,30561,422,422.0
2023-03-24,BOS,31204,422,421.0
2023-03-25,BOS,28361,312,309.0
2023-03-26,BOS,32505,390,385.0
2023-03-27,BOS,30589,420,414.0
2023-03-28,BOS,29453,404,400.0
2023-03-29,BOS,31118,403,399.0
2023-03-30,BOS,33822,419,417.0
2023-03-31,BOS,31733,415,410.0
2023-04-01,BOS,29955,310,292.0
2023-04-02,BOS,32510,389,382.0
2023-04-03,BOS,28849,418,413.0
2023-04-04,BOS,30719,407,403.0
2023-04-05,BOS,30991,411,402.0
2023-04-06,BOS,35393,426,419.0
2023-04-07,BOS,36693,426,423.0
2023-04-08,BOS,31674,326,324.0
2023-04-09,BOS,32799,404,402.0
2023-04-10,BOS,34385,427,426.0
2023-04-11,BOS,33279,412,411.0
2023-04-12,BOS,34506,411,403.0
2023-04-13,BOS,34304,429,417.0
2023-04-14,BOS,31386,427,423.0
2023-04-15,BOS,31247,328,320.0
2023-04-16,BOS,33617,404,394.0
2023-04-17,BOS,33501,428,425.0
2023-04-18,BOS,31536,413,412.0
2023-04-19,BOS,33932,413,412.0
2023-04-20,BOS,33573,431,427.0
2023-04-21,BOS,32730,430,423.0
2023-04-22,BOS,31712,330,323.0
2023-04-23,BOS,32801,408,405.0
2023-04-24,BOS,34805,432,432.0
2023-04-25,BOS,32244,416,416.0
2023-04-26,BOS,33271,414,413.0
2023-04-27,BOS,35851,432,431.0
2023-04-28,BOS,32947,430,428.0
2023-04-29,BOS,28661,328,320.0
2023-04-30,BOS,36040,409,379.0
2023-05-01,BOS,34002,432,427.0
2023-05-02,BOS,30829,414,414.0
2023-05-03,BOS,33410,413,412.0
2023-05-04,BOS,36067,426,425.0
2023-05-05,BOS,34940,416,415.0
2023-05-06,BOS,30670,326,326.0
2023-05-07,BOS,31782,393,392.0
2023-05-08,BOS,35127,424,421.0
2023-05-09,BOS,31196,407,406.0
2023-05-10,BOS,35006,410,408.0
2023-05-11,BOS,35261,423,422.0
2023-05-12,BOS,31788,421,418.0
2023-05-13,BOS,33557,325,323.0
2023-05-14,BOS,35851,401,398.0
2023-05-15,BOS,36267,424,420.0
2023-05-16,BOS,34246,410,406.0
2023-05-17,BOS,32907,410,410.0
2023-05-18,BOS,36266,424,422.0
2023-05-19,BOS,36976,421,420.0
2023-05-20,BOS,34419,326,323.0
2023-05-21,BOS,32518,402,400.0
2023-05-22,BOS,31602,423,423.0
2023-05-23,BOS,35470,408,406.0
2023-05-24,BOS,34062,410,409.0
2023-05-25,BOS,36341,423,420.0
2023-05-26,BOS,32177,420,418.0
2023-05-27,BOS,34750,316,315.0
2023-05-28,BOS,40484,349,349.0
2023-05-29,BOS,36769,415,415.0
2023-05-30,BOS,33284,408,408.0
2023-05-31,BOS,34860,408,407.0
2023-06-01,BOS,37254,417,417.0
2023-06-02,BOS,35782,421,415.0
2023-06-03,BOS,35721,327,325.0
2023-06-04,BOS,35292,403,402.0
2023-06-05,BOS,38633,421,420.0
2023-06-06,BOS,34679,398,398.0
2023-06-07,BOS,35753,400,398.0
2023-06-08,BOS,35986,417,416.0
2023-06-09,BOS,33819,413,412.0
2023-06-10,BOS,34341,326,326.0
2023-06-11,BOS,35409,397,397.0
2023-06-12,BOS,35269,418,411.0
2023-06-13,BOS,35717,398,396.0
2023-06-14,BOS,36767,399,394.0
2023-06-15,BOS,36398,406,402.0
2023-06-16,BOS,32399,407,395.0
2023-06-17,BOS,32639,319,316.0
2023-06-18,BOS,33241,384,378.0
2023-06-19,BOS,33106,409,406.0
2023-06-20,BOS,35865,386,382.0
2023-06-21,BOS,34058,390,388.0
2023-06-22,BOS,33972,406,401.0
2023-06-23,BOS,32895,408,402.0
2023-06-24,BOS,33817,320,315.0
2023-06-25,BOS,33746,387,358.0
2023-06-26,BOS,36683,409,323.0
2023-06-27,BOS,34493,388,311.0
2023-06-28,BOS,30492,391,362.0
2023-06-29,BOS,34374,407,397.0
2023-06-30,BOS,33961,409,405.0
2023-07-01,BOS,32290,326,325.0
2023-07-02,BOS,33318,363,353.0
2023-07-03,BOS,31430,339,338.0
2023-07-04,BOS,34098,304,300.0
2023-07-05,BOS,36616,386,381.0
2023-07-06,BOS,32526,384,384.0
2023-07-07,BOS,36713,388,364.0
2023-07-08,BOS,35121,332,327.0
2023-07-09,BOS,33401,397,297.0
2023-07-10,BOS,38994,417,385.0
2023-07-11,BOS,35473,400,398.0
2023-07-12,BOS,35546,408,407.0
2023-07-13,BOS,36222,420,410.0
2023-07-14,BOS,36911,420,354.0
2023-07-15,BOS,35515,345,328.0
2023-07-16,BOS,34981,408,296.0
2023-07-17,BOS,36048,425,402.0
2023-07-18,BOS,38642,403,373.0
2023-07-19,BOS,40169,410,403.0
2023-07-20,BOS,39126,423,415.0
2023-07-21,BOS,35919,423,407.0
2023-07-22,BOS,35418,344,336.0
2023-07-23,BOS,36789,407,403.0
2023-07-24,BOS,34115,425,420.0
2023-07-25,BOS,35394,403,372.0
2023-07-26,BOS,36274,410,406.0
2023-07-27,BOS,40345,424,384.0
2023-07-28,BOS,35094,423,407.0
2023-07-29,BOS,33278,344,311.0
2023-07-30,BOS,38389,407,397.0
2023-07-31,BOS,33313,425,420.0
2023-08-01,BOS,35448,400,395.0
2023-08-02,BOS,33854,406,406.0
2023-08-03,BOS,37046,423,419.0
2023-08-04,BOS,34707,422,405.0
2023-08-05,BOS,33120,338,335.0
2023-08-06,BOS,34512,401,399.0
2023-08-07,BOS,32980,420,382.0
2023-08-08,BOS,33741,397,383.0
2023-08-09,BOS,34097,405,403.0
2023-08-10,BOS,33863,423,420.0
2023-08-11,BOS,31385,421,418.0
2023-08-12,BOS,33792,341,337.0
2023-08-13,BOS,37469,404,393.0
2023-08-14,BOS,34449,424,413.0
2023-08-15,BOS,37126,397,393.0
2023-08-16,BOS,36538,403,401.0
2023-08-17,BOS,35706,410,405.0
2023-08-18,BOS,37614,414,407.0
2023-08-19,BOS,34865,342,339.0
2023-08-20,BOS,37159,400,396.0
2023-08-21,BOS,35041,416,416.0
2023-08-22,BOS,33591,393,392.0
2023-08-23,BOS,35783,400,399.0
2023-08-24,BOS,36093,414,413.0
2023-08-25,BOS,37106,412,410.0
2023-08-26,BOS,35846,343,342.0
2023-08-27,BOS,30404,399,399.0
2023-08-28,BOS,37653,416,416.0
2023-08-29,BOS,32618,394,389.0
2023-08-30,BOS,35481,401,390.0
2023-08-31,BOS,39046,410,403.0
2023-09-01,BOS,35781,410,410.0
2023-09-02,BOS,32119,331,331.0
2023-09-03,BOS,37337,346,345.0
2023-09-04,BOS,36240,405,403.0
2023-09-05,BOS,35461,372,367.0
2023-09-06,BOS,31806,372,371.0
2023-09-07,BOS,36186,403,381.0
2023-09-08,BOS,35500,402,344.0
2023-09-09,BOS,35664,320,273.0
2023-09-10,BOS,35553,402,315.0
2023-09-11,BOS,31607,423,363.0
2023-09-12,BOS,35985,390,380.0
2023-09-13,BOS,36654,392,387.0
2023-09-14,BOS,36423,422,421.0
2023-09-15,BOS,31792,420,416.0
2023-09-16,BOS,30419,323,270.0
2023-09-17,BOS,31917,408,408.0
2023-09-18,BOS,36214,431,429.0
2023-09-19,BOS,36143,397,395.0
2023-09-20,BOS,34115,398,395.0
2023-09-21,BOS,36757,428,428.0
2023-09-22,BOS,32763,426,424.0
2023-09-23,BOS,36171,322,322.0
2023-09-24,BOS,34908,407,405.0
2023-09-25,BOS,36168,426,423.0
2023-09-26,BOS,35133,395,393.0
2023-09-27,BOS,37104,396,395.0
2023-09-28,BOS,35147,425,425.0
2023-09-29,BOS,35395,427,411.0
2023-09-30,BOS,37082,323,323.0
2023-10-01,BOS,35980,404,404.0
2023-10-02,BOS,35917,428,428.0
2023-10-03,BOS,37021,397,397.0
2023-10-04,BOS,32086,400,398.0
2023-10-05,BOS,36881,423,422.0
2023-10-06,BOS,33582,428,427.0
2023-10-07,BOS,34582,331,331.0
2023-10-08,BOS,35950,405,402.0
2023-10-09,BOS,34967,425,425.0
2023-10-10,BOS,32932,406,406.0
2023-10-11,BOS,35867,402,402.0
2023-10-12,BOS,34101,425,425.0
2023-10-13,BOS,35358,423,422.0
2023-10-14,BOS,35301,331,331.0
2023-10-15,BOS,29978,404,404.0
2023-10-16,BOS,34717,426,426.0
2023-10-17,BOS,32636,405,405.0
2023-10-18,BOS,35900,404,404.0
2023-10-19,BOS,35408,426,426.0
2023-10-20,BOS,34018,424,423.0
2023-10-21,BOS,35173,332,329.0
2023-10-22,BOS,33635,405,403.0
2023-10-23,BOS,34216,425,424.0
2023-10-24,BOS,32369,405,405.0
2023-10-25,BOS,38511,403,402.0
2023-10-26,BOS,34258,426,425.0
2023-10-27,BOS,36780,424,424.0
2023-10-28,BOS,36114,326,325.0
2023-10-29,BOS,35794,368,367.0
2023-10-30,BOS,35343,381,381.0
2023-10-31,BOS,30391,357,357.0
2023-11-01,BOS,37515,379,377.0
2023-11-02,BOS,34371,391,391.0
2023-11-03,BOS,36418,389,389.0
2023-11-04,BOS,35534,316,315.0
2023-11-05,BOS,38133,376,375.0
2023-11-06,BOS,35951,402,402.0
2023-11-07,BOS,34106,385,384.0
2023-11-08,BOS,35428,383,383.0
2023-11-09,BOS,34931,402,401.0
2023-11-10,BOS,35758,399,399.0
2023-11-11,BOS,31563,310,310.0
2023-11-12,BOS,37631,380,380.0
2023-11-13,BOS,36667,402,401.0
2023-11-14,BOS,33665,385,385.0
2023-11-15,BOS,37271,388,388.0
2023-11-16,BOS,36571,402,402.0
2023-11-17,BOS,36076,400,400.0
2023-11-18,BOS,33319,310,310.0
2023-11-19,BOS,35207,385,385.0
2023-11-20,BOS,33193,391,390.0
2023-11-21,BOS,35291,392,391.0
2023-11-22,BOS,31152,399,398.0
2023-11-23,BOS,25089,224,224.0
2023-11-24,BOS,35250,290,290.0
2023-11-25,BOS,34673,357,357.0
2023-11-26,BOS,35503,414,414.0
2023-11-27,BOS,36469,416,416.0
2023-11-28,BOS,34335,353,353.0
2023-11-29,BOS,30846,351,351.0
2023-11-30,BOS,34860,371,370.0
2023-12-01,BOS,35792,369,368.0
2023-12-02,BOS,25361,296,296.0
2023-12-03,BOS,34353,356,356.0
2023-12-04,BOS,31793,370,370.0
2023-12-05,BOS,28997,347,346.0
2023-12-06,BOS,33070,351,351.0
2023-12-07,BOS,36944,381,381.0
2023-12-08,BOS,35815,382,381.0
2023-12-09,BOS,27025,295,295.0
2023-12-10,BOS,35052,362,361.0
2023-12-11,BOS,31971,383,383.0
2023-12-12,BOS,29314,360,360.0
2023-12-13,BOS,35005,363,363.0
2023-12-14,BOS,31125,383,383.0
2023-12-15,BOS,36393,384,381.0
2023-12-16,BOS,36125,300,300.0
2023-12-17,BOS,38182,350,350.0
2023-12-18,BOS,34530,357,287.0
2023-12-19,BOS,37093,352,351.0
2023-12-20,BOS,36823,363,363.0
2023-12-21,BOS,40416,370,370.0
2023-12-22,BOS,36838,375,375.0
2023-12-23,BOS,36397,325,324.0
2023-12-24,BOS,31891,265,265.0
2023-12-25,BOS,32831,264,263.0
2023-12-26,BOS,35113,344,342.0
2023-12-27,BOS,36406,343,342.0
2023-12-28,BOS,34069,337,337.0
2023-12-29,BOS,35912,344,344.0
2023-12-30,BOS,32447,313,313.0
2023-12-31,BOS,31361,276,276.0
2024-01-01,BOS,34838,292,292.0
2024-01-02,BOS,34424,332,332.0
2024-01-03,BOS,35310,315,315.0
2024-01-04,BOS,32684,299,299.0
2024-01-05,BOS,36122,300,300.0
2024-01-06,BOS,34407,273,270.0
2024-01-07,BOS,29337,336,261.0
2024-01-08,BOS,33991,352,345.0
2024-01-09,BOS,27970,328,309.0
2024-01-10,BOS,29006,327,308.0
2024-01-11,BOS,33542,350,346.0
2024-01-12,BOS,36541,351,336.0
2024-01-13,BOS,27914,272,265.0
2024-01-14,BOS,29552,318,309.0
2024-01-15,BOS,31777,357,332.0
2024-01-16,BOS,24398,323,258.0
2024-01-17,BOS,25566,327,309.0
2024-01-18,BOS,29873,357,354.0
2024-01-19,BOS,30866,357,338.0
2024-01-20,BOS,24478,270,269.0
2024-01-21,BOS,30765,349,346.0
2024-01-22,BOS,26706,356,344.0
2024-01-23,BOS,23257,324,320.0
2024-01-24,BOS,25856,329,327.0
2024-01-25,BOS,31784,358,353.0
2024-01-26,BOS,32768,359,355.0
2024-01-27,BOS,23833,270,268.0
2024-01-28,BOS,29264,350,347.0
2024-01-29,BOS,27222,348,348.0
2024-01-30,BOS,23189,326,325.0
2024-01-31,BOS,27740,329,329.0
2024-02-01,BOS,32213,349,348.0
2024-02-02,BOS,34191,348,348.0
2024-02-03,BOS,25453,268,268.0
2024-02-04,BOS,31379,340,338.0
2024-02-05,BOS,28395,347,347.0
2024-02-06,BOS,23720,324,323.0
2024-02-07,BOS,28316,324,324.0
2024-02-08,BOS,33583,353,352.0
2024-02-09,BOS,33599,351,351.0
2024-02-10,BOS,26659,273,273.0
2024-02-11,BOS,32974,326,326.0
2024-02-12,BOS,33606,346,343.0
2024-02-13,BOS,19884,323,242.0
2024-02-14,BOS,32864,331,331.0
2024-02-15,BOS,32140,388,387.0
2024-02-16,BOS,32295,391,390.0
2024-02-17,BOS,30887,302,299.0
2024-02-18,BOS,33215,359,358.0
2024-02-19,BOS,30537,387,385.0
2024-02-20,BOS,27308,363,363.0
2024-02-21,BOS,31495,365,365.0
2024-02-22,BOS,29841,386,384.0
2024-02-23,BOS,34109,389,389.0
2024-02-24,BOS,31466,302,302.0
2024-02-25,BOS,31989,384,382.0
2024-02-26,BOS,29639,387,387.0
2024-02-27,BOS,27113,363,359.0
2024-02-28,BOS,30179,364,363.0
2024-02-29,BOS,34776,385,382.0
2024-03-01,BOS,35449,386,383.0
2024-03-02,BOS,31677,292,291.0
2024-03-03,BOS,34112,375,372.0
2024-03-04,BOS,34416,381,381.0
2024-03-05,BOS,30811,357,357.0
2024-03-06,BOS,33046,351,351.0
2024-03-07,BOS,34553,380,379.0
2024-03-08,BOS,33488,380,378.0
2024-03-09,BOS,27798,288,283.0
2024-03-10,BOS,34646,376,371.0
2024-03-11,BOS,32830,391,389.0
2024-03-12,BOS,31712,365,365.0
2024-03-13,BOS,30672,366,363.0
2024-03-14,BOS,35213,391,389.0
2024-03-15,BOS,35892,389,387.0
2024-03-16,BOS,32974,296,295.0
2024-03-17,BOS,33255,381,379.0
2024-03-18,BOS,31803,394,392.0
2024-03-19,BOS,31753,370,368.0
2024-03-20,BOS,32099,368,365.0
2024-03-21,BOS,38652,392,388.0
2024-03-22,BOS,35833,390,387.0
2024-03-23,BOS,32724,297,293.0
2024-03-24,BOS,32048,379,372.0
2024-03-25,BOS,32206,394,390.0
2024-03-26,BOS,30232,370,370.0
2024-03-27,BOS,32668,368,368.0
2024-03-28,BOS,36570,394,394.0
2024-03-29,BOS,35631,393,392.0
2024-03-30,BOS,27594,298,298.0
2024-03-31,BOS,37287,372,371.0
2024-04-01,BOS,35719,391,391.0
2024-04-02,BOS,32123,362,360.0
2024-04-03,BOS,35646,361,330.0
2024-04-04,BOS,36465,389,338.0
2024-04-05,BOS,34689,390,385.0
2024-04-06,BOS,33705,299,299.0
2024-04-07,BOS,35072,372,371.0
2024-04-08,BOS,36282,387,387.0
2024-04-09,BOS,32891,379,378.0
2024-04-10,BOS,30879,394,393.0
2024-04-11,BOS,32972,414,397.0
2024-04-12,BOS,34074,414,414.0
2024-04-13,BOS,31990,321,321.0
2024-04-14,BOS,32032,395,393.0
2024-04-15,BOS,36187,417,416.0
2024-04-16,BOS,31485,394,393.0
2024-04-17,BOS,33792,398,398.0
2024-04-18,BOS,34521,416,416.0
2024-04-19,BOS,36777,416,416.0
2024-04-20,BOS,35645,325,323.0
2024-04-21,BOS,39287,398,397.0
2024-04-22,BOS,34302,416,416.0
2024-04-23,BOS,30795,394,394.0
2024-04-24,BOS,33345,396,396.0
2024-04-25,BOS,35765,413,413.0
2024-04-26,BOS,34451,414,414.0
2024-04-27,BOS,32869,320,320.0
2024-04-28,BOS,38916,395,395.0
2024-04-29,BOS,37885,416,415.0
2024-04-30,BOS,32877,395,392.0
2024-05-01,BOS,34812,399,398.0
2024-05-02,BOS,39103,423,421.0
2024-05-03,BOS,31869,426,425.0
2024-05-04,BOS,35470,340,340.0
2024-05-05,BOS,36604,405,404.0
2024-05-06,BOS,35926,434,433.0
2024-05-07,BOS,35840,414,413.0
2024-05-08,BOS,35410,405,402.0
2024-05-09,BOS,38229,427,427.0
2024-05-10,BOS,34340,427,426.0
2024-05-11,BOS,37466,341,341.0
2024-05-12,BOS,33853,409,407.0
2024-05-13,BOS,39578,429,429.0
2024-05-14,BOS,36480,407,406.0
2024-05-15,BOS,39554,405,401.0
2024-05-16,BOS,34991,430,423.0
2024-05-17,BOS,34233,429,428.0
2024-05-18,BOS,37425,344,343.0
2024-05-19,BOS,36076,413,411.0
2024-05-20,BOS,34911,431,430.0
2024-05-21,BOS,36925,411,409.0
2024-05-22,BOS,36754,410,408.0
2024-05-23,BOS,37928,434,421.0
2024-05-24,BOS,32723,432,432.0
2024-05-25,BOS,38391,344,343.0
2024-05-26,BOS,36632,371,370.0
2024-05-27,BOS,41231,430,412.0
2024-05-28,BOS,38837,412,406.0
2024-05-29,BOS,34855,412,410.0
2024-05-30,BOS,38327,432,427.0
2024-05-31,BOS,38577,433,424.0
2024-06-01,BOS,38719,351,348.0
2024-06-02,BOS,36446,418,415.0
2024-06-03,BOS,40532,434,432.0
2024-06-04,BOS,37044,416,415.0
2024-06-05,BOS,35337,424,416.0
2024-06-06,BOS,40642,443,438.0
2024-06-07,BOS,37375,441,440.0
2024-06-08,BOS,39268,372,372.0
2024-06-09,BOS,39927,433,433.0
2024-06-10,BOS,38281,444,444.0
2024-06-11,BOS,38638,423,422.0
2024-06-12,BOS,35789,430,417.0
2024-06-13,BOS,40742,437,425.0
2024-06-14,BOS,33822,439,427.0
2024-06-15,BOS,36955,367,366.0
2024-06-16,BOS,35304,427,427.0
2024-06-17,BOS,36572,440,439.0
2024-06-18,BOS,33554,416,415.0
2024-06-19,BOS,32108,424,423.0
2024-06-20,BOS,34614,436,426.0
2024-06-21,BOS,34595,440,438.0
2024-06-22,BOS,35642,366,357.0
2024-06-23,BOS,38990,427,395.0
2024-06-24,BOS,37213,439,433.0
2024-06-25,BOS,35246,416,412.0
2024-06-26,BOS,37457,424,414.0
2024-06-27,BOS,42770,431,427.0
2024-06-28,BOS,32415,436,435.0
2024-06-29,BOS,34098,366,362.0
2024-06-30,BOS,31789,408,359.0
2024-07-01,BOS,38442,414,402.0
2024-07-02,BOS,36396,397,397.0
2024-07-03,BOS,32837,414,414.0
2024-07-04,BOS,39902,341,341.0
2024-07-05,BOS,39190,373,370.0
2024-07-06,BOS,40450,370,369.0
2024-07-07,BOS,31403,431,427.0
2024-07-08,BOS,36220,441,432.0
2024-07-09,BOS,35101,417,414.0
2024-07-10,BOS,37612,426,418.0
2024-07-11,BOS,40160,439,436.0
2024-07-12,BOS,38439,444,442.0
2024-07-13,BOS,39448,371,369.0
2024-07-14,BOS,35215,432,424.0
2024-07-15,BOS,41233,444,437.0
2024-07-16,BOS,39373,420,411.0
2024-07-17,BOS,38887,426,386.0
2024-07-18,BOS,33320,440,432.0
2024-07-19,BOS,33689,444,372.0
2024-07-20,BOS,36932,370,332.0
2024-07-21,BOS,37032,432,382.0
2024-07-22,BOS,34575,445,401.0
2024-07-23,BOS,36334,421,397.0
2024-07-24,BOS,39777,426,415.0
2024-07-25,BOS,39398,440,439.0
2024-07-26,BOS,36594,445,445.0
2024-07-27,BOS,37249,371,370.0
2024-07-28,BOS,34230,432,432.0
2024-07-29,BOS,34905,443,440.0
2024-07-30,BOS,34968,420,416.0
2024-07-31,BOS,36471,424,421.0
2024-08-01,BOS,35791,445,443.0
2024-08-02,BOS,36833,449,392.0
2024-08-03,BOS,38308,373,341.0
2024-08-04,BOS,37107,436,343.0
2024-08-05,BOS,35865,449,410.0
2024-08-06,BOS,30825,420,335.0
2024-08-07,BOS,33341,429,408.0
2024-08-08,BOS,36362,446,444.0
2024-08-09,BOS,34392,449,412.0
2024-08-10,BOS,33025,370,365.0
2024-08-11,BOS,29926,439,438.0
2024-08-12,BOS,30918,449,449.0
2024-08-13,BOS,34505,422,420.0
2024-08-14,BOS,37904,430,429.0
2024-08-15,BOS,34238,450,449.0
2024-08-16,BOS,31369,453,451.0
2024-08-17,BOS,30180,373,373.0
2024-08-18,BOS,34618,440,399.0
2024-08-19,BOS,35918,451,412.0
2024-08-20,BOS,36663,424,419.0
2024-08-21,BOS,34051,425,425.0
2024-08-22,BOS,39285,445,439.0
2024-08-23,BOS,31237,447,447.0
2024-08-24,BOS,36029,371,371.0
2024-08-25,BOS,33648,434,433.0
2024-08-26,BOS,38862,440,437.0
2024-08-27,BOS,31901,406,406.0
2024-08-28,BOS,33140,410,409.0
2024-08-29,BOS,37577,445,439.0
2024-08-30,BOS,35003,448,444.0
2024-08-31,BOS,34165,347,345.0
2024-09-01,BOS,36365,370,369.0
2024-09-02,BOS,33924,443,442.0
2024-09-03,BOS,34992,405,405.0
2024-09-04,BOS,32781,385,385.0
2024-09-05,BOS,36740,419,418.0
2024-09-06,BOS,39974,421,421.0
2024-09-07,BOS,36880,336,336.0
2024-09-08,BOS,38525,431,431.0
2024-09-09,BOS,36951,442,442.0
2024-09-10,BOS,36336,401,401.0
2024-09-11,BOS,37129,399,397.0
2024-09-12,BOS,38327,440,438.0
2024-09-13,BOS,39147,441,440.0
2024-09-14,BOS,36933,336,336.0
2024-09-15,BOS,37305,431,431.0
2024-09-16,BOS,35019,443,443.0
2024-09-17,BOS,33764,402,402.0
2024-09-18,BOS,37363,401,400.0
2024-09-19,BOS,40286,440,440.0
2024-09-20,BOS,30049,441,441.0
2024-09-21,BOS,39303,338,336.0
2024-09-22,BOS,32303,433,433.0
2024-09-23,BOS,36613,443,443.0
2024-09-24,BOS,34123,401,400.0
2024-09-25,BOS,32839,401,399.0
2024-09-26,BOS,37996,444,428.0
2024-09-27,BOS,36619,444,429.0
2024-09-28,BOS,36259,344,343.0
2024-09-29,BOS,27852,437,436.0
2024-09-30,BOS,32330,447,446.0
2024-10-01,BOS,37969,411,411.0
2024-10-02,BOS,31440,411,411.0
2024-10-03,BOS,33686,449,449.0
2024-10-04,BOS,32112,449,449.0
2024-10-05,BOS,37129,350,350.0
2024-10-06,BOS,31369,442,441.0
2024-10-07,BOS,35223,453,452.0
2024-10-08,BOS,39258,424,409.0
2024-10-09,BOS,35821,418,389.0
2024-10-10,BOS,37567,455,418.0
2024-10-11,BOS,30153,455,451.0
2024-10-12,BOS,35162,360,358.0
2024-10-13,BOS,37360,449,447.0
2024-10-14,BOS,35021,456,454.0
2024-10-15,BOS,34131,424,423.0
2024-10-16,BOS,35063,421,421.0
2024-10-17,BOS,40381,456,456.0
2024-10-18,BOS,30303,457,456.0
2024-10-19,BOS,34453,359,359.0
2024-10-20,BOS,32700,451,450.0
2024-10-21,BOS,35513,457,457.0
2024-10-22,BOS,33352,425,425.0
2024-10-23,BOS,35891,423,423.0
2024-10-24,BOS,41950,458,457.0
2024-10-25,BOS,37321,460,460.0
2024-10-26,BOS,37559,354,354.0
2024-10-27,BOS,37248,405,405.0
2024-10-28,BOS,36512,406,406.0
2024-10-29,BOS,38213,374,374.0
2024-10-30,BOS,37121,374,374.0
2024-10-31,BOS,36383,349,347.0
2024-11-01,BOS,37466,407,407.0
2024-11-02,BOS,32186,330,330.0
2024-11-03,BOS,33797,398,398.0
2024-11-04,BOS,36847,397,397.0
2024-11-05,BOS,29288,335,334.0
2024-11-06,BOS,32112,368,368.0
2024-11-07,BOS,38941,403,401.0
2024-11-08,BOS,32973,395,394.0
2024-11-09,BOS,29278,307,307.0
2024-11-10,BOS,31709,395,395.0
2024-11-11,BOS,32357,423,423.0
2024-11-12,BOS,33204,384,384.0
2024-11-13,BOS,33713,384,384.0
2024-11-14,BOS,36021,421,421.0
2024-11-15,BOS,36212,421,421.0
2024-11-16,BOS,30373,312,312.0
2024-11-17,BOS,37985,414,413.0
2024-11-18,BOS,35984,423,422.0
2024-11-19,BOS,30371,386,386.0
2024-11-20,BOS,35154,387,387.0
2024-11-21,BOS,35326,445,445.0
2024-11-22,BOS,38112,451,451.0
2024-11-23,BOS,35450,377,377.0
2024-11-24,BOS,34588,442,442.0
2024-11-25,BOS,35946,452,451.0
2024-11-26,BOS,33989,451,451.0
2024-11-27,BOS,32124,451,451.0
2024-11-28,BOS,23363,238,238.0
2024-11-29,BOS,38238,348,348.0
2024-11-30,BOS,31158,411,410.0
2024-12-01,BOS,34370,461,460.0
2024-12-02,BOS,33987,459,459.0
2024-12-03,BOS,34409,394,394.0
2024-12-04,BOS,33020,378,378.0
2024-12-05,BOS,35836,403,402.0
2024-12-06,BOS,38115,405,405.0
2024-12-07,BOS,30298,305,305.0
2024-12-08,BOS,35121,400,400.0
2024-12-09,BOS,35893,406,405.0
2024-12-10,BOS,29803,377,377.0
2024-12-11,BOS,32275,379,357.0
2024-12-12,BOS,37706,408,407.0
2024-12-13,BOS,36123,415,415.0
2024-12-14,BOS,30637,305,305.0
2024-12-15,BOS,34804,405,404.0
2024-12-16,BOS,31512,406,406.0
2024-12-17,BOS,35444,382,381.0
2024-12-18,BOS,34599,406,406.0
2024-12-19,BOS,34673,398,398.0
2024-12-20,BOS,36834,400,327.0
2024-12-21,BOS,36298,364,317.0
2024-12-22,BOS,30950,385,380.0
2024-12-23,BOS,32205,393,393.0
2024-12-24,BOS,31255,283,283.0
2024-12-25,BOS,30125,286,285.0
2024-12-26,BOS,34175,383,379.0
2024-12-27,BOS,34822,383,379.0
2024-12-28,BOS,34041,358,357.0
2024-12-29,BOS,33780,374,372.0
2024-12-30,BOS,32369,383,382.0
2024-12-31,BOS,30477,294,294.0
2025-01-01,BOS,31696,314,314.0
2025-01-02,BOS,38229,376,376.0
2025-01-03,BOS,35576,377,377.0
2025-01-04,BOS,35604,357,355.0
2025-01-05,BOS,35029,382,366.0
2025-01-06,BOS,31135,389,347.0
2025-01-07,BOS,28949,334,319.0
2025-01-08,BOS,28260,334,333.0
2025-01-09,BOS,30773,358,349.0
2025-01-10,BOS,33413,363,335.0
2025-01-11,BOS,28284,262,255.0
2025-01-12,BOS,31228,356,356.0
2025-01-13,BOS,29138,368,368.0
2025-01-14,BOS,26591,320,320.0
2025-01-15,BOS,29229,318,318.0
2025-01-16,BOS,30348,365,365.0
2025-01-17,BOS,32964,369,369.0
2025-01-18,BOS,29329,257,257.0
2025-01-19,BOS,26616,317,268.0
2025-01-20,BOS,34470,374,329.0
2025-01-21,BOS,24253,321,314.0
2025-01-22,BOS,26988,320,313.0
2025-01-23,BOS,31599,364,360.0
2025-01-24,BOS,32165,367,365.0
2025-01-25,BOS,22706,261,261.0
2025-01-26,BOS,32308,361,360.0
2025-01-27,BOS,27859,367,367.0
2025-01-28,BOS,23170,320,320.0
2025-01-29,BOS,26687,320,318.0
2025-01-30,BOS,31561,364,350.0
2025-01-31,BOS,32373,369,368.0
2025-02-01,BOS,26110,261,261.0
2025-02-02,BOS,31905,363,363.0
2025-02-03,BOS,26764,366,366.0
2025-02-04,BOS,25354,321,321.0
2025-02-05,BOS,28026,320,314.0
2025-02-06,BOS,30755,368,355.0
2025-02-07,BOS,34228,370,369.0
2025-02-08,BOS,27015,260,253.0
2025-02-09,BOS,29180,333,275.0
2025-02-10,BOS,28621,370,370.0
2025-02-11,BOS,27038,321,311.0
2025-02-12,BOS,35452,338,334.0
2025-02-13,BOS,33581,409,406.0
2025-02-14,BOS,29564,411,407.0
2025-02-15,BOS,32009,327,318.0
2025-02-16,BOS,35735,387,277.0
2025-02-17,BOS,33169,412,383.0
2025-02-18,BOS,29401,381,381.0
2025-02-19,BOS,30728,380,376.0
2025-02-20,BOS,35405,410,410.0
2025-02-21,BOS,34687,414,413.0
2025-02-22,BOS,32600,334,334.0
2025-02-23,BOS,32221,405,404.0
2025-02-24,BOS,29990,411,411.0
2025-02-25,BOS,25711,387,387.0
2025-02-26,BOS,31253,390,390.0
2025-02-27,BOS,34164,421,419.0
2025-02-28,BOS,33919,422,422.0
2025-03-01,BOS,32300,340,340.0
2025-03-02,BOS,32455,412,410.0
2025-03-03,BOS,30214,419,418.0
2025-03-04,BOS,24823,381,379.0
2025-03-05,BOS,29617,374,369.0
2025-03-06,BOS,33446,414,413.0
2025-03-07,BOS,32102,419,418.0
2025-03-08,BOS,31460,333,333.0
2025-03-09,BOS,32558,420,420.0
2025-03-10,BOS,32229,425,424.0
2025-03-11,BOS,29003,396,396.0
2025-03-12,BOS,34249,400,400.0
2025-03-13,BOS,32733,425,425.0
2025-03-14,BOS,28962,425,422.0
2025-03-15,BOS,32653,341,339.0
2025-03-16,BOS,33028,420,406.0
2025-03-17,BOS,35000,424,418.0
2025-03-18,BOS,33204,396,396.0
2025-03-19,BOS,29904,398,394.0
2025-03-20,BOS,33693,417,416.0
2025-03-21,BOS,36172,420,418.0
2025-03-22,BOS,31626,338,338.0
2025-03-23,BOS,32527,413,413.0
2025-03-24,BOS,29489,422,422.0
2025-03-25,BOS,28177,393,393.0
2025-03-26,BOS,29276,397,397.0
2025-03-27,BOS,32611,420,420.0
2025-03-28,BOS,29599,423,423.0
2025-03-29,BOS,30514,339,339.0
2025-03-30,BOS,34623,405,402.0
2025-03-31,BOS,31515,412,383.0
2025-04-01,BOS,31096,387,378.0
2025-04-02,BOS,33788,394,389.0
2025-04-03,BOS,35274,413,411.0
2025-04-04,BOS,35421,413,412.0
2025-04-05,BOS,35451,335,334.0
2025-04-06,BOS,36303,405,402.0
2025-04-07,BOS,35357,410,407.0
2025-04-08,BOS,33942,388,387.0
2025-04-09,BOS,33038,401,401.0
2025-04-10,BOS,37454,428,428.0
2025-04-11,BOS,34997,428,426.0
2025-04-12,BOS,37949,354,353.0
2025-04-13,BOS,38286,422,422.0
2025-04-14,BOS,36370,439,438.0
2025-04-15,BOS,33746,409,409.0
2025-04-16,BOS,32759,413,413.0
2025-04-17,BOS,35951,447,446.0
2025-04-18,BOS,31501,443,443.0
2025-04-19,BOS,34967,377,377.0
2025-04-20,BOS,38226,438,438.0
2025-04-21,BOS,33710,442,442.0
2025-04-22,BOS,33689,424,424.0
2025-04-23,BOS,34018,422,422.0
2025-04-24,BOS,34140,447,446.0
2025-04-25,BOS,30151,444,444.0
2025-04-26,BOS,34160,374,371.0
2025-04-27,BOS,37003,443,443.0
2025-04-28,BOS,36821,439,436.0
2025-04-29,BOS,31641,420,420.0
2025-04-30,BOS,31285,414,411.0
2025-05-01,BOS,36291,439,431.0
2025-05-02,BOS,31317,439,438.0
2025-05-03,BOS,33579,356,351.0
2025-05-04,BOS,39174,424,417.0
2025-05-05,BOS,40561,438,422.0
2025-05-06,BOS,31589,397,385.0
2025-05-07,BOS,36955,395,394.0
2025-05-08,BOS,35068,427,427.0
2025-05-09,BOS,35839,426,424.0
2025-05-10,BOS,34871,331,328.0
2025-05-11,BOS,36536,417,417.0
2025-05-12,BOS,34431,426,423.0
2025-05-13,BOS,33075,385,385.0
2025-05-14,BOS,36359,394,391.0
2025-05-15,BOS,36057,435,427.0
2025-05-16,BOS,31997,432,411.0
2025-05-17,BOS,32692,342,339.0
2025-05-18,BOS,30771,430,429.0
2025-05-19,BOS,35717,431,431.0
2025-05-20,BOS,37559,395,395.0
2025-05-21,BOS,36803,400,400.0
2025-05-22,BOS,35191,435,432.0
2025-05-23,BOS,33448,435,433.0
2025-05-24,BOS,30270,336,334.0
2025-05-25,BOS,37637,371,370.0
2025-05-26,BOS,34492,435,435.0
2025-05-27,BOS,33670,398,398.0
2025-05-28,BOS,33848,390,390.0
2025-05-29,BOS,37591,425,425.0
2025-05-30,BOS,36561,426,426.0
2025-05-31,BOS,34702,337,337.0
2025-06-01,BOS,41945,423,423.0
2025-06-02,BOS,47217,423,422.0
2025-06-03,BOS,44821,384,383.0
2025-06-04,BOS,46732,385,385.0
2025-06-05,BOS,48084,427,427.0
2025-06-06,BOS,44878,427,419.0
2025-06-07,BOS,43695,331,329.0
2025-06-08,BOS,43577,427,426.0
2025-06-09,BOS,41850,434,433.0
2025-06-10,BOS,43144,399,399.0
2025-06-11,BOS,44709,409,406.0
2025-06-12,BOS,47219,432,430.0
2025-06-13,BOS,44349,432,432.0
2025-06-14,BOS,41833,339,337.0
2025-06-15,BOS,36416,422,420.0
2025-06-16,BOS,45550,435,430.0
2025-06-17,BOS,41917,405,398.0
2025-06-18,BOS,34919,412,397.0
2025-06-19,BOS,39102,442,417.0
2025-06-20,BOS,38884,441,432.0
2025-06-21,BOS,42896,357,355.0
2025-06-22,BOS,37537,428,427.0
2025-06-23,BOS,39819,440,439.0
2025-06-24,BOS,42578,416,416.0
2025-06-25,BOS,44478,418,415.0
2025-06-26,BOS,38328,442,425.0
2025-06-27,BOS,42821,441,431.0
2025-06-28,BOS,38585,361,343.0
2025-06-29,BOS,40685,415,412.0
2025-06-30,BOS,42338,425,404.0
2025-07-01,BOS,45716,401,351.0
2025-07-02,BOS,39668,403,388.0
2025-07-03,BOS,42059,423,413.0
2025-07-04,BOS,35898,329,325.0
2025-07-05,BOS,44052,350,348.0
2025-07-06,BOS,43147,432,432.0
2025-07-07,BOS,43014,444,437.0
2025-07-08,BOS,45570,419,394.0
2025-07-09,BOS,45774,416,384.0
2025-07-10,BOS,44737,443,433.0
2025-07-11,BOS,44087,441,435.0
2025-07-12,BOS,43215,362,353.0
2025-07-13,BOS,43024,429,383.0
2025-07-14,BOS,42828,441,377.0
2025-07-15,BOS,48187,417,399.0
2025-07-16,BOS,45648,417,389.0
2025-07-17,BOS,41145,443,433.0
2025-07-18,BOS,44933,441,440.0
2025-07-19,BOS,42042,362,360.0
2025-07-20,BOS,46436,430,415.0
2025-07-21,BOS,42709,441,433.0
2025-07-22,BOS,41331,418,417.0
2025-07-23,BOS,43075,417,416.0
2025-07-24,BOS,40702,443,441.0
2025-07-25,BOS,38155,440,421.0
2025-07-26,BOS,40982,362,361.0
2025-07-27,BOS,40544,430,386.0
2025-07-28,BOS,42141,441,426.0
2025-07-29,BOS,45436,417,416.0
2025-07-30,BOS,43299,417,411.0
2025-07-31,BOS,44689,443,369.0
2025-08-01,BOS,38120,441,415.0
2025-08-02,BOS,40998,356,352.0
2025-08-03,BOS,43630,429,428.0
2025-08-04,BOS,44142,439,436.0
2025-08-05,BOS,43040,395,394.0
2025-08-06,BOS,41062,389,387.0
2025-08-07,BOS,36420,437,433.0
2025-08-08,BOS,40436,435,435.0
2025-08-09,BOS,45890,350,350.0
2025-08-10,BOS,44490,426,425.0
2025-08-11,BOS,40275,431,431.0
2025-08-12,BOS,40945,392,391.0
2025-08-13,BOS,45862,389,338.0
2025-08-14,BOS,41854,433,426.0
2025-08-15,BOS,42997,429,429.0
2025-08-16,BOS,45105,351,347.0
2025-08-17,BOS,41506,421,417.0
2025-08-18,BOS,36850,427,421.0
2025-08-19,BOS,41542,388,383.0
2025-08-20,BOS,43267,386,386.0
2025-08-21,BOS,46584,430,430.0
2025-08-22,BOS,50072,427,427.0
2025-08-23,BOS,46885,343,343.0
2025-08-24,BOS,42164,423,422.0
2025-08-25,BOS,43487,412,412.0
2025-08-26,BOS,43113,371,371.0
2025-08-27,BOS,43231,373,373.0
2025-08-28,BOS,46087,418,418.0
2025-08-29,BOS,46976,415,413.0
2025-08-30,BOS,43098,339,339.0
2025-08-31,BOS,47402,366,365.0
2025-09-01,BOS,46669,415,414.0
2025-09-02,BOS,44003,386,386.0
2025-09-03,BOS,44980,356,356.0
2025-09-04,BOS,46690,393,385.0
2025-09-05,BOS,48108,393,392.0
2025-09-06,BOS,42518,304,289.0
2025-09-07,BOS,44815,405,394.0
2025-09-08,BOS,41515,401,400.0
2025-09-09,BOS,42440,356,356.0
2025-09-10,BOS,45081,356,356.0
2025-09-11,BOS,44791,424,424.0
2025-09-12,BOS,44157,418,417.0
2025-09-13,BOS,43384,305,305.0
2025-09-14,BOS,47369,415,415.0
2025-09-15,BOS,40765,422,422.0
2025-09-16,BOS,43211,375,375.0
2025-09-17,BOS,45551,377,376.0
2025-09-18,BOS,47484,425,425.0
2025-09-19,BOS,42924,419,416.0
2025-09-20,BOS,44202,310,309.0
2025-09-21,BOS,43787,414,413.0
2025-09-22,BOS,41366,421,421.0
2025-09-23,BOS,40887,375,375.0
2025-09-24,BOS,42661,377,335.0
2025-09-25,BOS,51255,423,358.0
2025-09-26,BOS,48336,416,412.0
2025-09-27,BOS,45746,310,308.0
2025-09-28,BOS,45495,414,414.0
2025-09-29,BOS,40803,418,418.0
2025-09-30,BOS,42973,374,374.0
2025-10-01,BOS,43958,396,396.0
2025-10-02,BOS,45068,435,434.0
2025-10-03,BOS,46245,429,429.0
2025-10-04,BOS,43359,333,333.0
2025-10-05,BOS,46453,423,422.0
2025-10-06,BOS,44473,435,435.0
2025-10-07,BOS,44308,407,407.0
2025-10-08,BOS,41790,409,409.0
2025-10-09,BOS,40795,445,444.0
2025-10-10,BOS,42391,442,442.0
2025-10-11,BOS,41482,337,335.0
2025-10-12,BOS,37610,431,423.0
2025-10-13,BOS,49800,443,378.0
2025-10-14,BOS,46026,408,393.0
2025-10-15,BOS,44396,408,407.0
2025-10-16,BOS,38927,444,443.0
2025-10-17,BOS,40115,442,442.0
2025-10-18,BOS,42042,340,339.0
2025-10-19,BOS,35540,432,431.0
2025-10-20,BOS,39658,444,444.0
2025-10-21,BOS,44341,409,408.0
2025-10-22,BOS,43023,408,407.0
2025-10-23,BOS,48667,442,438.0
2025-10-24,BOS,41511,438,434.0
2025-10-25,BOS,44721,340,339.0
2025-10-26,BOS,40664,413,413.0
2025-10-27,BOS,37692,425,424.0
2025-10-28,BOS,40296,366,366.0
2025-10-29,BOS,45471,371,371.0
2025-10-30,BOS,44302,408,354.0
2025-10-31,BOS,39160,344,316.0
2025-11-01,BOS,41862,302,298.0
2025-11-03,BOS,118178,392,392.0
2025-11-10,BOS,24623,417,354.0
2025-11-11,BOS,20284,376,341.0
2025-11-12,BOS,20055,377,358.0
2025-11-13,BOS,31970,413,396.0
2025-11-14,BOS,24576,411,397.0
2025-11-15,BOS,25554,301,297.0
2025-11-16,BOS,41722,402,397.0
2025-11-17,BOS,40669,410,409.0
2025-11-18,BOS,35859,373,372.0
2025-11-19,BOS,43361,382,381.0
2025-11-20,BOS,43999,415,415.0
2025-11-21,BOS,43637,424,423.0
2025-11-22,BOS,43573,340,339.0
2025-11-23,BOS,41704,415,415.0
2025-11-24,BOS,41346,422,421.0
2025-11-25,BOS,40452,440,440.0
2025-11-26,BOS,41291,428,428.0
2025-11-27,BOS,23831,196,196.0
2025-11-28,BOS,44698,331,331.0
2025-11-29,BOS,42168,377,360.0
2025-11-30,BOS,44475,434,412.0
2025-12-01,BOS,41822,441,437.0
2025-12-02,BOS,41627,379,378.0
2025-12-03,BOS,41598,369,368.0
2025-12-04,BOS,42611,393,393.0
2025-12-05,BOS,44330,395,391.0
2025-12-06,BOS,38587,293,292.0
2025-12-07,BOS,41569,390,387.0
2025-12-08,BOS,40832,395,391.0
2025-12-09,BOS,37813,362,362.0
2025-12-10,BOS,41927,363,362.0
2025-12-11,BOS,46514,394,394.0
2025-12-12,BOS,39296,401,401.0
2025-12-13,BOS,39271,294,293.0
2025-12-14,BOS,49407,392,364.0
2025-12-15,BOS,46402,395,384.0
2025-12-16,BOS,46476,364,362.0
2025-12-17,BOS,46308,371,370.0
2025-12-18,BOS,40478,396,396.0
2025-12-19,BOS,39793,402,374.0
2025-12-20,BOS,42205,340,338.0
2025-12-21,BOS,41311,370,367.0
2025-12-22,BOS,44361,370,370.0
2025-12-23,BOS,42747,368,367.0
2025-12-24,BOS,36947,276,276.0
2025-12-25,BOS,36322,272,269.0
2025-12-26,BOS,44245,361,330.0
2025-12-27,BOS,42684,332,304.0
2025-12-28,BOS,77218,364,344.0
2025-12-29,BOS,62232,365,356.0
2025-12-30,BOS,68128,361,360.0
2025-12-31,BOS,57468,280,278.0
2019-01-01,DFW,11956,704,696.0
2019-01-02,DFW,8189,884,844.0
2019-01-03,DFW,11105,821,793.0
2019-01-04,DFW,8809,824,811.0
2019-01-05,DFW,5785,680,676.0
2019-01-06,DFW,13806,753,746.0
2019-01-07,DFW,5665,793,792.0
2019-01-08,DFW,18861,725,724.0
2019-01-09,DFW,13233,743,743.0
2019-01-10,DFW,9509,786,786.0
2019-01-11,DFW,7795,794,781.0
2019-01-12,DFW,6655,587,572.0
2019-01-13,DFW,11093,727,718.0
2019-01-14,DFW,11250,788,778.0
2019-01-15,DFW,6883,719,712.0
2019-01-16,DFW,3010,740,731.0
2019-01-17,DFW,10461,786,780.0
2019-01-18,DFW,8546,792,784.0
2019-01-19,DFW,3177,580,565.0
2019-01-20,DFW,43793,679,677.0
2019-01-21,DFW,54098,782,779.0
2019-01-22,DFW,43790,721,708.0
2019-01-23,DFW,45168,739,733.0
2019-01-24,DFW,53066,786,783.0
2019-01-25,DFW,53347,793,791.0
2019-01-26,DFW,34575,579,579.0
2019-01-27,DFW,46155,727,723.0
2019-01-28,DFW,49870,788,779.0
2019-01-29,DFW,39090,717,703.0
2019-01-30,DFW,45982,740,714.0
2019-01-31,DFW,51920,786,774.0
2019-02-01,DFW,54486,793,790.0
2019-02-02,DFW,35359,578,575.0
2019-02-03,DFW,41332,712,707.0
2019-02-04,DFW,51296,789,783.0
2019-02-05,DFW,41356,714,705.0
2019-02-06,DFW,46909,740,728.0
2019-02-07,DFW,55136,787,773.0
2019-02-08,DFW,56604,794,790.0
2019-02-09,DFW,37340,575,572.0
2019-02-10,DFW,12260,727,721.0
2019-02-11,DFW,36086,790,775.0
2019-02-12,DFW,52124,714,703.0
2019-02-13,DFW,39765,741,736.0
2019-02-14,DFW,35205,809,807.0
2019-02-15,DFW,12948,814,802.0
2019-02-16,DFW,14456,659,658.0
2019-02-17,DFW,48451,745,738.0
2019-02-18,DFW,94628,808,797.0
2019-02-19,DFW,104301,764,730.0
2019-02-20,DFW,87269,789,762.0
2019-02-21,DFW,59017,812,795.0
2019-02-22,DFW,60706,813,790.0
2019-02-23,DFW,42746,668,632.0
2019-02-24,DFW,55232,792,762.0
2019-02-25,DFW,56066,812,794.0
2019-02-26,DFW,44623,763,756.0
2019-02-27,DFW,27346,766,748.0
2019-02-28,DFW,24341,812,771.0
2019-03-01,DFW,59748,814,809.0
2019-03-02,DFW,58556,670,667.0
2019-03-03,DFW,39711,804,779.0
2019-03-04,DFW,52483,830,821.0
2019-03-05,DFW,60759,777,775.0
2019-03-06,DFW,47456,804,804.0
2019-03-07,DFW,56066,831,811.0
2019-03-08,DFW,844,833,799.0
2019-03-09,DFW,66815,689,639.0
2019-03-10,DFW,143441,808,782.0
2019-03-11,DFW,134031,831,798.0
2019-03-12,DFW,58428,781,741.0
2019-03-13,DFW,58235,804,676.0
2019-03-14,DFW,64237,834,785.0
2019-03-15,DFW,59311,834,806.0
2019-03-16,DFW,49149,691,674.0
2019-03-17,DFW,58689,809,789.0
2019-03-18,DFW,57040,826,823.0
2019-03-19,DFW,45841,779,768.0
2019-03-20,DFW,49920,799,784.0
2019-03-21,DFW,55546,826,822.0
2019-03-22,DFW,13950,826,826.0
2019-03-23,DFW,40303,683,682.0
2019-03-24,DFW,89883,799,766.0
2019-03-25,DFW,56172,825,785.0
2019-03-26,DFW,46000,777,777.0
2019-03-27,DFW,53725,800,798.0
2019-03-28,DFW,58241,824,820.0
2019-03-29,DFW,56177,827,826.0
2019-03-30,DFW,481,686,686.0
2019-03-31,DFW,87549,800,794.0
2019-04-01,DFW,66852,822,812.0
2019-04-02,DFW,45971,764,764.0
2019-04-03,DFW,19954,783,782.0
2019-04-04,DFW,30985,844,836.0
2019-04-05,DFW,59793,844,840.0
2019-04-06,DFW,58907,666,628.0
2019-04-07,DFW,98753,826,790.0
2019-04-08,DFW,57258,841,831.0
2019-04-09,DFW,45352,769,764.0
2019-04-10,DFW,53561,789,764.0
2019-04-11,DFW,60150,844,828.0
2019-04-12,DFW,60891,846,841.0
2019-04-13,DFW,38149,696,364.0
2019-04-14,DFW,58427,830,699.0
2019-04-15,DFW,60976,843,800.0
2019-04-16,DFW,47445,769,763.0
2019-04-17,DFW,28,789,682.0
2019-04-18,DFW,51982,845,773.0
2019-04-19,DFW,64862,846,804.0
2019-04-20,DFW,60187,649,643.0
2019-04-21,DFW,93697,811,805.0
2019-04-22,DFW,62668,843,839.0
2019-04-23,DFW,52166,771,752.0
2019-04-24,DFW,56376,791,775.0
2019-04-25,DFW,65622,842,842.0
2019-04-26,DFW,62364,844,838.0
2019-04-27,DFW,15430,672,670.0
2019-04-28,DFW,28868,833,833.0
2019-05-05,DFW,58585,886,881.0
2019-05-06,DFW,62208,905,900.0
2019-05-07,DFW,48273,876,865.0
2019-05-08,DFW,54429,891,645.0
2019-05-09,DFW,68926,902,880.0
2019-05-10,DFW,67590,906,902.0
2019-05-11,DFW,46269,781,727.0
2019-05-12,DFW,60959,883,878.0
2019-05-13,DFW,65653,907,902.0
2019-05-14,DFW,56097,878,874.0
2019-05-15,DFW,63336,888,884.0
2019-05-16,DFW,69289,903,896.0
2019-05-17,DFW,70312,907,901.0
2019-05-18,DFW,47014,785,445.0
2019-05-19,DFW,70477,888,840.0
2019-05-20,DFW,68578,907,868.0
2019-05-21,DFW,59635,877,782.0
2019-05-22,DFW,67485,891,890.0
2019-05-23,DFW,21726,904,889.0
2019-05-24,DFW,50998,907,902.0
2019-05-25,DFW,73153,701,701.0
2019-05-26,DFW,107381,684,683.0
2019-05-27,DFW,65620,841,835.0
2019-05-28,DFW,64604,878,873.0
2019-05-29,DFW,56157,892,588.0
2019-05-30,DFW,73122,901,891.0
2019-05-31,DFW,72339,909,899.0
2019-06-01,DFW,57123,786,694.0
2019-06-02,DFW,72422,894,846.0
2019-06-03,DFW,69482,909,893.0
2019-06-04,DFW,100,881,879.0
2019-06-05,DFW,62393,892,881.0
2019-06-06,DFW,63455,927,914.0
2019-06-07,DFW,71361,935,925.0
2019-06-08,DFW,70910,823,789.0
2019-06-09,DFW,93802,916,656.0
2019-06-10,DFW,108732,937,835.0
2019-06-11,DFW,66808,913,899.0
2019-06-12,DFW,66966,916,901.0
2019-06-13,DFW,71982,932,927.0
2019-06-14,DFW,72195,936,929.0
2019-06-15,DFW,57449,823,812.0
2019-06-16,DFW,58376,915,573.0
2019-06-17,DFW,72556,936,885.0
2019-06-18,DFW,62843,913,902.0
2019-06-19,DFW,64662,919,771.0
2019-06-20,DFW,73155,933,889.0
2019-06-21,DFW,75559,937,923.0
2019-06-22,DFW,58917,823,800.0
2019-06-23,DFW,66195,915,694.0
2019-06-24,DFW,74346,937,851.0
2019-06-25,DFW,66244,913,905.0
2019-06-26,DFW,67968,918,909.0
2019-06-27,DFW,73288,933,914.0
2019-06-28,DFW,73308,937,926.0
2019-06-29,DFW,59585,821,789.0
2019-06-30,DFW,65863,900,879.0
2019-07-01,DFW,61071,826,802.0
2019-07-02,DFW,60886,836,832.0
2019-07-03,DFW,467,724,721.0
2019-07-04,DFW,67491,592,592.0
2019-07-05,DFW,55309,675,674.0
2019-07-06,DFW,54326,766,643.0
2019-07-07,DFW,127203,922,884.0
2019-07-08,DFW,71715,936,916.0
2019-07-09,DFW,65013,920,916.0
2019-07-10,DFW,66924,926,732.0
2019-07-11,DFW,78774,935,882.0
2019-07-12,DFW,74217,939,921.0
2019-07-13,DFW,60932,826,796.0
2019-07-14,DFW,68922,919,908.0
2019-07-15,DFW,70267,936,928.0
2019-07-16,DFW,63842,919,908.0
2019-07-17,DFW,70554,926,917.0
2019-07-18,DFW,74989,935,917.0
2019-07-19,DFW,75167,939,930.0
2019-07-20,DFW,60944,826,818.0
2019-07-21,DFW,68882,919,905.0
2019-07-22,DFW,70209,936,920.0
2019-07-23,DFW,64063,920,915.0
2019-07-24,DFW,68632,926,923.0
2019-07-25,DFW,75654,935,930.0
2019-07-26,DFW,73122,939,927.0
2019-07-27,DFW,60141,826,819.0
2019-07-28,DFW,65304,918,913.0
2019-07-29,DFW,66789,936,923.0
2019-07-30,DFW,60225,920,915.0
2019-07-31,DFW,65559,926,912.0
2019-08-01,DFW,70011,934,918.0
2019-08-02,DFW,69735,938,908.0
2019-08-03,DFW,57996,826,814.0
2019-08-04,DFW,63042,921,916.0
2019-08-05,DFW,63364,936,931.0
2019-08-06,DFW,55649,922,912.0
2019-08-07,DFW,349,928,899.0
2019-08-08,DFW,63536,937,920.0
2019-08-09,DFW,68817,941,928.0
2019-08-10,DFW,67422,829,821.0
2019-08-11,DFW,110810,921,913.0
2019-08-12,DFW,59089,937,930.0
2019-08-13,DFW,51610,922,916.0
2019-08-14,DFW,57931,927,906.0
2019-08-15,DFW,66478,935,920.0
2019-08-16,DFW,65366,938,926.0
2019-08-17,DFW,47688,825,817.0
2019-08-18,DFW,55827,917,908.0
2019-08-19,DFW,60354,929,916.0
2019-08-20,DFW,52765,880,871.0
2019-08-21,DFW,55796,894,885.0
2019-08-22,DFW,326,931,923.0
2019-08-23,DFW,65590,932,919.0
2019-08-24,DFW,64842,732,730.0
2019-08-25,DFW,69648,852,850.0
2019-08-26,DFW,85360,929,924.0
2019-08-27,DFW,47563,884,811.0
2019-08-28,DFW,10259,893,891.0
2019-08-29,DFW,32774,931,929.0
2019-08-30,DFW,14535,933,667.0
2019-08-31,DFW,67949,653,629.0
2019-09-01,DFW,120271,767,760.0
2019-09-02,DFW,107992,913,887.0
2019-09-03,DFW,53151,887,865.0
2019-09-04,DFW,48818,862,843.0
2019-09-05,DFW,54557,895,885.0
2019-09-06,DFW,58692,897,892.0
2019-09-07,DFW,39494,686,685.0
2019-09-08,DFW,53037,889,884.0
2019-09-09,DFW,64453,907,901.0
2019-09-10,DFW,49151,860,854.0
2019-09-11,DFW,52652,864,863.0
2019-09-12,DFW,64262,906,894.0
2019-09-13,DFW,66426,909,906.0
2019-09-14,DFW,42345,687,684.0
2019-09-15,DFW,56514,893,888.0
2019-09-16,DFW,59294,908,906.0
2019-09-17,DFW,38158,861,858.0
2019-09-18,DFW,11387,864,857.0
2019-09-19,DFW,54268,907,878.0
2019-09-20,DFW,65050,908,871.0
2019-09-21,DFW,67656,689,687.0
2019-09-22,DFW,106345,895,894.0
2019-09-23,DFW,65357,908,895.0
2019-09-24,DFW,50329,860,856.0
2019-09-25,DFW,57704,864,858.0
2019-09-26,DFW,66622,908,904.0
2019-09-27,DFW,68680,909,890.0
2019-09-28,DFW,44304,689,684.0
2019-09-29,DFW,60531,895,895.0
2019-09-30,DFW,57761,909,906.0
2019-10-01,DFW,47303,860,859.0
2019-10-02,DFW,15648,866,865.0
2019-10-03,DFW,38451,901,900.0
2019-10-04,DFW,65499,906,899.0
2019-10-05,DFW,67016,692,690.0
2019-10-06,DFW,102020,888,838.0
2019-10-07,DFW,66123,902,893.0
2019-10-08,DFW,53038,855,855.0
2019-10-09,DFW,57113,862,860.0
2019-10-10,DFW,68797,902,854.0
2019-10-11,DFW,74818,900,850.0
2019-10-12,DFW,49431,693,693.0
2019-10-13,DFW,61062,887,880.0
2019-10-14,DFW,64502,903,900.0
2019-10-15,DFW,54219,855,852.0
2019-10-16,DFW,57715,862,862.0
2019-10-17,DFW,68765,902,902.0
2019-10-18,DFW,66368,902,901.0
2019-10-19,DFW,44001,693,691.0
2019-10-20,DFW,62762,890,844.0
2019-10-21,DFW,75451,903,878.0
2019-10-22,DFW,54757,855,850.0
2019-10-23,DFW,58439,862,858.0
2019-10-24,DFW,65264,902,674.0
2019-10-25,DFW,76943,902,884.0
2019-10-26,DFW,46481,690,686.0
2019-10-27,DFW,59253,879,878.0
2019-10-28,DFW,59539,885,878.0
2019-10-29,DFW,46898,841,813.0
2019-10-30,DFW,54593,842,836.0
2019-10-31,DFW,51172,714,710.0
2019-11-01,DFW,59051,883,874.0
2019-11-02,DFW,38498,677,677.0
2019-11-03,DFW,57703,886,881.0
2019-11-04,DFW,61422,898,893.0
2019-11-05,DFW,49754,847,843.0
2019-11-06,DFW,55022,853,853.0
2019-11-07,DFW,64564,904,901.0
2019-11-08,DFW,65208,904,902.0
2019-11-09,DFW,44067,690,690.0
2019-11-10,DFW,58006,890,890.0
2019-11-11,DFW,68876,901,880.0
2019-11-12,DFW,55989,852,846.0
2019-11-13,DFW,53762,859,858.0
2019-11-14,DFW,61988,897,896.0
2019-11-15,DFW,62875,899,899.0
2019-11-16,DFW,40151,685,685.0
2019-11-17,DFW,55506,884,884.0
2019-11-18,DFW,59676,897,896.0
2019-11-19,DFW,48887,852,850.0
2019-11-20,DFW,54268,857,855.0
2019-11-21,DFW,64619,893,893.0
2019-11-22,DFW,68755,896,896.0
2019-11-23,DFW,56758,830,829.0
2019-11-24,DFW,55562,878,878.0
2019-11-25,DFW,48691,878,873.0
2019-11-26,DFW,56071,881,870.0
2019-11-27,DFW,65810,902,898.0
2019-11-28,DFW,32209,402,401.0
2019-11-29,DFW,42347,542,533.0
2019-11-30,DFW,64108,906,902.0
2019-12-01,DFW,72109,940,931.0
2019-12-02,DFW,62109,975,971.0
2019-12-03,DFW,1017,864,862.0
2019-12-04,DFW,55202,812,812.0
2019-12-05,DFW,54933,876,876.0
2019-12-06,DFW,62137,885,882.0
2019-12-07,DFW,59102,655,655.0
2019-12-08,DFW,95876,859,857.0
2019-12-09,DFW,55797,806,802.0
2019-12-10,DFW,46914,712,712.0
2019-12-11,DFW,53675,779,776.0
2019-12-12,DFW,65346,878,876.0
2019-12-13,DFW,60182,883,879.0
2019-12-14,DFW,42624,657,657.0
2019-12-15,DFW,53785,858,851.0
2019-12-16,DFW,61342,800,792.0
2019-12-17,DFW,50440,706,706.0
2019-12-18,DFW,59267,858,855.0
2019-12-19,DFW,65158,867,864.0
2019-12-20,DFW,66658,881,877.0
2019-12-21,DFW,58259,852,846.0
2019-12-22,DFW,60167,855,838.0
2019-12-23,DFW,61194,856,802.0
2019-12-24,DFW,47415,684,680.0
2019-12-25,DFW,48827,705,702.0
2019-12-26,DFW,61981,855,852.0
2019-12-27,DFW,63528,858,842.0
2019-12-28,DFW,58724,820,793.0
2019-12-29,DFW,59108,855,850.0
2019-12-30,DFW,58585,858,857.0
2019-12-31,DFW,46174,767,767.0
2020-01-01,DFW,46935,787,779.0
2020-01-03,DFW,56005,856,843.0
2020-01-04,DFW,50816,817,817.0
2020-01-05,DFW,101808,855,855.0
2020-01-06,DFW,53751,852,851.0
2020-01-07,DFW,42777,699,698.0
2020-01-08,DFW,46542,746,746.0
2020-01-09,DFW,54642,855,855.0
2020-01-10,DFW,48472,862,609.0
2020-01-11,DFW,45839,613,591.0
2020-01-12,DFW,60774,828,824.0
2020-01-13,DFW,56695,801,794.0
2020-01-14,DFW,44980,695,691.0
2020-01-15,DFW,50860,742,740.0
2020-01-16,DFW,62244,854,847.0
2020-01-17,DFW,64127,861,830.0
2020-01-18,DFW,43415,607,599.0
2020-01-19,DFW,47878,814,814.0
2020-01-20,DFW,38078,796,796.0
2020-01-21,DFW,18391,694,692.0
2020-01-22,DFW,45767,743,741.0
2020-01-23,DFW,46931,854,851.0
2020-01-24,DFW,16007,861,861.0
2020-01-25,DFW,40772,611,611.0
2020-01-26,DFW,106702,827,827.0
2020-01-27,DFW,92706,801,720.0
2020-01-28,DFW,42015,694,694.0
2020-01-29,DFW,46276,743,743.0
2020-01-30,DFW,58776,856,855.0
2020-01-31,DFW,55479,862,860.0
2020-02-01,DFW,8705,610,610.0
2020-02-02,DFW,71242,820,819.0
2020-02-03,DFW,53572,801,800.0
2020-02-04,DFW,42639,694,685.0
2020-02-05,DFW,44176,743,691.0
2020-02-06,DFW,59542,854,838.0
2020-02-07,DFW,57980,861,848.0
2020-02-08,DFW,37316,611,611.0
2020-02-09,DFW,48924,827,823.0
2020-02-10,DFW,52711,801,798.0
2020-02-11,DFW,42034,693,690.0
2020-02-12,DFW,50433,743,738.0
2020-02-13,DFW,62540,854,850.0
2020-02-14,DFW,60497,856,856.0
2020-02-15,DFW,39728,739,739.0
2020-02-16,DFW,45832,821,818.0
2020-02-17,DFW,18885,853,851.0
2020-02-18,DFW,39539,800,799.0
2020-02-19,DFW,53378,811,811.0
2020-02-20,DFW,52092,853,851.0
2020-02-21,DFW,57859,857,857.0
2020-02-22,DFW,33,740,740.0
2020-02-23,DFW,114778,827,823.0
2020-02-24,DFW,65060,856,853.0
2020-02-25,DFW,77173,801,800.0
2020-02-26,DFW,52800,812,811.0
2020-02-27,DFW,61923,854,853.0
2020-02-28,DFW,61022,858,857.0
2020-02-29,DFW,41971,742,741.0
2020-03-01,DFW,52116,836,836.0
2020-03-02,DFW,42321,857,857.0
2020-03-03,DFW,16412,801,801.0
2020-03-04,DFW,44573,812,810.0
2020-03-05,DFW,51873,868,868.0
2020-03-06,DFW,61256,869,868.0
2020-03-07,DFW,900,747,747.0
2020-03-08,DFW,120774,847,846.0
2020-03-09,DFW,111079,866,865.0
2020-03-10,DFW,44977,812,812.0
2020-03-11,DFW,45840,828,828.0
2020-03-12,DFW,45250,866,866.0
2020-03-13,DFW,41358,872,856.0
2020-03-14,DFW,33454,750,745.0
2020-03-15,DFW,33557,855,839.0
2020-03-16,DFW,27871,870,831.0
2020-03-17,DFW,21428,817,778.0
2020-03-18,DFW,17705,831,770.0
2020-03-19,DFW,15517,868,761.0
2020-03-20,DFW,15468,873,756.0
2020-03-21,DFW,14751,751,647.0
2020-03-22,DFW,11686,854,690.0
2020-03-23,DFW,9556,869,529.0
2020-03-24,DFW,7515,812,481.0
2020-03-25,DFW,7144,825,396.0
2020-03-26,DFW,6157,847,432.0
2020-03-27,DFW,6229,853,397.0
2020-03-28,DFW,5734,729,412.0
2020-03-29,DFW,5409,837,500.0
2020-03-30,DFW,5266,845,390.0
2020-03-31,DFW,4839,776,374.0
2020-04-01,DFW,4491,782,388.0
2020-04-02,DFW,4454,811,477.0
2020-04-03,DFW,4489,813,385.0
2020-04-04,DFW,4196,667,419.0
2020-04-05,DFW,4008,746,448.0
2020-04-06,DFW,3985,779,434.0
2020-04-07,DFW,3379,629,324.0
2020-04-08,DFW,4251,583,306.0
2020-04-09,DFW,5315,650,345.0
2020-04-10,DFW,5104,647,335.0
2020-04-11,DFW,4240,583,302.0
2020-04-12,DFW,4284,448,316.0
2020-04-13,DFW,4787,468,367.0
2020-04-14,DFW,4203,438,301.0
2020-04-15,DFW,4361,433,310.0
2020-04-16,DFW,4871,462,318.0
2020-04-17,DFW,5149,453,293.0
2020-04-18,DFW,4824,393,238.0
2020-04-19,DFW,5749,450,269.0
2020-04-20,DFW,5189,443,249.0
2020-04-21,DFW,4965,409,240.0
2020-04-22,DFW,5020,424,250.0
2020-04-23,DFW,5742,426,263.0
2020-04-24,DFW,5999,382,269.0
2020-04-25,DFW,5011,371,243.0
2020-04-26,DFW,6107,379,253.0
2020-04-27,DFW,6618,391,259.0
2020-04-28,DFW,6041,359,240.0
2020-04-29,DFW,5698,367,260.0
2020-04-30,DFW,6695,387,262.0
2020-05-01,DFW,7340,373,345.0
2020-05-02,DFW,5716,312,290.0
2020-05-03,DFW,7232,361,342.0
2020-05-04,DFW,7549,374,362.0
2020-05-05,DFW,6806,340,336.0
2020-05-06,DFW,7008,423,413.0
2020-05-07,DFW,7865,316,313.0
2020-05-08,DFW,8906,360,359.0
2020-05-09,DFW,7163,343,343.0
2020-05-10,DFW,8263,367,366.0
2020-05-11,DFW,8876,360,358.0
2020-05-12,DFW,6966,354,354.0
2020-05-13,DFW,7516,356,354.0
2020-05-14,DFW,8788,367,358.0
2020-05-15,DFW,9569,368,358.0
2020-05-16,DFW,7393,354,346.0
2020-05-17,DFW,9900,355,354.0
2020-05-18,DFW,9202,357,355.0
2020-05-19,DFW,8133,359,359.0
2020-05-20,DFW,9161,359,357.0
2020-05-21,DFW,11235,365,365.0
2020-05-22,DFW,12517,363,363.0
2020-05-23,DFW,9089,358,358.0
2020-05-24,DFW,10366,357,357.0
2020-05-25,DFW,12831,366,366.0
2020-05-26,DFW,10726,357,357.0
2020-05-27,DFW,10711,368,368.0
2020-05-28,DFW,11541,369,368.0
2020-05-29,DFW,12631,366,366.0
2020-05-30,DFW,9069,361,361.0
2020-05-31,DFW,12111,366,366.0
2020-06-01,DFW,13518,368,368.0
2020-06-02,DFW,10605,370,370.0
2020-06-03,DFW,10690,381,381.0
2020-06-04,DFW,13243,405,404.0
2020-06-05,DFW,14497,408,407.0
2020-06-06,DFW,12545,411,410.0
2020-06-07,DFW,15285,408,405.0
2020-06-08,DFW,15098,405,405.0
2020-06-09,DFW,12968,400,400.0
2020-06-10,DFW,14300,406,406.0
2020-06-11,DFW,16507,413,413.0
2020-06-12,DFW,18203,415,415.0
2020-06-13,DFW,14724,418,418.0
2020-06-14,DFW,17491,414,414.0
2020-06-15,DFW,17756,413,413.0
2020-06-16,DFW,14845,406,406.0
2020-06-17,DFW,14505,406,406.0
2020-06-18,DFW,18226,416,416.0
2020-06-19,DFW,19679,420,419.0
2020-06-20,DFW,16544,423,423.0
2020-06-21,DFW,19585,419,419.0
2020-06-22,DFW,20222,417,417.0
2020-06-23,DFW,16677,411,411.0
2020-06-24,DFW,17474,411,411.0
2020-06-25,DFW,20142,420,420.0
2020-06-26,DFW,20217,424,424.0
2020-06-27,DFW,17967,427,427.0
2020-06-28,DFW,20025,421,421.0
2020-06-29,DFW,19718,422,422.0
2020-06-30,DFW,17229,410,410.0
2020-07-01,DFW,21803,440,438.0
2020-07-02,DFW,26398,455,454.0
2020-07-03,DFW,25079,452,450.0
2020-07-04,DFW,16830,445,445.0
2020-07-05,DFW,23332,446,445.0
2020-07-06,DFW,23698,445,445.0
2020-07-07,DFW,23044,556,556.0
2020-07-08,DFW,21296,559,559.0
2020-07-09,DFW,25580,688,688.0
2020-07-10,DFW,23790,692,692.0
2020-07-11,DFW,20957,652,652.0
2020-07-12,DFW,23504,691,691.0
2020-07-13,DFW,22614,693,692.0
2020-07-14,DFW,17679,565,564.0
2020-07-15,DFW,19491,563,563.0
2020-07-16,DFW,24533,693,693.0
2020-07-17,DFW,24856,694,694.0
2020-07-18,DFW,22274,655,654.0
2020-07-19,DFW,22954,694,693.0
2020-07-20,DFW,102,694,693.0
2020-07-21,DFW,22819,565,564.0
2020-07-22,DFW,18128,564,562.0
2020-07-23,DFW,19669,694,694.0
2020-07-24,DFW,24618,692,692.0
2020-07-25,DFW,25771,653,642.0
2020-07-26,DFW,46422,693,690.0
2020-07-27,DFW,24304,692,682.0
2020-07-28,DFW,17767,563,553.0
2020-07-29,DFW,21100,563,554.0
2020-07-30,DFW,26968,667,657.0
2020-07-31,DFW,27423,667,667.0
2020-08-01,DFW,24270,636,632.0
2020-08-02,DFW,24785,677,676.0
2020-08-03,DFW,23898,673,669.0
2020-08-04,DFW,18496,552,543.0
2020-08-05,DFW,20068,536,535.0
2020-08-06,DFW,25874,659,659.0
2020-08-07,DFW,26620,660,660.0
2020-08-08,DFW,21285,622,622.0
2020-08-09,DFW,25538,662,662.0
2020-08-10,DFW,24762,661,661.0
2020-08-11,DFW,18453,534,534.0
2020-08-12,DFW,20163,534,534.0
2020-08-13,DFW,26346,659,659.0
2020-08-14,DFW,27654,660,660.0
2020-08-15,DFW,21783,621,621.0
2020-08-16,DFW,25560,661,603.0
2020-08-17,DFW,27733,651,648.0
2020-08-18,DFW,18245,534,534.0
2020-08-19,DFW,20319,537,537.0
2020-08-20,DFW,26191,671,671.0
2020-08-21,DFW,27322,672,671.0
2020-08-22,DFW,20888,631,631.0
2020-08-23,DFW,25066,673,673.0
2020-08-24,DFW,23032,670,670.0
2020-08-25,DFW,17307,538,537.0
2020-08-26,DFW,19060,538,525.0
2020-08-27,DFW,27212,672,653.0
2020-08-28,DFW,28019,672,665.0
2020-08-29,DFW,20693,631,628.0
2020-08-30,DFW,23391,673,669.0
2020-08-31,DFW,23144,670,666.0
2020-09-01,DFW,17745,540,434.0
2020-09-02,DFW,24540,538,515.0
2020-09-03,DFW,34303,673,670.0
2020-09-04,DFW,39087,670,669.0
2020-09-05,DFW,22754,495,494.0
2020-09-06,DFW,22787,523,522.0
2020-09-07,DFW,31501,666,664.0
2020-09-08,DFW,23508,505,503.0
2020-09-09,DFW,22533,591,591.0
2020-09-10,DFW,29223,616,615.0
2020-09-11,DFW,28146,616,615.0
2020-09-12,DFW,22569,600,597.0
2020-09-13,DFW,26329,614,614.0
2020-09-14,DFW,23860,610,606.0
2020-09-15,DFW,17304,507,494.0
2020-09-16,DFW,20760,598,580.0
2020-09-17,DFW,29549,614,608.0
2020-09-18,DFW,30880,616,613.0
2020-09-19,DFW,21497,605,605.0
2020-09-20,DFW,27414,614,614.0
2020-09-21,DFW,27115,612,611.0
2020-09-22,DFW,19309,509,507.0
2020-09-23,DFW,21105,600,600.0
2020-09-24,DFW,30275,618,618.0
2020-09-25,DFW,31689,618,618.0
2020-09-26,DFW,23216,603,603.0
2020-09-27,DFW,29123,617,617.0
2020-09-28,DFW,26340,614,614.0
2020-09-29,DFW,18509,509,509.0
2020-09-30,DFW,21629,598,597.0
2020-10-01,DFW,30934,622,619.0
2020-10-02,DFW,31667,623,617.0
2020-10-03,DFW,22752,604,604.0
2020-10-04,DFW,29372,621,617.0
2020-10-05,DFW,28232,620,615.0
2020-10-06,DFW,19638,500,498.0
2020-10-07,DFW,22078,564,564.0
2020-10-08,DFW,32639,615,614.0
2020-10-09,DFW,36052,694,680.0
2020-10-10,DFW,26133,599,597.0
2020-10-11,DFW,32469,695,695.0
2020-10-12,DFW,33082,696,696.0
2020-10-13,DFW,22546,574,574.0
2020-10-14,DFW,23597,577,577.0
2020-10-15,DFW,33137,618,618.0
2020-10-16,DFW,34627,700,700.0
2020-10-17,DFW,25415,601,601.0
2020-10-18,DFW,34445,697,697.0
2020-10-19,DFW,30839,699,699.0
2020-10-20,DFW,24541,575,575.0
2020-10-21,DFW,24965,578,578.0
2020-10-22,DFW,34435,618,618.0
2020-10-23,DFW,36208,700,700.0
2020-10-24,DFW,27528,597,597.0
2020-10-25,DFW,38026,690,687.0
2020-10-26,DFW,33404,692,682.0
2020-10-27,DFW,22757,573,554.0
2020-10-28,DFW,25217,576,564.0
2020-10-29,DFW,30334,611,609.0
2020-10-30,DFW,32442,694,694.0
2020-10-31,DFW,18511,388,388.0
2020-11-01,DFW,30182,618,618.0
2020-11-02,DFW,355,692,692.0
2020-11-03,DFW,27997,561,561.0
2020-11-04,DFW,20129,573,573.0
2020-11-05,DFW,21914,612,610.0
2020-11-06,DFW,29130,689,686.0
2020-11-07,DFW,30118,666,664.0
2020-11-08,DFW,55088,691,687.0
2020-11-09,DFW,30090,616,616.0
2020-11-10,DFW,22505,588,588.0
2020-11-11,DFW,23121,595,589.0
2020-11-12,DFW,30064,615,615.0
2020-11-13,DFW,30053,693,692.0
2020-11-14,DFW,24261,671,669.0
2020-11-15,DFW,33157,693,690.0
2020-11-16,DFW,28852,615,613.0
2020-11-17,DFW,21016,588,584.0
2020-11-18,DFW,23798,606,602.0
2020-11-19,DFW,29114,626,621.0
2020-11-20,DFW,34582,703,697.0
2020-11-21,DFW,35498,682,678.0
2020-11-22,DFW,35050,705,697.0
2020-11-23,DFW,27523,538,536.0
2020-11-24,DFW,31060,691,683.0
2020-11-25,DFW,36651,694,688.0
2020-11-26,DFW,14792,195,194.0
2020-11-27,DFW,24452,510,509.0
2020-11-28,DFW,30350,703,703.0
2020-11-29,DFW,36799,726,725.0
2020-11-30,DFW,30535,721,719.0
2020-12-01,DFW,23029,610,609.0
2020-12-02,DFW,20905,530,528.0
2020-12-03,DFW,25102,616,615.0
2020-12-04,DFW,25976,696,695.0
2020-12-05,DFW,22183,577,575.0
2020-12-06,DFW,32103,697,697.0
2020-12-07,DFW,26773,697,697.0
2020-12-08,DFW,19363,519,517.0
2020-12-09,DFW,21501,522,521.0
2020-12-10,DFW,26183,617,615.0
2020-12-11,DFW,27919,696,691.0
2020-12-12,DFW,23399,576,568.0
2020-12-13,DFW,31489,697,689.0
2020-12-14,DFW,25846,696,690.0
2020-12-15,DFW,19633,521,520.0
2020-12-16,DFW,21933,527,514.0
2020-12-17,DFW,29693,710,709.0
2020-12-18,DFW,35971,722,721.0
2020-12-19,DFW,37942,694,692.0
2020-12-20,DFW,37918,723,720.0
2020-12-21,DFW,34508,728,723.0
2020-12-22,DFW,31951,722,722.0
2020-12-23,DFW,37465,722,717.0
2020-12-24,DFW,28450,463,461.0
2020-12-25,DFW,22119,380,377.0
2020-12-26,DFW,35328,692,689.0
2020-12-27,DFW,40057,719,719.0
2020-12-28,DFW,36981,728,723.0
2020-12-29,DFW,33101,722,713.0
2020-12-30,DFW,35449,725,629.0
2020-12-31,DFW,30753,467,457.0
2021-01-01,DFW,27414,623,606.0
2021-01-02,DFW,33922,696,695.0
2021-01-03,DFW,39681,730,723.0
2021-01-04,DFW,35487,728,725.0
2021-01-05,DFW,25664,586,585.0
2021-01-06,DFW,23801,599,599.0
2021-01-07,DFW,25017,627,627.0
2021-01-08,DFW,26278,699,697.0
2021-01-09,DFW,24249,574,573.0
2021-01-10,DFW,26654,692,518.0
2021-01-11,DFW,25513,625,624.0
2021-01-12,DFW,18395,594,593.0
2021-01-13,DFW,20766,599,599.0
2021-01-14,DFW,26387,627,624.0
2021-01-15,DFW,33338,700,694.0
2021-01-16,DFW,24977,571,571.0
2021-01-17,DFW,26262,683,683.0
2021-01-18,DFW,29696,629,629.0
2021-01-19,DFW,20051,594,593.0
2021-01-20,DFW,19786,599,599.0
2021-01-21,DFW,24531,628,628.0
2021-01-22,DFW,27672,697,692.0
2021-01-23,DFW,20118,574,571.0
2021-01-24,DFW,25440,691,678.0
2021-01-25,DFW,25654,627,620.0
2021-01-26,DFW,16428,593,592.0
2021-01-27,DFW,18400,599,598.0
2021-01-28,DFW,24047,628,628.0
2021-01-29,DFW,26622,698,697.0
2021-01-30,DFW,20107,574,504.0
2021-01-31,DFW,30063,691,683.0
2021-02-01,DFW,22809,627,610.0
2021-02-02,DFW,17782,594,591.0
2021-02-03,DFW,20039,600,598.0
2021-02-04,DFW,26416,627,625.0
2021-02-05,DFW,28850,699,698.0
2021-02-06,DFW,21275,574,573.0
2021-02-07,DFW,25749,688,685.0
2021-02-08,DFW,24773,626,622.0
2021-02-09,DFW,18220,594,587.0
2021-02-10,DFW,22946,604,584.0
2021-02-11,DFW,30535,623,599.0
2021-02-12,DFW,35763,701,683.0
2021-02-13,DFW,25809,570,537.0
2021-02-14,DFW,19707,609,236.0
2021-02-15,DFW,20394,628,184.0
2021-02-16,DFW,19670,592,172.0
2021-02-17,DFW,11082,598,127.0
2021-02-18,DFW,22028,628,296.0
2021-02-19,DFW,27833,700,462.0
2021-02-20,DFW,25089,576,553.0
2021-02-21,DFW,28651,693,682.0
2021-02-22,DFW,25384,628,627.0
2021-02-23,DFW,19196,591,590.0
2021-02-24,DFW,23688,597,597.0
2021-02-25,DFW,30642,628,619.0
2021-02-26,DFW,34492,700,700.0
2021-02-27,DFW,25059,576,569.0
2021-02-28,DFW,34486,693,632.0
2021-03-01,DFW,31955,628,628.0
2021-03-02,DFW,21168,592,592.0
2021-03-03,DFW,24997,599,599.0
2021-03-04,DFW,34070,750,749.0
2021-03-05,DFW,42494,768,766.0
2021-03-06,DFW,40297,690,689.0
2021-03-07,DFW,44483,757,757.0
2021-03-08,DFW,37408,762,761.0
2021-03-09,DFW,29670,712,711.0
2021-03-10,DFW,32670,729,729.0
2021-03-11,DFW,39773,767,765.0
2021-03-12,DFW,50148,769,769.0
2021-03-13,DFW,1018,696,685.0
2021-03-14,DFW,94370,760,735.0
2021-03-15,DFW,43994,766,757.0
2021-03-16,DFW,35373,713,712.0
2021-03-17,DFW,33829,728,587.0
2021-03-18,DFW,41615,769,768.0
2021-03-19,DFW,36131,771,770.0
2021-03-20,DFW,32654,699,699.0
2021-03-21,DFW,39913,761,761.0
2021-03-22,DFW,33061,766,688.0
2021-03-23,DFW,29121,716,713.0
2021-03-24,DFW,30400,731,721.0
2021-03-25,DFW,39328,769,767.0
2021-03-26,DFW,40359,768,762.0
2021-03-27,DFW,34274,701,701.0
2021-03-28,DFW,40511,764,764.0
2021-03-29,DFW,37683,772,772.0
2021-03-30,DFW,29337,725,725.0
2021-03-31,DFW,34375,738,735.0
2021-04-01,DFW,43916,771,770.0
2021-04-02,DFW,39502,770,766.0
2021-04-03,DFW,30179,664,663.0
2021-04-04,DFW,37698,686,682.0
2021-04-05,DFW,39769,767,765.0
2021-04-06,DFW,30607,647,647.0
2021-04-07,DFW,32660,644,644.0
2021-04-08,DFW,42213,763,763.0
2021-04-09,DFW,41727,772,768.0
2021-04-10,DFW,37260,739,735.0
2021-04-11,DFW,43161,766,745.0
2021-04-12,DFW,43678,764,759.0
2021-04-13,DFW,31126,646,646.0
2021-04-14,DFW,32171,638,638.0
2021-04-15,DFW,42949,765,764.0
2021-04-16,DFW,45147,773,758.0
2021-04-17,DFW,37430,733,733.0
2021-04-18,DFW,46074,768,768.0
2021-04-19,DFW,40165,764,764.0
2021-04-20,DFW,31113,643,643.0
2021-04-21,DFW,33228,638,638.0
2021-04-22,DFW,44713,765,765.0
2021-04-23,DFW,44913,774,685.0
2021-04-24,DFW,37866,734,733.0
2021-04-25,DFW,43978,768,767.0
2021-04-26,DFW,41907,766,766.0
2021-04-27,DFW,32823,643,643.0
2021-04-28,DFW,35535,638,638.0
2021-04-29,DFW,46486,765,764.0
2021-04-30,DFW,66,757,755.0
2021-05-01,DFW,46401,734,734.0
2021-05-02,DFW,84789,767,765.0
2021-05-03,DFW,42550,765,733.0
2021-05-04,DFW,34265,640,640.0
2021-05-05,DFW,35963,631,631.0
2021-05-06,DFW,49150,823,823.0
2021-05-07,DFW,49698,832,832.0
2021-05-08,DFW,40376,782,782.0
2021-05-09,DFW,52824,831,830.0
2021-05-10,DFW,47710,829,678.0
2021-05-11,DFW,41686,741,513.0
2021-05-12,DFW,45943,758,756.0
2021-05-13,DFW,51791,834,834.0
2021-05-14,DFW,53644,834,834.0
2021-05-15,DFW,42704,783,783.0
2021-05-16,DFW,51740,833,752.0
2021-05-17,DFW,51605,832,820.0
2021-05-18,DFW,386,745,714.0
2021-05-19,DFW,25,762,762.0
2021-05-20,DFW,39006,834,834.0
2021-05-21,DFW,44683,835,834.0
2021-05-22,DFW,52770,785,784.0
2021-05-23,DFW,106988,833,833.0
2021-05-24,DFW,97122,832,792.0
2021-05-25,DFW,45776,745,730.0
2021-05-26,DFW,49709,763,763.0
2021-05-27,DFW,56680,836,836.0
2021-05-28,DFW,60097,836,832.0
2021-05-29,DFW,49683,784,784.0
2021-05-30,DFW,46757,826,826.0
2021-05-31,DFW,52921,833,731.0
2021-06-01,DFW,52333,746,745.0
2021-06-02,DFW,47456,755,754.0
2021-06-03,DFW,54418,833,832.0
2021-06-04,DFW,58546,878,874.0
2021-06-05,DFW,50384,841,801.0
2021-06-06,DFW,59484,876,849.0
2021-06-07,DFW,53172,878,663.0
2021-06-08,DFW,50551,848,812.0
2021-06-09,DFW,51021,860,840.0
2021-06-10,DFW,60158,873,859.0
2021-06-11,DFW,58189,878,870.0
2021-06-12,DFW,51441,842,815.0
2021-06-13,DFW,59928,876,847.0
2021-06-14,DFW,55813,877,861.0
2021-06-15,DFW,48051,853,841.0
2021-06-16,DFW,54180,862,850.0
2021-06-17,DFW,59797,880,858.0
2021-06-18,DFW,61266,882,851.0
2021-06-19,DFW,53720,846,811.0
2021-06-20,DFW,58418,880,840.0
2021-06-21,DFW,60006,881,743.0
2021-06-22,DFW,55324,857,816.0
2021-06-23,DFW,54194,867,829.0
2021-06-24,DFW,62485,880,854.0
2021-06-25,DFW,63080,863,852.0
2021-06-26,DFW,38,826,818.0
2021-06-27,DFW,116039,860,840.0
2021-06-28,DFW,58661,856,824.0
2021-06-29,DFW,53853,830,818.0
2021-06-30,DFW,59122,842,833.0
2021-07-01,DFW,65355,863,802.0
2021-07-02,DFW,70706,881,748.0
2021-07-03,DFW,59848,834,814.0
2021-07-04,DFW,46747,708,704.0
2021-07-05,DFW,58480,822,815.0
2021-07-06,DFW,54959,852,823.0
2021-07-07,DFW,52630,832,823.0
2021-07-08,DFW,58600,841,835.0
2021-07-09,DFW,61108,844,840.0
2021-07-10,DFW,56750,811,810.0
2021-07-11,DFW,59402,839,834.0
2021-07-12,DFW,57289,847,843.0
2021-07-13,DFW,51693,826,823.0
2021-07-14,DFW,54438,835,832.0
2021-07-15,DFW,63205,883,879.0
2021-07-16,DFW,64349,889,884.0
2021-07-17,DFW,58690,854,846.0
2021-07-18,DFW,61699,884,870.0
2021-07-19,DFW,59515,888,783.0
2021-07-20,DFW,56544,865,855.0
2021-07-21,DFW,55487,874,869.0
2021-07-22,DFW,62770,884,881.0
2021-07-23,DFW,65289,885,882.0
2021-07-24,DFW,56894,849,834.0
2021-07-25,DFW,60996,880,869.0
2021-07-26,DFW,56133,885,873.0
2021-07-27,DFW,50334,860,843.0
2021-07-28,DFW,55795,869,863.0
2021-07-29,DFW,60838,888,884.0
2021-07-30,DFW,60002,889,885.0
2021-07-31,DFW,55699,846,796.0
2021-08-01,DFW,58179,877,607.0
2021-08-02,DFW,62071,880,674.0
2021-08-03,DFW,53044,866,782.0
2021-08-04,DFW,53791,867,838.0
2021-08-05,DFW,59065,889,863.0
2021-08-06,DFW,58649,889,866.0
2021-08-07,DFW,50006,847,839.0
2021-08-08,DFW,52913,879,873.0
2021-08-09,DFW,49518,882,871.0
2021-08-10,DFW,41753,865,858.0
2021-08-11,DFW,44753,873,868.0
2021-08-12,DFW,52134,888,883.0
2021-08-13,DFW,53842,888,881.0
2021-08-14,DFW,42602,853,639.0
2021-08-15,DFW,56779,886,811.0
2021-08-16,DFW,49785,880,873.0
2021-08-17,DFW,34220,724,442.0
2021-08-18,DFW,48509,825,666.0
2021-08-19,DFW,52688,892,874.0
2021-08-20,DFW,53000,890,889.0
2021-08-21,DFW,40294,776,774.0
2021-08-22,DFW,47249,829,825.0
2021-08-23,DFW,45466,806,805.0
2021-08-24,DFW,33957,728,723.0
2021-08-25,DFW,39210,821,816.0
2021-08-26,DFW,47881,889,884.0
2021-08-27,DFW,49711,886,881.0
2021-08-28,DFW,37046,777,771.0
2021-08-29,DFW,44930,822,787.0
2021-08-30,DFW,39933,806,771.0
2021-08-31,DFW,32076,728,717.0
2021-09-01,DFW,38526,820,808.0
2021-09-02,DFW,55222,888,868.0
2021-09-03,DFW,58343,888,877.0
2021-09-04,DFW,40461,684,675.0
2021-09-05,DFW,36221,614,609.0
2021-09-06,DFW,49528,762,758.0
2021-09-07,DFW,40968,725,721.0
2021-09-08,DFW,37525,794,784.0
2021-09-09,DFW,47651,873,867.0
2021-09-10,DFW,50923,876,872.0
2021-09-11,DFW,33779,687,686.0
2021-09-12,DFW,49569,863,861.0
2021-09-13,DFW,40618,796,791.0
2021-09-14,DFW,33745,726,721.0
2021-09-15,DFW,39937,808,806.0
2021-09-16,DFW,51456,874,873.0
2021-09-17,DFW,54912,878,878.0
2021-09-18,DFW,37860,686,685.0
2021-09-19,DFW,50266,868,867.0
2021-09-20,DFW,44078,798,797.0
2021-09-21,DFW,34640,723,723.0
2021-09-22,DFW,39671,808,808.0
2021-09-23,DFW,51306,875,868.0
2021-09-24,DFW,56153,878,876.0
2021-09-25,DFW,37359,686,684.0
2021-09-26,DFW,57168,868,864.0
2021-09-27,DFW,46384,798,797.0
2021-09-28,DFW,44128,722,720.0
2021-09-29,DFW,43136,807,804.0
2021-09-30,DFW,53174,874,734.0
2021-10-01,DFW,61862,880,872.0
2021-10-02,DFW,39505,685,682.0
2021-10-03,DFW,55420,866,860.0
2021-10-04,DFW,52063,795,794.0
2021-10-05,DFW,37001,723,722.0
2021-10-06,DFW,43181,805,804.0
2021-10-07,DFW,58541,862,859.0
2021-10-08,DFW,65218,871,865.0
2021-10-09,DFW,48344,764,759.0
2021-10-10,DFW,57400,818,717.0
2021-10-11,DFW,63198,789,765.0
2021-10-12,DFW,46532,715,715.0
2021-10-13,DFW,44602,810,588.0
2021-10-14,DFW,59445,872,846.0
2021-10-15,DFW,59384,873,866.0
2021-10-16,DFW,44703,766,761.0
2021-10-17,DFW,57271,820,814.0
2021-10-18,DFW,52341,788,788.0
2021-10-19,DFW,38181,715,715.0
2021-10-20,DFW,42208,809,809.0
2021-10-21,DFW,55631,872,839.0
2021-10-22,DFW,59356,872,849.0
2021-10-23,DFW,44451,766,765.0
2021-10-24,DFW,57685,820,813.0
2021-10-25,DFW,55364,788,784.0
2021-10-26,DFW,40053,715,713.0
2021-10-27,DFW,43661,810,806.0
2021-10-28,DFW,51137,872,668.0
2021-10-29,DFW,59624,870,803.0
2021-10-30,DFW,42032,756,653.0
2021-10-31,DFW,42769,796,595.0
2021-11-01,DFW,56157,786,748.0
2021-11-02,DFW,38811,705,696.0
2021-11-03,DFW,41147,789,780.0
2021-11-04,DFW,52085,848,844.0
2021-11-05,DFW,56797,857,851.0
2021-11-06,DFW,40727,744,736.0
2021-11-07,DFW,57409,794,788.0
2021-11-08,DFW,60369,786,781.0
2021-11-09,DFW,42776,709,708.0
2021-11-10,DFW,44493,787,726.0
2021-11-11,DFW,55163,850,829.0
2021-11-12,DFW,55366,856,850.0
2021-11-13,DFW,42524,742,734.0
2021-11-14,DFW,60442,793,786.0
2021-11-15,DFW,63349,784,776.0
2021-11-16,DFW,43298,710,707.0
2021-11-17,DFW,47712,793,793.0
2021-11-18,DFW,59838,851,851.0
2021-11-19,DFW,66926,860,855.0
2021-11-20,DFW,58578,751,749.0
2021-11-21,DFW,61755,736,734.0
2021-11-22,DFW,57845,813,812.0
2021-11-23,DFW,57389,858,856.0
2021-11-24,DFW,62300,872,870.0
2021-11-25,DFW,31478,394,391.0
2021-11-26,DFW,44579,521,521.0
2021-11-27,DFW,60615,867,867.0
2021-11-28,DFW,63673,882,877.0
2021-11-29,DFW,56653,862,858.0
2021-11-30,DFW,46969,752,749.0
2021-12-01,DFW,46779,793,788.0
2021-12-02,DFW,53277,852,848.0
2021-12-03,DFW,52686,853,845.0
2021-12-04,DFW,231,728,722.0
2021-12-05,DFW,95054,790,787.0
2021-12-06,DFW,49181,782,776.0
2021-12-07,DFW,40192,705,701.0
2021-12-08,DFW,45179,777,776.0
2021-12-09,DFW,54246,844,834.0
2021-12-10,DFW,57176,847,826.0
2021-12-11,DFW,44913,721,710.0
2021-12-12,DFW,53328,785,775.0
2021-12-13,DFW,50896,782,774.0
2021-12-14,DFW,42663,705,698.0
2021-12-15,DFW,48652,707,686.0
2021-12-16,DFW,58176,771,763.0
2021-12-17,DFW,61762,798,781.0
2021-12-18,DFW,54477,752,732.0
2021-12-19,DFW,58180,779,765.0
2021-12-20,DFW,53959,788,779.0
2021-12-21,DFW,51530,785,777.0
2021-12-22,DFW,54841,776,774.0
2021-12-23,DFW,55833,781,781.0
2021-12-24,DFW,45012,613,601.0
2021-12-25,DFW,39494,637,629.0
2021-12-26,DFW,51844,766,736.0
2021-12-27,DFW,56155,771,734.0
2021-12-28,DFW,53247,765,746.0
2021-12-29,DFW,53275,772,754.0
2021-12-30,DFW,51599,776,754.0
2021-12-31,DFW,40056,610,578.0
2022-01-01,DFW,41498,646,597.0
2022-01-02,DFW,50566,774,728.0
2022-01-03,DFW,168,778,733.0
2022-01-04,DFW,53918,677,653.0
2022-01-05,DFW,43286,731,716.0
2022-01-06,DFW,40691,786,755.0
2022-01-07,DFW,41344,790,767.0
2022-01-08,DFW,41554,656,623.0
2022-01-09,DFW,84947,750,723.0
2022-01-10,DFW,40116,743,735.0
2022-01-11,DFW,31262,681,671.0
2022-01-12,DFW,34335,731,723.0
2022-01-13,DFW,41484,778,762.0
2022-01-14,DFW,47464,786,780.0
2022-01-15,DFW,248,648,634.0
2022-01-16,DFW,73759,733,695.0
2022-01-17,DFW,52839,781,769.0
2022-01-18,DFW,34762,709,702.0
2022-01-19,DFW,32074,726,716.0
2022-01-20,DFW,38382,778,759.0
2022-01-21,DFW,39930,778,768.0
2022-01-22,DFW,31751,639,638.0
2022-01-23,DFW,39744,743,738.0
2022-01-24,DFW,36199,736,733.0
2022-01-25,DFW,28445,670,663.0
2022-01-26,DFW,32391,725,718.0
2022-01-27,DFW,40253,775,774.0
2022-01-28,DFW,42196,779,753.0
2022-01-29,DFW,31234,644,608.0
2022-01-30,DFW,44640,739,728.0
2022-01-31,DFW,39262,727,723.0
2022-02-01,DFW,31730,655,642.0
2022-02-02,DFW,42126,709,555.0
2022-02-03,DFW,11441,769,68.0
2022-02-04,DFW,27660,772,291.0
2022-02-05,DFW,35204,681,440.0
2022-02-06,DFW,41193,734,648.0
2022-02-07,DFW,40042,740,733.0
2022-02-08,DFW,32523,681,680.0
2022-02-09,DFW,197,728,728.0
2022-02-10,DFW,37410,778,776.0
2022-02-11,DFW,47990,784,783.0
2022-02-12,DFW,50079,683,683.0
2022-02-13,DFW,85092,736,736.0
2022-02-14,DFW,40860,746,743.0
2022-02-15,DFW,37945,688,687.0
2022-02-16,DFW,42008,737,733.0
2022-02-17,DFW,53251,778,760.0
2022-02-18,DFW,56864,776,769.0
2022-02-19,DFW,41744,679,678.0
2022-02-20,DFW,49411,733,731.0
2022-02-21,DFW,52989,781,774.0
2022-02-22,DFW,42502,731,729.0
2022-02-23,DFW,35324,743,241.0
2022-02-24,DFW,22660,783,228.0
2022-02-25,DFW,59405,780,755.0
2022-02-26,DFW,43408,687,681.0
2022-02-27,DFW,51382,739,739.0
2022-02-28,DFW,58352,745,743.0
2022-03-01,DFW,44558,687,686.0
2022-03-02,DFW,45714,739,739.0
2022-03-03,DFW,56297,727,725.0
2022-03-04,DFW,62783,768,766.0
2022-03-05,DFW,55153,712,711.0
2022-03-06,DFW,61019,756,742.0
2022-03-07,DFW,59504,731,731.0
2022-03-08,DFW,48198,680,680.0
2022-03-09,DFW,53917,685,685.0
2022-03-10,DFW,62462,732,730.0
2022-03-11,DFW,68494,774,766.0
2022-03-12,DFW,63660,719,705.0
2022-03-14,DFW,63713,739,679.0
2022-03-15,DFW,57108,681,681.0
2022-03-16,DFW,54579,689,689.0
2022-03-17,DFW,54282,739,723.0
2022-03-18,DFW,52763,778,767.0
2022-03-19,DFW,44334,726,723.0
2022-03-20,DFW,55897,769,768.0
2022-03-21,DFW,47558,739,539.0
2022-03-22,DFW,47554,681,678.0
2022-03-23,DFW,50001,689,689.0
2022-03-24,DFW,58154,735,735.0
2022-03-25,DFW,59255,777,776.0
2022-03-26,DFW,44490,723,723.0
2022-03-27,DFW,55573,765,765.0
2022-03-28,DFW,54488,738,738.0
2022-03-29,DFW,43770,681,680.0
2022-03-30,DFW,48828,683,683.0
2022-03-31,DFW,57044,737,730.0
2022-04-01,DFW,58463,775,764.0
2022-04-02,DFW,43685,721,687.0
2022-05-02,DFW,31226,777,772.0
2022-05-03,DFW,28088,755,754.0
2022-05-06,DFW,38702,773,769.0
2022-05-07,DFW,32042,748,744.0
2022-05-08,DFW,63492,768,765.0
2022-05-09,DFW,58751,775,772.0
2022-05-10,DFW,52275,755,754.0
2022-05-11,DFW,59234,768,765.0
2022-05-12,DFW,65702,774,774.0
2022-05-13,DFW,65098,775,772.0
2022-05-14,DFW,55289,747,742.0
2022-05-16,DFW,61248,776,761.0
2022-05-17,DFW,55575,754,753.0
2022-05-18,DFW,61821,769,767.0
2022-05-19,DFW,65312,775,772.0
2022-05-20,DFW,66055,775,762.0
2022-05-21,DFW,55116,748,733.0
2022-05-23,DFW,65803,776,773.0
2022-05-24,DFW,57404,754,602.0
2022-05-25,DFW,68643,766,757.0
2022-05-26,DFW,70228,777,771.0
2022-05-27,DFW,69681,776,764.0
2022-05-28,DFW,60849,740,738.0
2022-05-29,DFW,60047,748,743.0
2022-05-30,DFW,64169,772,763.0
2022-05-31,DFW,64147,755,754.0
2022-06-01,DFW,60047,765,622.0
2022-06-02,DFW,68681,766,690.0
2022-06-03,DFW,70903,818,770.0
2022-06-04,DFW,61603,779,745.0
2022-06-06,DFW,66504,824,822.0
2022-06-07,DFW,61824,811,810.0
2022-06-08,DFW,66176,816,803.0
2022-06-09,DFW,71062,824,803.0
2022-06-10,DFW,68310,825,819.0
2022-06-11,DFW,58073,788,769.0
2022-06-12,DFW,65331,830,815.0
2022-06-13,DFW,62229,824,809.0
2022-06-14,DFW,59138,812,804.0
2022-06-15,DFW,64962,816,799.0
2022-06-16,DFW,68081,825,800.0
2022-06-17,DFW,69614,825,789.0
2022-06-18,DFW,59965,786,755.0
2022-06-19,DFW,63539,828,807.0
2022-06-20,DFW,67287,824,817.0
2022-06-21,DFW,62699,812,804.0
2022-06-22,DFW,63891,817,782.0
2022-06-23,DFW,70643,826,800.0
2022-06-24,DFW,69903,825,796.0
2022-06-25,DFW,60985,783,761.0
2022-06-26,DFW,65978,829,801.0
2022-06-27,DFW,63174,823,800.0
2022-06-28,DFW,61311,809,781.0
2022-06-29,DFW,66393,814,782.0
2022-06-30,DFW,71976,822,806.0
2022-07-01,DFW,71299,839,819.0
2022-07-04,DFW,56018,813,809.0
2022-07-05,DFW,60732,750,733.0
2022-07-06,DFW,60156,750,726.0
2022-07-07,DFW,62556,823,804.0
2022-07-08,DFW,62986,813,805.0
2022-07-09,DFW,58627,773,765.0
2022-07-10,DFW,67010,823,813.0
2022-07-11,DFW,64786,820,811.0
2022-07-12,DFW,59854,747,743.0
2022-07-13,DFW,64342,753,751.0
2022-07-14,DFW,70192,824,811.0
2022-07-15,DFW,69648,822,816.0
2022-07-16,DFW,60997,777,768.0
2022-07-17,DFW,66887,824,814.0
2022-07-18,DFW,66071,820,813.0
2022-07-19,DFW,61261,752,748.0
2022-07-20,DFW,63183,752,749.0
2022-07-21,DFW,69273,824,814.0
2022-07-22,DFW,70691,823,819.0
2022-07-23,DFW,61246,777,775.0
2022-07-24,DFW,66542,821,810.0
2022-07-25,DFW,65975,820,808.0
2022-07-26,DFW,59736,752,747.0
2022-07-27,DFW,62078,749,742.0
2022-07-28,DFW,67999,822,811.0
2022-07-29,DFW,64976,822,769.0
2022-07-30,DFW,59308,774,756.0
2022-07-31,DFW,65174,821,783.0
2022-08-01,DFW,63830,818,805.0
2022-08-02,DFW,55612,749,747.0
2022-08-03,DFW,59552,751,741.0
2022-08-04,DFW,67714,824,802.0
2022-08-05,DFW,66569,824,794.0
2022-08-06,DFW,54702,783,766.0
2022-08-07,DFW,59624,824,817.0
2022-08-08,DFW,59913,826,822.0
2022-08-09,DFW,51657,814,778.0
2022-08-10,DFW,56776,812,596.0
2022-08-11,DFW,68146,822,743.0
2022-08-12,DFW,65193,820,806.0
2022-08-13,DFW,48809,778,766.0
2022-08-14,DFW,58345,813,802.0
2022-08-15,DFW,59455,811,806.0
2022-08-16,DFW,51861,792,790.0
2022-08-17,DFW,57425,809,767.0
2022-08-18,DFW,62542,817,800.0
2022-08-19,DFW,62318,823,814.0
2022-08-20,DFW,48146,768,764.0
2022-08-21,DFW,50703,818,580.0
2022-08-22,DFW,57789,800,648.0
2022-08-23,DFW,54145,798,782.0
2022-08-24,DFW,55041,808,806.0
2022-08-25,DFW,63927,813,810.0
2022-08-26,DFW,63559,817,813.0
2022-08-27,DFW,46865,769,768.0
2022-08-28,DFW,54418,818,812.0
2022-08-29,DFW,52236,809,803.0
2022-08-30,DFW,47722,797,775.0
2022-08-31,DFW,59872,802,797.0
2022-09-01,DFW,67983,823,734.0
2022-09-02,DFW,71564,820,803.0
2022-09-03,DFW,53308,634,633.0
2022-09-04,DFW,45311,646,631.0
2022-09-05,DFW,57899,805,800.0
2022-09-06,DFW,55563,794,793.0
2022-09-07,DFW,48867,737,734.0
2022-09-08,DFW,58076,823,819.0
2022-09-09,DFW,60664,825,824.0
2022-09-10,DFW,47034,731,731.0
2022-09-11,DFW,55922,826,825.0
2022-09-12,DFW,63989,824,824.0
2022-09-13,DFW,50038,741,740.0
2022-09-14,DFW,55484,740,740.0
2022-09-15,DFW,66216,829,828.0
2022-09-16,DFW,62957,823,823.0
2022-09-17,DFW,45955,730,729.0
2022-09-18,DFW,60167,824,822.0
2022-09-19,DFW,64070,820,820.0
2022-09-20,DFW,52534,735,735.0
2022-09-21,DFW,58124,741,741.0
2022-09-22,DFW,66306,827,824.0
2022-09-23,DFW,67047,827,827.0
2022-09-24,DFW,49384,734,734.0
2022-09-25,DFW,62126,828,827.0
2022-09-26,DFW,56556,823,818.0
2022-09-27,DFW,49470,737,724.0
2022-09-28,DFW,53286,745,710.0
2022-09-29,DFW,62360,830,791.0
2022-09-30,DFW,64052,830,803.0
2022-10-01,DFW,52024,733,722.0
2022-10-02,DFW,66444,829,820.0
2022-10-03,DFW,62635,827,819.0
2022-10-04,DFW,51733,736,732.0
2022-10-05,DFW,59801,741,740.0
2022-10-06,DFW,70635,808,806.0
2022-10-07,DFW,71514,811,805.0
2022-10-08,DFW,55022,732,730.0
2022-10-09,DFW,65332,811,807.0
2022-10-10,DFW,62319,754,753.0
2022-10-11,DFW,55557,744,744.0
2022-10-12,DFW,58960,747,747.0
2022-10-13,DFW,66729,812,812.0
2022-10-14,DFW,65742,810,809.0
2022-10-15,DFW,51368,733,733.0
2022-10-16,DFW,66167,809,809.0
2022-10-17,DFW,61212,754,754.0
2022-10-18,DFW,57365,744,744.0
2022-10-19,DFW,60158,747,747.0
2022-10-20,DFW,67756,812,811.0
2022-10-21,DFW,67819,811,811.0
2022-10-22,DFW,50564,732,732.0
2022-10-23,DFW,67080,808,804.0
2022-10-24,DFW,64858,753,671.0
2022-10-25,DFW,61915,744,721.0
2022-10-26,DFW,61927,747,747.0
2022-10-27,DFW,67007,812,812.0
2022-10-28,DFW,65690,808,727.0
2022-10-29,DFW,47699,603,603.0
2022-10-30,DFW,57106,800,799.0
2022-10-31,DFW,52447,620,619.0
2022-11-01,DFW,56847,744,743.0
2022-11-02,DFW,52015,747,747.0
2022-11-03,DFW,65728,721,720.0
2022-11-04,DFW,56240,724,564.0
2022-11-05,DFW,53325,674,660.0
2022-11-06,DFW,63747,763,762.0
2022-11-07,DFW,56656,719,717.0
2022-11-08,DFW,51837,709,709.0
2022-11-09,DFW,56601,720,704.0
2022-11-10,DFW,63029,724,707.0
2022-11-11,DFW,61744,725,682.0
2022-11-12,DFW,51204,676,673.0
2022-11-13,DFW,62270,768,768.0
2022-11-14,DFW,59879,726,725.0
2022-11-15,DFW,52169,714,712.0
2022-11-16,DFW,59151,719,719.0
2022-11-17,DFW,67247,725,724.0
2022-11-18,DFW,72105,726,723.0
2022-11-19,DFW,63642,682,677.0
2022-11-20,DFW,68633,772,772.0
2022-11-21,DFW,58584,727,727.0
2022-11-22,DFW,61194,717,717.0
2022-11-23,DFW,64009,724,724.0
2022-11-24,DFW,31214,370,368.0
2022-11-25,DFW,53621,699,695.0
2022-11-26,DFW,62162,765,762.0
2022-11-27,DFW,69293,803,802.0
2022-11-28,DFW,62259,727,727.0
2022-11-29,DFW,53520,716,710.0
2022-11-30,DFW,55476,707,704.0
2022-12-01,DFW,56521,711,709.0
2022-12-02,DFW,57659,710,706.0
2022-12-03,DFW,47405,667,663.0
2022-12-04,DFW,59384,707,702.0
2022-12-05,DFW,62817,712,709.0
2022-12-06,DFW,51918,698,697.0
2022-12-07,DFW,56018,698,687.0
2022-12-08,DFW,63477,708,700.0
2022-12-09,DFW,62712,710,707.0
2022-12-10,DFW,46671,665,645.0
2022-12-11,DFW,60577,706,701.0
2022-12-12,DFW,59667,710,703.0
2022-12-13,DFW,51434,696,630.0
2022-12-14,DFW,62322,693,693.0
2022-12-15,DFW,70072,769,764.0
2022-12-16,DFW,70904,770,758.0
2022-12-17,DFW,61724,725,722.0
2022-12-18,DFW,64963,764,763.0
2022-12-19,DFW,60338,715,709.0
2022-12-20,DFW,59720,701,697.0
2022-12-21,DFW,64274,760,746.0
2022-12-22,DFW,64303,771,689.0
2022-12-23,DFW,63797,771,663.0
2022-12-24,DFW,50257,554,538.0
2022-12-25,DFW,46031,489,473.0
2022-12-26,DFW,66459,766,748.0
2022-12-27,DFW,67990,753,741.0
2022-12-28,DFW,66354,757,744.0
2022-12-29,DFW,64164,765,765.0
2022-12-30,DFW,64520,764,761.0
2022-12-31,DFW,45494,553,549.0
2023-01-01,DFW,48190,587,582.0
2023-01-02,DFW,61036,712,699.0
2023-01-03,DFW,58071,677,665.0
2023-01-04,DFW,56064,681,660.0
2023-01-05,DFW,53308,650,647.0
2023-01-06,DFW,53488,654,652.0
2023-01-07,DFW,52330,659,658.0
2023-01-08,DFW,59963,696,696.0
2023-01-09,DFW,59140,689,687.0
2023-01-10,DFW,47415,641,638.0
2023-01-11,DFW,51843,653,622.0
2023-01-12,DFW,63694,705,703.0
2023-01-13,DFW,66668,708,706.0
2023-01-14,DFW,50224,519,519.0
2023-01-15,DFW,49846,601,601.0
2023-01-16,DFW,57237,663,663.0
2023-01-17,DFW,49763,643,640.0
2023-01-18,DFW,48942,652,649.0
2023-01-19,DFW,59094,705,704.0
2023-01-20,DFW,59295,708,708.0
2023-01-21,DFW,44349,614,614.0
2023-01-22,DFW,52494,699,698.0
2023-01-23,DFW,52941,663,658.0
2023-01-24,DFW,43411,642,633.0
2023-01-25,DFW,51503,653,652.0
2023-01-26,DFW,59315,705,704.0
2023-01-27,DFW,58223,708,708.0
2023-01-28,DFW,45149,613,612.0
2023-01-29,DFW,58574,699,695.0
2023-01-30,DFW,52749,661,522.0
2023-01-31,DFW,22470,642,164.0
2023-02-01,DFW,14033,653,102.0
2023-02-02,DFW,46470,705,475.0
2023-02-03,DFW,60894,741,732.0
2023-02-04,DFW,44930,692,690.0
2023-02-05,DFW,52466,735,734.0
2023-02-06,DFW,53584,739,738.0
2023-02-07,DFW,45079,659,659.0
2023-02-08,DFW,52463,654,654.0
2023-02-09,DFW,61891,736,736.0
2023-02-10,DFW,62954,729,729.0
2023-02-11,DFW,47109,690,690.0
2023-02-12,DFW,51793,727,727.0
2023-02-13,DFW,51318,727,727.0
2023-02-14,DFW,43112,654,651.0
2023-02-15,DFW,53194,656,652.0
2023-02-16,DFW,64172,744,741.0
2023-02-17,DFW,66188,741,741.0
2023-02-18,DFW,46831,617,616.0
2023-02-19,DFW,55875,733,732.0
2023-02-20,DFW,62901,739,738.0
2023-02-21,DFW,53957,730,727.0
2023-02-22,DFW,55551,727,696.0
2023-02-23,DFW,65406,743,734.0
2023-02-24,DFW,68330,743,738.0
2023-02-25,DFW,47887,693,691.0
2023-02-26,DFW,60566,736,725.0
2023-02-27,DFW,66592,739,734.0
2023-02-28,DFW,52274,728,726.0
2023-03-01,DFW,59444,669,667.0
2023-03-02,DFW,63471,752,575.0
2023-03-03,DFW,69317,752,720.0
2023-03-04,DFW,57448,706,703.0
2023-03-05,DFW,66977,747,747.0
2023-03-06,DFW,62599,750,750.0
2023-03-07,DFW,53858,678,677.0
2023-03-08,DFW,65238,680,680.0
2023-03-09,DFW,73710,760,738.0
2023-03-10,DFW,81057,760,758.0
2023-03-11,DFW,72686,718,717.0
2023-03-12,DFW,72512,755,750.0
2023-03-13,DFW,73391,759,757.0
2023-03-14,DFW,63252,686,677.0
2023-03-15,DFW,65072,689,688.0
2023-03-16,DFW,57451,760,605.0
2023-03-17,DFW,60936,762,748.0
2023-03-18,DFW,49526,715,714.0
2023-03-19,DFW,59536,754,753.0
2023-03-20,DFW,56073,760,759.0
2023-03-21,DFW,50759,688,685.0
2023-03-22,DFW,57804,689,685.0
2023-03-23,DFW,64844,759,758.0
2023-03-24,DFW,61137,757,718.0
2023-03-25,DFW,48324,712,709.0
2023-03-26,DFW,59137,749,746.0
2023-03-27,DFW,56405,753,747.0
2023-03-28,DFW,54040,679,678.0
2023-03-29,DFW,54550,681,681.0
2023-03-30,DFW,64131,750,748.0
2023-03-31,DFW,59087,754,745.0
2023-04-01,DFW,48987,709,694.0
2023-04-02,DFW,62273,748,663.0
2023-04-03,DFW,65773,750,746.0
2023-04-04,DFW,50918,716,709.0
2023-04-05,DFW,58524,761,735.0
2023-04-06,DFW,70003,794,789.0
2023-04-07,DFW,61763,791,791.0
2023-04-08,DFW,45231,666,663.0
2023-04-09,DFW,53624,683,682.0
2023-04-10,DFW,61619,787,787.0
2023-04-11,DFW,54902,721,721.0
2023-04-12,DFW,57574,765,760.0
2023-04-13,DFW,67895,794,785.0
2023-04-14,DFW,65210,797,793.0
2023-04-15,DFW,48954,757,750.0
2023-04-16,DFW,66384,790,784.0
2023-04-17,DFW,64502,789,787.0
2023-04-18,DFW,53998,721,720.0
2023-04-19,DFW,62925,763,762.0
2023-04-20,DFW,68992,796,624.0
2023-04-21,DFW,74566,796,781.0
2023-04-22,DFW,53124,760,759.0
2023-04-23,DFW,66625,790,788.0
2023-04-24,DFW,62593,790,789.0
2023-04-25,DFW,54916,725,724.0
2023-04-26,DFW,59531,765,604.0
2023-04-27,DFW,74511,797,793.0
2023-04-28,DFW,68911,799,729.0
2023-04-29,DFW,52259,760,756.0
2023-04-30,DFW,65474,790,771.0
2023-05-01,DFW,63471,790,782.0
2023-05-02,DFW,56313,724,723.0
2023-05-03,DFW,63997,765,764.0
2023-05-04,DFW,68588,784,784.0
2023-05-05,DFW,68681,787,786.0
2023-05-06,DFW,53459,748,735.0
2023-05-07,DFW,65762,786,785.0
2023-05-08,DFW,64009,787,787.0
2023-05-09,DFW,56551,747,745.0
2023-05-10,DFW,62961,772,770.0
2023-05-11,DFW,72565,796,796.0
2023-05-12,DFW,75047,795,793.0
2023-05-13,DFW,58749,752,750.0
2023-05-14,DFW,67262,789,786.0
2023-05-15,DFW,74494,789,788.0
2023-05-16,DFW,64225,750,749.0
2023-05-17,DFW,67868,772,771.0
2023-05-18,DFW,73628,798,797.0
2023-05-19,DFW,75333,797,634.0
2023-05-20,DFW,68642,749,736.0
2023-05-21,DFW,76200,792,792.0
2023-05-22,DFW,71656,792,791.0
2023-05-23,DFW,65252,755,753.0
2023-05-24,DFW,70367,779,779.0
2023-05-25,DFW,80126,802,801.0
2023-05-26,DFW,79012,803,803.0
2023-05-27,DFW,65425,675,675.0
2023-05-28,DFW,65273,700,699.0
2023-05-29,DFW,74441,798,796.0
2023-05-30,DFW,69530,754,749.0
2023-05-31,DFW,71508,773,772.0
2023-06-01,DFW,77866,848,844.0
2023-06-02,DFW,74837,852,845.0
2023-06-03,DFW,66871,813,811.0
2023-06-04,DFW,73945,851,848.0
2023-06-05,DFW,76525,838,833.0
2023-06-06,DFW,65913,807,790.0
2023-06-07,DFW,70868,816,815.0
2023-06-08,DFW,79507,856,851.0
2023-06-09,DFW,76142,854,854.0
2023-06-10,DFW,63182,810,770.0
2023-06-11,DFW,73665,844,775.0
2023-06-12,DFW,76821,838,817.0
2023-06-13,DFW,70255,809,807.0
2023-06-14,DFW,72400,816,815.0
2023-06-15,DFW,78906,853,847.0
2023-06-16,DFW,80415,849,837.0
2023-06-17,DFW,68798,809,804.0
2023-06-18,DFW,67829,845,839.0
2023-06-19,DFW,75038,839,830.0
2023-06-20,DFW,68728,808,806.0
2023-06-21,DFW,74915,828,793.0
2023-06-22,DFW,83856,850,830.0
2023-06-23,DFW,79039,846,835.0
2023-06-24,DFW,70003,804,799.0
2023-06-25,DFW,77167,841,829.0
2023-06-26,DFW,71900,839,820.0
2023-06-27,DFW,65713,808,777.0
2023-06-28,DFW,74218,828,812.0
2023-06-29,DFW,80590,851,842.0
2023-06-30,DFW,83615,846,839.0
2023-07-01,DFW,76923,802,799.0
2023-07-02,DFW,73272,807,804.0
2023-07-03,DFW,62834,733,731.0
2023-07-04,DFW,55780,729,728.0
2023-07-05,DFW,69971,833,830.0
2023-07-06,DFW,71495,862,856.0
2023-07-07,DFW,74263,862,855.0
2023-07-08,DFW,66405,820,820.0
2023-07-09,DFW,74134,856,833.0
2023-07-10,DFW,75174,859,851.0
2023-07-11,DFW,69147,825,825.0
2023-07-12,DFW,73359,837,835.0
2023-07-13,DFW,80995,865,864.0
2023-07-14,DFW,80295,864,863.0
2023-07-15,DFW,70050,826,801.0
2023-07-16,DFW,76311,861,807.0
2023-07-17,DFW,76281,863,851.0
2023-07-18,DFW,68995,829,827.0
2023-07-19,DFW,74789,841,838.0
2023-07-20,DFW,81443,868,865.0
2023-07-21,DFW,79476,867,861.0
2023-07-22,DFW,66294,828,825.0
2023-07-23,DFW,75947,861,853.0
2023-07-24,DFW,74721,863,849.0
2023-07-25,DFW,68438,830,827.0
2023-07-26,DFW,70934,841,841.0
2023-07-27,DFW,79293,867,862.0
2023-07-28,DFW,78029,863,857.0
2023-07-29,DFW,65585,826,812.0
2023-07-30,DFW,75913,861,853.0
2023-07-31,DFW,71123,861,856.0
2023-08-01,DFW,65012,828,823.0
2023-08-02,DFW,70580,840,840.0
2023-08-03,DFW,78429,865,861.0
2023-08-04,DFW,75797,863,861.0
2023-08-05,DFW,60030,831,829.0
2023-08-06,DFW,69625,859,853.0
2023-08-07,DFW,67803,865,845.0
2023-08-08,DFW,62462,858,848.0
2023-08-09,DFW,65183,858,823.0
2023-08-10,DFW,77796,863,853.0
2023-08-11,DFW,73326,862,856.0
2023-08-12,DFW,59281,830,828.0
2023-08-13,DFW,64717,856,854.0
2023-08-14,DFW,62471,862,856.0
2023-08-15,DFW,58125,844,836.0
2023-08-16,DFW,64138,849,846.0
2023-08-17,DFW,70553,855,851.0
2023-08-18,DFW,69050,858,856.0
2023-08-19,DFW,57639,827,823.0
2023-08-20,DFW,64026,849,841.0
2023-08-21,DFW,66117,858,854.0
2023-08-22,DFW,53740,844,842.0
2023-08-23,DFW,59146,849,848.0
2023-08-24,DFW,70948,856,852.0
2023-08-25,DFW,70993,857,851.0
2023-08-26,DFW,53794,828,822.0
2023-08-27,DFW,59645,850,819.0
2023-08-28,DFW,62931,858,853.0
2023-08-29,DFW,51645,842,833.0
2023-08-30,DFW,59137,849,829.0
2023-08-31,DFW,77037,857,855.0
2023-09-01,DFW,79849,859,858.0
2023-09-02,DFW,58383,661,661.0
2023-09-03,DFW,51616,613,612.0
2023-09-04,DFW,67673,800,799.0
2023-09-05,DFW,60616,744,744.0
2023-09-06,DFW,51680,739,738.0
2023-09-07,DFW,63905,824,820.0
2023-09-08,DFW,68884,880,836.0
2023-09-09,DFW,53688,778,758.0
2023-09-10,DFW,64661,841,829.0
2023-09-11,DFW,61647,879,872.0
2023-09-12,DFW,53655,785,782.0
2023-09-13,DFW,62526,819,819.0
2023-09-14,DFW,70858,881,881.0
2023-09-15,DFW,73643,880,879.0
2023-09-16,DFW,57903,780,776.0
2023-09-17,DFW,70460,844,844.0
2023-09-18,DFW,75581,882,882.0
2023-09-19,DFW,56830,785,773.0
2023-09-20,DFW,66719,820,816.0
2023-09-21,DFW,74806,883,883.0
2023-09-22,DFW,75954,884,883.0
2023-09-23,DFW,55866,779,778.0
2023-09-24,DFW,71059,845,824.0
2023-09-25,DFW,69502,885,875.0
2023-09-26,DFW,54811,788,788.0
2023-09-27,DFW,59854,823,823.0
2023-09-28,DFW,71730,886,886.0
2023-09-29,DFW,70919,886,882.0
2023-09-30,DFW,54811,780,779.0
2023-10-01,DFW,68834,847,846.0
2023-10-02,DFW,72856,886,885.0
2023-10-03,DFW,57193,788,787.0
2023-10-04,DFW,62110,823,647.0
2023-10-05,DFW,85079,867,853.0
2023-10-06,DFW,82204,862,855.0
2023-10-07,DFW,64987,773,770.0
2023-10-08,DFW,73795,854,852.0
2023-10-09,DFW,72583,863,862.0
2023-10-10,DFW,63757,855,855.0
2023-10-11,DFW,68503,862,862.0
2023-10-12,DFW,76930,861,861.0
2023-10-13,DFW,72614,862,862.0
2023-10-14,DFW,54664,769,769.0
2023-10-15,DFW,71190,858,858.0
2023-10-16,DFW,70337,864,864.0
2023-10-17,DFW,59548,856,854.0
2023-10-18,DFW,67994,869,869.0
2023-10-19,DFW,76148,867,867.0
2023-10-20,DFW,76905,867,864.0
2023-10-21,DFW,58836,771,768.0
2023-10-22,DFW,72438,864,864.0
2023-10-23,DFW,71494,867,865.0
2023-10-24,DFW,60558,859,855.0
2023-10-25,DFW,64889,867,731.0
2023-10-26,DFW,78382,867,851.0
2023-10-27,DFW,73291,864,859.0
2023-10-28,DFW,53034,660,658.0
2023-10-29,DFW,69542,806,803.0
2023-10-30,DFW,64295,768,768.0
2023-10-31,DFW,47987,640,639.0
2023-11-01,DFW,61506,865,865.0
2023-11-02,DFW,67443,868,868.0
2023-11-03,DFW,68727,867,867.0
2023-11-04,DFW,52780,763,762.0
2023-11-05,DFW,68053,839,839.0
2023-11-06,DFW,66175,838,838.0
2023-11-07,DFW,55490,815,815.0
2023-11-08,DFW,61571,821,821.0
2023-11-09,DFW,72846,842,839.0
2023-11-10,DFW,72604,841,837.0
2023-11-11,DFW,55167,797,793.0
2023-11-12,DFW,73963,839,835.0
2023-11-13,DFW,78172,838,833.0
2023-11-14,DFW,63194,815,811.0
2023-11-15,DFW,66777,819,815.0
2023-11-16,DFW,76331,843,843.0
2023-11-17,DFW,81965,839,839.0
2023-11-18,DFW,72511,801,800.0
2023-11-19,DFW,71699,842,840.0
2023-11-20,DFW,69553,838,838.0
2023-11-21,DFW,70382,825,825.0
2023-11-22,DFW,73043,824,824.0
2023-11-23,DFW,35477,328,328.0
2023-11-24,DFW,60215,688,688.0
2023-11-25,DFW,70504,840,836.0
2023-11-26,DFW,78469,877,877.0
2023-11-27,DFW,67718,838,838.0
2023-11-28,DFW,58762,703,703.0
2023-11-29,DFW,54394,688,688.0
2023-11-30,DFW,65821,829,827.0
2023-12-01,DFW,69175,835,833.0
2023-12-02,DFW,52638,720,719.0
2023-12-03,DFW,65057,838,838.0
2023-12-04,DFW,62271,827,827.0
2023-12-05,DFW,53400,706,706.0
2023-12-06,DFW,57956,711,711.0
2023-12-07,DFW,70157,818,818.0
2023-12-08,DFW,67717,818,818.0
2023-12-09,DFW,52526,692,691.0
2023-12-10,DFW,63547,818,817.0
2023-12-11,DFW,75518,753,753.0
2023-12-12,DFW,60231,705,705.0
2023-12-13,DFW,63039,709,709.0
2023-12-14,DFW,72996,815,815.0
2023-12-15,DFW,74259,813,813.0
2023-12-16,DFW,62074,694,694.0
2023-12-17,DFW,67027,705,705.0
2023-12-18,DFW,61601,704,704.0
2023-12-19,DFW,60094,700,700.0
2023-12-20,DFW,68013,820,820.0
2023-12-21,DFW,72749,825,825.0
2023-12-22,DFW,78809,825,823.0
2023-12-23,DFW,68714,800,796.0
2023-12-24,DFW,48414,549,545.0
2023-12-25,DFW,55270,748,747.0
2023-12-26,DFW,71407,820,817.0
2023-12-27,DFW,69647,814,813.0
2023-12-28,DFW,68840,822,822.0
2023-12-29,DFW,66164,817,817.0
2023-12-30,DFW,67962,797,797.0
2023-12-31,DFW,57984,696,696.0
2024-01-01,DFW,58308,752,752.0
2024-01-02,DFW,66392,817,817.0
2024-01-03,DFW,64127,809,809.0
2024-01-04,DFW,56817,734,729.0
2024-01-05,DFW,57979,731,731.0
2024-01-06,DFW,55395,789,787.0
2024-01-07,DFW,60693,804,801.0
2024-01-08,DFW,59937,803,720.0
2024-01-09,DFW,55236,709,671.0
2024-01-10,DFW,54432,699,695.0
2024-01-11,DFW,63704,810,806.0
2024-01-12,DFW,66327,813,769.0
2024-01-13,DFW,48147,682,666.0
2024-01-14,DFW,56689,763,683.0
2024-01-15,DFW,58617,815,603.0
2024-01-16,DFW,53732,699,668.0
2024-01-17,DFW,50649,697,686.0
2024-01-18,DFW,60214,810,803.0
2024-01-19,DFW,58294,814,802.0
2024-01-20,DFW,46190,684,680.0
2024-01-21,DFW,54431,805,796.0
2024-01-22,DFW,54561,815,783.0
2024-01-23,DFW,43908,697,675.0
2024-01-24,DFW,53088,697,678.0
2024-01-25,DFW,64059,812,806.0
2024-01-26,DFW,62171,815,807.0
2024-01-27,DFW,49245,685,684.0
2024-01-28,DFW,53427,804,803.0
2024-01-29,DFW,56186,814,814.0
2024-01-30,DFW,43886,696,696.0
2024-01-31,DFW,50337,696,696.0
2024-02-01,DFW,63221,811,810.0
2024-02-02,DFW,61075,814,814.0
2024-02-03,DFW,45384,685,682.0
2024-02-04,DFW,58088,804,803.0
2024-02-05,DFW,57079,812,812.0
2024-02-06,DFW,45704,695,694.0
2024-02-07,DFW,53447,696,696.0
2024-02-08,DFW,66986,808,808.0
2024-02-09,DFW,65981,812,812.0
2024-02-10,DFW,45498,684,684.0
2024-02-11,DFW,52937,800,797.0
2024-02-12,DFW,58479,811,808.0
2024-02-13,DFW,46270,696,690.0
2024-02-14,DFW,54590,708,708.0
2024-02-15,DFW,69035,822,822.0
2024-02-16,DFW,70984,826,826.0
2024-02-17,DFW,49842,717,717.0
2024-02-18,DFW,58700,812,812.0
2024-02-19,DFW,66549,828,828.0
2024-02-20,DFW,57398,797,797.0
2024-02-21,DFW,58461,800,800.0
2024-02-22,DFW,70943,824,824.0
2024-02-23,DFW,70228,828,828.0
2024-02-24,DFW,51564,720,720.0
2024-02-25,DFW,68707,817,817.0
2024-02-26,DFW,65488,830,830.0
2024-02-27,DFW,54024,799,797.0
2024-02-28,DFW,61583,800,797.0
2024-02-29,DFW,72228,823,823.0
2024-03-01,DFW,71462,825,824.0
2024-03-02,DFW,55211,789,784.0
2024-03-03,DFW,66567,814,810.0
2024-03-04,DFW,73105,825,825.0
2024-03-05,DFW,56453,806,806.0
2024-03-06,DFW,68733,816,816.0
2024-03-07,DFW,80334,845,654.0
2024-03-08,DFW,95184,844,820.0
2024-03-09,DFW,84201,802,777.0
2024-03-10,DFW,85550,836,828.0
2024-03-11,DFW,83512,848,847.0
2024-03-12,DFW,72498,823,822.0
2024-03-13,DFW,73786,828,828.0
2024-03-14,DFW,70179,848,774.0
2024-03-15,DFW,66543,845,836.0
2024-03-16,DFW,59554,806,764.0
2024-03-17,DFW,71364,839,837.0
2024-03-18,DFW,65672,848,847.0
2024-03-19,DFW,55042,822,822.0
2024-03-20,DFW,61802,827,826.0
2024-03-21,DFW,68900,833,808.0
2024-03-22,DFW,68477,830,827.0
2024-03-23,DFW,51284,802,800.0
2024-03-24,DFW,63194,826,818.0
2024-03-25,DFW,65922,834,833.0
2024-03-26,DFW,55804,812,812.0
2024-03-27,DFW,62961,814,809.0
2024-03-28,DFW,76033,831,830.0
2024-03-29,DFW,64989,828,828.0
2024-03-30,DFW,50247,797,797.0
2024-03-31,DFW,60460,824,821.0
2024-04-01,DFW,67386,832,814.0
2024-04-02,DFW,60212,806,805.0
2024-04-03,DFW,60390,806,790.0
2024-04-04,DFW,67509,840,837.0
2024-04-05,DFW,66686,835,835.0
2024-04-06,DFW,54836,794,794.0
2024-04-07,DFW,67828,827,826.0
2024-04-08,DFW,77675,839,821.0
2024-04-09,DFW,84969,812,765.0
2024-04-10,DFW,81329,820,803.0
2024-04-11,DFW,83446,847,838.0
2024-04-12,DFW,79144,847,847.0
2024-04-13,DFW,59980,802,802.0
2024-04-14,DFW,71163,840,838.0
2024-04-15,DFW,70907,846,846.0
2024-04-16,DFW,62492,812,811.0
2024-04-17,DFW,68786,820,820.0
2024-04-18,DFW,77484,849,848.0
2024-04-19,DFW,74179,848,848.0
2024-04-20,DFW,56308,806,466.0
2024-04-21,DFW,81926,845,835.0
2024-04-22,DFW,73207,852,852.0
2024-04-23,DFW,62695,815,814.0
2024-04-24,DFW,66550,828,828.0
2024-04-25,DFW,78003,854,853.0
2024-04-26,DFW,71212,854,819.0
2024-04-27,DFW,61393,815,808.0
2024-04-28,DFW,69484,848,826.0
2024-04-29,DFW,70516,854,844.0
2024-04-30,DFW,63683,818,816.0
2024-05-01,DFW,70692,828,828.0
2024-05-02,DFW,78810,854,844.0
2024-05-03,DFW,75123,853,853.0
2024-05-04,DFW,64443,813,810.0
2024-05-05,DFW,68736,850,848.0
2024-05-06,DFW,71954,887,885.0
2024-05-07,DFW,64494,866,865.0
2024-05-08,DFW,71397,879,876.0
2024-05-09,DFW,81472,894,860.0
2024-05-10,DFW,79635,893,887.0
2024-05-11,DFW,67785,864,856.0
2024-05-12,DFW,72705,888,749.0
2024-05-13,DFW,84678,895,889.0
2024-05-14,DFW,73238,872,871.0
2024-05-15,DFW,75371,881,877.0
2024-05-16,DFW,81591,894,694.0
2024-05-17,DFW,83092,892,887.0
2024-05-18,DFW,73984,860,856.0
2024-05-19,DFW,78257,889,888.0
2024-05-20,DFW,77364,896,896.0
2024-05-21,DFW,72090,877,876.0
2024-05-22,DFW,74620,881,698.0
2024-05-23,DFW,89636,914,910.0
2024-05-24,DFW,89606,896,807.0
2024-05-25,DFW,81973,802,796.0
2024-05-26,DFW,76578,843,842.0
2024-05-27,DFW,83830,898,861.0
2024-05-28,DFW,78949,882,532.0
2024-05-29,DFW,86553,885,753.0
2024-05-30,DFW,84067,893,514.0
2024-05-31,DFW,89114,892,780.0
2024-06-01,DFW,81229,856,744.0
2024-06-02,DFW,83795,880,714.0
2024-06-03,DFW,88135,896,869.0
2024-06-04,DFW,79716,879,876.0
2024-06-05,DFW,83754,930,896.0
2024-06-06,DFW,87128,943,935.0
2024-06-07,DFW,83273,945,942.0
2024-06-08,DFW,72184,909,907.0
2024-06-09,DFW,77619,937,932.0
2024-06-10,DFW,79594,942,927.0
2024-06-11,DFW,74385,931,921.0
2024-06-12,DFW,81161,932,907.0
2024-06-13,DFW,85840,943,925.0
2024-06-14,DFW,82061,943,935.0
2024-06-15,DFW,76089,905,900.0
2024-06-16,DFW,76338,938,935.0
2024-06-17,DFW,79787,943,942.0
2024-06-18,DFW,76827,928,926.0
2024-06-19,DFW,81737,931,930.0
2024-06-20,DFW,84570,936,934.0
2024-06-21,DFW,82699,936,935.0
2024-06-22,DFW,77424,896,890.0
2024-06-23,DFW,82821,930,924.0
2024-06-24,DFW,85937,938,938.0
2024-06-25,DFW,77707,921,918.0
2024-06-26,DFW,82842,923,912.0
2024-06-27,DFW,87840,934,932.0
2024-06-28,DFW,82621,936,936.0
2024-06-29,DFW,76100,896,895.0
2024-06-30,DFW,77551,933,916.0
2024-07-01,DFW,75104,934,931.0
2024-07-02,DFW,78231,923,923.0
2024-07-03,DFW,85485,930,930.0
2024-07-04,DFW,61528,628,628.0
2024-07-05,DFW,64759,783,782.0
2024-07-06,DFW,75153,918,914.0
2024-07-07,DFW,81943,965,943.0
2024-07-08,DFW,82726,963,896.0
2024-07-09,DFW,79817,951,944.0
2024-07-10,DFW,82728,952,947.0
2024-07-11,DFW,89547,968,967.0
2024-07-12,DFW,82113,966,959.0
2024-07-13,DFW,74219,926,925.0
2024-07-14,DFW,77797,959,944.0
2024-07-15,DFW,79865,964,952.0
2024-07-16,DFW,76947,959,949.0
2024-07-17,DFW,83637,956,914.0
2024-07-18,DFW,90338,971,925.0
2024-07-19,DFW,81112,970,885.0
2024-07-20,DFW,78700,931,905.0
2024-07-21,DFW,81369,968,905.0
2024-07-22,DFW,82032,968,934.0
2024-07-23,DFW,76380,957,928.0
2024-07-24,DFW,78649,957,938.0
2024-07-25,DFW,88339,973,965.0
2024-07-26,DFW,81667,971,969.0
2024-07-27,DFW,72070,932,932.0
2024-07-28,DFW,74415,965,964.0
2024-07-29,DFW,77127,964,962.0
2024-07-30,DFW,69879,957,953.0
2024-07-31,DFW,77567,955,950.0
2024-08-01,DFW,86248,970,963.0
2024-08-02,DFW,78565,969,952.0
2024-08-03,DFW,72855,928,892.0
2024-08-04,DFW,71860,967,883.0
2024-08-05,DFW,74548,964,927.0
2024-08-06,DFW,66976,913,896.0
2024-08-07,DFW,70017,917,909.0
2024-08-08,DFW,75574,927,921.0
2024-08-09,DFW,74058,929,923.0
2024-08-10,DFW,61965,813,812.0
2024-08-11,DFW,67404,923,918.0
2024-08-12,DFW,70965,929,928.0
2024-08-13,DFW,59528,895,894.0
2024-08-14,DFW,67113,906,904.0
2024-08-15,DFW,79253,930,927.0
2024-08-16,DFW,76650,926,924.0
2024-08-17,DFW,62795,813,812.0
2024-08-18,DFW,68791,925,913.0
2024-08-19,DFW,71214,928,918.0
2024-08-20,DFW,62318,890,886.0
2024-08-21,DFW,68953,904,904.0
2024-08-22,DFW,77617,927,923.0
2024-08-23,DFW,75733,925,923.0
2024-08-24,DFW,58518,811,809.0
2024-08-25,DFW,67438,926,924.0
2024-08-26,DFW,67174,922,920.0
2024-08-27,DFW,55273,767,765.0
2024-08-28,DFW,67658,820,820.0
2024-08-29,DFW,83657,925,923.0
2024-08-30,DFW,83595,923,918.0
2024-08-31,DFW,60361,688,688.0
2024-09-01,DFW,59127,860,856.0
2024-09-02,DFW,74097,927,927.0
2024-09-03,DFW,62478,811,811.0
2024-09-04,DFW,56505,789,789.0
2024-09-05,DFW,68819,875,873.0
2024-09-06,DFW,74139,876,875.0
2024-09-07,DFW,54965,828,828.0
2024-09-08,DFW,65256,944,943.0
2024-09-09,DFW,66322,876,876.0
2024-09-10,DFW,55003,830,830.0
2024-09-11,DFW,60749,834,817.0
2024-09-12,DFW,81128,947,946.0
2024-09-13,DFW,74966,877,876.0
2024-09-14,DFW,55360,828,828.0
2024-09-15,DFW,75974,945,945.0
2024-09-16,DFW,77365,875,874.0
2024-09-17,DFW,60169,830,830.0
2024-09-18,DFW,66285,834,834.0
2024-09-19,DFW,82261,947,947.0
2024-09-20,DFW,79551,877,877.0
2024-09-21,DFW,57289,829,829.0
2024-09-22,DFW,73983,945,945.0
2024-09-23,DFW,77118,875,874.0
2024-09-24,DFW,58447,830,830.0
2024-09-25,DFW,66455,834,833.0
2024-09-26,DFW,81035,947,924.0
2024-09-27,DFW,77054,878,862.0
2024-09-28,DFW,59383,830,827.0
2024-09-29,DFW,79297,946,943.0
2024-09-30,DFW,68866,874,873.0
2024-10-01,DFW,56140,829,829.0
2024-10-02,DFW,63790,832,832.0
2024-10-03,DFW,79253,946,945.0
2024-10-04,DFW,75109,876,875.0
2024-10-05,DFW,58707,826,826.0
2024-10-06,DFW,73600,940,940.0
2024-10-07,DFW,73034,947,946.0
2024-10-08,DFW,58783,915,904.0
2024-10-09,DFW,69554,906,878.0
2024-10-10,DFW,86542,956,925.0
2024-10-11,DFW,89984,953,948.0
2024-10-12,DFW,68155,829,825.0
2024-10-13,DFW,83991,954,952.0
2024-10-14,DFW,86289,952,950.0
2024-10-15,DFW,70053,910,909.0
2024-10-16,DFW,70400,905,905.0
2024-10-17,DFW,81067,957,955.0
2024-10-18,DFW,81158,954,951.0
2024-10-19,DFW,62647,828,828.0
2024-10-20,DFW,79121,950,947.0
2024-10-21,DFW,78713,953,953.0
2024-10-22,DFW,62844,911,911.0
2024-10-23,DFW,66788,905,905.0
2024-10-24,DFW,82375,957,956.0
2024-10-25,DFW,82608,946,946.0
2024-10-26,DFW,59458,819,819.0
2024-10-27,DFW,76700,949,949.0
2024-10-28,DFW,72805,871,871.0
2024-10-29,DFW,54212,826,826.0
2024-10-30,DFW,64565,822,822.0
2024-10-31,DFW,63025,737,736.0
2024-11-01,DFW,76876,870,869.0
2024-11-02,DFW,56970,823,821.0
2024-11-03,DFW,75831,864,844.0
2024-11-04,DFW,69488,863,685.0
2024-11-05,DFW,61767,645,633.0
2024-11-06,DFW,61402,749,749.0
2024-11-07,DFW,73641,853,847.0
2024-11-08,DFW,74504,847,683.0
2024-11-09,DFW,65061,742,742.0
2024-11-10,DFW,76165,925,925.0
2024-11-11,DFW,86887,923,923.0
2024-11-12,DFW,65193,798,798.0
2024-11-13,DFW,64164,758,758.0
2024-11-14,DFW,79770,922,922.0
2024-11-15,DFW,79044,918,917.0
2024-11-16,DFW,57261,794,793.0
2024-11-17,DFW,74968,924,923.0
2024-11-18,DFW,73078,923,885.0
2024-11-19,DFW,66550,808,808.0
2024-11-20,DFW,67023,756,755.0
2024-11-21,DFW,78229,924,924.0
2024-11-22,DFW,82157,926,925.0
2024-11-23,DFW,76613,891,891.0
2024-11-24,DFW,76937,927,924.0
2024-11-25,DFW,71221,926,926.0
2024-11-26,DFW,72369,927,926.0
2024-11-27,DFW,73760,920,920.0
2024-11-28,DFW,37558,348,348.0
2024-11-29,DFW,66973,776,776.0
2024-11-30,DFW,76737,927,927.0
2024-12-01,DFW,82397,955,955.0
2024-12-02,DFW,77219,922,921.0
2024-12-03,DFW,63543,773,773.0
2024-12-04,DFW,64786,755,754.0
2024-12-05,DFW,73733,835,835.0
2024-12-06,DFW,74938,843,842.0
2024-12-07,DFW,59644,774,774.0
2024-12-08,DFW,70004,842,842.0
2024-12-09,DFW,70041,841,840.0
2024-12-10,DFW,64985,793,793.0
2024-12-11,DFW,70805,790,790.0
2024-12-12,DFW,77224,838,838.0
2024-12-13,DFW,76618,843,841.0
2024-12-14,DFW,62631,774,768.0
2024-12-15,DFW,65722,840,839.0
2024-12-16,DFW,67604,842,749.0
2024-12-17,DFW,65769,805,804.0
2024-12-18,DFW,70972,819,819.0
2024-12-19,DFW,73417,903,903.0
2024-12-20,DFW,78315,906,904.0
2024-12-21,DFW,75131,878,877.0
2024-12-22,DFW,74559,896,896.0
2024-12-23,DFW,74329,898,898.0
2024-12-24,DFW,55428,559,466.0
2024-12-25,DFW,70234,722,705.0
2024-12-26,DFW,70706,897,649.0
2024-12-27,DFW,79874,902,899.0
2024-12-28,DFW,73685,880,824.0
2024-12-29,DFW,74312,898,891.0
2024-12-30,DFW,70785,901,899.0
2024-12-31,DFW,52996,690,690.0
2025-01-01,DFW,63313,823,823.0
2025-01-02,DFW,63318,899,898.0
2025-01-03,DFW,62552,900,900.0
2025-01-04,DFW,60199,878,865.0
2025-01-05,DFW,65150,898,702.0
2025-01-06,DFW,73253,886,848.0
2025-01-07,DFW,60316,746,743.0
2025-01-08,DFW,67969,751,739.0
2025-01-09,DFW,28692,883,128.0
2025-01-10,DFW,51866,829,579.0
2025-01-11,DFW,58008,723,716.0
2025-01-12,DFW,60484,840,838.0
2025-01-13,DFW,60392,824,824.0
2025-01-14,DFW,49737,729,729.0
2025-01-15,DFW,57420,735,734.0
2025-01-16,DFW,71002,879,879.0
2025-01-17,DFW,71138,828,828.0
2025-01-18,DFW,52470,708,708.0
2025-01-19,DFW,55488,812,807.0
2025-01-20,DFW,65200,825,801.0
2025-01-21,DFW,53036,729,635.0
2025-01-22,DFW,54039,735,685.0
2025-01-23,DFW,69254,879,856.0
2025-01-24,DFW,65145,828,826.0
2025-01-25,DFW,48844,720,720.0
2025-01-26,DFW,61330,840,840.0
2025-01-27,DFW,60465,824,824.0
2025-01-28,DFW,48192,729,729.0
2025-01-29,DFW,54676,737,703.0
2025-01-30,DFW,68608,879,803.0
2025-01-31,DFW,67191,828,822.0
2025-02-01,DFW,46696,720,714.0
2025-02-02,DFW,59500,839,836.0
2025-02-03,DFW,59531,823,821.0
2025-02-04,DFW,48159,729,728.0
2025-02-05,DFW,54956,739,734.0
2025-02-06,DFW,68408,882,878.0
2025-02-07,DFW,64936,831,827.0
2025-02-08,DFW,47253,724,716.0
2025-02-09,DFW,57049,837,832.0
2025-02-10,DFW,58711,825,825.0
2025-02-11,DFW,47468,732,725.0
2025-02-12,DFW,58269,752,745.0
2025-02-13,DFW,76096,898,893.0
2025-02-14,DFW,72898,893,888.0
2025-02-15,DFW,51849,744,732.0
2025-02-16,DFW,60488,883,857.0
2025-02-17,DFW,70157,895,881.0
2025-02-18,DFW,56712,771,662.0
2025-02-19,DFW,59882,765,697.0
2025-02-20,DFW,74688,895,887.0
2025-02-21,DFW,73403,894,894.0
2025-02-22,DFW,53476,746,744.0
2025-02-23,DFW,66363,890,889.0
2025-02-24,DFW,65441,837,822.0
2025-02-25,DFW,55523,771,769.0
2025-02-26,DFW,63247,766,762.0
2025-02-27,DFW,74416,894,894.0
2025-02-28,DFW,71213,894,894.0
2025-03-01,DFW,51663,745,745.0
2025-03-02,DFW,68778,891,882.0
2025-03-03,DFW,76933,836,833.0
2025-03-04,DFW,47561,771,436.0
2025-03-05,DFW,69048,774,749.0
2025-03-06,DFW,73784,902,899.0
2025-03-07,DFW,76999,907,906.0
2025-03-08,DFW,67929,855,820.0
2025-03-09,DFW,75475,902,894.0
2025-03-10,DFW,73659,908,903.0
2025-03-11,DFW,63517,884,883.0
2025-03-12,DFW,70699,880,877.0
2025-03-13,DFW,83278,907,903.0
2025-03-14,DFW,83059,907,678.0
2025-03-15,DFW,82938,854,839.0
2025-03-16,DFW,81467,906,887.0
2025-03-17,DFW,79885,910,904.0
2025-03-18,DFW,68353,887,879.0
2025-03-19,DFW,65520,871,835.0
2025-03-20,DFW,71785,899,899.0
2025-03-21,DFW,62749,896,896.0
2025-03-22,DFW,55351,845,845.0
2025-03-23,DFW,68714,897,897.0
2025-03-24,DFW,66283,895,894.0
2025-03-25,DFW,53720,878,877.0
2025-03-26,DFW,64054,872,872.0
2025-03-27,DFW,76923,897,894.0
2025-03-28,DFW,71601,896,891.0
2025-03-29,DFW,56307,844,839.0
2025-03-30,DFW,66345,890,837.0
2025-03-31,DFW,68731,889,866.0
2025-04-01,DFW,58727,873,866.0
2025-04-02,DFW,61076,871,799.0
2025-04-03,DFW,73346,889,828.0
2025-04-04,DFW,71080,875,846.0
2025-04-05,DFW,53512,779,623.0
2025-04-06,DFW,74787,868,867.0
2025-04-07,DFW,66489,875,874.0
2025-04-08,DFW,56790,850,849.0
2025-04-09,DFW,62790,855,855.0
2025-04-10,DFW,73350,873,873.0
2025-04-11,DFW,71596,876,876.0
2025-04-12,DFW,50175,779,779.0
2025-04-13,DFW,67703,872,871.0
2025-04-14,DFW,66223,875,874.0
2025-04-15,DFW,56005,850,850.0
2025-04-16,DFW,65130,855,855.0
2025-04-17,DFW,80432,874,874.0
2025-04-18,DFW,71697,878,877.0
2025-04-19,DFW,50218,780,751.0
2025-04-20,DFW,64771,867,861.0
2025-04-21,DFW,75874,878,878.0
2025-04-22,DFW,61537,846,846.0
2025-04-23,DFW,66797,849,845.0
2025-04-24,DFW,78081,883,724.0
2025-04-25,DFW,78848,882,882.0
2025-04-26,DFW,56253,775,774.0
2025-04-27,DFW,79264,881,881.0
2025-04-28,DFW,72773,883,883.0
2025-04-29,DFW,57992,847,843.0
2025-04-30,DFW,58816,851,524.0
2025-05-01,DFW,84473,878,856.0
2025-05-02,DFW,74501,882,762.0
2025-05-03,DFW,58521,771,766.0
2025-05-04,DFW,70993,876,876.0
2025-05-05,DFW,72931,893,847.0
2025-05-06,DFW,56114,865,609.0
2025-05-07,DFW,69366,858,851.0
2025-05-08,DFW,79299,901,900.0
2025-05-09,DFW,77664,901,896.0
2025-05-10,DFW,56847,839,839.0
2025-05-11,DFW,70033,899,899.0
2025-05-12,DFW,75696,899,898.0
2025-05-13,DFW,62365,860,860.0
2025-05-14,DFW,73971,858,855.0
2025-05-15,DFW,86298,900,898.0
2025-05-16,DFW,84927,902,879.0
2025-05-17,DFW,65693,842,734.0
2025-05-18,DFW,83503,902,826.0
2025-05-19,DFW,83071,902,876.0
2025-05-20,DFW,67650,864,863.0
2025-05-21,DFW,75457,860,860.0
2025-05-22,DFW,91180,901,892.0
2025-05-23,DFW,92757,902,900.0
2025-05-24,DFW,78616,851,851.0
2025-05-25,DFW,80954,885,881.0
2025-05-26,DFW,83603,902,795.0
2025-05-27,DFW,84058,867,857.0
2025-05-28,DFW,75366,865,863.0
2025-05-29,DFW,80329,902,899.0
2025-05-30,DFW,82603,901,899.0
2025-05-31,DFW,70184,850,850.0
2025-06-01,DFW,79053,902,901.0
2025-06-02,DFW,81062,901,898.0
2025-06-03,DFW,67656,863,857.0
2025-06-04,DFW,74725,857,857.0
2025-06-05,DFW,83632,962,962.0
2025-06-06,DFW,82709,972,962.0
2025-06-07,DFW,69996,914,913.0
2025-06-08,DFW,80937,966,853.0
2025-06-09,DFW,83263,969,952.0
2025-06-10,DFW,70311,920,917.0
2025-06-11,DFW,74170,913,748.0
2025-06-12,DFW,87402,966,936.0
2025-06-13,DFW,84460,970,969.0
2025-06-14,DFW,71110,922,905.0
2025-06-15,DFW,76453,964,847.0
2025-06-16,DFW,82941,968,941.0
2025-06-17,DFW,73751,930,924.0
2025-06-18,DFW,81805,923,921.0
2025-06-19,DFW,88672,966,959.0
2025-06-20,DFW,81188,974,966.0
2025-06-21,DFW,73183,921,921.0
2025-06-22,DFW,83676,968,958.0
2025-06-23,DFW,83894,968,958.0
2025-06-24,DFW,71614,929,926.0
2025-06-25,DFW,79903,921,831.0
2025-06-26,DFW,89613,970,927.0
2025-06-27,DFW,87131,972,929.0
2025-06-28,DFW,80700,922,887.0
2025-06-29,DFW,84164,963,954.0
2025-06-30,DFW,78618,968,943.0
2025-07-01,DFW,73005,835,823.0
2025-07-02,DFW,87072,917,912.0
2025-07-03,DFW,95906,962,958.0
2025-07-04,DFW,66589,728,727.0
2025-07-05,DFW,66244,905,905.0
2025-07-06,DFW,82795,971,969.0
2025-07-07,DFW,81076,968,954.0
2025-07-08,DFW,72363,927,769.0
2025-07-09,DFW,81394,920,874.0
2025-07-10,DFW,89556,965,949.0
2025-07-11,DFW,84928,967,958.0
2025-07-12,DFW,71399,913,640.0
2025-07-13,DFW,88203,961,776.0
2025-07-14,DFW,88116,964,909.0
2025-07-15,DFW,76166,928,913.0
2025-07-16,DFW,79908,921,914.0
2025-07-17,DFW,90242,964,952.0
2025-07-18,DFW,88991,969,965.0
2025-07-19,DFW,73655,915,913.0
2025-07-20,DFW,81602,963,962.0
2025-07-21,DFW,81324,966,961.0
2025-07-22,DFW,73282,928,928.0
2025-07-23,DFW,79793,920,920.0
2025-07-24,DFW,90274,962,960.0
2025-07-25,DFW,85331,967,961.0
2025-07-26,DFW,74571,914,907.0
2025-07-27,DFW,81805,963,951.0
2025-07-28,DFW,79662,967,955.0
2025-07-29,DFW,67495,928,926.0
2025-07-30,DFW,73814,919,918.0
2025-07-31,DFW,83829,962,932.0
2025-08-01,DFW,86060,963,947.0
2025-08-02,DFW,69259,912,901.0
2025-08-03,DFW,77525,960,863.0
2025-08-04,DFW,79626,964,941.0
2025-08-05,DFW,66359,918,918.0
2025-08-06,DFW,68948,835,832.0
2025-08-07,DFW,81304,927,921.0
2025-08-08,DFW,73655,864,862.0
2025-08-09,DFW,58394,806,803.0
2025-08-10,DFW,71308,931,928.0
2025-08-11,DFW,68481,864,863.0
2025-08-12,DFW,58870,833,832.0
2025-08-13,DFW,66186,829,821.0
2025-08-14,DFW,80892,920,918.0
2025-08-15,DFW,72600,855,855.0
2025-08-16,DFW,58765,798,796.0
2025-08-17,DFW,70082,916,912.0
2025-08-18,DFW,66011,856,847.0
2025-08-19,DFW,58155,817,816.0
2025-08-20,DFW,64565,819,738.0
2025-08-21,DFW,80551,923,921.0
2025-08-22,DFW,73414,863,862.0
2025-08-23,DFW,54027,794,793.0
2025-08-24,DFW,63931,922,920.0
2025-08-25,DFW,64583,863,863.0
2025-08-26,DFW,56089,816,816.0
2025-08-27,DFW,67583,820,820.0
2025-08-28,DFW,82268,923,766.0
2025-08-29,DFW,90222,928,882.0
2025-08-30,DFW,67523,799,604.0
2025-08-31,DFW,64327,853,809.0
2025-09-01,DFW,76059,927,884.0
2025-09-02,DFW,63871,817,814.0
2025-09-03,DFW,54618,808,807.0
2025-09-04,DFW,69700,857,855.0
2025-09-05,DFW,72317,861,859.0
2025-09-06,DFW,52156,763,760.0
2025-09-07,DFW,67755,919,917.0
2025-09-08,DFW,65456,862,862.0
2025-09-09,DFW,56207,814,814.0
2025-09-10,DFW,63883,820,819.0
2025-09-11,DFW,80244,919,918.0
2025-09-12,DFW,77243,863,863.0
2025-09-13,DFW,55026,810,809.0
2025-09-14,DFW,73401,920,920.0
2025-09-15,DFW,71853,862,862.0
2025-09-16,DFW,57025,813,813.0
2025-09-17,DFW,65762,820,820.0
2025-09-18,DFW,84484,920,919.0
2025-09-19,DFW,74870,861,588.0
2025-09-20,DFW,63114,810,750.0
2025-09-21,DFW,73543,920,884.0
2025-09-22,DFW,71457,861,840.0
2025-09-23,DFW,57628,812,812.0
2025-09-24,DFW,64931,819,797.0
2025-09-25,DFW,83821,918,917.0
2025-09-26,DFW,75895,862,857.0
2025-09-27,DFW,57600,809,807.0
2025-09-28,DFW,73179,919,919.0
2025-09-29,DFW,76525,861,861.0
2025-09-30,DFW,58722,814,814.0
2025-10-01,DFW,64726,820,820.0
2025-10-02,DFW,76919,919,918.0
2025-10-03,DFW,76134,863,862.0
2025-10-04,DFW,54549,808,808.0
2025-10-05,DFW,79258,923,923.0
2025-10-06,DFW,73616,930,930.0
2025-10-07,DFW,57102,833,831.0
2025-10-08,DFW,75241,844,844.0
2025-10-09,DFW,92573,933,933.0
2025-10-10,DFW,89800,927,927.0
2025-10-11,DFW,72266,825,824.0
2025-10-12,DFW,87120,931,930.0
2025-10-13,DFW,82270,939,937.0
2025-10-14,DFW,67691,835,834.0
2025-10-15,DFW,69896,844,844.0
2025-10-16,DFW,83688,934,934.0
2025-10-17,DFW,80914,927,927.0
2025-10-18,DFW,58827,826,690.0
2025-10-19,DFW,83015,928,913.0
2025-10-20,DFW,85361,936,935.0
2025-10-21,DFW,61566,835,835.0
2025-10-22,DFW,68383,844,844.0
2025-10-23,DFW,85818,936,934.0
2025-10-24,DFW,78270,874,788.0
2025-10-25,DFW,60143,820,774.0
2025-10-26,DFW,81042,931,926.0
2025-10-27,DFW,70982,941,940.0
2025-10-28,DFW,52377,775,775.0
2025-10-29,DFW,61406,836,836.0
2025-10-30,DFW,72321,930,918.0
2025-10-31,DFW,66454,735,723.0
2025-11-01,DFW,54923,813,813.0
2025-11-03,DFW,139317,837,837.0
2025-11-10,DFW,10732,841,797.0
2025-11-11,DFW,15074,801,770.0
2025-11-12,DFW,10074,699,682.0
2025-11-13,DFW,12118,906,875.0
2025-11-14,DFW,18106,841,819.0
2025-11-15,DFW,12618,773,765.0
2025-11-16,DFW,72062,894,894.0
2025-11-17,DFW,67405,840,839.0
2025-11-18,DFW,54550,800,800.0
2025-11-19,DFW,64545,799,799.0
2025-11-20,DFW,70608,912,552.0
2025-11-21,DFW,93121,920,853.0
2025-11-22,DFW,78956,882,879.0
2025-11-23,DFW,75842,911,905.0
2025-11-24,DFW,80083,851,790.0
2025-11-25,DFW,77399,915,915.0
2025-11-26,DFW,74154,915,914.0
2025-11-27,DFW,40162,371,370.0
2025-11-28,DFW,67553,784,774.0
2025-11-29,DFW,77905,900,861.0
2025-11-30,DFW,86652,920,914.0
2025-12-01,DFW,78915,925,912.0
2025-12-02,DFW,66080,811,810.0
2025-12-03,DFW,66307,794,793.0
2025-12-04,DFW,75879,886,886.0
2025-12-05,DFW,71251,830,824.0
2025-12-06,DFW,56656,770,763.0
2025-12-07,DFW,75648,884,877.0
2025-12-08,DFW,69574,828,826.0
2025-12-09,DFW,57308,792,792.0
2025-12-10,DFW,67763,796,796.0
2025-12-11,DFW,78908,886,885.0
2025-12-12,DFW,75496,832,830.0
2025-12-13,DFW,59097,774,768.0
2025-12-14,DFW,70535,883,876.0
2025-12-15,DFW,76732,829,824.0
2025-12-16,DFW,60330,791,790.0
2025-12-17,DFW,66695,798,796.0
2025-12-18,DFW,72313,870,865.0
2025-12-19,DFW,79541,888,874.0
2025-12-20,DFW,77528,858,850.0
2025-12-21,DFW,77291,883,875.0
2025-12-22,DFW,76157,886,883.0
2025-12-23,DFW,77630,860,856.0
2025-12-24,DFW,61859,602,602.0
2025-12-25,DFW,58400,728,727.0
2025-12-26,DFW,72111,893,877.0
2025-12-27,DFW,73882,858,851.0
2025-12-28,DFW,151894,888,870.0
2025-12-29,DFW,150088,894,884.0
2025-12-30,DFW,150060,887,883.0
2025-12-31,DFW,120020,666,666.0
2019-01-01,DTW,7237,314,313.0
2019-01-02,DTW,11494,406,406.0
2019-01-03,DTW,12259,381,380.0
2019-01-04,DTW,11393,381,381.0
2019-01-05,DTW,6939,296,296.0
2019-01-06,DTW,9057,378,378.0
2019-01-07,DTW,10324,435,426.0
2019-01-08,DTW,7396,423,423.0
2019-01-09,DTW,8614,432,432.0
2019-01-10,DTW,10646,432,431.0
2019-01-11,DTW,9786,431,430.0
2019-01-12,DTW,9220,290,287.0
2019-01-13,DTW,9060,373,369.0
2019-01-14,DTW,7477,431,428.0
2019-01-15,DTW,12716,414,413.0
2019-01-16,DTW,9204,423,423.0
2019-01-17,DTW,14010,433,432.0
2019-01-18,DTW,10136,433,430.0
2019-01-19,DTW,5374,274,256.0
2019-01-20,DTW,27478,301,289.0
2019-01-21,DTW,31908,413,408.0
2019-01-22,DTW,28369,416,328.0
2019-01-23,DTW,29967,424,332.0
2019-01-24,DTW,35501,433,426.0
2019-01-25,DTW,33919,433,433.0
2019-01-26,DTW,25427,291,290.0
2019-01-27,DTW,31052,375,373.0
2019-01-28,DTW,23577,433,382.0
2019-01-29,DTW,24840,416,402.0
2019-01-30,DTW,26020,424,384.0
2019-01-31,DTW,31271,433,403.0
2019-02-01,DTW,34772,433,427.0
2019-02-02,DTW,27283,273,268.0
2019-02-03,DTW,26956,306,303.0
2019-02-04,DTW,27682,433,429.0
2019-02-05,DTW,29164,416,409.0
2019-02-06,DTW,26146,424,398.0
2019-02-07,DTW,35826,433,420.0
2019-02-08,DTW,35921,433,430.0
2019-02-09,DTW,27651,290,289.0
2019-02-10,DTW,9550,375,371.0
2019-02-11,DTW,22564,433,422.0
2019-02-12,DTW,29134,417,348.0
2019-02-13,DTW,26462,425,425.0
2019-02-14,DTW,25072,434,434.0
2019-02-15,DTW,6968,434,434.0
2019-02-16,DTW,10916,282,282.0
2019-02-17,DTW,34799,310,303.0
2019-02-18,DTW,62453,414,413.0
2019-02-19,DTW,69581,427,426.0
2019-02-20,DTW,62304,431,402.0
2019-02-21,DTW,37538,434,428.0
2019-02-22,DTW,36009,434,433.0
2019-02-23,DTW,27609,293,292.0
2019-02-24,DTW,32001,378,320.0
2019-02-25,DTW,32256,435,416.0
2019-02-26,DTW,29058,427,426.0
2019-02-27,DTW,17934,400,399.0
2019-02-28,DTW,15702,435,435.0
2019-03-01,DTW,41087,439,436.0
2019-03-02,DTW,40620,336,333.0
2019-03-03,DTW,36426,425,420.0
2019-03-04,DTW,36377,466,461.0
2019-03-05,DTW,33428,459,457.0
2019-03-06,DTW,31172,459,457.0
2019-03-07,DTW,33227,468,468.0
2019-03-08,DTW,203,470,467.0
2019-03-09,DTW,37100,338,338.0
2019-03-10,DTW,72807,426,424.0
2019-03-11,DTW,61156,469,469.0
2019-03-12,DTW,29716,460,460.0
2019-03-13,DTW,33201,459,445.0
2019-03-14,DTW,39044,470,461.0
2019-03-15,DTW,38948,470,463.0
2019-03-16,DTW,31799,340,337.0
2019-03-17,DTW,33805,427,425.0
2019-03-18,DTW,30264,469,467.0
2019-03-19,DTW,33060,462,459.0
2019-03-20,DTW,37920,461,459.0
2019-03-21,DTW,41384,470,467.0
2019-03-22,DTW,11686,472,470.0
2019-03-23,DTW,30179,340,339.0
2019-03-24,DTW,75304,427,426.0
2019-03-25,DTW,36382,469,466.0
2019-03-26,DTW,35491,461,459.0
2019-03-27,DTW,38915,461,459.0
2019-03-28,DTW,43666,470,467.0
2019-03-29,DTW,47377,471,469.0
2019-03-30,DTW,89,339,338.0
2019-03-31,DTW,76872,426,426.0
2019-04-01,DTW,46251,476,473.0
2019-04-02,DTW,30494,459,457.0
2019-04-03,DTW,14620,462,460.0
2019-04-04,DTW,20090,471,469.0
2019-04-05,DTW,36136,472,470.0
2019-04-06,DTW,34469,329,325.0
2019-04-07,DTW,59974,431,429.0
2019-04-08,DTW,28778,472,468.0
2019-04-09,DTW,27971,463,462.0
2019-04-10,DTW,31791,465,461.0
2019-04-11,DTW,38015,471,464.0
2019-04-12,DTW,38841,472,471.0
2019-04-13,DTW,26038,326,323.0
2019-04-14,DTW,31651,433,416.0
2019-04-15,DTW,31013,470,461.0
2019-04-16,DTW,29581,460,459.0
2019-04-17,DTW,36,465,464.0
2019-04-18,DTW,35150,472,472.0
2019-04-19,DTW,41174,472,455.0
2019-04-20,DTW,35810,310,307.0
2019-04-21,DTW,56760,407,403.0
2019-04-22,DTW,35057,468,466.0
2019-04-23,DTW,30420,460,460.0
2019-04-24,DTW,34621,463,463.0
2019-04-25,DTW,38700,472,471.0
2019-04-26,DTW,37615,472,466.0
2019-04-27,DTW,12274,325,321.0
2019-04-28,DTW,18081,433,431.0
2019-05-05,DTW,41011,443,439.0
2019-05-06,DTW,34458,478,476.0
2019-05-07,DTW,32512,467,467.0
2019-05-08,DTW,35008,472,470.0
2019-05-09,DTW,40849,484,482.0
2019-05-10,DTW,40403,486,483.0
2019-05-11,DTW,29377,313,312.0
2019-05-12,DTW,34790,399,397.0
2019-05-13,DTW,34981,483,482.0
2019-05-14,DTW,32987,470,470.0
2019-05-15,DTW,36574,475,475.0
2019-05-16,DTW,41048,487,483.0
2019-05-17,DTW,40527,489,487.0
2019-05-18,DTW,28826,333,331.0
2019-05-19,DTW,35901,450,445.0
2019-05-20,DTW,35190,485,480.0
2019-05-21,DTW,30337,472,472.0
2019-05-22,DTW,33233,478,477.0
2019-05-23,DTW,11901,485,478.0
2019-05-24,DTW,27002,488,488.0
2019-05-25,DTW,42223,305,304.0
2019-05-26,DTW,54245,315,315.0
2019-05-27,DTW,34510,444,438.0
2019-05-28,DTW,33810,472,467.0
2019-05-29,DTW,31896,477,463.0
2019-05-30,DTW,36426,486,478.0
2019-05-31,DTW,37051,490,490.0
2019-06-01,DTW,27867,333,332.0
2019-06-02,DTW,35049,449,445.0
2019-06-03,DTW,32621,485,483.0
2019-06-04,DTW,50,471,471.0
2019-06-05,DTW,29422,477,473.0
2019-06-06,DTW,31349,485,484.0
2019-06-07,DTW,37843,488,487.0
2019-06-08,DTW,39106,359,356.0
2019-06-09,DTW,50154,475,459.0
2019-06-10,DTW,55017,503,489.0
2019-06-11,DTW,35566,490,487.0
2019-06-12,DTW,35057,496,493.0
2019-06-13,DTW,39540,499,499.0
2019-06-14,DTW,42259,502,502.0
2019-06-15,DTW,32048,357,352.0
2019-06-16,DTW,39165,471,467.0
2019-06-17,DTW,39710,504,501.0
2019-06-18,DTW,37798,491,489.0
2019-06-19,DTW,38594,497,496.0
2019-06-20,DTW,41114,502,490.0
2019-06-21,DTW,41860,503,502.0
2019-06-22,DTW,32613,357,356.0
2019-06-23,DTW,41482,474,470.0
2019-06-24,DTW,39789,505,504.0
2019-06-25,DTW,38252,492,492.0
2019-06-26,DTW,39147,499,499.0
2019-06-27,DTW,41569,504,502.0
2019-06-28,DTW,42203,506,503.0
2019-06-29,DTW,34454,394,380.0
2019-06-30,DTW,38043,415,409.0
2019-07-01,DTW,36961,413,411.0
2019-07-02,DTW,34277,398,396.0
2019-07-03,DTW,114,415,413.0
2019-07-04,DTW,39815,345,343.0
2019-07-05,DTW,29255,358,358.0
2019-07-06,DTW,28802,392,378.0
2019-07-07,DTW,74987,486,482.0
2019-07-08,DTW,40821,510,508.0
2019-07-09,DTW,39603,503,500.0
2019-07-10,DTW,38387,503,501.0
2019-07-11,DTW,40031,507,483.0
2019-07-12,DTW,39731,508,505.0
2019-07-13,DTW,32244,392,385.0
2019-07-14,DTW,39483,479,476.0
2019-07-15,DTW,38335,511,507.0
2019-07-16,DTW,38055,504,500.0
2019-07-17,DTW,39478,504,493.0
2019-07-18,DTW,41535,508,492.0
2019-07-19,DTW,40312,510,447.0
2019-07-20,DTW,36050,391,377.0
2019-07-21,DTW,41133,481,472.0
2019-07-22,DTW,40178,511,501.0
2019-07-23,DTW,39099,504,501.0
2019-07-24,DTW,39806,504,503.0
2019-07-25,DTW,41952,508,508.0
2019-07-26,DTW,42130,510,509.0
2019-07-27,DTW,33621,391,391.0
2019-07-28,DTW,37597,481,479.0
2019-07-29,DTW,38418,511,507.0
2019-07-30,DTW,37231,504,501.0
2019-07-31,DTW,38407,503,486.0
2019-08-01,DTW,43202,511,508.0
2019-08-02,DTW,42483,513,507.0
2019-08-03,DTW,33229,392,389.0
2019-08-04,DTW,40176,481,479.0
2019-08-05,DTW,37781,514,514.0
2019-08-06,DTW,37455,506,501.0
2019-08-07,DTW,85,508,487.0
2019-08-08,DTW,36427,511,497.0
2019-08-09,DTW,40608,513,510.0
2019-08-10,DTW,40924,389,387.0
2019-08-11,DTW,74343,479,478.0
2019-08-12,DTW,39215,504,502.0
2019-08-13,DTW,35291,489,486.0
2019-08-14,DTW,37458,498,496.0
2019-08-15,DTW,39215,504,497.0
2019-08-16,DTW,41337,507,506.0
2019-08-17,DTW,30557,375,374.0
2019-08-18,DTW,39016,472,454.0
2019-08-19,DTW,40115,504,494.0
2019-08-20,DTW,34922,484,464.0
2019-08-21,DTW,36470,494,484.0
2019-08-22,DTW,106,499,495.0
2019-08-23,DTW,37930,503,503.0
2019-08-24,DTW,39152,364,363.0
2019-08-25,DTW,46441,472,472.0
2019-08-26,DTW,54344,500,500.0
2019-08-27,DTW,29671,481,480.0
2019-08-28,DTW,5885,492,491.0
2019-08-29,DTW,19017,497,497.0
2019-08-30,DTW,8455,503,500.0
2019-08-31,DTW,38607,319,316.0
2019-09-01,DTW,65281,324,318.0
2019-09-02,DTW,59526,431,415.0
2019-09-03,DTW,30273,428,409.0
2019-09-04,DTW,30495,429,422.0
2019-09-05,DTW,30670,423,419.0
2019-09-06,DTW,34067,430,428.0
2019-09-07,DTW,24884,318,318.0
2019-09-08,DTW,36636,460,460.0
2019-09-09,DTW,32799,493,493.0
2019-09-10,DTW,28539,475,475.0
2019-09-11,DTW,30175,481,479.0
2019-09-12,DTW,38976,490,487.0
2019-09-13,DTW,37745,493,491.0
2019-09-14,DTW,27440,336,336.0
2019-09-15,DTW,36906,459,459.0
2019-09-16,DTW,34600,496,495.0
2019-09-17,DTW,23638,475,475.0
2019-09-18,DTW,6371,479,479.0
2019-09-19,DTW,32495,489,482.0
2019-09-20,DTW,37936,494,489.0
2019-09-21,DTW,41155,335,335.0
2019-09-22,DTW,64665,458,458.0
2019-09-23,DTW,33207,494,494.0
2019-09-24,DTW,29741,475,475.0
2019-09-25,DTW,32364,480,480.0
2019-09-26,DTW,37723,489,489.0
2019-09-27,DTW,40047,493,487.0
2019-09-28,DTW,26517,336,334.0
2019-09-29,DTW,37539,457,457.0
2019-09-30,DTW,33862,494,493.0
2019-10-01,DTW,30384,477,476.0
2019-10-02,DTW,9612,483,483.0
2019-10-03,DTW,22302,493,493.0
2019-10-04,DTW,37487,496,496.0
2019-10-05,DTW,39236,342,341.0
2019-10-06,DTW,67138,463,463.0
2019-10-07,DTW,33719,498,498.0
2019-10-08,DTW,30476,479,478.0
2019-10-09,DTW,33656,483,483.0
2019-10-10,DTW,41087,493,492.0
2019-10-11,DTW,42805,496,496.0
2019-10-12,DTW,27510,342,341.0
2019-10-13,DTW,31362,463,462.0
2019-10-14,DTW,37497,499,499.0
2019-10-15,DTW,32312,479,479.0
2019-10-16,DTW,32930,484,484.0
2019-10-17,DTW,39344,492,489.0
2019-10-18,DTW,41010,495,495.0
2019-10-19,DTW,27650,340,337.0
2019-10-20,DTW,37130,463,463.0
2019-10-21,DTW,34838,498,497.0
2019-10-22,DTW,30123,480,480.0
2019-10-23,DTW,33416,484,483.0
2019-10-24,DTW,38324,492,490.0
2019-10-25,DTW,40549,496,495.0
2019-10-26,DTW,28180,323,323.0
2019-10-27,DTW,40473,417,417.0
2019-10-28,DTW,36301,429,428.0
2019-10-29,DTW,30368,413,412.0
2019-10-30,DTW,33551,419,419.0
2019-10-31,DTW,31909,372,365.0
2019-11-01,DTW,37806,399,398.0
2019-11-02,DTW,27309,320,319.0
2019-11-03,DTW,32602,435,435.0
2019-11-04,DTW,33064,493,493.0
2019-11-05,DTW,29100,436,436.0
2019-11-06,DTW,33190,460,460.0
2019-11-07,DTW,36971,499,499.0
2019-11-08,DTW,39094,503,502.0
2019-11-09,DTW,28517,337,337.0
2019-11-10,DTW,33006,465,465.0
2019-11-11,DTW,31314,507,428.0
2019-11-12,DTW,30754,485,483.0
2019-11-13,DTW,29981,492,491.0
2019-11-14,DTW,36058,503,503.0
2019-11-15,DTW,38017,505,505.0
2019-11-16,DTW,25779,339,339.0
2019-11-17,DTW,36894,467,467.0
2019-11-18,DTW,35211,507,507.0
2019-11-19,DTW,26135,495,495.0
2019-11-20,DTW,30761,496,496.0
2019-11-21,DTW,36305,499,499.0
2019-11-22,DTW,38182,504,504.0
2019-11-23,DTW,28722,333,333.0
2019-11-24,DTW,26697,414,414.0
2019-11-25,DTW,29466,423,423.0
2019-11-26,DTW,37429,455,454.0
2019-11-27,DTW,40064,488,486.0
2019-11-28,DTW,21506,242,242.0
2019-11-29,DTW,28505,305,305.0
2019-11-30,DTW,40783,484,481.0
2019-12-01,DTW,47861,520,496.0
2019-12-02,DTW,38419,503,492.0
2019-12-03,DTW,427,469,466.0
2019-12-04,DTW,34522,469,469.0
2019-12-05,DTW,31499,487,487.0
2019-12-06,DTW,35881,487,487.0
2019-12-07,DTW,35699,323,323.0
2019-12-08,DTW,58788,440,440.0
2019-12-09,DTW,31146,484,479.0
2019-12-10,DTW,27903,464,463.0
2019-12-11,DTW,31433,467,466.0
2019-12-12,DTW,37919,488,488.0
2019-12-13,DTW,38993,490,488.0
2019-12-14,DTW,30061,326,326.0
2019-12-15,DTW,33990,442,442.0
2019-12-16,DTW,33095,486,486.0
2019-12-17,DTW,32657,466,464.0
2019-12-18,DTW,36520,469,465.0
2019-12-19,DTW,39915,480,480.0
2019-12-20,DTW,40883,481,481.0
2019-12-21,DTW,38389,410,410.0
2019-12-22,DTW,39121,445,444.0
2019-12-23,DTW,39302,453,453.0
2019-12-24,DTW,30575,313,306.0
2019-12-25,DTW,31797,304,298.0
2019-12-26,DTW,42103,451,450.0
2019-12-27,DTW,41407,453,453.0
2019-12-28,DTW,39268,410,409.0
2019-12-29,DTW,39696,446,437.0
2019-12-30,DTW,41842,454,447.0
2019-12-31,DTW,30953,313,308.0
2020-01-01,DTW,31263,321,321.0
2020-01-02,DTW,27,419,419.0
2020-01-03,DTW,35750,421,420.0
2020-01-04,DTW,32290,342,342.0
2020-01-05,DTW,60207,419,419.0
2020-01-06,DTW,31361,469,469.0
2020-01-07,DTW,26284,445,444.0
2020-01-08,DTW,26533,456,454.0
2020-01-09,DTW,32038,463,463.0
2020-01-10,DTW,31667,466,462.0
2020-01-11,DTW,23718,322,313.0
2020-01-12,DTW,30166,419,418.0
2020-01-13,DTW,26779,467,465.0
2020-01-14,DTW,26278,448,448.0
2020-01-15,DTW,30108,454,454.0
2020-01-16,DTW,36261,463,463.0
2020-01-17,DTW,38722,466,448.0
2020-01-18,DTW,26777,297,266.0
2020-01-19,DTW,28022,325,325.0
2020-01-20,DTW,21495,445,445.0
2020-01-21,DTW,9495,447,447.0
2020-01-22,DTW,27224,454,453.0
2020-01-23,DTW,29539,463,460.0
2020-01-24,DTW,11828,466,462.0
2020-01-25,DTW,23699,322,322.0
2020-01-26,DTW,63526,419,419.0
2020-01-27,DTW,53381,466,466.0
2020-01-28,DTW,24117,447,447.0
2020-01-29,DTW,28819,454,454.0
2020-01-30,DTW,33350,463,463.0
2020-01-31,DTW,34949,467,467.0
2020-02-01,DTW,6842,301,301.0
2020-02-02,DTW,48038,340,340.0
2020-02-03,DTW,28786,472,472.0
2020-02-04,DTW,26811,451,450.0
2020-02-05,DTW,29220,458,456.0
2020-02-06,DTW,34692,467,459.0
2020-02-07,DTW,36536,470,458.0
2020-02-08,DTW,27900,326,326.0
2020-02-09,DTW,32539,424,418.0
2020-02-10,DTW,29861,471,471.0
2020-02-11,DTW,27987,452,451.0
2020-02-12,DTW,32751,460,459.0
2020-02-13,DTW,37717,477,473.0
2020-02-14,DTW,40109,481,481.0
2020-02-15,DTW,32596,322,322.0
2020-02-16,DTW,31631,349,348.0
2020-02-17,DTW,13527,465,465.0
2020-02-18,DTW,23886,469,469.0
2020-02-19,DTW,30243,472,472.0
2020-02-20,DTW,33886,480,479.0
2020-02-21,DTW,37613,482,482.0
2020-02-22,DTW,40,346,346.0
2020-02-23,DTW,72810,437,437.0
2020-02-24,DTW,43195,483,482.0
2020-02-25,DTW,53360,469,469.0
2020-02-26,DTW,31560,473,471.0
2020-02-27,DTW,39156,480,477.0
2020-02-28,DTW,43321,481,481.0
2020-02-29,DTW,34012,345,345.0
2020-03-01,DTW,34711,438,437.0
2020-03-02,DTW,23397,489,489.0
2020-03-03,DTW,8250,475,475.0
2020-03-04,DTW,28305,479,479.0
2020-03-05,DTW,30032,487,486.0
2020-03-06,DTW,33515,489,488.0
2020-03-07,DTW,603,351,351.0
2020-03-08,DTW,61299,439,439.0
2020-03-09,DTW,52334,492,492.0
2020-03-10,DTW,24962,478,477.0
2020-03-11,DTW,26841,479,479.0
2020-03-12,DTW,29792,513,513.0
2020-03-13,DTW,25137,512,511.0
2020-03-14,DTW,17772,378,377.0
2020-03-15,DTW,18804,476,476.0
2020-03-16,DTW,15241,522,517.0
2020-03-17,DTW,11305,511,490.0
2020-03-18,DTW,9711,511,484.0
2020-03-19,DTW,8574,516,478.0
2020-03-20,DTW,8163,518,417.0
2020-03-21,DTW,6481,380,297.0
2020-03-22,DTW,6142,479,347.0
2020-03-23,DTW,5648,518,377.0
2020-03-24,DTW,4571,501,335.0
2020-03-25,DTW,4037,484,298.0
2020-03-26,DTW,3796,490,265.0
2020-03-27,DTW,3693,476,290.0
2020-03-28,DTW,3161,358,251.0
2020-03-29,DTW,3180,431,281.0
2020-03-30,DTW,2963,462,273.0
2020-03-31,DTW,2681,455,240.0
2020-04-01,DTW,2589,374,247.0
2020-04-02,DTW,2693,321,211.0
2020-04-03,DTW,2420,323,216.0
2020-04-04,DTW,2397,275,187.0
2020-04-05,DTW,2447,308,209.0
2020-04-06,DTW,2450,312,196.0
2020-04-07,DTW,2184,293,204.0
2020-04-08,DTW,2457,228,195.0
2020-04-09,DTW,2256,230,184.0
2020-04-10,DTW,2329,229,179.0
2020-04-11,DTW,2131,194,163.0
2020-04-12,DTW,1909,215,169.0
2020-04-13,DTW,2266,225,171.0
2020-04-14,DTW,2128,214,159.0
2020-04-15,DTW,1944,193,138.0
2020-04-16,DTW,2108,191,139.0
2020-04-17,DTW,2393,190,124.0
2020-04-18,DTW,2217,161,123.0
2020-04-19,DTW,2481,172,130.0
2020-04-20,DTW,2586,179,136.0
2020-04-21,DTW,2462,174,135.0
2020-04-22,DTW,2510,176,143.0
2020-04-23,DTW,2728,177,149.0
2020-04-24,DTW,2682,173,144.0
2020-04-25,DTW,2597,154,128.0
2020-04-26,DTW,2817,167,135.0
2020-04-27,DTW,2873,176,132.0
2020-04-28,DTW,2677,168,137.0
2020-04-29,DTW,2869,167,133.0
2020-04-30,DTW,3439,171,140.0
2020-05-01,DTW,3148,164,138.0
2020-05-02,DTW,2923,114,108.0
2020-05-03,DTW,3215,139,133.0
2020-05-04,DTW,3305,134,125.0
2020-05-05,DTW,2905,127,112.0
2020-05-06,DTW,2791,126,116.0
2020-05-07,DTW,3508,134,126.0
2020-05-08,DTW,3749,133,122.0
2020-05-09,DTW,3107,107,98.0
2020-05-10,DTW,3471,132,120.0
2020-05-11,DTW,3947,133,123.0
2020-05-12,DTW,3299,125,115.0
2020-05-13,DTW,3304,121,111.0
2020-05-14,DTW,4038,127,119.0
2020-05-15,DTW,4442,130,123.0
2020-05-16,DTW,3488,102,97.0
2020-05-17,DTW,4076,128,120.0
2020-05-18,DTW,4147,126,119.0
2020-05-19,DTW,3277,118,103.0
2020-05-20,DTW,3966,124,117.0
2020-05-21,DTW,4586,127,123.0
2020-05-22,DTW,5427,131,127.0
2020-05-23,DTW,4409,106,102.0
2020-05-24,DTW,4395,130,122.0
2020-05-25,DTW,4588,127,121.0
2020-05-26,DTW,4505,122,119.0
2020-05-27,DTW,4464,124,114.0
2020-05-28,DTW,5021,127,122.0
2020-05-29,DTW,5268,130,129.0
2020-05-30,DTW,4269,106,101.0
2020-05-31,DTW,5592,131,131.0
2020-06-01,DTW,5310,130,125.0
2020-06-02,DTW,4407,136,134.0
2020-06-03,DTW,5683,139,136.0
2020-06-04,DTW,6431,146,145.0
2020-06-05,DTW,7225,149,147.0
2020-06-06,DTW,5313,139,136.0
2020-06-07,DTW,6702,154,150.0
2020-06-08,DTW,6950,152,146.0
2020-06-09,DTW,6009,145,145.0
2020-06-10,DTW,7692,152,149.0
2020-06-11,DTW,8615,159,156.0
2020-06-12,DTW,9067,161,157.0
2020-06-13,DTW,7692,152,146.0
2020-06-14,DTW,8185,161,159.0
2020-06-15,DTW,8517,159,158.0
2020-06-16,DTW,8038,153,152.0
2020-06-17,DTW,7959,152,150.0
2020-06-18,DTW,9855,164,164.0
2020-06-19,DTW,9487,162,161.0
2020-06-20,DTW,8374,154,154.0
2020-06-21,DTW,8737,164,164.0
2020-06-22,DTW,9632,163,163.0
2020-06-23,DTW,8559,158,158.0
2020-06-24,DTW,8795,164,164.0
2020-06-25,DTW,10275,173,173.0
2020-06-26,DTW,10675,177,177.0
2020-06-27,DTW,8839,176,176.0
2020-06-28,DTW,10344,186,186.0
2020-06-29,DTW,10150,185,185.0
2020-06-30,DTW,9145,181,181.0
2020-07-01,DTW,11613,207,204.0
2020-07-02,DTW,13564,254,253.0
2020-07-03,DTW,12880,247,245.0
2020-07-04,DTW,8389,216,213.0
2020-07-05,DTW,11381,242,242.0
2020-07-06,DTW,13458,250,250.0
2020-07-07,DTW,11159,240,240.0
2020-07-08,DTW,11469,247,246.0
2020-07-09,DTW,12148,261,260.0
2020-07-10,DTW,12306,271,270.0
2020-07-11,DTW,11272,261,258.0
2020-07-12,DTW,12719,269,267.0
2020-07-13,DTW,12624,274,272.0
2020-07-14,DTW,9670,256,255.0
2020-07-15,DTW,11094,258,257.0
2020-07-16,DTW,12921,270,270.0
2020-07-17,DTW,12741,275,273.0
2020-07-18,DTW,10717,265,262.0
2020-07-19,DTW,12200,275,274.0
2020-07-20,DTW,86,279,278.0
2020-07-21,DTW,12451,261,259.0
2020-07-22,DTW,9316,261,258.0
2020-07-23,DTW,10683,277,274.0
2020-07-24,DTW,12956,280,278.0
2020-07-25,DTW,13186,268,266.0
2020-07-26,DTW,24424,276,276.0
2020-07-27,DTW,13347,277,277.0
2020-07-28,DTW,10014,260,260.0
2020-07-29,DTW,10990,265,262.0
2020-07-30,DTW,12779,277,273.0
2020-07-31,DTW,14286,280,279.0
2020-08-01,DTW,12553,308,307.0
2020-08-02,DTW,13447,322,320.0
2020-08-03,DTW,14205,321,319.0
2020-08-04,DTW,11361,295,286.0
2020-08-05,DTW,10846,281,281.0
2020-08-06,DTW,13160,308,308.0
2020-08-07,DTW,14257,309,309.0
2020-08-08,DTW,11382,295,295.0
2020-08-09,DTW,14447,308,308.0
2020-08-10,DTW,13982,307,307.0
2020-08-11,DTW,10804,285,284.0
2020-08-12,DTW,10987,286,286.0
2020-08-13,DTW,14091,312,312.0
2020-08-14,DTW,14654,312,312.0
2020-08-15,DTW,12118,297,297.0
2020-08-16,DTW,14935,310,310.0
2020-08-17,DTW,14597,310,308.0
2020-08-18,DTW,11097,277,277.0
2020-08-19,DTW,11405,278,278.0
2020-08-20,DTW,14522,309,308.0
2020-08-21,DTW,14854,309,309.0
2020-08-22,DTW,11629,293,292.0
2020-08-23,DTW,14394,308,308.0
2020-08-24,DTW,13944,307,307.0
2020-08-25,DTW,10360,278,278.0
2020-08-26,DTW,11010,280,277.0
2020-08-27,DTW,14767,312,311.0
2020-08-28,DTW,14759,309,308.0
2020-08-29,DTW,11286,293,292.0
2020-08-30,DTW,13781,310,296.0
2020-08-31,DTW,12922,307,307.0
2020-09-01,DTW,9841,278,278.0
2020-09-02,DTW,11121,278,276.0
2020-09-03,DTW,16196,306,306.0
2020-09-04,DTW,16997,305,305.0
2020-09-05,DTW,12608,279,279.0
2020-09-06,DTW,10993,278,278.0
2020-09-07,DTW,14881,297,297.0
2020-09-08,DTW,12608,263,263.0
2020-09-09,DTW,11512,267,267.0
2020-09-10,DTW,13474,291,291.0
2020-09-11,DTW,13540,290,289.0
2020-09-12,DTW,10551,280,280.0
2020-09-13,DTW,12839,291,291.0
2020-09-14,DTW,12461,286,285.0
2020-09-15,DTW,9276,256,256.0
2020-09-16,DTW,10735,266,266.0
2020-09-17,DTW,14375,292,292.0
2020-09-18,DTW,14972,291,291.0
2020-09-19,DTW,11051,280,280.0
2020-09-20,DTW,13006,293,293.0
2020-09-21,DTW,12789,288,288.0
2020-09-22,DTW,9713,257,257.0
2020-09-23,DTW,11310,268,268.0
2020-09-24,DTW,14866,293,293.0
2020-09-25,DTW,14739,291,291.0
2020-09-26,DTW,10893,280,280.0
2020-09-27,DTW,13304,293,293.0
2020-09-28,DTW,13192,289,289.0
2020-09-29,DTW,9595,258,258.0
2020-09-30,DTW,11269,265,265.0
2020-10-01,DTW,16187,305,305.0
2020-10-02,DTW,15604,306,305.0
2020-10-03,DTW,11210,288,288.0
2020-10-04,DTW,13416,306,306.0
2020-10-05,DTW,12477,298,297.0
2020-10-06,DTW,9778,260,260.0
2020-10-07,DTW,12273,279,279.0
2020-10-08,DTW,17677,315,315.0
2020-10-09,DTW,16651,315,315.0
2020-10-10,DTW,12490,293,293.0
2020-10-11,DTW,15396,315,315.0
2020-10-12,DTW,15392,308,308.0
2020-10-13,DTW,11890,270,270.0
2020-10-14,DTW,13154,281,281.0
2020-10-15,DTW,17853,315,315.0
2020-10-16,DTW,18294,319,319.0
2020-10-17,DTW,13222,293,293.0
2020-10-18,DTW,16451,316,316.0
2020-10-19,DTW,15190,310,310.0
2020-10-20,DTW,11553,270,270.0
2020-10-21,DTW,12996,281,280.0
2020-10-22,DTW,18093,315,315.0
2020-10-23,DTW,18646,319,319.0
2020-10-24,DTW,13098,262,262.0
2020-10-25,DTW,14609,282,282.0
2020-10-26,DTW,14358,279,279.0
2020-10-27,DTW,10773,257,257.0
2020-10-28,DTW,11797,262,262.0
2020-10-29,DTW,16500,281,281.0
2020-10-30,DTW,16166,285,285.0
2020-10-31,DTW,11134,229,229.0
2020-11-01,DTW,14329,279,278.0
2020-11-02,DTW,242,283,283.0
2020-11-03,DTW,13108,231,231.0
2020-11-04,DTW,9932,256,256.0
2020-11-05,DTW,12102,286,286.0
2020-11-06,DTW,16599,292,292.0
2020-11-07,DTW,17155,277,275.0
2020-11-08,DTW,25909,327,327.0
2020-11-09,DTW,12349,323,323.0
2020-11-10,DTW,10589,281,281.0
2020-11-11,DTW,12281,291,288.0
2020-11-12,DTW,16382,327,327.0
2020-11-13,DTW,16793,333,333.0
2020-11-14,DTW,11359,311,311.0
2020-11-15,DTW,13889,327,326.0
2020-11-16,DTW,12337,323,323.0
2020-11-17,DTW,9927,281,281.0
2020-11-18,DTW,12124,296,296.0
2020-11-19,DTW,15697,324,324.0
2020-11-20,DTW,17564,354,353.0
2020-11-21,DTW,16077,344,344.0
2020-11-22,DTW,14701,351,350.0
2020-11-23,DTW,14049,345,345.0
2020-11-24,DTW,15646,354,352.0
2020-11-25,DTW,16763,353,346.0
2020-11-26,DTW,9962,218,192.0
2020-11-27,DTW,13683,294,278.0
2020-11-28,DTW,14701,356,356.0
2020-11-29,DTW,16069,361,361.0
2020-11-30,DTW,14046,360,357.0
2020-12-01,DTW,11980,333,332.0
2020-12-02,DTW,11289,279,279.0
2020-12-03,DTW,13659,314,314.0
2020-12-04,DTW,14641,318,318.0
2020-12-05,DTW,11306,277,276.0
2020-12-06,DTW,11667,318,318.0
2020-12-07,DTW,9946,315,314.0
2020-12-08,DTW,8475,272,272.0
2020-12-09,DTW,10044,279,279.0
2020-12-10,DTW,14263,313,313.0
2020-12-11,DTW,14729,318,318.0
2020-12-12,DTW,11437,278,274.0
2020-12-13,DTW,11495,316,316.0
2020-12-14,DTW,10846,316,316.0
2020-12-15,DTW,10018,272,272.0
2020-12-16,DTW,12464,291,270.0
2020-12-17,DTW,15941,320,317.0
2020-12-18,DTW,19083,341,341.0
2020-12-19,DTW,17916,335,335.0
2020-12-20,DTW,15122,334,333.0
2020-12-21,DTW,14897,338,335.0
2020-12-22,DTW,15285,332,332.0
2020-12-23,DTW,20004,332,328.0
2020-12-24,DTW,14202,203,197.0
2020-12-25,DTW,15082,205,195.0
2020-12-26,DTW,21745,326,323.0
2020-12-27,DTW,21859,324,324.0
2020-12-28,DTW,21738,337,337.0
2020-12-29,DTW,19764,323,321.0
2020-12-30,DTW,22643,336,336.0
2020-12-31,DTW,14985,206,205.0
2021-01-01,DTW,15040,260,257.0
2021-01-02,DTW,18398,333,331.0
2021-01-03,DTW,17683,339,339.0
2021-01-04,DTW,16898,335,330.0
2021-01-05,DTW,12291,275,275.0
2021-01-06,DTW,11444,269,269.0
2021-01-07,DTW,14868,308,308.0
2021-01-08,DTW,14245,307,307.0
2021-01-09,DTW,11789,248,248.0
2021-01-10,DTW,12738,308,307.0
2021-01-11,DTW,11041,304,303.0
2021-01-12,DTW,9535,266,266.0
2021-01-13,DTW,11279,272,272.0
2021-01-14,DTW,17405,308,308.0
2021-01-15,DTW,18421,306,306.0
2021-01-16,DTW,13567,248,248.0
2021-01-17,DTW,11316,254,253.0
2021-01-18,DTW,12539,303,303.0
2021-01-19,DTW,9674,267,267.0
2021-01-20,DTW,11471,272,272.0
2021-01-21,DTW,15887,308,308.0
2021-01-22,DTW,16221,307,307.0
2021-01-23,DTW,11232,248,248.0
2021-01-24,DTW,11850,308,308.0
2021-01-25,DTW,10563,305,302.0
2021-01-26,DTW,8326,266,265.0
2021-01-27,DTW,11423,272,272.0
2021-01-28,DTW,16957,308,305.0
2021-01-29,DTW,16777,306,306.0
2021-01-30,DTW,12420,247,246.0
2021-01-31,DTW,12544,310,295.0
2021-02-01,DTW,11539,308,287.0
2021-02-02,DTW,10437,270,268.0
2021-02-03,DTW,13380,278,277.0
2021-02-04,DTW,17992,311,306.0
2021-02-05,DTW,19431,312,312.0
2021-02-06,DTW,13823,248,248.0
2021-02-07,DTW,12438,258,256.0
2021-02-08,DTW,13069,308,308.0
2021-02-09,DTW,12504,273,273.0
2021-02-10,DTW,16135,278,274.0
2021-02-11,DTW,19535,310,308.0
2021-02-12,DTW,22143,316,315.0
2021-02-13,DTW,19682,254,252.0
2021-02-14,DTW,17354,257,246.0
2021-02-15,DTW,17022,314,266.0
2021-02-16,DTW,13359,277,238.0
2021-02-17,DTW,16043,281,265.0
2021-02-18,DTW,18304,314,281.0
2021-02-19,DTW,20934,316,310.0
2021-02-20,DTW,17308,252,252.0
2021-02-21,DTW,16970,311,309.0
2021-02-22,DTW,15290,314,313.0
2021-02-23,DTW,13376,274,274.0
2021-02-24,DTW,16504,281,281.0
2021-02-25,DTW,21114,313,312.0
2021-02-26,DTW,20589,316,316.0
2021-02-27,DTW,16152,252,252.0
2021-02-28,DTW,17835,311,311.0
2021-03-01,DTW,16761,314,313.0
2021-03-02,DTW,14274,289,289.0
2021-03-03,DTW,17767,298,298.0
2021-03-04,DTW,21507,334,334.0
2021-03-05,DTW,22225,337,337.0
2021-03-06,DTW,17447,272,272.0
2021-03-07,DTW,17910,338,337.0
2021-03-08,DTW,16031,336,336.0
2021-03-09,DTW,14706,298,298.0
2021-03-10,DTW,18942,308,308.0
2021-03-11,DTW,22676,343,343.0
2021-03-12,DTW,23208,344,344.0
2021-03-13,DTW,802,281,278.0
2021-03-14,DTW,38234,344,336.0
2021-03-15,DTW,17688,342,335.0
2021-03-16,DTW,17248,306,306.0
2021-03-17,DTW,20216,316,313.0
2021-03-18,DTW,24257,348,344.0
2021-03-19,DTW,23754,347,345.0
2021-03-20,DTW,20009,285,283.0
2021-03-21,DTW,21411,345,345.0
2021-03-22,DTW,20634,343,342.0
2021-03-23,DTW,20812,308,308.0
2021-03-24,DTW,23527,315,315.0
2021-03-25,DTW,26569,347,347.0
2021-03-26,DTW,26059,348,348.0
2021-03-27,DTW,23269,288,288.0
2021-03-28,DTW,25890,346,346.0
2021-03-29,DTW,23679,345,345.0
2021-03-30,DTW,22275,311,311.0
2021-03-31,DTW,22731,316,316.0
2021-04-01,DTW,26750,352,351.0
2021-04-02,DTW,26193,349,349.0
2021-04-03,DTW,23186,303,301.0
2021-04-04,DTW,22722,355,345.0
2021-04-05,DTW,24206,353,351.0
2021-04-06,DTW,18665,305,305.0
2021-04-07,DTW,19155,311,311.0
2021-04-08,DTW,22794,351,351.0
2021-04-09,DTW,23166,353,353.0
2021-04-10,DTW,19053,296,295.0
2021-04-11,DTW,19320,355,336.0
2021-04-12,DTW,19187,361,351.0
2021-04-13,DTW,15189,326,326.0
2021-04-14,DTW,19056,326,326.0
2021-04-15,DTW,24188,360,360.0
2021-04-16,DTW,24385,361,361.0
2021-04-17,DTW,19768,306,306.0
2021-04-18,DTW,19358,360,360.0
2021-04-19,DTW,18252,359,359.0
2021-04-20,DTW,15915,326,326.0
2021-04-21,DTW,19752,330,330.0
2021-04-22,DTW,25162,359,359.0
2021-04-23,DTW,25166,362,362.0
2021-04-24,DTW,18494,305,305.0
2021-04-25,DTW,20328,360,360.0
2021-04-26,DTW,18250,360,360.0
2021-04-27,DTW,15863,325,325.0
2021-04-28,DTW,20660,330,330.0
2021-04-29,DTW,25369,359,359.0
2021-04-30,DTW,90,335,335.0
2021-05-01,DTW,27110,306,305.0
2021-05-02,DTW,48068,356,355.0
2021-05-03,DTW,22983,357,356.0
2021-05-04,DTW,18087,325,325.0
2021-05-05,DTW,22901,344,344.0
2021-05-06,DTW,29082,364,364.0
2021-05-07,DTW,29180,366,366.0
2021-05-08,DTW,21599,317,317.0
2021-05-09,DTW,25159,365,365.0
2021-05-10,DTW,24116,368,368.0
2021-05-11,DTW,20442,347,345.0
2021-05-12,DTW,26138,353,353.0
2021-05-13,DTW,30010,368,368.0
2021-05-14,DTW,29727,368,367.0
2021-05-15,DTW,24758,318,318.0
2021-05-16,DTW,26557,366,365.0
2021-05-17,DTW,22184,369,369.0
2021-05-18,DTW,152,350,350.0
2021-05-19,DTW,21,357,357.0
2021-05-20,DTW,21066,370,370.0
2021-05-21,DTW,25117,370,370.0
2021-05-22,DTW,30866,320,320.0
2021-05-23,DTW,52622,368,368.0
2021-05-24,DTW,45811,369,368.0
2021-05-25,DTW,20174,353,353.0
2021-05-26,DTW,25829,356,355.0
2021-05-27,DTW,26700,368,368.0
2021-05-28,DTW,29953,370,370.0
2021-05-29,DTW,23234,319,319.0
2021-05-30,DTW,18907,316,316.0
2021-05-31,DTW,23061,366,366.0
2021-06-01,DTW,22322,351,351.0
2021-06-02,DTW,21390,350,350.0
2021-06-03,DTW,26368,364,364.0
2021-06-04,DTW,27916,373,373.0
2021-06-05,DTW,22305,379,377.0
2021-06-06,DTW,25177,402,401.0
2021-06-07,DTW,24735,399,397.0
2021-06-08,DTW,21495,383,377.0
2021-06-09,DTW,24582,389,385.0
2021-06-10,DTW,29280,395,394.0
2021-06-11,DTW,31363,401,401.0
2021-06-12,DTW,25617,371,370.0
2021-06-13,DTW,28462,398,397.0
2021-06-14,DTW,28001,398,397.0
2021-06-15,DTW,24480,383,381.0
2021-06-16,DTW,27206,393,392.0
2021-06-17,DTW,29483,396,395.0
2021-06-18,DTW,30622,401,399.0
2021-06-19,DTW,26584,371,370.0
2021-06-20,DTW,28629,398,397.0
2021-06-21,DTW,29033,398,387.0
2021-06-22,DTW,24903,384,382.0
2021-06-23,DTW,28176,393,393.0
2021-06-24,DTW,31618,396,396.0
2021-06-25,DTW,31344,402,402.0
2021-06-26,DTW,26,370,365.0
2021-06-27,DTW,54570,397,397.0
2021-06-28,DTW,27921,397,395.0
2021-06-29,DTW,25265,382,378.0
2021-06-30,DTW,27973,392,388.0
2021-07-01,DTW,31144,398,398.0
2021-07-02,DTW,31038,398,392.0
2021-07-03,DTW,26486,366,364.0
2021-07-04,DTW,22353,345,345.0
2021-07-05,DTW,28990,397,396.0
2021-07-06,DTW,26700,380,378.0
2021-07-07,DTW,26888,385,382.0
2021-07-08,DTW,29527,396,392.0
2021-07-09,DTW,30049,401,398.0
2021-07-10,DTW,26182,367,366.0
2021-07-11,DTW,30258,399,399.0
2021-07-12,DTW,30786,394,391.0
2021-07-13,DTW,25897,377,376.0
2021-07-14,DTW,27558,382,382.0
2021-07-15,DTW,30780,397,397.0
2021-07-16,DTW,31050,402,402.0
2021-07-17,DTW,25944,367,361.0
2021-07-18,DTW,30318,404,400.0
2021-07-19,DTW,30153,400,400.0
2021-07-20,DTW,26879,382,380.0
2021-07-21,DTW,27887,391,391.0
2021-07-22,DTW,31705,401,401.0
2021-07-23,DTW,32414,406,405.0
2021-07-24,DTW,26836,367,366.0
2021-07-25,DTW,29778,404,396.0
2021-07-26,DTW,30913,400,400.0
2021-07-27,DTW,24830,382,379.0
2021-07-28,DTW,27505,388,388.0
2021-07-29,DTW,31384,401,399.0
2021-07-30,DTW,30073,406,406.0
2021-07-31,DTW,27402,367,363.0
2021-08-01,DTW,30937,402,386.0
2021-08-02,DTW,31395,398,382.0
2021-08-03,DTW,27207,369,355.0
2021-08-04,DTW,27005,377,359.0
2021-08-05,DTW,31557,405,392.0
2021-08-06,DTW,30436,409,396.0
2021-08-07,DTW,26167,362,358.0
2021-08-08,DTW,29437,406,399.0
2021-08-09,DTW,29741,402,394.0
2021-08-10,DTW,26390,364,357.0
2021-08-11,DTW,27158,372,357.0
2021-08-12,DTW,32053,404,399.0
2021-08-13,DTW,31243,409,402.0
2021-08-14,DTW,26571,362,357.0
2021-08-15,DTW,28635,405,396.0
2021-08-16,DTW,29407,402,398.0
2021-08-17,DTW,25261,362,360.0
2021-08-18,DTW,26378,371,365.0
2021-08-19,DTW,29787,405,403.0
2021-08-20,DTW,29723,406,404.0
2021-08-21,DTW,25399,358,356.0
2021-08-22,DTW,30206,405,391.0
2021-08-23,DTW,28762,401,397.0
2021-08-24,DTW,22552,363,361.0
2021-08-25,DTW,23109,371,369.0
2021-08-26,DTW,28339,406,405.0
2021-08-27,DTW,28226,409,402.0
2021-08-28,DTW,21940,360,358.0
2021-08-29,DTW,27868,406,398.0
2021-08-30,DTW,25078,400,396.0
2021-08-31,DTW,19504,363,362.0
2021-09-01,DTW,22610,369,363.0
2021-09-02,DTW,31182,406,397.0
2021-09-03,DTW,32220,408,405.0
2021-09-04,DTW,22592,346,344.0
2021-09-05,DTW,21137,351,349.0
2021-09-06,DTW,25621,374,372.0
2021-09-07,DTW,24257,352,349.0
2021-09-08,DTW,21416,349,348.0
2021-09-09,DTW,25454,375,373.0
2021-09-10,DTW,26586,374,373.0
2021-09-11,DTW,19326,333,332.0
2021-09-12,DTW,31560,386,385.0
2021-09-13,DTW,26774,402,401.0
2021-09-14,DTW,19090,358,355.0
2021-09-15,DTW,22241,365,365.0
2021-09-16,DTW,30537,409,408.0
2021-09-17,DTW,30231,409,409.0
2021-09-18,DTW,21327,345,345.0
2021-09-19,DTW,29166,412,412.0
2021-09-20,DTW,24657,406,406.0
2021-09-21,DTW,19046,365,365.0
2021-09-22,DTW,21853,365,365.0
2021-09-23,DTW,29788,412,403.0
2021-09-24,DTW,30526,411,409.0
2021-09-25,DTW,21353,349,347.0
2021-09-26,DTW,31496,412,411.0
2021-09-27,DTW,27321,405,405.0
2021-09-28,DTW,19267,357,357.0
2021-09-29,DTW,20846,364,364.0
2021-09-30,DTW,29975,412,409.0
2021-10-01,DTW,30986,405,405.0
2021-10-02,DTW,21881,343,343.0
2021-10-03,DTW,25961,395,393.0
2021-10-04,DTW,23997,390,390.0
2021-10-05,DTW,18650,349,349.0
2021-10-06,DTW,22390,349,349.0
2021-10-07,DTW,30049,392,392.0
2021-10-08,DTW,30606,390,389.0
2021-10-09,DTW,21385,337,330.0
2021-10-10,DTW,26895,394,386.0
2021-10-11,DTW,27085,391,386.0
2021-10-12,DTW,21733,346,345.0
2021-10-13,DTW,24304,354,353.0
2021-10-14,DTW,32314,393,392.0
2021-10-15,DTW,33297,392,391.0
2021-10-16,DTW,24687,338,337.0
2021-10-17,DTW,30269,394,394.0
2021-10-18,DTW,27986,392,392.0
2021-10-19,DTW,21085,346,346.0
2021-10-20,DTW,24531,354,354.0
2021-10-21,DTW,30473,392,368.0
2021-10-22,DTW,31782,392,363.0
2021-10-23,DTW,24255,339,336.0
2021-10-24,DTW,31707,394,389.0
2021-10-25,DTW,27424,391,379.0
2021-10-26,DTW,20850,345,340.0
2021-10-27,DTW,21667,354,353.0
2021-10-28,DTW,29291,392,391.0
2021-10-29,DTW,28935,391,390.0
2021-10-30,DTW,20578,334,333.0
2021-10-31,DTW,24089,323,312.0
2021-11-01,DTW,27475,395,384.0
2021-11-02,DTW,21201,351,349.0
2021-11-03,DTW,22855,364,363.0
2021-11-04,DTW,27790,397,396.0
2021-11-05,DTW,31267,397,397.0
2021-11-06,DTW,21521,333,333.0
2021-11-07,DTW,32414,398,397.0
2021-11-08,DTW,26937,399,398.0
2021-11-09,DTW,19514,360,360.0
2021-11-10,DTW,24909,365,364.0
2021-11-11,DTW,31505,400,399.0
2021-11-12,DTW,30608,401,401.0
2021-11-13,DTW,21886,323,323.0
2021-11-14,DTW,28714,398,397.0
2021-11-15,DTW,23881,400,398.0
2021-11-16,DTW,20414,360,360.0
2021-11-17,DTW,24710,373,373.0
2021-11-18,DTW,31134,403,403.0
2021-11-19,DTW,33757,405,405.0
2021-11-20,DTW,26564,331,330.0
2021-11-21,DTW,28843,393,389.0
2021-11-22,DTW,28411,373,371.0
2021-11-23,DTW,32018,372,370.0
2021-11-24,DTW,32456,400,399.0
2021-11-25,DTW,20811,239,239.0
2021-11-26,DTW,25435,289,289.0
2021-11-27,DTW,30440,386,385.0
2021-11-28,DTW,36476,401,400.0
2021-11-29,DTW,32156,402,402.0
2021-11-30,DTW,25000,372,372.0
2021-12-01,DTW,24788,360,359.0
2021-12-02,DTW,28906,393,392.0
2021-12-03,DTW,28894,398,397.0
2021-12-04,DTW,103,296,296.0
2021-12-05,DTW,47533,382,379.0
2021-12-06,DTW,22827,386,384.0
2021-12-07,DTW,19301,340,339.0
2021-12-08,DTW,23610,348,348.0
2021-12-09,DTW,29969,390,390.0
2021-12-10,DTW,29303,391,386.0
2021-12-11,DTW,20118,292,286.0
2021-12-12,DTW,26481,382,380.0
2021-12-13,DTW,24207,385,385.0
2021-12-14,DTW,21143,340,340.0
2021-12-15,DTW,26089,348,338.0
2021-12-16,DTW,33352,391,388.0
2021-12-17,DTW,33025,388,387.0
2021-12-18,DTW,30085,320,314.0
2021-12-19,DTW,31050,360,352.0
2021-12-20,DTW,30584,363,362.0
2021-12-21,DTW,29111,370,369.0
2021-12-22,DTW,29813,372,371.0
2021-12-23,DTW,31813,374,370.0
2021-12-24,DTW,23812,272,254.0
2021-12-25,DTW,23094,267,252.0
2021-12-26,DTW,30950,370,352.0
2021-12-27,DTW,31782,370,338.0
2021-12-28,DTW,31208,364,332.0
2021-12-29,DTW,30875,367,347.0
2021-12-30,DTW,31696,372,352.0
2021-12-31,DTW,22838,276,251.0
2022-01-01,DTW,20047,274,199.0
2022-01-02,DTW,25355,374,315.0
2022-01-03,DTW,47,374,327.0
2022-01-04,DTW,23263,361,348.0
2022-01-05,DTW,23239,336,308.0
2022-01-06,DTW,19623,350,319.0
2022-01-07,DTW,22426,348,330.0
2022-01-08,DTW,21212,281,268.0
2022-01-09,DTW,37843,358,344.0
2022-01-10,DTW,18672,370,361.0
2022-01-11,DTW,14676,331,321.0
2022-01-12,DTW,18908,343,336.0
2022-01-13,DTW,24651,375,369.0
2022-01-14,DTW,26107,377,368.0
2022-01-15,DTW,224,269,263.0
2022-01-16,DTW,37694,292,268.0
2022-01-17,DTW,22589,368,353.0
2022-01-18,DTW,15956,326,321.0
2022-01-19,DTW,17666,337,332.0
2022-01-20,DTW,23536,379,373.0
2022-01-21,DTW,22040,379,373.0
2022-01-22,DTW,17841,284,282.0
2022-01-23,DTW,20465,374,372.0
2022-01-24,DTW,17947,373,369.0
2022-01-25,DTW,15503,332,331.0
2022-01-26,DTW,19290,339,337.0
2022-01-27,DTW,25135,375,375.0
2022-01-28,DTW,25140,376,359.0
2022-01-29,DTW,17985,282,248.0
2022-01-30,DTW,20967,371,361.0
2022-01-31,DTW,19300,378,377.0
2022-02-01,DTW,21633,319,317.0
2022-02-02,DTW,16624,327,240.0
2022-02-03,DTW,18623,368,256.0
2022-02-04,DTW,27524,371,340.0
2022-02-05,DTW,20200,284,274.0
2022-02-06,DTW,23229,364,361.0
2022-02-07,DTW,19856,369,365.0
2022-02-08,DTW,17364,323,323.0
2022-02-09,DTW,264,331,331.0
2022-02-10,DTW,22318,370,370.0
2022-02-11,DTW,27830,369,369.0
2022-02-12,DTW,30906,262,262.0
2022-02-13,DTW,45811,292,291.0
2022-02-14,DTW,23214,368,368.0
2022-02-15,DTW,22408,323,323.0
2022-02-16,DTW,26995,336,334.0
2022-02-17,DTW,24686,373,227.0
2022-02-18,DTW,33360,377,358.0
2022-02-19,DTW,28915,273,271.0
2022-02-20,DTW,27886,294,293.0
2022-02-21,DTW,30887,373,371.0
2022-02-22,DTW,25031,333,327.0
2022-02-23,DTW,27717,341,332.0
2022-02-24,DTW,31843,374,349.0
2022-02-25,DTW,33212,377,364.0
2022-02-26,DTW,28073,291,291.0
2022-02-27,DTW,30828,367,366.0
2022-02-28,DTW,28140,374,373.0
2022-03-01,DTW,24053,333,333.0
2022-03-02,DTW,26971,334,334.0
2022-03-03,DTW,32603,363,363.0
2022-03-04,DTW,34184,363,363.0
2022-03-05,DTW,25529,285,285.0
2022-03-06,DTW,30409,350,349.0
2022-03-07,DTW,30439,370,370.0
2022-03-08,DTW,24906,338,337.0
2022-03-09,DTW,27882,343,342.0
2022-03-10,DTW,32878,371,371.0
2022-03-11,DTW,31324,374,372.0
2022-03-12,DTW,25706,320,299.0
2022-03-13,DTW,26,365,357.0
2022-03-14,DTW,28338,376,376.0
2022-03-15,DTW,24308,344,344.0
2022-03-16,DTW,28650,349,348.0
2022-03-17,DTW,31884,377,369.0
2022-03-18,DTW,32973,377,367.0
2022-03-19,DTW,27808,325,317.0
2022-03-20,DTW,35048,369,366.0
2022-03-21,DTW,31700,377,376.0
2022-03-22,DTW,30199,345,344.0
2022-03-23,DTW,35015,349,348.0
2022-03-24,DTW,38172,378,378.0
2022-03-25,DTW,40124,379,377.0
2022-03-26,DTW,34634,324,324.0
2022-03-27,DTW,38379,379,379.0
2022-03-28,DTW,37243,386,386.0
2022-03-29,DTW,30568,353,353.0
2022-03-30,DTW,30894,357,354.0
2022-03-31,DTW,35285,386,376.0
2022-04-01,DTW,35135,390,373.0
2022-04-02,DTW,28276,331,289.0
2022-04-03,DTW,55,380,361.0
2022-04-10,DTW,19,378,367.0
2022-04-17,DTW,20,379,367.0
2022-04-24,DTW,19,368,362.0
2022-05-01,DTW,30,369,362.0
2022-05-02,DTW,17175,373,372.0
2022-05-03,DTW,14515,348,348.0
2022-05-06,DTW,17769,378,376.0
2022-05-07,DTW,13800,318,311.0
2022-05-08,DTW,33796,371,366.0
2022-05-09,DTW,33226,377,377.0
2022-05-10,DTW,28145,343,342.0
2022-05-11,DTW,31373,356,356.0
2022-05-12,DTW,34544,378,378.0
2022-05-13,DTW,33608,379,372.0
2022-05-14,DTW,27612,320,308.0
2022-05-15,DTW,27,375,367.0
2022-05-16,DTW,32601,377,362.0
2022-05-17,DTW,27854,344,342.0
2022-05-18,DTW,31338,355,355.0
2022-05-19,DTW,34507,379,379.0
2022-05-20,DTW,33143,377,366.0
2022-05-21,DTW,25807,319,291.0
2022-05-22,DTW,52,375,355.0
2022-05-23,DTW,31153,377,366.0
2022-05-24,DTW,26300,347,344.0
2022-05-25,DTW,28365,348,346.0
2022-05-26,DTW,31859,377,372.0
2022-05-27,DTW,32525,378,356.0
2022-05-28,DTW,24707,310,290.0
2022-05-29,DTW,22697,316,305.0
2022-05-30,DTW,27869,369,359.0
2022-05-31,DTW,29314,340,339.0
2022-06-01,DTW,27015,351,341.0
2022-06-02,DTW,30194,376,358.0
2022-06-03,DTW,31346,379,364.0
2022-06-04,DTW,24366,319,312.0
2022-06-05,DTW,18,382,379.0
2022-06-06,DTW,32193,380,375.0
2022-06-07,DTW,28024,358,358.0
2022-06-08,DTW,30441,363,361.0
2022-06-09,DTW,33760,380,375.0
2022-06-10,DTW,34466,381,379.0
2022-06-11,DTW,27251,326,325.0
2022-06-12,DTW,33242,379,372.0
2022-06-13,DTW,33621,379,375.0
2022-06-14,DTW,30793,359,354.0
2022-06-15,DTW,31471,365,362.0
2022-06-16,DTW,33923,380,355.0
2022-06-17,DTW,35535,383,354.0
2022-06-19,DTW,33152,380,359.0
2022-06-20,DTW,35192,379,371.0
2022-06-21,DTW,32878,359,355.0
2022-06-22,DTW,32921,366,348.0
2022-06-23,DTW,35262,382,373.0
2022-06-24,DTW,34614,385,375.0
2022-06-25,DTW,27906,327,313.0
2022-06-26,DTW,32153,381,357.0
2022-06-27,DTW,34819,383,372.0
2022-06-28,DTW,30688,361,359.0
2022-06-29,DTW,30973,368,364.0
2022-06-30,DTW,34322,383,375.0
2022-07-01,DTW,35130,386,379.0
2022-07-03,DTW,23,327,327.0
2022-07-04,DTW,27065,323,322.0
2022-07-05,DTW,29695,354,352.0
2022-07-06,DTW,29515,332,330.0
2022-07-07,DTW,30602,342,340.0
2022-07-08,DTW,30494,347,347.0
2022-07-09,DTW,26416,325,325.0
2022-07-10,DTW,33056,375,374.0
2022-07-11,DTW,32930,373,372.0
2022-07-12,DTW,28887,347,343.0
2022-07-13,DTW,30714,347,345.0
2022-07-14,DTW,32990,373,373.0
2022-07-15,DTW,32919,371,370.0
2022-07-16,DTW,27792,313,312.0
2022-07-17,DTW,34115,364,363.0
2022-07-18,DTW,35785,375,364.0
2022-07-19,DTW,31597,346,344.0
2022-07-20,DTW,31523,347,345.0
2022-07-21,DTW,34367,374,370.0
2022-07-22,DTW,34611,372,371.0
2022-07-23,DTW,26568,310,299.0
2022-07-24,DTW,34171,367,362.0
2022-07-25,DTW,34193,375,368.0
2022-07-26,DTW,30884,348,344.0
2022-07-27,DTW,31852,350,349.0
2022-07-28,DTW,34051,375,370.0
2022-07-29,DTW,34189,372,372.0
2022-07-30,DTW,27699,312,304.0
2022-07-31,DTW,33779,367,359.0
2022-08-01,DTW,34637,375,373.0
2022-08-02,DTW,29992,347,346.0
2022-08-03,DTW,30977,349,325.0
2022-08-04,DTW,34285,371,349.0
2022-08-05,DTW,35055,371,344.0
2022-08-06,DTW,29251,310,299.0
2022-08-07,DTW,33850,361,347.0
2022-08-08,DTW,35523,373,370.0
2022-08-09,DTW,30632,347,345.0
2022-08-10,DTW,31631,349,342.0
2022-08-11,DTW,34503,372,364.0
2022-08-12,DTW,34507,372,369.0
2022-08-13,DTW,27930,310,309.0
2022-08-14,DTW,33651,362,362.0
2022-08-15,DTW,33746,368,367.0
2022-08-16,DTW,29583,339,339.0
2022-08-17,DTW,30491,343,342.0
2022-08-18,DTW,32527,369,367.0
2022-08-19,DTW,32694,367,366.0
2022-08-20,DTW,27042,306,305.0
2022-08-21,DTW,33968,355,350.0
2022-08-22,DTW,33660,369,361.0
2022-08-23,DTW,29502,343,336.0
2022-08-24,DTW,29394,345,341.0
2022-08-25,DTW,32990,370,369.0
2022-08-26,DTW,32526,368,368.0
2022-08-27,DTW,25615,308,308.0
2022-08-28,DTW,32153,356,356.0
2022-08-29,DTW,29735,370,362.0
2022-08-30,DTW,25252,343,334.0
2022-08-31,DTW,28182,345,345.0
2022-09-01,DTW,32632,369,369.0
2022-09-02,DTW,34867,368,368.0
2022-09-03,DTW,24812,291,291.0
2022-09-04,DTW,26115,298,296.0
2022-09-05,DTW,31804,367,367.0
2022-09-06,DTW,28165,323,323.0
2022-09-07,DTW,26736,321,321.0
2022-09-08,DTW,30448,332,332.0
2022-09-09,DTW,31566,335,335.0
2022-09-10,DTW,25120,296,296.0
2022-09-11,DTW,33956,354,353.0
2022-09-12,DTW,32305,361,361.0
2022-09-13,DTW,27027,334,332.0
2022-09-14,DTW,30014,336,335.0
2022-09-15,DTW,35996,359,359.0
2022-09-16,DTW,35892,357,357.0
2022-09-17,DTW,26359,293,293.0
2022-09-18,DTW,35088,352,351.0
2022-09-19,DTW,32487,358,358.0
2022-09-20,DTW,26970,331,331.0
2022-09-21,DTW,28834,333,332.0
2022-09-22,DTW,33678,356,354.0
2022-09-23,DTW,34825,357,357.0
2022-09-24,DTW,25575,292,292.0
2022-09-25,DTW,35545,352,351.0
2022-09-26,DTW,33269,359,357.0
2022-09-27,DTW,26147,334,332.0
2022-09-28,DTW,26372,336,321.0
2022-09-29,DTW,30329,359,342.0
2022-09-30,DTW,32180,363,339.0
2022-10-01,DTW,25245,285,278.0
2022-10-02,DTW,31503,348,341.0
2022-10-03,DTW,29408,351,347.0
2022-10-04,DTW,25929,321,317.0
2022-10-05,DTW,28961,323,323.0
2022-10-06,DTW,34642,352,350.0
2022-10-07,DTW,35015,352,350.0
2022-10-08,DTW,25818,290,288.0
2022-10-09,DTW,32514,344,341.0
2022-10-10,DTW,33670,350,348.0
2022-10-11,DTW,28836,320,320.0
2022-10-12,DTW,29611,325,325.0
2022-10-13,DTW,35611,349,346.0
2022-10-14,DTW,36152,351,348.0
2022-10-15,DTW,27466,289,289.0
2022-10-16,DTW,38033,342,342.0
2022-10-17,DTW,34338,349,348.0
2022-10-18,DTW,29719,320,320.0
2022-10-19,DTW,31916,326,325.0
2022-10-20,DTW,36181,350,350.0
2022-10-21,DTW,35750,352,350.0
2022-10-22,DTW,27184,292,292.0
2022-10-23,DTW,32370,344,342.0
2022-10-24,DTW,30324,349,348.0
2022-10-25,DTW,26825,322,318.0
2022-10-26,DTW,29095,329,328.0
2022-10-27,DTW,33721,350,350.0
2022-10-28,DTW,35478,352,351.0
2022-10-29,DTW,25813,287,287.0
2022-10-30,DTW,31374,301,301.0
2022-10-31,DTW,27756,299,297.0
2022-11-01,DTW,28442,323,323.0
2022-11-02,DTW,29093,328,328.0
2022-11-03,DTW,33478,350,350.0
2022-11-04,DTW,34436,352,351.0
2022-11-05,DTW,26133,294,291.0
2022-11-06,DTW,30889,313,313.0
2022-11-07,DTW,28980,316,316.0
2022-11-08,DTW,25979,303,303.0
2022-11-09,DTW,29028,340,334.0
2022-11-10,DTW,33170,361,350.0
2022-11-11,DTW,34916,363,356.0
2022-11-12,DTW,26361,302,301.0
2022-11-13,DTW,36957,363,363.0
2022-11-14,DTW,29797,362,362.0
2022-11-15,DTW,24891,335,334.0
2022-11-16,DTW,27637,341,341.0
2022-11-17,DTW,33026,359,357.0
2022-11-18,DTW,34079,362,358.0
2022-11-19,DTW,27890,305,301.0
2022-11-20,DTW,33130,362,361.0
2022-11-21,DTW,30266,344,344.0
2022-11-22,DTW,32070,332,332.0
2022-11-23,DTW,35079,355,355.0
2022-11-24,DTW,21172,220,220.0
2022-11-25,DTW,29181,288,288.0
2022-11-26,DTW,32367,353,353.0
2022-11-27,DTW,36525,359,356.0
2022-11-28,DTW,34175,357,357.0
2022-11-29,DTW,28516,323,321.0
2022-11-30,DTW,29166,326,320.0
2022-12-01,DTW,32813,342,340.0
2022-12-02,DTW,32725,344,344.0
2022-12-03,DTW,24732,292,292.0
2022-12-04,DTW,29827,345,345.0
2022-12-05,DTW,29097,341,341.0
2022-12-06,DTW,23669,316,316.0
2022-12-07,DTW,27226,327,327.0
2022-12-08,DTW,31979,343,343.0
2022-12-09,DTW,33059,345,345.0
2022-12-10,DTW,24621,292,292.0
2022-12-11,DTW,29813,345,344.0
2022-12-12,DTW,29576,337,337.0
2022-12-13,DTW,24470,315,313.0
2022-12-14,DTW,29103,319,316.0
2022-12-15,DTW,33953,337,333.0
2022-12-16,DTW,35911,344,339.0
2022-12-17,DTW,31492,291,291.0
2022-12-18,DTW,32312,323,323.0
2022-12-19,DTW,31243,320,320.0
2022-12-20,DTW,30584,320,318.0
2022-12-21,DTW,33697,323,319.0
2022-12-22,DTW,38534,327,299.0
2022-12-23,DTW,22261,327,141.0
2022-12-24,DTW,23873,252,175.0
2022-12-25,DTW,26754,251,206.0
2022-12-26,DTW,34063,317,285.0
2022-12-27,DTW,34217,315,301.0
2022-12-28,DTW,36066,315,307.0
2022-12-29,DTW,36606,314,306.0
2022-12-30,DTW,36206,313,313.0
2022-12-31,DTW,28790,254,254.0
2023-01-01,DTW,29288,255,252.0
2023-01-02,DTW,35261,318,316.0
2023-01-03,DTW,34416,316,309.0
2023-01-04,DTW,30911,314,303.0
2023-01-05,DTW,29987,311,309.0
2023-01-06,DTW,28091,313,312.0
2023-01-07,DTW,25265,301,300.0
2023-01-08,DTW,27564,327,327.0
2023-01-09,DTW,25577,331,331.0
2023-01-10,DTW,22399,316,316.0
2023-01-11,DTW,26802,322,316.0
2023-01-12,DTW,33421,331,328.0
2023-01-13,DTW,34592,334,332.0
2023-01-14,DTW,26600,280,280.0
2023-01-15,DTW,27278,289,289.0
2023-01-16,DTW,31154,334,334.0
2023-01-17,DTW,25880,324,323.0
2023-01-18,DTW,26939,330,328.0
2023-01-19,DTW,31759,338,336.0
2023-01-20,DTW,32735,342,341.0
2023-01-21,DTW,24784,286,286.0
2023-01-22,DTW,27341,335,334.0
2023-01-23,DTW,24886,336,332.0
2023-01-24,DTW,23588,325,325.0
2023-01-25,DTW,24851,330,298.0
2023-01-26,DTW,32321,340,339.0
2023-01-27,DTW,32775,343,342.0
2023-01-28,DTW,24460,288,288.0
2023-01-29,DTW,26842,336,335.0
2023-01-30,DTW,24492,336,335.0
2023-01-31,DTW,22741,324,314.0
2023-02-01,DTW,27827,327,316.0
2023-02-02,DTW,32171,337,335.0
2023-02-03,DTW,32754,340,338.0
2023-02-04,DTW,25141,289,287.0
2023-02-05,DTW,30737,335,335.0
2023-02-06,DTW,27292,329,329.0
2023-02-07,DTW,25470,319,319.0
2023-02-08,DTW,31136,332,332.0
2023-02-09,DTW,33548,337,337.0
2023-02-10,DTW,34796,339,339.0
2023-02-11,DTW,27049,296,296.0
2023-02-12,DTW,28143,298,298.0
2023-02-13,DTW,26412,312,312.0
2023-02-14,DTW,26726,302,302.0
2023-02-15,DTW,32087,331,330.0
2023-02-16,DTW,36647,340,336.0
2023-02-17,DTW,39313,343,341.0
2023-02-18,DTW,32240,295,295.0
2023-02-19,DTW,33704,302,302.0
2023-02-20,DTW,35177,346,346.0
2023-02-21,DTW,30769,334,334.0
2023-02-22,DTW,27117,338,208.0
2023-02-23,DTW,38059,347,320.0
2023-02-24,DTW,41324,349,345.0
2023-02-25,DTW,32248,297,288.0
2023-02-26,DTW,34415,346,344.0
2023-02-27,DTW,29667,346,339.0
2023-02-28,DTW,29112,335,332.0
2023-03-01,DTW,31315,338,338.0
2023-03-02,DTW,36422,346,344.0
2023-03-03,DTW,34861,348,239.0
2023-03-04,DTW,31759,298,252.0
2023-03-05,DTW,34419,345,343.0
2023-03-06,DTW,31032,344,342.0
2023-03-07,DTW,27844,331,331.0
2023-03-08,DTW,31403,335,335.0
2023-03-09,DTW,35349,363,359.0
2023-03-10,DTW,34343,364,355.0
2023-03-11,DTW,28221,318,317.0
2023-03-12,DTW,32169,358,352.0
2023-03-13,DTW,29772,360,354.0
2023-03-14,DTW,27185,351,339.0
2023-03-15,DTW,33096,357,354.0
2023-03-16,DTW,35949,364,359.0
2023-03-17,DTW,36298,367,364.0
2023-03-18,DTW,29765,324,324.0
2023-03-19,DTW,35054,357,355.0
2023-03-20,DTW,30986,362,360.0
2023-03-21,DTW,32103,356,355.0
2023-03-22,DTW,38867,360,360.0
2023-03-23,DTW,42664,367,367.0
2023-03-24,DTW,42875,369,368.0
2023-03-25,DTW,37797,327,322.0
2023-03-26,DTW,39961,362,349.0
2023-03-27,DTW,36580,366,357.0
2023-03-28,DTW,33763,356,352.0
2023-03-29,DTW,33651,360,360.0
2023-03-30,DTW,37033,366,363.0
2023-03-31,DTW,37169,370,350.0
2023-04-01,DTW,31097,325,294.0
2023-04-02,DTW,31189,361,339.0
2023-04-03,DTW,27723,365,362.0
2023-04-04,DTW,25980,356,352.0
2023-04-05,DTW,30808,353,338.0
2023-04-06,DTW,36637,359,353.0
2023-04-07,DTW,34300,362,356.0
2023-04-08,DTW,24353,318,310.0
2023-04-09,DTW,27485,353,351.0
2023-04-10,DTW,33441,356,355.0
2023-04-11,DTW,28845,340,340.0
2023-04-12,DTW,31174,348,343.0
2023-04-13,DTW,34923,357,349.0
2023-04-14,DTW,35277,360,356.0
2023-04-15,DTW,28531,305,302.0
2023-04-16,DTW,33211,354,349.0
2023-04-17,DTW,30739,354,349.0
2023-04-18,DTW,28949,337,337.0
2023-04-19,DTW,33946,344,344.0
2023-04-20,DTW,37874,357,355.0
2023-04-21,DTW,37338,358,356.0
2023-04-22,DTW,29059,303,302.0
2023-04-23,DTW,33357,353,350.0
2023-04-24,DTW,29979,355,355.0
2023-04-25,DTW,28979,340,338.0
2023-04-26,DTW,33871,345,343.0
2023-04-27,DTW,37482,356,356.0
2023-04-28,DTW,38637,358,358.0
2023-04-29,DTW,30810,303,299.0
2023-04-30,DTW,37407,354,346.0
2023-05-01,DTW,34342,354,348.0
2023-05-02,DTW,30495,339,339.0
2023-05-03,DTW,33983,345,344.0
2023-05-04,DTW,37845,356,356.0
2023-05-05,DTW,38330,358,358.0
2023-05-06,DTW,30246,304,303.0
2023-05-07,DTW,36780,355,352.0
2023-05-08,DTW,34018,357,354.0
2023-05-09,DTW,31566,340,338.0
2023-05-10,DTW,35987,345,345.0
2023-05-11,DTW,38925,356,356.0
2023-05-12,DTW,38804,362,362.0
2023-05-13,DTW,29885,303,303.0
2023-05-14,DTW,33595,352,346.0
2023-05-15,DTW,36945,360,360.0
2023-05-16,DTW,31067,341,339.0
2023-05-17,DTW,35710,347,346.0
2023-05-18,DTW,39190,356,356.0
2023-05-19,DTW,39416,363,361.0
2023-05-20,DTW,30753,303,298.0
2023-05-21,DTW,35568,355,352.0
2023-05-22,DTW,34498,361,361.0
2023-05-23,DTW,31183,341,341.0
2023-05-24,DTW,36861,348,347.0
2023-05-25,DTW,40136,357,357.0
2023-05-26,DTW,39064,363,363.0
2023-05-27,DTW,29436,302,302.0
2023-05-28,DTW,28100,303,303.0
2023-05-29,DTW,32704,360,360.0
2023-05-30,DTW,33724,344,344.0
2023-05-31,DTW,30923,350,349.0
2023-06-01,DTW,34324,361,359.0
2023-06-02,DTW,34297,364,363.0
2023-06-03,DTW,27206,306,304.0
2023-06-04,DTW,34982,358,358.0
2023-06-05,DTW,34889,367,366.0
2023-06-06,DTW,30786,344,344.0
2023-06-07,DTW,34181,352,352.0
2023-06-08,DTW,36683,361,361.0
2023-06-09,DTW,37222,367,367.0
2023-06-10,DTW,32345,310,310.0
2023-06-11,DTW,38849,355,353.0
2023-06-12,DTW,38574,363,356.0
2023-06-13,DTW,34858,339,338.0
2023-06-14,DTW,36856,350,348.0
2023-06-15,DTW,39186,361,357.0
2023-06-16,DTW,39229,367,360.0
2023-06-17,DTW,33241,311,304.0
2023-06-18,DTW,37003,355,350.0
2023-06-19,DTW,41374,362,359.0
2023-06-20,DTW,35686,340,337.0
2023-06-21,DTW,37798,352,351.0
2023-06-22,DTW,40930,364,358.0
2023-06-23,DTW,39661,367,365.0
2023-06-24,DTW,32453,309,306.0
2023-06-25,DTW,38550,355,323.0
2023-06-26,DTW,39774,361,324.0
2023-06-27,DTW,36045,342,316.0
2023-06-28,DTW,36588,352,341.0
2023-06-29,DTW,38703,363,360.0
2023-06-30,DTW,42011,366,365.0
2023-07-01,DTW,36437,322,322.0
2023-07-02,DTW,33419,316,312.0
2023-07-03,DTW,31175,301,301.0
2023-07-04,DTW,27612,283,279.0
2023-07-05,DTW,35688,355,354.0
2023-07-06,DTW,35247,334,331.0
2023-07-07,DTW,35553,333,328.0
2023-07-08,DTW,32476,326,324.0
2023-07-09,DTW,37350,361,331.0
2023-07-10,DTW,38002,372,362.0
2023-07-11,DTW,35527,363,363.0
2023-07-12,DTW,34830,365,361.0
2023-07-13,DTW,38675,375,370.0
2023-07-14,DTW,38486,377,361.0
2023-07-15,DTW,32922,340,337.0
2023-07-16,DTW,37654,370,352.0
2023-07-17,DTW,38999,373,368.0
2023-07-18,DTW,35268,363,352.0
2023-07-19,DTW,35551,366,364.0
2023-07-20,DTW,39611,376,366.0
2023-07-21,DTW,39135,378,369.0
2023-07-22,DTW,32774,339,335.0
2023-07-23,DTW,39018,371,368.0
2023-07-24,DTW,38936,374,373.0
2023-07-25,DTW,34803,363,351.0
2023-07-26,DTW,36739,366,360.0
2023-07-27,DTW,41078,377,368.0
2023-07-28,DTW,39812,378,371.0
2023-07-29,DTW,33797,339,330.0
2023-07-30,DTW,38886,371,367.0
2023-07-31,DTW,38119,372,369.0
2023-08-01,DTW,33826,355,353.0
2023-08-02,DTW,35534,358,358.0
2023-08-03,DTW,39845,376,374.0
2023-08-04,DTW,38656,376,372.0
2023-08-05,DTW,33690,319,319.0
2023-08-06,DTW,40236,369,360.0
2023-08-07,DTW,39277,370,345.0
2023-08-08,DTW,34794,356,349.0
2023-08-09,DTW,37270,363,362.0
2023-08-10,DTW,41335,376,373.0
2023-08-11,DTW,40587,377,376.0
2023-08-12,DTW,33903,321,319.0
2023-08-13,DTW,39530,368,367.0
2023-08-14,DTW,37479,370,364.0
2023-08-15,DTW,34935,357,357.0
2023-08-16,DTW,35782,363,361.0
2023-08-17,DTW,39601,375,374.0
2023-08-18,DTW,39549,379,379.0
2023-08-19,DTW,31053,322,321.0
2023-08-20,DTW,38543,369,367.0
2023-08-21,DTW,38976,374,374.0
2023-08-22,DTW,33049,358,357.0
2023-08-23,DTW,33117,363,363.0
2023-08-24,DTW,31742,376,285.0
2023-08-25,DTW,32219,378,372.0
2023-08-26,DTW,30024,318,318.0
2023-08-27,DTW,36029,368,366.0
2023-08-28,DTW,34334,369,368.0
2023-08-29,DTW,27529,355,350.0
2023-08-30,DTW,29212,358,348.0
2023-08-31,DTW,38226,375,372.0
2023-09-01,DTW,39788,377,377.0
2023-09-02,DTW,29302,306,306.0
2023-09-03,DTW,28277,302,301.0
2023-09-04,DTW,35848,373,372.0
2023-09-05,DTW,33545,325,325.0
2023-09-06,DTW,30707,328,328.0
2023-09-07,DTW,34486,347,334.0
2023-09-08,DTW,34992,351,329.0
2023-09-09,DTW,28716,324,302.0
2023-09-10,DTW,40140,390,371.0
2023-09-11,DTW,35689,387,378.0
2023-09-12,DTW,29676,355,350.0
2023-09-13,DTW,31686,359,359.0
2023-09-14,DTW,40200,388,387.0
2023-09-15,DTW,39639,389,389.0
2023-09-16,DTW,28436,327,326.0
2023-09-17,DTW,40652,388,388.0
2023-09-18,DTW,39506,388,387.0
2023-09-19,DTW,29924,355,355.0
2023-09-20,DTW,32625,359,359.0
2023-09-21,DTW,39124,389,385.0
2023-09-22,DTW,38709,387,383.0
2023-09-23,DTW,30050,330,328.0
2023-09-24,DTW,42087,386,386.0
2023-09-25,DTW,39756,387,384.0
2023-09-26,DTW,30438,355,353.0
2023-09-27,DTW,32529,360,360.0
2023-09-28,DTW,40567,389,389.0
2023-09-29,DTW,31514,386,377.0
2023-09-30,DTW,29925,332,332.0
2023-10-01,DTW,37436,382,382.0
2023-10-02,DTW,34430,380,380.0
2023-10-03,DTW,28294,348,348.0
2023-10-04,DTW,32152,353,352.0
2023-10-05,DTW,40971,389,389.0
2023-10-06,DTW,40523,385,385.0
2023-10-07,DTW,29409,320,320.0
2023-10-08,DTW,37246,384,384.0
2023-10-09,DTW,38010,383,382.0
2023-10-10,DTW,32267,356,356.0
2023-10-11,DTW,35979,361,361.0
2023-10-12,DTW,43251,387,387.0
2023-10-13,DTW,43096,383,380.0
2023-10-14,DTW,33995,322,320.0
2023-10-15,DTW,43773,384,384.0
2023-10-16,DTW,39857,385,384.0
2023-10-17,DTW,31935,356,356.0
2023-10-18,DTW,34941,362,362.0
2023-10-19,DTW,41815,388,387.0
2023-10-20,DTW,40966,387,384.0
2023-10-21,DTW,30609,322,320.0
2023-10-22,DTW,39789,387,383.0
2023-10-23,DTW,36295,381,380.0
2023-10-24,DTW,30240,356,355.0
2023-10-25,DTW,33390,361,361.0
2023-10-26,DTW,40811,386,386.0
2023-10-27,DTW,28570,385,384.0
2023-10-28,DTW,27839,311,311.0
2023-10-29,DTW,31796,324,323.0
2023-10-30,DTW,28409,315,315.0
2023-10-31,DTW,25858,290,290.0
2023-11-01,DTW,34758,318,318.0
2023-11-02,DTW,37330,345,345.0
2023-11-03,DTW,37897,345,345.0
2023-11-04,DTW,30237,317,317.0
2023-11-05,DTW,42404,358,358.0
2023-11-06,DTW,36939,374,374.0
2023-11-07,DTW,29623,345,345.0
2023-11-08,DTW,33384,350,350.0
2023-11-09,DTW,41188,376,376.0
2023-11-10,DTW,40168,374,374.0
2023-11-11,DTW,29776,316,316.0
2023-11-12,DTW,33702,375,375.0
2023-11-13,DTW,33935,375,375.0
2023-11-14,DTW,27527,352,352.0
2023-11-15,DTW,30629,354,353.0
2023-11-16,DTW,35940,371,371.0
2023-11-17,DTW,30787,373,373.0
2023-11-18,DTW,30896,314,314.0
2023-11-19,DTW,31443,368,368.0
2023-11-20,DTW,32805,349,349.0
2023-11-21,DTW,37849,347,347.0
2023-11-22,DTW,41917,369,369.0
2023-11-23,DTW,22638,217,217.0
2023-11-24,DTW,33261,286,286.0
2023-11-25,DTW,40412,366,366.0
2023-11-26,DTW,45353,370,370.0
2023-11-27,DTW,42185,369,369.0
2023-11-28,DTW,34375,304,304.0
2023-11-29,DTW,31386,308,308.0
2023-11-30,DTW,36168,335,334.0
2023-12-01,DTW,36048,334,334.0
2023-12-02,DTW,22981,301,301.0
2023-12-03,DTW,32262,328,328.0
2023-12-04,DTW,30471,329,329.0
2023-12-05,DTW,26668,310,310.0
2023-12-06,DTW,29691,314,314.0
2023-12-07,DTW,35367,361,361.0
2023-12-08,DTW,36443,361,361.0
2023-12-09,DTW,27067,302,302.0
2023-12-10,DTW,30738,358,357.0
2023-12-11,DTW,30235,359,357.0
2023-12-12,DTW,27733,339,339.0
2023-12-13,DTW,31194,342,342.0
2023-12-14,DTW,36668,358,358.0
2023-12-15,DTW,38967,357,357.0
2023-12-16,DTW,32284,303,303.0
2023-12-17,DTW,34925,320,319.0
2023-12-18,DTW,33522,320,318.0
2023-12-19,DTW,32754,317,317.0
2023-12-20,DTW,35835,318,318.0
2023-12-21,DTW,38076,328,328.0
2023-12-22,DTW,41310,330,328.0
2023-12-23,DTW,39305,322,320.0
2023-12-24,DTW,30560,256,252.0
2023-12-25,DTW,31783,252,251.0
2023-12-26,DTW,42014,322,321.0
2023-12-27,DTW,41204,321,321.0
2023-12-28,DTW,40829,322,322.0
2023-12-29,DTW,39800,321,321.0
2023-12-30,DTW,38735,318,318.0
2023-12-31,DTW,30751,259,259.0
2024-01-01,DTW,31593,262,262.0
2024-01-02,DTW,36339,316,316.0
2024-01-03,DTW,34623,303,303.0
2024-01-04,DTW,30692,305,305.0
2024-01-05,DTW,29969,306,306.0
2024-01-06,DTW,29820,294,291.0
2024-01-07,DTW,32383,312,310.0
2024-01-08,DTW,28424,314,314.0
2024-01-09,DTW,23528,297,289.0
2024-01-10,DTW,27965,297,294.0
2024-01-11,DTW,32856,316,310.0
2024-01-12,DTW,35297,320,204.0
2024-01-13,DTW,27270,270,223.0
2024-01-14,DTW,28070,283,269.0
2024-01-15,DTW,33686,326,292.0
2024-01-16,DTW,28412,295,277.0
2024-01-17,DTW,27656,307,296.0
2024-01-18,DTW,32715,329,322.0
2024-01-19,DTW,32546,333,327.0
2024-01-20,DTW,26033,275,273.0
2024-01-21,DTW,30002,328,326.0
2024-01-22,DTW,33426,326,317.0
2024-01-23,DTW,22872,293,285.0
2024-01-24,DTW,27479,306,293.0
2024-01-25,DTW,34305,330,321.0
2024-01-26,DTW,35193,333,329.0
2024-01-27,DTW,26454,276,275.0
2024-01-28,DTW,29301,328,328.0
2024-01-29,DTW,27917,316,315.0
2024-01-30,DTW,22681,284,284.0
2024-01-31,DTW,27602,293,293.0
2024-02-01,DTW,34157,319,319.0
2024-02-02,DTW,34661,321,321.0
2024-02-03,DTW,26571,272,272.0
2024-02-04,DTW,31071,320,319.0
2024-02-05,DTW,29524,319,319.0
2024-02-06,DTW,24548,284,284.0
2024-02-07,DTW,28189,295,295.0
2024-02-08,DTW,34921,320,320.0
2024-02-09,DTW,35111,320,320.0
2024-02-10,DTW,28110,275,275.0
2024-02-11,DTW,29368,287,287.0
2024-02-12,DTW,30943,300,298.0
2024-02-13,DTW,25430,259,248.0
2024-02-14,DTW,31891,281,281.0
2024-02-15,DTW,39503,339,339.0
2024-02-16,DTW,40231,339,339.0
2024-02-17,DTW,35611,292,292.0
2024-02-18,DTW,35468,301,301.0
2024-02-19,DTW,38482,342,342.0
2024-02-20,DTW,32227,323,323.0
2024-02-21,DTW,34557,330,330.0
2024-02-22,DTW,40593,342,342.0
2024-02-23,DTW,34808,342,342.0
2024-02-24,DTW,36966,299,299.0
2024-02-25,DTW,38514,342,342.0
2024-02-26,DTW,38285,339,339.0
2024-02-27,DTW,30414,321,321.0
2024-02-28,DTW,32642,330,328.0
2024-02-29,DTW,37810,344,344.0
2024-03-01,DTW,38769,342,342.0
2024-03-02,DTW,31899,293,293.0
2024-03-03,DTW,34083,342,339.0
2024-03-04,DTW,32287,338,338.0
2024-03-05,DTW,28634,320,320.0
2024-03-06,DTW,32831,325,325.0
2024-03-07,DTW,36521,339,339.0
2024-03-08,DTW,36668,337,335.0
2024-03-09,DTW,30920,293,287.0
2024-03-10,DTW,35816,361,359.0
2024-03-11,DTW,32309,362,361.0
2024-03-12,DTW,28553,347,347.0
2024-03-13,DTW,32768,353,353.0
2024-03-14,DTW,36979,366,364.0
2024-03-15,DTW,37635,365,365.0
2024-03-16,DTW,31716,310,310.0
2024-03-17,DTW,33832,363,362.0
2024-03-18,DTW,33771,362,362.0
2024-03-19,DTW,34476,347,347.0
2024-03-20,DTW,40803,353,353.0
2024-03-21,DTW,45837,374,374.0
2024-03-22,DTW,46817,372,372.0
2024-03-23,DTW,43923,314,312.0
2024-03-24,DTW,43355,369,367.0
2024-03-25,DTW,41947,370,369.0
2024-03-26,DTW,36693,354,354.0
2024-03-27,DTW,37839,359,354.0
2024-03-28,DTW,41735,374,374.0
2024-03-29,DTW,37188,372,372.0
2024-03-30,DTW,29839,314,314.0
2024-03-31,DTW,30219,370,370.0
2024-04-01,DTW,35678,374,373.0
2024-04-02,DTW,29713,356,354.0
2024-04-03,DTW,30334,361,338.0
2024-04-04,DTW,36698,374,366.0
2024-04-05,DTW,36622,373,373.0
2024-04-06,DTW,30011,317,317.0
2024-04-07,DTW,32928,372,371.0
2024-04-08,DTW,30846,373,373.0
2024-04-09,DTW,33326,359,359.0
2024-04-10,DTW,34347,356,356.0
2024-04-11,DTW,38537,367,364.0
2024-04-12,DTW,38542,369,369.0
2024-04-13,DTW,30564,309,309.0
2024-04-14,DTW,33605,366,366.0
2024-04-15,DTW,33658,371,371.0
2024-04-16,DTW,30656,346,346.0
2024-04-17,DTW,35956,357,356.0
2024-04-18,DTW,40169,371,371.0
2024-04-19,DTW,39987,373,373.0
2024-04-20,DTW,29906,310,308.0
2024-04-21,DTW,35038,368,366.0
2024-04-22,DTW,33557,376,376.0
2024-04-23,DTW,30240,350,350.0
2024-04-24,DTW,35093,360,360.0
2024-04-25,DTW,40855,373,371.0
2024-04-26,DTW,42332,377,377.0
2024-04-27,DTW,33980,314,314.0
2024-04-28,DTW,39371,372,371.0
2024-04-29,DTW,36063,376,376.0
2024-04-30,DTW,31645,350,350.0
2024-05-01,DTW,37954,361,361.0
2024-05-02,DTW,43133,374,374.0
2024-05-03,DTW,41911,377,377.0
2024-05-04,DTW,34251,314,314.0
2024-05-05,DTW,41746,374,374.0
2024-05-06,DTW,40267,377,374.0
2024-05-07,DTW,34063,351,348.0
2024-05-08,DTW,38239,366,365.0
2024-05-09,DTW,41217,376,375.0
2024-05-10,DTW,40153,378,376.0
2024-05-11,DTW,32034,318,318.0
2024-05-12,DTW,36053,375,373.0
2024-05-13,DTW,38881,378,377.0
2024-05-14,DTW,34033,355,355.0
2024-05-15,DTW,38067,364,359.0
2024-05-16,DTW,42639,378,376.0
2024-05-17,DTW,43170,382,382.0
2024-05-18,DTW,33700,320,318.0
2024-05-19,DTW,38467,379,379.0
2024-05-20,DTW,37390,384,383.0
2024-05-21,DTW,31878,358,358.0
2024-05-22,DTW,36478,368,365.0
2024-05-23,DTW,41047,382,382.0
2024-05-24,DTW,42772,385,385.0
2024-05-25,DTW,31910,319,316.0
2024-05-26,DTW,28010,319,317.0
2024-05-27,DTW,35655,382,376.0
2024-05-28,DTW,36962,363,357.0
2024-05-29,DTW,32981,370,368.0
2024-05-30,DTW,36312,382,375.0
2024-05-31,DTW,37249,385,382.0
2024-06-01,DTW,30472,322,319.0
2024-06-02,DTW,37825,382,382.0
2024-06-03,DTW,38072,385,385.0
2024-06-04,DTW,32172,363,362.0
2024-06-05,DTW,34310,369,357.0
2024-06-06,DTW,39537,383,382.0
2024-06-07,DTW,33082,404,402.0
2024-06-08,DTW,34436,344,343.0
2024-06-09,DTW,41831,404,404.0
2024-06-10,DTW,41207,402,402.0
2024-06-11,DTW,36458,377,375.0
2024-06-12,DTW,38605,379,375.0
2024-06-13,DTW,41183,399,393.0
2024-06-14,DTW,41476,401,397.0
2024-06-15,DTW,35600,341,341.0
2024-06-16,DTW,41256,402,400.0
2024-06-17,DTW,40980,399,397.0
2024-06-18,DTW,38203,374,374.0
2024-06-19,DTW,39298,376,376.0
2024-06-20,DTW,41259,400,398.0
2024-06-21,DTW,40392,402,399.0
2024-06-22,DTW,35659,342,335.0
2024-06-23,DTW,44076,402,398.0
2024-06-24,DTW,43932,401,399.0
2024-06-25,DTW,38730,374,374.0
2024-06-26,DTW,40004,376,374.0
2024-06-27,DTW,43701,401,397.0
2024-06-28,DTW,42257,402,402.0
2024-06-29,DTW,36975,344,344.0
2024-06-30,DTW,40573,358,349.0
2024-07-01,DTW,36607,351,344.0
2024-07-02,DTW,34114,341,340.0
2024-07-03,DTW,39000,376,376.0
2024-07-04,DTW,30268,296,296.0
2024-07-05,DTW,31356,316,314.0
2024-07-06,DTW,35025,343,343.0
2024-07-07,DTW,43621,404,398.0
2024-07-08,DTW,42077,405,397.0
2024-07-09,DTW,37909,376,376.0
2024-07-10,DTW,37123,383,382.0
2024-07-11,DTW,41106,406,405.0
2024-07-12,DTW,38795,406,403.0
2024-07-13,DTW,33759,340,340.0
2024-07-14,DTW,43355,410,408.0
2024-07-15,DTW,41248,403,398.0
2024-07-16,DTW,37917,378,372.0
2024-07-17,DTW,37897,379,358.0
2024-07-18,DTW,44175,406,386.0
2024-07-19,DTW,36541,406,298.0
2024-07-20,DTW,34498,340,255.0
2024-07-21,DTW,42004,409,321.0
2024-07-22,DTW,41035,403,333.0
2024-07-23,DTW,38850,378,347.0
2024-07-24,DTW,40423,380,372.0
2024-07-25,DTW,42922,405,402.0
2024-07-26,DTW,41054,404,404.0
2024-07-27,DTW,33944,340,340.0
2024-07-28,DTW,42229,408,408.0
2024-07-29,DTW,40991,403,402.0
2024-07-30,DTW,36167,377,375.0
2024-07-31,DTW,38512,379,375.0
2024-08-01,DTW,43424,407,406.0
2024-08-02,DTW,42416,405,393.0
2024-08-03,DTW,36699,339,318.0
2024-08-04,DTW,42890,407,368.0
2024-08-05,DTW,41003,400,375.0
2024-08-06,DTW,37297,372,348.0
2024-08-07,DTW,39315,376,370.0
2024-08-08,DTW,42371,405,403.0
2024-08-09,DTW,40943,405,395.0
2024-08-10,DTW,36186,334,334.0
2024-08-11,DTW,43580,408,408.0
2024-08-12,DTW,40432,397,397.0
2024-08-13,DTW,35011,368,368.0
2024-08-14,DTW,36339,377,377.0
2024-08-15,DTW,42102,406,406.0
2024-08-16,DTW,40806,408,408.0
2024-08-17,DTW,34854,338,338.0
2024-08-18,DTW,43199,410,393.0
2024-08-19,DTW,44720,410,401.0
2024-08-20,DTW,35520,375,374.0
2024-08-21,DTW,35147,380,380.0
2024-08-22,DTW,40794,410,409.0
2024-08-23,DTW,38376,412,412.0
2024-08-24,DTW,31131,341,341.0
2024-08-25,DTW,40335,411,411.0
2024-08-26,DTW,37417,357,357.0
2024-08-27,DTW,29898,336,336.0
2024-08-28,DTW,31861,339,338.0
2024-08-29,DTW,40437,391,384.0
2024-08-30,DTW,41467,396,395.0
2024-08-31,DTW,28819,314,312.0
2024-09-01,DTW,31063,318,316.0
2024-09-02,DTW,37789,384,381.0
2024-09-03,DTW,33896,337,337.0
2024-09-04,DTW,27702,314,314.0
2024-09-05,DTW,32492,352,351.0
2024-09-06,DTW,33220,359,359.0
2024-09-07,DTW,28153,309,309.0
2024-09-08,DTW,47592,418,418.0
2024-09-09,DTW,41277,405,405.0
2024-09-10,DTW,29492,359,359.0
2024-09-11,DTW,29154,358,358.0
2024-09-12,DTW,38768,408,408.0
2024-09-13,DTW,37020,407,407.0
2024-09-14,DTW,28293,316,316.0
2024-09-15,DTW,42266,408,408.0
2024-09-16,DTW,39489,403,403.0
2024-09-17,DTW,29688,357,356.0
2024-09-18,DTW,32089,358,358.0
2024-09-19,DTW,41424,407,407.0
2024-09-20,DTW,41396,406,406.0
2024-09-21,DTW,30069,317,317.0
2024-09-22,DTW,46059,409,409.0
2024-09-23,DTW,38993,405,405.0
2024-09-24,DTW,29741,357,356.0
2024-09-25,DTW,32119,358,358.0
2024-09-26,DTW,38093,406,392.0
2024-09-27,DTW,38341,405,396.0
2024-09-28,DTW,28462,317,317.0
2024-09-29,DTW,42794,406,406.0
2024-09-30,DTW,36461,402,402.0
2024-10-01,DTW,31527,354,354.0
2024-10-02,DTW,30174,354,354.0
2024-10-03,DTW,39537,406,406.0
2024-10-04,DTW,39163,405,404.0
2024-10-05,DTW,28850,313,313.0
2024-10-06,DTW,37450,402,402.0
2024-10-07,DTW,35146,411,410.0
2024-10-08,DTW,27513,371,365.0
2024-10-09,DTW,31381,385,366.0
2024-10-10,DTW,41615,412,389.0
2024-10-11,DTW,46017,416,414.0
2024-10-12,DTW,32338,334,333.0
2024-10-13,DTW,38500,412,412.0
2024-10-14,DTW,39236,411,411.0
2024-10-15,DTW,33386,376,376.0
2024-10-16,DTW,34070,383,383.0
2024-10-17,DTW,41825,410,410.0
2024-10-18,DTW,42316,415,414.0
2024-10-19,DTW,31371,334,334.0
2024-10-20,DTW,41003,411,411.0
2024-10-21,DTW,40453,409,409.0
2024-10-22,DTW,30329,376,376.0
2024-10-23,DTW,33819,384,384.0
2024-10-24,DTW,40628,410,409.0
2024-10-25,DTW,39788,413,413.0
2024-10-26,DTW,28834,330,330.0
2024-10-27,DTW,38953,362,362.0
2024-10-28,DTW,35971,364,364.0
2024-10-29,DTW,26996,334,334.0
2024-10-30,DTW,28955,339,339.0
2024-10-31,DTW,30223,295,295.0
2024-11-01,DTW,38582,365,365.0
2024-11-02,DTW,28970,325,325.0
2024-11-03,DTW,41242,365,365.0
2024-11-04,DTW,34008,357,355.0
2024-11-05,DTW,27103,284,284.0
2024-11-06,DTW,31578,335,335.0
2024-11-07,DTW,38378,363,362.0
2024-11-08,DTW,38999,364,362.0
2024-11-09,DTW,28875,314,314.0
2024-11-10,DTW,33611,368,368.0
2024-11-11,DTW,34684,400,399.0
2024-11-12,DTW,28663,366,366.0
2024-11-13,DTW,29646,367,367.0
2024-11-14,DTW,36970,395,395.0
2024-11-15,DTW,37671,399,398.0
2024-11-16,DTW,25783,322,322.0
2024-11-17,DTW,32845,402,402.0
2024-11-18,DTW,33340,405,405.0
2024-11-19,DTW,25773,370,369.0
2024-11-20,DTW,28445,372,372.0
2024-11-21,DTW,35775,408,406.0
2024-11-22,DTW,38482,407,406.0
2024-11-23,DTW,31149,374,374.0
2024-11-24,DTW,34388,409,409.0
2024-11-25,DTW,31648,404,404.0
2024-11-26,DTW,39118,405,405.0
2024-11-27,DTW,40047,409,409.0
2024-11-28,DTW,22365,223,223.0
2024-11-29,DTW,33865,305,305.0
2024-11-30,DTW,40818,404,404.0
2024-12-01,DTW,46419,411,410.0
2024-12-02,DTW,43451,408,404.0
2024-12-03,DTW,35440,366,366.0
2024-12-04,DTW,31236,354,349.0
2024-12-05,DTW,37067,378,374.0
2024-12-06,DTW,39118,383,383.0
2024-12-07,DTW,28122,310,310.0
2024-12-08,DTW,34404,381,381.0
2024-12-09,DTW,32807,389,389.0
2024-12-10,DTW,26941,354,354.0
2024-12-11,DTW,30006,359,357.0
2024-12-12,DTW,38040,389,387.0
2024-12-13,DTW,39292,396,395.0
2024-12-14,DTW,30162,313,312.0
2024-12-15,DTW,33685,390,383.0
2024-12-16,DTW,37614,390,387.0
2024-12-17,DTW,30062,362,361.0
2024-12-18,DTW,36150,381,379.0
2024-12-19,DTW,37548,356,354.0
2024-12-20,DTW,40124,356,350.0
2024-12-21,DTW,39949,346,344.0
2024-12-22,DTW,39228,353,352.0
2024-12-23,DTW,39486,356,356.0
2024-12-24,DTW,30626,282,282.0
2024-12-25,DTW,32631,288,287.0
2024-12-26,DTW,44243,355,351.0
2024-12-27,DTW,43026,354,351.0
2024-12-28,DTW,41722,344,344.0
2024-12-29,DTW,42262,352,351.0
2024-12-30,DTW,40869,354,353.0
2024-12-31,DTW,29789,288,288.0
2025-01-01,DTW,30656,277,277.0
2025-01-02,DTW,33671,319,319.0
2025-01-03,DTW,32232,317,317.0
2025-01-04,DTW,31027,309,307.0
2025-01-05,DTW,31914,317,303.0
2025-01-06,DTW,31497,312,298.0
2025-01-07,DTW,25871,288,286.0
2025-01-08,DTW,25773,297,295.0
2025-01-09,DTW,28653,304,293.0
2025-01-10,DTW,29334,306,282.0
2025-01-11,DTW,26098,259,243.0
2025-01-12,DTW,29493,301,297.0
2025-01-13,DTW,28398,304,302.0
2025-01-14,DTW,23526,275,275.0
2025-01-15,DTW,25843,284,284.0
2025-01-16,DTW,34347,314,313.0
2025-01-17,DTW,37952,314,314.0
2025-01-18,DTW,27770,256,256.0
2025-01-19,DTW,31243,265,259.0
2025-01-20,DTW,35470,316,311.0
2025-01-21,DTW,25781,289,278.0
2025-01-22,DTW,26611,296,289.0
2025-01-23,DTW,31576,319,314.0
2025-01-24,DTW,33656,320,320.0
2025-01-25,DTW,25231,264,264.0
2025-01-26,DTW,28869,314,314.0
2025-01-27,DTW,27578,309,307.0
2025-01-28,DTW,23953,284,284.0
2025-01-29,DTW,27739,293,292.0
2025-01-30,DTW,32840,316,310.0
2025-01-31,DTW,33897,315,313.0
2025-02-01,DTW,27640,265,264.0
2025-02-02,DTW,30699,310,308.0
2025-02-03,DTW,28838,309,308.0
2025-02-04,DTW,23969,282,282.0
2025-02-05,DTW,27555,292,291.0
2025-02-06,DTW,32567,317,308.0
2025-02-07,DTW,35115,316,315.0
2025-02-08,DTW,26736,261,260.0
2025-02-09,DTW,28974,274,274.0
2025-02-10,DTW,31899,307,306.0
2025-02-11,DTW,26282,278,276.0
2025-02-12,DTW,33626,303,297.0
2025-02-13,DTW,39809,331,319.0
2025-02-14,DTW,44711,334,333.0
2025-02-15,DTW,35756,292,289.0
2025-02-16,DTW,33338,287,271.0
2025-02-17,DTW,38882,329,322.0
2025-02-18,DTW,32471,305,304.0
2025-02-19,DTW,32668,309,303.0
2025-02-20,DTW,38141,330,327.0
2025-02-21,DTW,38200,332,331.0
2025-02-22,DTW,32897,293,292.0
2025-02-23,DTW,33962,325,325.0
2025-02-24,DTW,32460,324,324.0
2025-02-25,DTW,27098,303,303.0
2025-02-26,DTW,32775,309,308.0
2025-02-27,DTW,41724,331,331.0
2025-02-28,DTW,46064,332,332.0
2025-03-01,DTW,40827,295,295.0
2025-03-02,DTW,38890,326,324.0
2025-03-03,DTW,34197,325,324.0
2025-03-04,DTW,28218,301,297.0
2025-03-05,DTW,32376,313,309.0
2025-03-06,DTW,37023,326,326.0
2025-03-07,DTW,37825,325,324.0
2025-03-08,DTW,31807,287,287.0
2025-03-09,DTW,33857,341,341.0
2025-03-10,DTW,31461,345,345.0
2025-03-11,DTW,27564,332,332.0
2025-03-12,DTW,30896,335,335.0
2025-03-13,DTW,37619,347,347.0
2025-03-14,DTW,37223,344,342.0
2025-03-15,DTW,29752,300,300.0
2025-03-16,DTW,33620,343,336.0
2025-03-17,DTW,33294,343,341.0
2025-03-18,DTW,32348,329,329.0
2025-03-19,DTW,39517,343,334.0
2025-03-20,DTW,48785,360,359.0
2025-03-21,DTW,49638,355,355.0
2025-03-22,DTW,47261,315,315.0
2025-03-23,DTW,47715,356,353.0
2025-03-24,DTW,44402,356,354.0
2025-03-25,DTW,37320,341,340.0
2025-03-26,DTW,37239,344,343.0
2025-03-27,DTW,41805,360,360.0
2025-03-28,DTW,42592,357,352.0
2025-03-29,DTW,37046,317,312.0
2025-03-30,DTW,35136,354,339.0
2025-03-31,DTW,33227,354,332.0
2025-04-01,DTW,30543,339,335.0
2025-04-02,DTW,32626,341,323.0
2025-04-03,DTW,42882,353,338.0
2025-04-04,DTW,41613,348,343.0
2025-04-05,DTW,34096,305,302.0
2025-04-06,DTW,35888,349,346.0
2025-04-07,DTW,32574,347,346.0
2025-04-08,DTW,28762,331,331.0
2025-04-09,DTW,32751,317,317.0
2025-04-10,DTW,41113,337,337.0
2025-04-11,DTW,39363,337,336.0
2025-04-12,DTW,28114,285,285.0
2025-04-13,DTW,32451,339,339.0
2025-04-14,DTW,31219,353,352.0
2025-04-15,DTW,30086,328,328.0
2025-04-16,DTW,34538,330,329.0
2025-04-17,DTW,42649,353,353.0
2025-04-18,DTW,39054,355,355.0
2025-04-19,DTW,26525,298,298.0
2025-04-20,DTW,32443,353,351.0
2025-04-21,DTW,39464,352,352.0
2025-04-22,DTW,32178,326,326.0
2025-04-23,DTW,33479,327,327.0
2025-04-24,DTW,33740,351,350.0
2025-04-25,DTW,40282,354,354.0
2025-04-26,DTW,29815,296,296.0
2025-04-27,DTW,37020,351,350.0
2025-04-28,DTW,35020,351,348.0
2025-04-29,DTW,28208,325,325.0
2025-04-30,DTW,33124,327,324.0
2025-05-01,DTW,44410,352,352.0
2025-05-02,DTW,42217,355,353.0
2025-05-03,DTW,33476,296,294.0
2025-05-04,DTW,44322,354,351.0
2025-05-05,DTW,41128,353,352.0
2025-05-06,DTW,31707,319,313.0
2025-05-07,DTW,34933,328,328.0
2025-05-08,DTW,42129,359,359.0
2025-05-09,DTW,40693,365,365.0
2025-05-10,DTW,30070,294,294.0
2025-05-11,DTW,36167,361,361.0
2025-05-12,DTW,40078,363,363.0
2025-05-13,DTW,32882,322,322.0
2025-05-14,DTW,37038,324,322.0
2025-05-15,DTW,47098,361,359.0
2025-05-16,DTW,43380,365,358.0
2025-05-17,DTW,32707,294,292.0
2025-05-18,DTW,39467,362,362.0
2025-05-19,DTW,38583,363,363.0
2025-05-20,DTW,30537,322,321.0
2025-05-21,DTW,33929,324,323.0
2025-05-22,DTW,44094,364,363.0
2025-05-23,DTW,45328,371,371.0
2025-05-24,DTW,29713,299,299.0
2025-05-25,DTW,30184,308,308.0
2025-05-26,DTW,36894,373,373.0
2025-05-27,DTW,35374,328,327.0
2025-05-28,DTW,31215,333,333.0
2025-05-29,DTW,37213,368,368.0
2025-05-30,DTW,36329,371,370.0
2025-05-31,DTW,27997,303,301.0
2025-06-01,DTW,37649,365,365.0
2025-06-02,DTW,36695,370,370.0
2025-06-03,DTW,28261,327,326.0
2025-06-04,DTW,32189,330,330.0
2025-06-05,DTW,41061,367,367.0
2025-06-06,DTW,39890,369,369.0
2025-06-07,DTW,31564,299,297.0
2025-06-08,DTW,41716,373,367.0
2025-06-09,DTW,43453,376,376.0
2025-06-10,DTW,33499,336,336.0
2025-06-11,DTW,36056,339,338.0
2025-06-12,DTW,45088,383,381.0
2025-06-13,DTW,43623,388,386.0
2025-06-14,DTW,35428,324,322.0
2025-06-15,DTW,42578,380,374.0
2025-06-16,DTW,44024,390,388.0
2025-06-17,DTW,36425,352,352.0
2025-06-18,DTW,39946,355,340.0
2025-06-19,DTW,46727,381,372.0
2025-06-20,DTW,43679,388,384.0
2025-06-21,DTW,34707,323,320.0
2025-06-22,DTW,47734,384,382.0
2025-06-23,DTW,45490,387,387.0
2025-06-24,DTW,36162,351,351.0
2025-06-25,DTW,37800,354,352.0
2025-06-26,DTW,44244,382,375.0
2025-06-27,DTW,43604,388,374.0
2025-06-28,DTW,36324,326,300.0
2025-06-29,DTW,43230,338,333.0
2025-06-30,DTW,40686,345,336.0
2025-07-01,DTW,32713,312,299.0
2025-07-02,DTW,36264,316,315.0
2025-07-03,DTW,41939,338,334.0
2025-07-04,DTW,29483,279,279.0
2025-07-05,DTW,31824,298,298.0
2025-07-06,DTW,46451,380,379.0
2025-07-07,DTW,45731,391,387.0
2025-07-08,DTW,37718,357,348.0
2025-07-09,DTW,37475,359,352.0
2025-07-10,DTW,43581,390,385.0
2025-07-11,DTW,41079,393,391.0
2025-07-12,DTW,34656,330,314.0
2025-07-13,DTW,46588,388,374.0
2025-07-14,DTW,44507,393,364.0
2025-07-15,DTW,37536,356,346.0
2025-07-16,DTW,37364,359,346.0
2025-07-17,DTW,46283,390,387.0
2025-07-18,DTW,43288,394,392.0
2025-07-19,DTW,34687,330,329.0
2025-07-20,DTW,45592,389,387.0
2025-07-21,DTW,44713,393,390.0
2025-07-22,DTW,36065,356,356.0
2025-07-23,DTW,37529,358,358.0
2025-07-24,DTW,44804,390,387.0
2025-07-25,DTW,43567,394,387.0
2025-07-26,DTW,36193,329,324.0
2025-07-27,DTW,46455,389,381.0
2025-07-28,DTW,44761,393,350.0
2025-07-29,DTW,39540,356,355.0
2025-07-30,DTW,39006,358,357.0
2025-07-31,DTW,45532,390,375.0
2025-08-01,DTW,46627,396,383.0
2025-08-02,DTW,37685,328,320.0
2025-08-03,DTW,46486,389,381.0
2025-08-04,DTW,44536,387,387.0
2025-08-05,DTW,35596,348,348.0
2025-08-06,DTW,36986,347,347.0
2025-08-07,DTW,45576,381,380.0
2025-08-08,DTW,44637,385,385.0
2025-08-09,DTW,37214,316,316.0
2025-08-10,DTW,48351,382,382.0
2025-08-11,DTW,43715,376,376.0
2025-08-12,DTW,33435,333,328.0
2025-08-13,DTW,36287,340,334.0
2025-08-14,DTW,43721,374,372.0
2025-08-15,DTW,43239,372,370.0
2025-08-16,DTW,35825,317,317.0
2025-08-17,DTW,48304,374,370.0
2025-08-18,DTW,44912,372,364.0
2025-08-19,DTW,35218,336,334.0
2025-08-20,DTW,35496,335,334.0
2025-08-21,DTW,41945,374,374.0
2025-08-22,DTW,41526,375,375.0
2025-08-23,DTW,31109,314,314.0
2025-08-24,DTW,43879,374,374.0
2025-08-25,DTW,38980,350,350.0
2025-08-26,DTW,28775,312,312.0
2025-08-27,DTW,31297,313,313.0
2025-08-28,DTW,42933,348,346.0
2025-08-29,DTW,45265,352,352.0
2025-08-30,DTW,29690,304,304.0
2025-08-31,DTW,33380,312,311.0
2025-09-01,DTW,41900,344,344.0
2025-09-02,DTW,34503,302,301.0
2025-09-03,DTW,29540,300,300.0
2025-09-04,DTW,35382,322,320.0
2025-09-05,DTW,36062,327,324.0
2025-09-06,DTW,27015,289,287.0
2025-09-07,DTW,39841,341,339.0
2025-09-08,DTW,35918,331,331.0
2025-09-09,DTW,28327,303,303.0
2025-09-10,DTW,30097,304,304.0
2025-09-11,DTW,38685,362,362.0
2025-09-12,DTW,39799,363,363.0
2025-09-13,DTW,28846,290,288.0
2025-09-14,DTW,46509,367,367.0
2025-09-15,DTW,41274,361,361.0
2025-09-16,DTW,29472,327,327.0
2025-09-17,DTW,32457,327,327.0
2025-09-18,DTW,43240,362,361.0
2025-09-19,DTW,42260,364,361.0
2025-09-20,DTW,29988,291,290.0
2025-09-21,DTW,42318,366,366.0
2025-09-22,DTW,37741,362,362.0
2025-09-23,DTW,28845,327,327.0
2025-09-24,DTW,32729,327,327.0
2025-09-25,DTW,43377,359,358.0
2025-09-26,DTW,40937,360,360.0
2025-09-27,DTW,28421,290,290.0
2025-09-28,DTW,44085,364,364.0
2025-09-29,DTW,37437,357,356.0
2025-09-30,DTW,28924,325,325.0
2025-10-01,DTW,30893,327,327.0
2025-10-02,DTW,40443,360,360.0
2025-10-03,DTW,40739,360,360.0
2025-10-04,DTW,29435,293,293.0
2025-10-05,DTW,48036,370,370.0
2025-10-06,DTW,40132,381,381.0
2025-10-07,DTW,30848,347,347.0
2025-10-08,DTW,36081,347,347.0
2025-10-09,DTW,47913,384,384.0
2025-10-10,DTW,47487,382,382.0
2025-10-11,DTW,33732,315,312.0
2025-10-12,DTW,42012,384,384.0
2025-10-13,DTW,39959,379,376.0
2025-10-14,DTW,34233,347,347.0
2025-10-15,DTW,34853,348,348.0
2025-10-16,DTW,44376,383,383.0
2025-10-17,DTW,44095,381,381.0
2025-10-18,DTW,32540,316,315.0
2025-10-19,DTW,46955,384,384.0
2025-10-20,DTW,42419,380,380.0
2025-10-21,DTW,35271,347,347.0
2025-10-22,DTW,34699,348,348.0
2025-10-23,DTW,44396,382,382.0
2025-10-24,DTW,43306,379,378.0
2025-10-25,DTW,29802,310,310.0
2025-10-26,DTW,39746,378,377.0
2025-10-27,DTW,35156,373,373.0
2025-10-28,DTW,26533,319,319.0
2025-10-29,DTW,29544,317,317.0
2025-10-30,DTW,37272,339,326.0
2025-10-31,DTW,34302,290,282.0
2025-11-01,DTW,29461,286,282.0
2025-11-03,DTW,40507,333,333.0
2025-11-10,DTW,4199,352,315.0
2025-11-11,DTW,4852,326,307.0
2025-11-12,DTW,1920,328,315.0
2025-11-13,DTW,5402,353,337.0
2025-11-14,DTW,3294,350,342.0
2025-11-15,DTW,2514,292,289.0
2025-11-16,DTW,33868,353,351.0
2025-11-17,DTW,30102,348,348.0
2025-11-18,DTW,24843,326,326.0
2025-11-19,DTW,29959,329,329.0
2025-11-20,DTW,36644,348,346.0
2025-11-21,DTW,40975,360,359.0
2025-11-22,DTW,32407,311,311.0
2025-11-23,DTW,31775,356,356.0
2025-11-24,DTW,32121,356,356.0
2025-11-25,DTW,39270,351,350.0
2025-11-26,DTW,42042,361,360.0
2025-11-27,DTW,22760,199,197.0
2025-11-28,DTW,35235,274,274.0
2025-11-29,DTW,42844,344,317.0
2025-11-30,DTW,47887,360,330.0
2025-12-01,DTW,47894,362,350.0
2025-12-02,DTW,37210,322,314.0
2025-12-03,DTW,33165,322,322.0
2025-12-04,DTW,38623,337,337.0
2025-12-05,DTW,38594,340,308.0
2025-12-06,DTW,31083,286,285.0
2025-12-07,DTW,35651,342,327.0
2025-12-08,DTW,34151,340,327.0
2025-12-09,DTW,27388,314,313.0
2025-12-10,DTW,30935,315,312.0
2025-12-11,DTW,40741,338,336.0
2025-12-12,DTW,40961,345,345.0
2025-12-13,DTW,33368,286,284.0
2025-12-14,DTW,34552,342,327.0
2025-12-15,DTW,35644,341,333.0
2025-12-16,DTW,29917,315,315.0
2025-12-17,DTW,32831,315,315.0
2025-12-18,DTW,38634,335,333.0
2025-12-19,DTW,40085,343,333.0
2025-12-20,DTW,41531,316,313.0
2025-12-21,DTW,39722,326,323.0
2025-12-22,DTW,41434,325,323.0
2025-12-23,DTW,42306,322,320.0
2025-12-24,DTW,34259,261,260.0
2025-12-25,DTW,34401,262,261.0
2025-12-26,DTW,43733,327,279.0
2025-12-27,DTW,45442,313,304.0
2025-12-28,DTW,87144,325,308.0
2025-12-29,DTW,87316,326,298.0
2025-12-30,DTW,85150,323,317.0
2025-12-31,DTW,66340,268,262.0
2019-01-01,EWR,43758,350,348.0
2019-01-02,EWR,38386,388,387.0
2019-01-03,EWR,34634,375,375.0
2019-01-04,EWR,32233,368,367.0
2019-01-05,EWR,39297,325,325.0
2019-01-06,EWR,40631,370,368.0
2019-01-07,EWR,32388,359,358.0
2019-01-08,EWR,27827,349,348.0
2019-01-09,EWR,27496,346,345.0
2019-01-10,EWR,29861,356,355.0
2019-01-11,EWR,27910,352,350.0
2019-01-12,EWR,23388,246,242.0
2019-01-13,EWR,30311,325,319.0
2019-01-14,EWR,29111,351,351.0
2019-01-15,EWR,24510,343,343.0
2019-01-16,EWR,29018,343,343.0
2019-01-17,EWR,30940,351,350.0
2019-01-18,EWR,33552,351,347.0
2019-01-19,EWR,21652,245,229.0
2019-01-20,EWR,20537,310,265.0
2019-01-21,EWR,26621,350,320.0
2019-01-22,EWR,25124,345,332.0
2019-01-23,EWR,24063,344,335.0
2019-01-24,EWR,25175,353,310.0
2019-01-25,EWR,27493,354,345.0
2019-01-26,EWR,20994,248,247.0
2019-01-27,EWR,27462,327,324.0
2019-01-28,EWR,24243,354,344.0
2019-01-29,EWR,20757,346,335.0
2019-01-30,EWR,21674,345,330.0
2019-01-31,EWR,27345,353,344.0
2019-02-01,EWR,26601,355,353.0
2019-02-02,EWR,21782,250,249.0
2019-02-03,EWR,22706,319,318.0
2019-02-04,EWR,25246,353,353.0
2019-02-05,EWR,22161,346,342.0
2019-02-06,EWR,23048,345,343.0
2019-02-07,EWR,27728,354,350.0
2019-02-08,EWR,27655,355,355.0
2019-02-09,EWR,23039,254,251.0
2019-02-10,EWR,6693,329,324.0
2019-02-11,EWR,21098,356,355.0
2019-02-12,EWR,28993,348,260.0
2019-02-13,EWR,21879,349,348.0
2019-02-14,EWR,18211,382,382.0
2019-02-15,EWR,7928,381,377.0
2019-02-16,EWR,5986,307,303.0
2019-02-17,EWR,28330,333,327.0
2019-02-18,EWR,50923,379,379.0
2019-02-19,EWR,59172,378,376.0
2019-02-20,EWR,48253,375,313.0
2019-02-21,EWR,27599,380,370.0
2019-02-22,EWR,26628,379,376.0
2019-02-23,EWR,24127,316,313.0
2019-02-24,EWR,25234,354,345.0
2019-02-25,EWR,24003,380,335.0
2019-02-26,EWR,23375,378,371.0
2019-02-27,EWR,11028,368,367.0
2019-02-28,EWR,13914,381,379.0
2019-03-01,EWR,28396,382,375.0
2019-03-02,EWR,28119,320,307.0
2019-03-03,EWR,26360,358,307.0
2019-03-04,EWR,24617,387,343.0
2019-03-05,EWR,26153,382,380.0
2019-03-06,EWR,25026,382,379.0
2019-03-07,EWR,22263,386,384.0
2019-03-08,EWR,1478,399,396.0
2019-03-09,EWR,27346,313,310.0
2019-03-10,EWR,56523,367,359.0
2019-03-11,EWR,52885,404,403.0
2019-03-12,EWR,25304,397,394.0
2019-03-13,EWR,27338,399,387.0
2019-03-14,EWR,29290,406,398.0
2019-03-15,EWR,31812,403,374.0
2019-03-16,EWR,28694,319,313.0
2019-03-17,EWR,29652,372,370.0
2019-03-18,EWR,29505,401,398.0
2019-03-19,EWR,26181,397,395.0
2019-03-20,EWR,27738,399,394.0
2019-03-21,EWR,28923,404,401.0
2019-03-22,EWR,6808,401,398.0
2019-03-23,EWR,21685,318,316.0
2019-03-24,EWR,54048,372,371.0
2019-03-25,EWR,27409,405,403.0
2019-03-26,EWR,24930,402,399.0
2019-03-27,EWR,25919,400,398.0
2019-03-28,EWR,29642,406,403.0
2019-03-29,EWR,28553,402,399.0
2019-03-30,EWR,732,324,323.0
2019-03-31,EWR,46667,390,385.0
2019-04-01,EWR,36272,413,408.0
2019-04-02,EWR,25150,408,407.0
2019-04-03,EWR,8403,410,405.0
2019-04-04,EWR,18175,417,416.0
2019-04-05,EWR,28843,416,413.0
2019-04-06,EWR,31257,323,320.0
2019-04-07,EWR,53303,394,389.0
2019-04-08,EWR,29819,417,413.0
2019-04-09,EWR,27741,409,400.0
2019-04-10,EWR,28397,410,402.0
2019-04-11,EWR,32568,413,405.0
2019-04-12,EWR,31398,415,409.0
2019-04-13,EWR,28879,320,319.0
2019-04-14,EWR,29546,394,355.0
2019-04-15,EWR,31870,416,374.0
2019-04-16,EWR,29762,408,403.0
2019-04-17,EWR,200,407,406.0
2019-04-18,EWR,31135,416,410.0
2019-04-19,EWR,34376,415,343.0
2019-04-20,EWR,29426,320,312.0
2019-04-21,EWR,57035,382,374.0
2019-04-22,EWR,32091,416,414.0
2019-04-23,EWR,30626,408,402.0
2019-04-24,EWR,28616,409,403.0
2019-04-25,EWR,28407,418,408.0
2019-04-26,EWR,26242,417,374.0
2019-04-27,EWR,6648,322,314.0
2019-04-28,EWR,17392,393,384.0
2019-05-05,EWR,29342,375,374.0
2019-05-06,EWR,30044,401,399.0
2019-05-07,EWR,26781,398,393.0
2019-05-08,EWR,28610,398,391.0
2019-05-09,EWR,30580,400,394.0
2019-05-10,EWR,31333,402,399.0
2019-05-11,EWR,23566,297,296.0
2019-05-12,EWR,28481,372,365.0
2019-05-13,EWR,31406,402,401.0
2019-05-14,EWR,28560,401,400.0
2019-05-15,EWR,29983,403,400.0
2019-05-16,EWR,33054,407,407.0
2019-05-17,EWR,31531,407,406.0
2019-05-18,EWR,26775,302,302.0
2019-05-19,EWR,31740,376,341.0
2019-05-20,EWR,33379,407,390.0
2019-05-21,EWR,32103,404,403.0
2019-05-22,EWR,31581,404,404.0
2019-05-23,EWR,9097,408,371.0
2019-05-24,EWR,22412,408,407.0
2019-05-25,EWR,33548,300,300.0
2019-05-26,EWR,54373,321,315.0
2019-05-27,EWR,30819,398,394.0
2019-05-28,EWR,29779,406,362.0
2019-05-29,EWR,27930,407,332.0
2019-05-30,EWR,30811,409,363.0
2019-05-31,EWR,32094,409,404.0
2019-06-01,EWR,27640,308,307.0
2019-06-02,EWR,30285,380,353.0
2019-06-03,EWR,32485,408,407.0
2019-06-04,EWR,502,406,405.0
2019-06-05,EWR,28680,405,374.0
2019-06-06,EWR,28640,398,397.0
2019-06-07,EWR,33237,398,398.0
2019-06-08,EWR,33158,309,308.0
2019-06-09,EWR,39900,360,351.0
2019-06-10,EWR,49855,389,366.0
2019-06-11,EWR,31657,388,385.0
2019-06-12,EWR,30557,389,387.0
2019-06-13,EWR,32985,392,384.0
2019-06-14,EWR,33628,392,391.0
2019-06-15,EWR,27767,310,243.0
2019-06-16,EWR,32489,358,347.0
2019-06-17,EWR,32627,391,378.0
2019-06-18,EWR,29185,390,353.0
2019-06-19,EWR,33471,391,365.0
2019-06-20,EWR,33654,394,347.0
2019-06-21,EWR,34614,393,383.0
2019-06-22,EWR,31106,313,312.0
2019-06-23,EWR,33757,360,358.0
2019-06-24,EWR,34822,391,385.0
2019-06-25,EWR,34033,391,382.0
2019-06-26,EWR,35665,391,389.0
2019-06-27,EWR,36797,394,393.0
2019-06-28,EWR,35321,393,391.0
2019-06-29,EWR,29275,314,212.0
2019-06-30,EWR,32746,355,341.0
2019-07-01,EWR,33399,382,382.0
2019-07-02,EWR,31901,351,349.0
2019-07-03,EWR,1272,357,356.0
2019-07-04,EWR,32952,328,327.0
2019-07-05,EWR,31003,337,336.0
2019-07-06,EWR,29635,314,240.0
2019-07-07,EWR,62338,363,346.0
2019-07-08,EWR,34656,394,392.0
2019-07-09,EWR,32078,394,393.0
2019-07-10,EWR,31848,394,394.0
2019-07-11,EWR,32520,396,317.0
2019-07-12,EWR,35996,395,387.0
2019-07-13,EWR,30204,317,313.0
2019-07-14,EWR,33408,364,362.0
2019-07-15,EWR,33001,393,392.0
2019-07-16,EWR,30978,393,391.0
2019-07-17,EWR,31044,393,291.0
2019-07-18,EWR,33669,395,354.0
2019-07-19,EWR,35109,394,384.0
2019-07-20,EWR,30360,316,314.0
2019-07-21,EWR,32623,361,329.0
2019-07-22,EWR,31697,393,273.0
2019-07-23,EWR,34647,393,379.0
2019-07-24,EWR,32851,393,387.0
2019-07-25,EWR,33744,395,395.0
2019-07-26,EWR,33344,394,394.0
2019-07-27,EWR,31066,316,316.0
2019-07-28,EWR,31957,363,362.0
2019-07-29,EWR,32850,393,389.0
2019-07-30,EWR,32035,393,370.0
2019-07-31,EWR,32025,392,303.0
2019-08-01,EWR,35132,396,378.0
2019-08-02,EWR,35259,393,387.0
2019-08-03,EWR,30607,315,313.0
2019-08-04,EWR,33468,362,361.0
2019-08-05,EWR,32877,392,392.0
2019-08-06,EWR,29814,394,350.0
2019-08-07,EWR,1064,394,236.0
2019-08-08,EWR,29451,395,336.0
2019-08-09,EWR,36104,394,378.0
2019-08-10,EWR,35513,315,310.0
2019-08-11,EWR,63696,362,354.0
2019-08-12,EWR,33261,394,389.0
2019-08-13,EWR,31186,395,386.0
2019-08-14,EWR,33472,394,378.0
2019-08-15,EWR,33478,397,385.0
2019-08-16,EWR,34160,396,394.0
2019-08-17,EWR,29872,317,315.0
2019-08-18,EWR,31683,363,288.0
2019-08-19,EWR,31994,394,357.0
2019-08-20,EWR,32036,387,365.0
2019-08-21,EWR,29960,388,338.0
2019-08-22,EWR,1172,392,364.0
2019-08-23,EWR,34187,389,382.0
2019-08-24,EWR,33339,301,301.0
2019-08-25,EWR,41745,357,356.0
2019-08-26,EWR,51297,390,385.0
2019-08-27,EWR,26950,386,386.0
2019-08-28,EWR,5157,385,385.0
2019-08-29,EWR,14968,392,390.0
2019-08-30,EWR,10290,389,387.0
2019-08-31,EWR,31768,287,286.0
2019-09-01,EWR,57004,302,294.0
2019-09-02,EWR,54473,376,329.0
2019-09-03,EWR,27451,383,347.0
2019-09-04,EWR,22934,376,355.0
2019-09-05,EWR,28298,384,377.0
2019-09-06,EWR,28879,380,380.0
2019-09-07,EWR,25275,289,288.0
2019-09-08,EWR,31851,362,362.0
2019-09-09,EWR,30346,387,387.0
2019-09-10,EWR,26354,381,381.0
2019-09-11,EWR,26192,380,372.0
2019-09-12,EWR,32377,389,383.0
2019-09-13,EWR,31341,384,383.0
2019-09-14,EWR,23466,291,291.0
2019-09-15,EWR,30211,365,363.0
2019-09-16,EWR,31581,387,387.0
2019-09-17,EWR,18213,381,379.0
2019-09-18,EWR,8777,380,380.0
2019-09-19,EWR,27186,387,377.0
2019-09-20,EWR,32548,386,383.0
2019-09-21,EWR,31371,292,292.0
2019-09-22,EWR,59761,367,367.0
2019-09-23,EWR,30183,390,390.0
2019-09-24,EWR,27792,384,384.0
2019-09-25,EWR,29865,383,383.0
2019-09-26,EWR,32659,392,392.0
2019-09-27,EWR,33010,386,377.0
2019-09-28,EWR,26335,290,288.0
2019-09-29,EWR,32922,368,368.0
2019-09-30,EWR,29287,394,393.0
2019-10-01,EWR,23101,386,386.0
2019-10-02,EWR,7368,390,388.0
2019-10-03,EWR,20087,400,399.0
2019-10-04,EWR,31488,396,396.0
2019-10-05,EWR,29966,314,314.0
2019-10-06,EWR,58011,384,384.0
2019-10-07,EWR,31313,407,406.0
2019-10-08,EWR,25876,405,404.0
2019-10-09,EWR,28511,404,402.0
2019-10-10,EWR,33679,409,408.0
2019-10-11,EWR,34082,402,399.0
2019-10-12,EWR,25227,311,311.0
2019-10-13,EWR,32110,384,382.0
2019-10-14,EWR,31348,407,407.0
2019-10-15,EWR,27890,405,404.0
2019-10-16,EWR,29153,404,391.0
2019-10-17,EWR,32882,409,405.0
2019-10-18,EWR,33179,402,402.0
2019-10-19,EWR,26368,310,310.0
2019-10-20,EWR,33208,384,383.0
2019-10-21,EWR,32849,407,404.0
2019-10-22,EWR,28971,405,402.0
2019-10-23,EWR,28158,403,403.0
2019-10-24,EWR,31204,409,409.0
2019-10-25,EWR,32287,405,403.0
2019-10-26,EWR,25281,307,306.0
2019-10-27,EWR,30847,386,385.0
2019-10-28,EWR,30630,403,403.0
2019-10-29,EWR,27684,402,402.0
2019-10-30,EWR,26868,400,393.0
2019-10-31,EWR,29667,396,371.0
2019-11-01,EWR,31795,400,393.0
2019-11-02,EWR,26891,314,312.0
2019-11-03,EWR,28249,374,374.0
2019-11-04,EWR,29670,388,388.0
2019-11-05,EWR,28445,387,386.0
2019-11-06,EWR,26062,382,382.0
2019-11-07,EWR,29484,390,390.0
2019-11-08,EWR,30489,387,386.0
2019-11-09,EWR,23202,301,301.0
2019-11-10,EWR,29335,375,375.0
2019-11-11,EWR,28677,388,377.0
2019-11-12,EWR,24367,387,384.0
2019-11-13,EWR,23680,383,383.0
2019-11-14,EWR,28684,395,395.0
2019-11-15,EWR,29412,393,392.0
2019-11-16,EWR,23310,308,308.0
2019-11-17,EWR,30254,382,382.0
2019-11-18,EWR,28523,395,395.0
2019-11-19,EWR,23613,394,394.0
2019-11-20,EWR,24125,390,390.0
2019-11-21,EWR,28773,400,400.0
2019-11-22,EWR,31198,398,398.0
2019-11-23,EWR,25270,316,316.0
2019-11-24,EWR,29197,380,379.0
2019-11-25,EWR,27087,393,393.0
2019-11-26,EWR,30448,398,397.0
2019-11-27,EWR,31007,398,398.0
2019-11-28,EWR,21689,255,255.0
2019-11-29,EWR,25628,302,300.0
2019-11-30,EWR,31715,382,382.0
2019-12-01,EWR,32121,423,389.0
2019-12-02,EWR,26114,401,336.0
2019-12-03,EWR,1350,399,384.0
2019-12-04,EWR,30727,382,381.0
2019-12-05,EWR,28062,396,396.0
2019-12-06,EWR,29253,396,395.0
2019-12-07,EWR,29278,308,307.0
2019-12-08,EWR,57690,377,377.0
2019-12-09,EWR,29446,399,378.0
2019-12-10,EWR,26935,394,383.0
2019-12-11,EWR,27782,393,392.0
2019-12-12,EWR,29822,404,404.0
2019-12-13,EWR,30322,402,401.0
2019-12-14,EWR,26809,311,311.0
2019-12-15,EWR,30596,379,378.0
2019-12-16,EWR,31798,400,400.0
2019-12-17,EWR,29045,394,368.0
2019-12-18,EWR,30963,396,362.0
2019-12-19,EWR,34509,382,375.0
2019-12-20,EWR,34016,377,377.0
2019-12-21,EWR,33079,347,347.0
2019-12-22,EWR,34338,360,360.0
2019-12-23,EWR,33549,369,369.0
2019-12-24,EWR,27738,325,321.0
2019-12-25,EWR,26664,313,310.0
2019-12-26,EWR,32287,368,368.0
2019-12-27,EWR,31625,369,369.0
2019-12-28,EWR,30628,342,342.0
2019-12-29,EWR,32823,360,355.0
2019-12-30,EWR,31392,365,362.0
2019-12-31,EWR,28136,330,329.0
2020-01-01,EWR,29474,338,336.0
2020-01-02,EWR,143,367,367.0
2020-01-03,EWR,32743,367,367.0
2020-01-04,EWR,30624,336,336.0
2020-01-05,EWR,63074,362,362.0
2020-01-06,EWR,30579,392,392.0
2020-01-07,EWR,27051,383,382.0
2020-01-08,EWR,26459,378,367.0
2020-01-09,EWR,28575,389,389.0
2020-01-10,EWR,28106,389,385.0
2020-01-11,EWR,25048,276,270.0
2020-01-12,EWR,30256,371,370.0
2020-01-13,EWR,27722,390,390.0
2020-01-14,EWR,26049,385,385.0
2020-01-15,EWR,27808,382,382.0
2020-01-16,EWR,31019,390,388.0
2020-01-17,EWR,31302,389,375.0
2020-01-18,EWR,26879,275,243.0
2020-01-19,EWR,27553,354,353.0
2020-01-20,EWR,19079,387,386.0
2020-01-21,EWR,9783,383,383.0
2020-01-22,EWR,23791,381,381.0
2020-01-23,EWR,23362,389,389.0
2020-01-24,EWR,7830,389,389.0
2020-01-25,EWR,19043,277,277.0
2020-01-26,EWR,54191,369,369.0
2020-01-27,EWR,47170,389,388.0
2020-01-28,EWR,22001,382,382.0
2020-01-29,EWR,22555,380,380.0
2020-01-30,EWR,27259,388,388.0
2020-01-31,EWR,26031,388,388.0
2020-02-01,EWR,5601,279,279.0
2020-02-02,EWR,41491,360,360.0
2020-02-03,EWR,24944,392,392.0
2020-02-04,EWR,22527,384,382.0
2020-02-05,EWR,23278,383,383.0
2020-02-06,EWR,26838,391,385.0
2020-02-07,EWR,27678,391,376.0
2020-02-08,EWR,25320,278,278.0
2020-02-09,EWR,27420,372,369.0
2020-02-10,EWR,25544,391,390.0
2020-02-11,EWR,24786,385,385.0
2020-02-12,EWR,26249,380,380.0
2020-02-13,EWR,30656,391,388.0
2020-02-14,EWR,31175,388,388.0
2020-02-15,EWR,27318,320,320.0
2020-02-16,EWR,27347,358,358.0
2020-02-17,EWR,8988,392,392.0
2020-02-18,EWR,20925,391,391.0
2020-02-19,EWR,27912,382,382.0
2020-02-20,EWR,26588,391,391.0
2020-02-21,EWR,27284,389,389.0
2020-02-22,EWR,159,320,319.0
2020-02-23,EWR,56460,376,376.0
2020-02-24,EWR,31757,390,389.0
2020-02-25,EWR,40505,385,385.0
2020-02-26,EWR,25391,383,383.0
2020-02-27,EWR,28106,392,391.0
2020-02-28,EWR,29787,389,388.0
2020-02-29,EWR,24660,322,321.0
2020-03-01,EWR,29834,376,376.0
2020-03-02,EWR,16730,393,393.0
2020-03-03,EWR,7837,386,386.0
2020-03-04,EWR,23782,385,385.0
2020-03-05,EWR,24880,406,406.0
2020-03-06,EWR,24600,401,401.0
2020-03-07,EWR,1115,334,332.0
2020-03-08,EWR,54519,383,381.0
2020-03-09,EWR,50428,406,403.0
2020-03-10,EWR,22859,401,396.0
2020-03-11,EWR,21960,400,396.0
2020-03-12,EWR,23099,408,404.0
2020-03-13,EWR,23199,404,401.0
2020-03-14,EWR,18574,338,335.0
2020-03-15,EWR,21738,391,388.0
2020-03-16,EWR,20790,409,400.0
2020-03-17,EWR,23529,403,388.0
2020-03-18,EWR,19183,402,369.0
2020-03-19,EWR,15921,409,367.0
2020-03-20,EWR,15008,406,343.0
2020-03-21,EWR,12499,340,225.0
2020-03-22,EWR,11019,390,234.0
2020-03-23,EWR,7628,407,247.0
2020-03-24,EWR,7817,399,220.0
2020-03-25,EWR,6139,395,181.0
2020-03-26,EWR,5508,400,142.0
2020-03-27,EWR,5517,391,144.0
2020-03-28,EWR,4356,329,111.0
2020-03-29,EWR,3837,375,131.0
2020-03-30,EWR,3226,395,123.0
2020-03-31,EWR,2967,359,120.0
2020-04-01,EWR,3045,198,67.0
2020-04-02,EWR,2553,202,66.0
2020-04-03,EWR,2763,204,80.0
2020-04-04,EWR,2300,170,72.0
2020-04-05,EWR,2616,177,79.0
2020-04-06,EWR,1867,184,50.0
2020-04-07,EWR,1530,176,37.0
2020-04-08,EWR,1607,96,35.0
2020-04-09,EWR,1621,90,34.0
2020-04-10,EWR,1891,95,38.0
2020-04-11,EWR,1645,72,34.0
2020-04-12,EWR,1433,75,26.0
2020-04-13,EWR,1550,69,24.0
2020-04-14,EWR,1203,64,20.0
2020-04-15,EWR,1449,61,22.0
2020-04-16,EWR,1288,68,22.0
2020-04-17,EWR,1405,41,24.0
2020-04-18,EWR,1271,31,22.0
2020-04-19,EWR,1715,27,24.0
2020-04-20,EWR,1717,28,24.0
2020-04-21,EWR,1481,24,20.0
2020-04-22,EWR,1373,25,22.0
2020-04-23,EWR,1458,27,23.0
2020-04-24,EWR,1856,28,24.0
2020-04-25,EWR,1535,24,23.0
2020-04-26,EWR,2023,25,24.0
2020-04-27,EWR,1694,26,25.0
2020-04-28,EWR,1363,22,21.0
2020-04-29,EWR,1978,27,25.0
2020-04-30,EWR,2259,30,28.0
2020-05-01,EWR,2420,29,26.0
2020-05-02,EWR,2062,22,21.0
2020-05-03,EWR,2455,22,20.0
2020-05-04,EWR,2053,21,18.0
2020-05-05,EWR,2295,24,23.0
2020-05-06,EWR,2414,24,24.0
2020-05-07,EWR,2257,27,25.0
2020-05-08,EWR,3134,32,28.0
2020-05-09,EWR,2689,24,23.0
2020-05-10,EWR,2979,28,26.0
2020-05-11,EWR,2781,29,26.0
2020-05-12,EWR,2546,24,23.0
2020-05-13,EWR,2858,26,26.0
2020-05-14,EWR,3219,29,26.0
2020-05-15,EWR,3632,31,29.0
2020-05-16,EWR,2786,26,25.0
2020-05-17,EWR,3581,29,26.0
2020-05-18,EWR,3531,29,27.0
2020-05-19,EWR,2509,25,24.0
2020-05-20,EWR,3582,46,45.0
2020-05-21,EWR,4743,52,49.0
2020-05-22,EWR,5007,54,52.0
2020-05-23,EWR,3527,45,43.0
2020-05-24,EWR,4100,47,44.0
2020-05-25,EWR,4209,52,50.0
2020-05-26,EWR,3728,44,42.0
2020-05-27,EWR,4073,47,45.0
2020-05-28,EWR,4140,50,48.0
2020-05-29,EWR,4967,53,51.0
2020-05-30,EWR,4107,45,43.0
2020-05-31,EWR,5118,49,49.0
2020-06-01,EWR,5014,52,51.0
2020-06-02,EWR,4768,47,47.0
2020-06-03,EWR,4431,47,47.0
2020-06-04,EWR,5180,52,52.0
2020-06-05,EWR,5854,57,57.0
2020-06-06,EWR,4988,53,53.0
2020-06-07,EWR,6653,57,57.0
2020-06-08,EWR,4987,56,56.0
2020-06-09,EWR,5492,55,54.0
2020-06-10,EWR,5641,54,54.0
2020-06-11,EWR,6883,62,62.0
2020-06-12,EWR,7374,65,65.0
2020-06-13,EWR,5757,57,57.0
2020-06-14,EWR,7986,64,64.0
2020-06-15,EWR,6611,62,62.0
2020-06-16,EWR,6084,67,67.0
2020-06-17,EWR,7050,71,71.0
2020-06-18,EWR,8524,81,81.0
2020-06-19,EWR,8957,81,81.0
2020-06-20,EWR,6001,75,75.0
2020-06-21,EWR,9397,82,82.0
2020-06-22,EWR,7732,76,76.0
2020-06-23,EWR,6828,68,68.0
2020-06-24,EWR,7985,75,75.0
2020-06-25,EWR,9907,88,88.0
2020-06-26,EWR,9992,87,87.0
2020-06-27,EWR,8195,84,84.0
2020-06-28,EWR,10599,89,89.0
2020-06-29,EWR,8961,83,83.0
2020-06-30,EWR,7489,72,72.0
2020-07-01,EWR,11998,114,112.0
2020-07-02,EWR,13745,128,128.0
2020-07-03,EWR,14480,130,129.0
2020-07-04,EWR,9680,117,115.0
2020-07-05,EWR,11971,124,122.0
2020-07-06,EWR,14315,177,172.0
2020-07-07,EWR,13113,162,161.0
2020-07-08,EWR,13743,174,173.0
2020-07-09,EWR,13525,181,179.0
2020-07-10,EWR,13985,186,185.0
2020-07-11,EWR,12913,164,162.0
2020-07-12,EWR,13120,181,180.0
2020-07-13,EWR,13209,184,182.0
2020-07-14,EWR,11332,165,160.0
2020-07-15,EWR,12594,168,161.0
2020-07-16,EWR,13697,169,168.0
2020-07-17,EWR,14413,171,169.0
2020-07-18,EWR,12114,156,154.0
2020-07-19,EWR,13611,169,167.0
2020-07-20,EWR,230,171,170.0
2020-07-21,EWR,12466,158,157.0
2020-07-22,EWR,9887,161,159.0
2020-07-23,EWR,10965,172,172.0
2020-07-24,EWR,14044,170,170.0
2020-07-25,EWR,13432,156,155.0
2020-07-26,EWR,27038,170,170.0
2020-07-27,EWR,12433,170,170.0
2020-07-28,EWR,10749,156,153.0
2020-07-29,EWR,11669,161,160.0
2020-07-30,EWR,14615,172,172.0
2020-07-31,EWR,15578,173,172.0
2020-08-01,EWR,14608,158,153.0
2020-08-02,EWR,16858,177,177.0
2020-08-03,EWR,14860,185,184.0
2020-08-04,EWR,10348,153,108.0
2020-08-05,EWR,12257,144,136.0
2020-08-06,EWR,13706,177,175.0
2020-08-07,EWR,14730,176,174.0
2020-08-08,EWR,14254,165,165.0
2020-08-09,EWR,16409,181,180.0
2020-08-10,EWR,15160,172,171.0
2020-08-11,EWR,12095,143,142.0
2020-08-12,EWR,12552,142,140.0
2020-08-13,EWR,16340,177,177.0
2020-08-14,EWR,17105,175,175.0
2020-08-15,EWR,15813,164,164.0
2020-08-16,EWR,15438,180,180.0
2020-08-17,EWR,16009,172,172.0
2020-08-18,EWR,13407,142,141.0
2020-08-19,EWR,13827,141,140.0
2020-08-20,EWR,16057,178,178.0
2020-08-21,EWR,16931,176,175.0
2020-08-22,EWR,15534,164,162.0
2020-08-23,EWR,16101,179,179.0
2020-08-24,EWR,16467,174,174.0
2020-08-25,EWR,12848,142,141.0
2020-08-26,EWR,13668,141,139.0
2020-08-27,EWR,14286,177,175.0
2020-08-28,EWR,17699,174,172.0
2020-08-29,EWR,14988,162,162.0
2020-08-30,EWR,14850,178,177.0
2020-08-31,EWR,15664,171,171.0
2020-09-01,EWR,12558,141,141.0
2020-09-02,EWR,13701,122,122.0
2020-09-03,EWR,16233,162,161.0
2020-09-04,EWR,16872,158,155.0
2020-09-05,EWR,12703,128,127.0
2020-09-06,EWR,15562,144,143.0
2020-09-07,EWR,18074,156,156.0
2020-09-08,EWR,13410,108,108.0
2020-09-09,EWR,12856,100,99.0
2020-09-10,EWR,12854,145,144.0
2020-09-11,EWR,15213,142,141.0
2020-09-12,EWR,13846,132,132.0
2020-09-13,EWR,15372,144,144.0
2020-09-14,EWR,13652,143,143.0
2020-09-15,EWR,11991,100,100.0
2020-09-16,EWR,11728,100,99.0
2020-09-17,EWR,12754,146,145.0
2020-09-18,EWR,14861,145,144.0
2020-09-19,EWR,13511,132,132.0
2020-09-20,EWR,15608,146,146.0
2020-09-21,EWR,14583,145,145.0
2020-09-22,EWR,11824,100,100.0
2020-09-23,EWR,11190,100,100.0
2020-09-24,EWR,13390,147,146.0
2020-09-25,EWR,15798,145,144.0
2020-09-26,EWR,12171,132,132.0
2020-09-27,EWR,14199,148,148.0
2020-09-28,EWR,13529,145,145.0
2020-09-29,EWR,13031,101,101.0
2020-09-30,EWR,12409,99,99.0
2020-10-01,EWR,14812,172,172.0
2020-10-02,EWR,14115,175,173.0
2020-10-03,EWR,13132,147,145.0
2020-10-04,EWR,12233,175,175.0
2020-10-05,EWR,14625,175,175.0
2020-10-06,EWR,12867,128,128.0
2020-10-07,EWR,11915,128,128.0
2020-10-08,EWR,13086,175,175.0
2020-10-09,EWR,14686,179,179.0
2020-10-10,EWR,13747,144,144.0
2020-10-11,EWR,13950,180,180.0
2020-10-12,EWR,14359,179,179.0
2020-10-13,EWR,14124,132,132.0
2020-10-14,EWR,12536,130,129.0
2020-10-15,EWR,15123,176,176.0
2020-10-16,EWR,14859,178,178.0
2020-10-17,EWR,13912,145,144.0
2020-10-18,EWR,14853,181,181.0
2020-10-19,EWR,13829,177,177.0
2020-10-20,EWR,13776,132,132.0
2020-10-21,EWR,12071,130,130.0
2020-10-22,EWR,13797,176,176.0
2020-10-23,EWR,14343,176,176.0
2020-10-24,EWR,13565,143,143.0
2020-10-25,EWR,14454,179,179.0
2020-10-26,EWR,15417,176,176.0
2020-10-27,EWR,14641,140,139.0
2020-10-28,EWR,13968,136,136.0
2020-10-29,EWR,15265,179,179.0
2020-10-30,EWR,16046,177,177.0
2020-10-31,EWR,13995,140,139.0
2020-11-01,EWR,15292,174,174.0
2020-11-02,EWR,285,172,172.0
2020-11-03,EWR,15035,134,133.0
2020-11-04,EWR,14251,139,138.0
2020-11-05,EWR,13193,175,175.0
2020-11-06,EWR,13974,179,179.0
2020-11-07,EWR,15827,148,148.0
2020-11-08,EWR,27236,186,185.0
2020-11-09,EWR,13331,179,178.0
2020-11-10,EWR,13464,137,137.0
2020-11-11,EWR,13427,143,139.0
2020-11-12,EWR,15756,183,182.0
2020-11-13,EWR,15250,178,177.0
2020-11-14,EWR,12753,148,148.0
2020-11-15,EWR,15276,186,186.0
2020-11-16,EWR,14190,179,178.0
2020-11-17,EWR,13425,138,138.0
2020-11-18,EWR,14401,145,143.0
2020-11-19,EWR,15370,194,194.0
2020-11-20,EWR,18169,195,195.0
2020-11-21,EWR,16966,168,168.0
2020-11-22,EWR,16741,196,196.0
2020-11-23,EWR,15690,187,187.0
2020-11-24,EWR,15199,195,194.0
2020-11-25,EWR,18781,197,195.0
2020-11-26,EWR,12652,125,122.0
2020-11-27,EWR,15593,185,182.0
2020-11-28,EWR,15517,199,199.0
2020-11-29,EWR,17188,224,223.0
2020-11-30,EWR,17279,200,199.0
2020-12-01,EWR,16380,161,161.0
2020-12-02,EWR,13402,140,140.0
2020-12-03,EWR,15147,170,169.0
2020-12-04,EWR,14838,169,169.0
2020-12-05,EWR,14220,140,137.0
2020-12-06,EWR,15348,169,169.0
2020-12-07,EWR,14069,163,161.0
2020-12-08,EWR,13224,125,125.0
2020-12-09,EWR,13848,133,133.0
2020-12-10,EWR,15954,169,168.0
2020-12-11,EWR,17058,167,167.0
2020-12-12,EWR,15021,139,139.0
2020-12-13,EWR,16693,168,167.0
2020-12-14,EWR,15274,164,163.0
2020-12-15,EWR,15166,127,127.0
2020-12-16,EWR,13408,138,116.0
2020-12-17,EWR,15785,195,122.0
2020-12-18,EWR,15707,195,192.0
2020-12-19,EWR,16549,187,187.0
2020-12-20,EWR,16732,194,194.0
2020-12-21,EWR,17523,196,195.0
2020-12-22,EWR,16986,188,188.0
2020-12-23,EWR,16438,193,191.0
2020-12-24,EWR,15611,160,159.0
2020-12-25,EWR,16517,152,145.0
2020-12-26,EWR,18460,186,184.0
2020-12-27,EWR,17894,195,194.0
2020-12-28,EWR,16827,199,198.0
2020-12-29,EWR,16222,194,193.0
2020-12-30,EWR,16465,196,194.0
2020-12-31,EWR,12842,154,152.0
2021-01-01,EWR,14222,159,157.0
2021-01-02,EWR,16053,188,188.0
2021-01-03,EWR,17860,198,198.0
2021-01-04,EWR,15072,194,194.0
2021-01-05,EWR,14540,148,148.0
2021-01-06,EWR,13085,123,122.0
2021-01-07,EWR,13937,151,149.0
2021-01-08,EWR,15392,145,145.0
2021-01-09,EWR,13965,132,131.0
2021-01-10,EWR,16365,151,150.0
2021-01-11,EWR,14048,145,144.0
2021-01-12,EWR,14994,122,121.0
2021-01-13,EWR,13161,124,124.0
2021-01-14,EWR,14913,150,147.0
2021-01-15,EWR,13443,147,145.0
2021-01-16,EWR,12965,130,130.0
2021-01-17,EWR,14304,145,144.0
2021-01-18,EWR,14267,150,150.0
2021-01-19,EWR,14414,124,122.0
2021-01-20,EWR,14321,124,124.0
2021-01-21,EWR,13972,151,148.0
2021-01-22,EWR,14638,147,145.0
2021-01-23,EWR,13051,130,129.0
2021-01-24,EWR,13994,149,147.0
2021-01-25,EWR,14016,145,144.0
2021-01-26,EWR,11997,123,118.0
2021-01-27,EWR,12983,124,123.0
2021-01-28,EWR,14080,151,148.0
2021-01-29,EWR,14647,146,143.0
2021-01-30,EWR,12238,130,130.0
2021-01-31,EWR,14926,152,148.0
2021-02-01,EWR,3878,148,17.0
2021-02-02,EWR,8394,126,60.0
2021-02-03,EWR,14920,125,103.0
2021-02-04,EWR,14080,151,142.0
2021-02-05,EWR,16306,149,148.0
2021-02-06,EWR,13244,132,132.0
2021-02-07,EWR,13574,148,122.0
2021-02-08,EWR,13961,150,147.0
2021-02-09,EWR,13114,125,124.0
2021-02-10,EWR,13381,128,126.0
2021-02-11,EWR,16054,176,175.0
2021-02-12,EWR,17875,183,182.0
2021-02-13,EWR,15818,150,148.0
2021-02-14,EWR,17958,179,171.0
2021-02-15,EWR,18108,180,159.0
2021-02-16,EWR,15187,139,120.0
2021-02-17,EWR,16565,138,129.0
2021-02-18,EWR,16243,181,125.0
2021-02-19,EWR,17882,179,157.0
2021-02-20,EWR,17156,150,150.0
2021-02-21,EWR,17224,182,180.0
2021-02-22,EWR,14322,177,176.0
2021-02-23,EWR,12325,138,138.0
2021-02-24,EWR,15904,138,138.0
2021-02-25,EWR,16769,181,181.0
2021-02-26,EWR,17046,180,179.0
2021-02-27,EWR,15745,150,150.0
2021-02-28,EWR,16034,183,182.0
2021-03-01,EWR,15907,176,175.0
2021-03-02,EWR,14398,138,137.0
2021-03-03,EWR,15962,137,135.0
2021-03-04,EWR,19665,201,201.0
2021-03-05,EWR,18292,202,201.0
2021-03-06,EWR,17531,180,180.0
2021-03-07,EWR,17747,209,204.0
2021-03-08,EWR,14691,201,199.0
2021-03-09,EWR,14378,165,162.0
2021-03-10,EWR,17843,169,169.0
2021-03-11,EWR,18541,209,209.0
2021-03-12,EWR,19724,208,208.0
2021-03-13,EWR,689,185,181.0
2021-03-14,EWR,39163,215,208.0
2021-03-15,EWR,17629,206,203.0
2021-03-16,EWR,15796,169,169.0
2021-03-17,EWR,18116,170,169.0
2021-03-18,EWR,19488,212,211.0
2021-03-19,EWR,20612,209,209.0
2021-03-20,EWR,19766,188,188.0
2021-03-21,EWR,19105,218,218.0
2021-03-22,EWR,19186,207,206.0
2021-03-23,EWR,18173,169,169.0
2021-03-24,EWR,18572,174,174.0
2021-03-25,EWR,17898,220,220.0
2021-03-26,EWR,20194,215,215.0
2021-03-27,EWR,18680,190,190.0
2021-03-28,EWR,19899,214,212.0
2021-03-29,EWR,19746,209,209.0
2021-03-30,EWR,18128,175,175.0
2021-03-31,EWR,18137,175,175.0
2021-04-01,EWR,20606,217,216.0
2021-04-02,EWR,21017,222,221.0
2021-04-03,EWR,20956,198,198.0
2021-04-04,EWR,21099,218,217.0
2021-04-05,EWR,21104,227,227.0
2021-04-06,EWR,19005,180,180.0
2021-04-07,EWR,18937,168,168.0
2021-04-08,EWR,21530,216,215.0
2021-04-09,EWR,21393,218,218.0
2021-04-10,EWR,19999,190,189.0
2021-04-11,EWR,20946,220,199.0
2021-04-12,EWR,20648,217,208.0
2021-04-13,EWR,17033,172,171.0
2021-04-14,EWR,18755,165,165.0
2021-04-15,EWR,20632,217,217.0
2021-04-16,EWR,21687,221,221.0
2021-04-17,EWR,17534,186,186.0
2021-04-18,EWR,20230,220,220.0
2021-04-19,EWR,18363,215,215.0
2021-04-20,EWR,16856,170,169.0
2021-04-21,EWR,18240,166,166.0
2021-04-22,EWR,20837,216,216.0
2021-04-23,EWR,22252,218,218.0
2021-04-24,EWR,17439,188,188.0
2021-04-25,EWR,20636,220,220.0
2021-04-26,EWR,17672,215,215.0
2021-04-27,EWR,15877,170,169.0
2021-04-28,EWR,19156,166,166.0
2021-04-29,EWR,20213,217,217.0
2021-04-30,EWR,112,204,204.0
2021-05-01,EWR,23576,181,180.0
2021-05-02,EWR,36733,217,217.0
2021-05-03,EWR,20190,213,213.0
2021-05-04,EWR,15365,166,166.0
2021-05-05,EWR,17816,166,166.0
2021-05-06,EWR,22885,232,231.0
2021-05-07,EWR,23234,232,232.0
2021-05-08,EWR,20978,204,203.0
2021-05-09,EWR,23681,235,235.0
2021-05-10,EWR,23202,229,229.0
2021-05-11,EWR,20825,183,183.0
2021-05-12,EWR,22907,186,186.0
2021-05-13,EWR,23193,232,232.0
2021-05-14,EWR,22562,232,232.0
2021-05-15,EWR,20620,205,205.0
2021-05-16,EWR,24175,234,234.0
2021-05-17,EWR,20924,229,229.0
2021-05-18,EWR,166,186,186.0
2021-05-19,EWR,25,189,189.0
2021-05-20,EWR,20326,235,235.0
2021-05-21,EWR,23033,234,234.0
2021-05-22,EWR,23281,210,210.0
2021-05-23,EWR,49742,240,240.0
2021-05-24,EWR,46624,237,235.0
2021-05-25,EWR,23433,186,186.0
2021-05-26,EWR,24821,192,190.0
2021-05-27,EWR,22827,239,238.0
2021-05-28,EWR,25174,240,240.0
2021-05-29,EWR,22556,211,208.0
2021-05-30,EWR,22368,231,231.0
2021-05-31,EWR,23912,244,244.0
2021-06-01,EWR,23205,189,188.0
2021-06-02,EWR,23013,191,191.0
2021-06-03,EWR,23978,252,252.0
2021-06-04,EWR,25034,252,250.0
2021-06-05,EWR,21328,229,228.0
2021-06-06,EWR,22844,250,249.0
2021-06-07,EWR,20835,254,253.0
2021-06-08,EWR,19461,213,208.0
2021-06-09,EWR,23681,213,204.0
2021-06-10,EWR,25952,254,249.0
2021-06-11,EWR,26044,257,252.0
2021-06-12,EWR,22055,232,231.0
2021-06-13,EWR,22419,251,249.0
2021-06-14,EWR,25349,257,250.0
2021-06-15,EWR,22600,220,220.0
2021-06-16,EWR,24039,221,221.0
2021-06-17,EWR,23828,254,253.0
2021-06-18,EWR,27612,261,261.0
2021-06-19,EWR,24276,236,234.0
2021-06-20,EWR,25901,255,252.0
2021-06-21,EWR,25607,256,243.0
2021-06-22,EWR,25574,220,217.0
2021-06-23,EWR,24759,219,218.0
2021-06-24,EWR,27972,255,254.0
2021-06-25,EWR,28163,261,261.0
2021-06-26,EWR,360,237,236.0
2021-06-27,EWR,52579,255,254.0
2021-06-28,EWR,27242,254,252.0
2021-06-29,EWR,24167,220,219.0
2021-06-30,EWR,26834,219,216.0
2021-07-01,EWR,30178,274,265.0
2021-07-02,EWR,28092,275,260.0
2021-07-03,EWR,23749,242,241.0
2021-07-04,EWR,27060,243,240.0
2021-07-05,EWR,26240,276,275.0
2021-07-06,EWR,27429,265,234.0
2021-07-07,EWR,26997,265,245.0
2021-07-08,EWR,30393,277,241.0
2021-07-09,EWR,29641,278,234.0
2021-07-10,EWR,28642,255,244.0
2021-07-11,EWR,31062,273,246.0
2021-07-12,EWR,25874,280,227.0
2021-07-13,EWR,25692,267,237.0
2021-07-14,EWR,25175,264,241.0
2021-07-15,EWR,27836,279,276.0
2021-07-16,EWR,30020,280,272.0
2021-07-17,EWR,26054,256,145.0
2021-07-18,EWR,28515,276,228.0
2021-07-19,EWR,28628,282,278.0
2021-07-20,EWR,23428,269,268.0
2021-07-21,EWR,25523,265,238.0
2021-07-22,EWR,29823,279,271.0
2021-07-23,EWR,28513,281,279.0
2021-07-24,EWR,26837,256,254.0
2021-07-25,EWR,30294,276,244.0
2021-07-26,EWR,27995,282,278.0
2021-07-27,EWR,26232,269,268.0
2021-07-28,EWR,26252,265,259.0
2021-07-29,EWR,27564,279,230.0
2021-07-30,EWR,29256,277,274.0
2021-07-31,EWR,25034,252,245.0
2021-08-01,EWR,29767,280,257.0
2021-08-02,EWR,25852,285,263.0
2021-08-03,EWR,23384,271,248.0
2021-08-04,EWR,22770,271,250.0
2021-08-05,EWR,26311,283,267.0
2021-08-06,EWR,29278,281,273.0
2021-08-07,EWR,24537,255,245.0
2021-08-08,EWR,28184,279,264.0
2021-08-09,EWR,28246,290,277.0
2021-08-10,EWR,25487,274,255.0
2021-08-11,EWR,23959,270,246.0
2021-08-12,EWR,29605,288,276.0
2021-08-13,EWR,31932,284,273.0
2021-08-14,EWR,27797,259,248.0
2021-08-15,EWR,27689,277,273.0
2021-08-16,EWR,27599,286,284.0
2021-08-17,EWR,24012,263,259.0
2021-08-18,EWR,23633,262,251.0
2021-08-19,EWR,27776,282,278.0
2021-08-20,EWR,28819,276,274.0
2021-08-21,EWR,27072,254,252.0
2021-08-22,EWR,21995,274,203.0
2021-08-23,EWR,27083,279,261.0
2021-08-24,EWR,22739,263,261.0
2021-08-25,EWR,23166,267,266.0
2021-08-26,EWR,26740,281,277.0
2021-08-27,EWR,27903,277,256.0
2021-08-28,EWR,22324,254,244.0
2021-08-29,EWR,24667,277,270.0
2021-08-30,EWR,22769,282,272.0
2021-08-31,EWR,20035,266,263.0
2021-09-01,EWR,22393,265,192.0
2021-09-02,EWR,21102,278,125.0
2021-09-03,EWR,27639,274,256.0
2021-09-04,EWR,23596,246,239.0
2021-09-05,EWR,21579,259,257.0
2021-09-06,EWR,23424,269,268.0
2021-09-07,EWR,19920,257,257.0
2021-09-08,EWR,19715,263,252.0
2021-09-09,EWR,21865,270,267.0
2021-09-10,EWR,24563,270,268.0
2021-09-11,EWR,19772,245,245.0
2021-09-12,EWR,24032,268,266.0
2021-09-13,EWR,22715,270,268.0
2021-09-14,EWR,17120,251,251.0
2021-09-15,EWR,19604,250,246.0
2021-09-16,EWR,23887,272,263.0
2021-09-17,EWR,26700,270,268.0
2021-09-18,EWR,20330,243,243.0
2021-09-19,EWR,24124,267,264.0
2021-09-20,EWR,22580,268,267.0
2021-09-21,EWR,18882,250,248.0
2021-09-22,EWR,18103,248,246.0
2021-09-23,EWR,23985,272,215.0
2021-09-24,EWR,25710,269,255.0
2021-09-25,EWR,19738,241,229.0
2021-09-26,EWR,23807,266,265.0
2021-09-27,EWR,23097,266,264.0
2021-09-28,EWR,18005,249,249.0
2021-09-29,EWR,19491,246,246.0
2021-09-30,EWR,26375,272,271.0
2021-10-01,EWR,27964,267,267.0
2021-10-02,EWR,23805,237,234.0
2021-10-03,EWR,24957,264,264.0
2021-10-04,EWR,23046,262,261.0
2021-10-05,EWR,16256,281,278.0
2021-10-06,EWR,18554,288,286.0
2021-10-07,EWR,25215,309,309.0
2021-10-08,EWR,26188,308,303.0
2021-10-09,EWR,21925,268,265.0
2021-10-10,EWR,25853,309,306.0
2021-10-11,EWR,24660,310,310.0
2021-10-12,EWR,19383,291,290.0
2021-10-13,EWR,17116,285,284.0
2021-10-14,EWR,22275,307,307.0
2021-10-15,EWR,25238,306,306.0
2021-10-16,EWR,21984,267,265.0
2021-10-17,EWR,24778,306,305.0
2021-10-18,EWR,24284,306,306.0
2021-10-19,EWR,16935,290,290.0
2021-10-20,EWR,17858,286,286.0
2021-10-21,EWR,24450,307,306.0
2021-10-22,EWR,24593,306,304.0
2021-10-23,EWR,20686,265,265.0
2021-10-24,EWR,24343,307,305.0
2021-10-25,EWR,24215,307,299.0
2021-10-26,EWR,16476,290,257.0
2021-10-27,EWR,16938,285,282.0
2021-10-28,EWR,23925,306,306.0
2021-10-29,EWR,24164,306,304.0
2021-10-30,EWR,20843,258,251.0
2021-10-31,EWR,22678,322,310.0
2021-11-01,EWR,24921,389,370.0
2021-11-02,EWR,18172,375,374.0
2021-11-03,EWR,18574,374,373.0
2021-11-04,EWR,23278,388,384.0
2021-11-05,EWR,22954,374,371.0
2021-11-06,EWR,20241,235,232.0
2021-11-07,EWR,24093,339,337.0
2021-11-08,EWR,22955,394,391.0
2021-11-09,EWR,16200,372,371.0
2021-11-10,EWR,18842,368,366.0
2021-11-11,EWR,22320,390,389.0
2021-11-12,EWR,23408,374,368.0
2021-11-13,EWR,20340,234,229.0
2021-11-14,EWR,25050,342,339.0
2021-11-15,EWR,24105,395,392.0
2021-11-16,EWR,16596,372,371.0
2021-11-17,EWR,17803,365,363.0
2021-11-18,EWR,24644,386,386.0
2021-11-19,EWR,27732,385,381.0
2021-11-20,EWR,25081,326,324.0
2021-11-21,EWR,27629,385,384.0
2021-11-22,EWR,25900,391,391.0
2021-11-23,EWR,22828,395,394.0
2021-11-24,EWR,26895,398,397.0
2021-11-25,EWR,21088,239,238.0
2021-11-26,EWR,23366,325,325.0
2021-11-27,EWR,24996,333,333.0
2021-11-28,EWR,25362,389,387.0
2021-11-29,EWR,28454,400,399.0
2021-11-30,EWR,23355,391,389.0
2021-12-01,EWR,20701,377,376.0
2021-12-02,EWR,23275,396,394.0
2021-12-03,EWR,24797,380,379.0
2021-12-04,EWR,543,239,237.0
2021-12-05,EWR,47962,345,344.0
2021-12-06,EWR,23026,379,373.0
2021-12-07,EWR,19225,374,366.0
2021-12-08,EWR,17634,363,346.0
2021-12-09,EWR,23599,386,385.0
2021-12-10,EWR,25277,378,375.0
2021-12-11,EWR,22691,234,233.0
2021-12-12,EWR,27408,332,332.0
2021-12-13,EWR,24126,382,381.0
2021-12-14,EWR,19320,372,370.0
2021-12-15,EWR,22512,359,351.0
2021-12-16,EWR,26014,367,360.0
2021-12-17,EWR,28032,391,390.0
2021-12-18,EWR,26448,258,256.0
2021-12-19,EWR,26069,338,326.0
2021-12-20,EWR,26916,386,381.0
2021-12-21,EWR,26939,402,397.0
2021-12-22,EWR,27619,392,387.0
2021-12-23,EWR,25931,392,384.0
2021-12-24,EWR,28153,324,288.0
2021-12-25,EWR,23147,298,265.0
2021-12-26,EWR,27001,369,334.0
2021-12-27,EWR,26365,393,356.0
2021-12-28,EWR,25256,393,359.0
2021-12-29,EWR,24058,388,342.0
2021-12-30,EWR,24316,386,331.0
2021-12-31,EWR,21409,330,268.0
2022-01-01,EWR,22463,319,270.0
2022-01-02,EWR,22843,383,320.0
2022-01-03,EWR,97,398,336.0
2022-01-04,EWR,24936,380,335.0
2022-01-05,EWR,21239,355,290.0
2022-01-06,EWR,17724,368,311.0
2022-01-07,EWR,21267,368,270.0
2022-01-08,EWR,19844,232,194.0
2022-01-09,EWR,43277,319,271.0
2022-01-10,EWR,18658,373,342.0
2022-01-11,EWR,15285,351,307.0
2022-01-12,EWR,15963,348,308.0
2022-01-13,EWR,20338,366,328.0
2022-01-14,EWR,20975,369,331.0
2022-01-15,EWR,543,227,220.0
2022-01-16,EWR,37302,305,261.0
2022-01-17,EWR,17990,368,324.0
2022-01-18,EWR,14683,347,337.0
2022-01-19,EWR,15522,344,334.0
2022-01-20,EWR,18716,366,327.0
2022-01-21,EWR,18570,367,353.0
2022-01-22,EWR,19912,229,227.0
2022-01-23,EWR,17785,317,317.0
2022-01-24,EWR,16240,369,360.0
2022-01-25,EWR,15551,350,340.0
2022-01-26,EWR,16189,347,342.0
2022-01-27,EWR,18841,368,368.0
2022-01-28,EWR,18078,368,338.0
2022-01-29,EWR,2478,232,1.0
2022-01-30,EWR,18458,320,269.0
2022-01-31,EWR,19594,369,359.0
2022-02-01,EWR,15875,353,345.0
2022-02-02,EWR,13699,352,329.0
2022-02-03,EWR,17763,373,307.0
2022-02-04,EWR,16185,375,232.0
2022-02-05,EWR,18266,230,214.0
2022-02-06,EWR,18710,322,312.0
2022-02-07,EWR,17319,382,369.0
2022-02-08,EWR,13983,356,353.0
2022-02-09,EWR,443,354,354.0
2022-02-10,EWR,14001,366,364.0
2022-02-11,EWR,20178,380,376.0
2022-02-12,EWR,22905,239,239.0
2022-02-13,EWR,39060,322,317.0
2022-02-14,EWR,17235,379,375.0
2022-02-15,EWR,15520,354,354.0
2022-02-16,EWR,18916,359,356.0
2022-02-17,EWR,26953,388,377.0
2022-02-18,EWR,29198,394,393.0
2022-02-19,EWR,25278,253,253.0
2022-02-20,EWR,25990,331,330.0
2022-02-21,EWR,25582,387,385.0
2022-02-22,EWR,20665,370,365.0
2022-02-23,EWR,20561,368,358.0
2022-02-24,EWR,22935,388,376.0
2022-02-25,EWR,21609,392,310.0
2022-02-26,EWR,20551,252,250.0
2022-02-27,EWR,22280,343,336.0
2022-02-28,EWR,19092,385,385.0
2022-03-01,EWR,17130,357,357.0
2022-03-02,EWR,18130,354,352.0
2022-03-03,EWR,23491,376,376.0
2022-03-04,EWR,25599,375,374.0
2022-03-05,EWR,21858,239,239.0
2022-03-06,EWR,24773,328,328.0
2022-03-07,EWR,20877,371,367.0
2022-03-08,EWR,16836,348,347.0
2022-03-09,EWR,19261,346,327.0
2022-03-10,EWR,26427,372,367.0
2022-03-11,EWR,28371,371,371.0
2022-03-12,EWR,23680,241,219.0
2022-03-13,EWR,13,330,314.0
2022-03-14,EWR,24629,371,371.0
2022-03-15,EWR,21237,352,352.0
2022-03-16,EWR,21573,350,350.0
2022-03-17,EWR,25434,372,367.0
2022-03-18,EWR,27827,373,366.0
2022-03-19,EWR,23195,242,237.0
2022-03-20,EWR,28589,332,332.0
2022-03-21,EWR,23883,370,367.0
2022-03-22,EWR,19271,351,350.0
2022-03-23,EWR,21847,352,352.0
2022-03-24,EWR,25613,371,370.0
2022-03-25,EWR,26383,372,371.0
2022-03-26,EWR,19334,243,238.0
2022-03-27,EWR,27295,346,345.0
2022-03-28,EWR,23512,389,386.0
2022-03-29,EWR,18882,372,371.0
2022-03-30,EWR,21021,373,373.0
2022-03-31,EWR,23633,390,334.0
2022-04-01,EWR,28631,395,365.0
2022-04-02,EWR,24346,255,227.0
2022-04-03,EWR,55,353,323.0
2022-04-10,EWR,30,353,313.0
2022-04-17,EWR,18,355,344.0
2022-04-24,EWR,11,355,351.0
2022-05-01,EWR,30,376,365.0
2022-05-02,EWR,43534,410,405.0
2022-05-03,EWR,37860,402,399.0
2022-05-06,EWR,44527,408,375.0
2022-05-07,EWR,41086,332,326.0
2022-05-08,EWR,25772,385,375.0
2022-05-09,EWR,26344,410,407.0
2022-05-10,EWR,22674,400,396.0
2022-05-11,EWR,25792,399,398.0
2022-05-12,EWR,29474,411,408.0
2022-05-13,EWR,27042,408,388.0
2022-05-14,EWR,25071,333,317.0
2022-05-15,EWR,36,387,359.0
2022-05-16,EWR,26531,413,297.0
2022-05-17,EWR,27032,400,372.0
2022-05-18,EWR,24140,399,398.0
2022-05-19,EWR,30201,413,397.0
2022-05-20,EWR,27473,411,320.0
2022-05-21,EWR,24940,332,301.0
2022-05-22,EWR,29,385,294.0
2022-05-23,EWR,29841,413,372.0
2022-05-24,EWR,26220,397,390.0
2022-05-25,EWR,26890,398,398.0
2022-05-26,EWR,29885,413,409.0
2022-05-27,EWR,25777,410,324.0
2022-05-28,EWR,25584,333,307.0
2022-05-29,EWR,25552,373,344.0
2022-05-30,EWR,28239,408,397.0
2022-05-31,EWR,24527,397,395.0
2022-06-01,EWR,22710,392,308.0
2022-06-02,EWR,24502,406,273.0
2022-06-03,EWR,27414,390,372.0
2022-06-04,EWR,22812,320,302.0
2022-06-05,EWR,24,361,357.0
2022-06-06,EWR,27288,392,387.0
2022-06-07,EWR,25503,382,380.0
2022-06-08,EWR,25131,382,367.0
2022-06-09,EWR,29601,393,378.0
2022-06-10,EWR,28331,394,381.0
2022-06-11,EWR,26639,334,327.0
2022-06-12,EWR,28567,366,281.0
2022-06-13,EWR,30624,393,356.0
2022-06-14,EWR,26426,385,351.0
2022-06-15,EWR,26494,382,347.0
2022-06-16,EWR,28129,392,227.0
2022-06-17,EWR,29352,394,328.0
2022-06-19,EWR,31305,366,318.0
2022-06-20,EWR,30954,393,354.0
2022-06-21,EWR,27289,385,351.0
2022-06-22,EWR,26782,385,295.0
2022-06-23,EWR,32551,394,323.0
2022-06-24,EWR,30235,398,350.0
2022-06-25,EWR,28704,320,302.0
2022-06-26,EWR,31728,373,338.0
2022-06-27,EWR,31266,385,303.0
2022-06-28,EWR,30567,350,335.0
2022-06-29,EWR,29958,351,331.0
2022-06-30,EWR,32050,362,349.0
2022-07-01,EWR,30711,358,338.0
2022-07-03,EWR,26,317,314.0
2022-07-04,EWR,27338,335,331.0
2022-07-05,EWR,26649,341,325.0
2022-07-06,EWR,27384,335,333.0
2022-07-07,EWR,28069,339,331.0
2022-07-08,EWR,28115,340,339.0
2022-07-09,EWR,27928,298,293.0
2022-07-10,EWR,30288,339,337.0
2022-07-11,EWR,29375,352,349.0
2022-07-12,EWR,26263,342,307.0
2022-07-13,EWR,27295,341,341.0
2022-07-14,EWR,29576,350,348.0
2022-07-15,EWR,27937,355,353.0
2022-07-16,EWR,28622,299,295.0
2022-07-17,EWR,29330,343,338.0
2022-07-18,EWR,28017,351,264.0
2022-07-19,EWR,28645,339,330.0
2022-07-20,EWR,27320,341,337.0
2022-07-21,EWR,30939,347,339.0
2022-07-22,EWR,28846,350,346.0
2022-07-23,EWR,27299,299,296.0
2022-07-24,EWR,30703,342,325.0
2022-07-25,EWR,28672,352,293.0
2022-07-26,EWR,27797,338,324.0
2022-07-27,EWR,28095,338,332.0
2022-07-28,EWR,30186,346,316.0
2022-07-29,EWR,30660,351,345.0
2022-07-30,EWR,27804,300,299.0
2022-07-31,EWR,29873,343,334.0
2022-08-01,EWR,29176,353,349.0
2022-08-02,EWR,29904,342,339.0
2022-08-03,EWR,28027,340,333.0
2022-08-04,EWR,29678,352,295.0
2022-08-05,EWR,29070,354,243.0
2022-08-06,EWR,28203,300,244.0
2022-08-07,EWR,31699,338,274.0
2022-08-08,EWR,30504,354,318.0
2022-08-09,EWR,29544,344,309.0
2022-08-10,EWR,31230,343,330.0
2022-08-11,EWR,28450,351,330.0
2022-08-12,EWR,29749,354,352.0
2022-08-13,EWR,26326,300,300.0
2022-08-14,EWR,29998,338,335.0
2022-08-15,EWR,30043,353,351.0
2022-08-16,EWR,29294,343,339.0
2022-08-17,EWR,29271,344,333.0
2022-08-18,EWR,31446,351,351.0
2022-08-19,EWR,32062,353,350.0
2022-08-20,EWR,30016,300,296.0
2022-08-21,EWR,32107,339,328.0
2022-08-22,EWR,29831,352,238.0
2022-08-23,EWR,29427,344,282.0
2022-08-24,EWR,26088,342,341.0
2022-08-25,EWR,29920,352,352.0
2022-08-26,EWR,26726,354,309.0
2022-08-27,EWR,24754,300,294.0
2022-08-28,EWR,29658,340,339.0
2022-08-29,EWR,28396,352,342.0
2022-08-30,EWR,26311,345,272.0
2022-08-31,EWR,25655,344,344.0
2022-09-01,EWR,30012,353,352.0
2022-09-02,EWR,29792,353,353.0
2022-09-03,EWR,26049,294,291.0
2022-09-04,EWR,26744,328,314.0
2022-09-05,EWR,29602,348,346.0
2022-09-06,EWR,26007,361,361.0
2022-09-07,EWR,22619,342,342.0
2022-09-08,EWR,26494,352,352.0
2022-09-09,EWR,26708,355,355.0
2022-09-10,EWR,23872,301,301.0
2022-09-11,EWR,29874,346,345.0
2022-09-12,EWR,29220,362,353.0
2022-09-13,EWR,24944,349,347.0
2022-09-14,EWR,26336,347,347.0
2022-09-15,EWR,30350,365,365.0
2022-09-16,EWR,30087,273,273.0
2022-09-17,EWR,27416,232,229.0
2022-09-18,EWR,31348,259,252.0
2022-09-19,EWR,31094,256,254.0
2022-09-20,EWR,27271,246,245.0
2022-09-21,EWR,28919,242,242.0
2022-09-22,EWR,32207,257,238.0
2022-09-23,EWR,30475,268,267.0
2022-09-24,EWR,26639,234,232.0
2022-09-25,EWR,31033,256,256.0
2022-09-26,EWR,27714,359,359.0
2022-09-27,EWR,22633,349,343.0
2022-09-28,EWR,22338,347,303.0
2022-09-29,EWR,26404,364,326.0
2022-09-30,EWR,26248,376,343.0
2022-10-01,EWR,23150,327,312.0
2022-10-02,EWR,30290,364,355.0
2022-10-03,EWR,26926,376,370.0
2022-10-04,EWR,22492,365,350.0
2022-10-05,EWR,25032,362,360.0
2022-10-06,EWR,29212,370,369.0
2022-10-07,EWR,28700,372,371.0
2022-10-08,EWR,26931,327,326.0
2022-10-09,EWR,28741,360,358.0
2022-10-10,EWR,29105,374,373.0
2022-10-11,EWR,25124,363,362.0
2022-10-12,EWR,26378,363,363.0
2022-10-13,EWR,29243,373,359.0
2022-10-14,EWR,28856,376,372.0
2022-10-15,EWR,25237,328,326.0
2022-10-16,EWR,30477,361,359.0
2022-10-17,EWR,29432,374,373.0
2022-10-18,EWR,24896,363,363.0
2022-10-19,EWR,25401,363,363.0
2022-10-20,EWR,29825,373,373.0
2022-10-21,EWR,28224,375,375.0
2022-10-22,EWR,25556,326,326.0
2022-10-23,EWR,31519,361,359.0
2022-10-24,EWR,29688,374,371.0
2022-10-25,EWR,24564,363,356.0
2022-10-26,EWR,24923,363,361.0
2022-10-27,EWR,30607,373,373.0
2022-10-28,EWR,27051,372,372.0
2022-10-29,EWR,23514,325,325.0
2022-10-30,EWR,27428,377,377.0
2022-10-31,EWR,24335,383,382.0
2022-11-01,EWR,26099,385,384.0
2022-11-02,EWR,25172,387,386.0
2022-11-03,EWR,30268,395,394.0
2022-11-04,EWR,29244,398,394.0
2022-11-05,EWR,25073,333,327.0
2022-11-06,EWR,30516,383,382.0
2022-11-07,EWR,30301,391,388.0
2022-11-08,EWR,25740,383,383.0
2022-11-09,EWR,26094,380,358.0
2022-11-10,EWR,28290,391,366.0
2022-11-11,EWR,27205,392,367.0
2022-11-12,EWR,24682,331,331.0
2022-11-13,EWR,29898,383,382.0
2022-11-14,EWR,27742,392,392.0
2022-11-15,EWR,21720,382,382.0
2022-11-16,EWR,23539,381,381.0
2022-11-17,EWR,28311,388,385.0
2022-11-18,EWR,30794,395,390.0
2022-11-19,EWR,26965,342,340.0
2022-11-20,EWR,30630,386,385.0
2022-11-21,EWR,29286,396,394.0
2022-11-22,EWR,29628,393,393.0
2022-11-23,EWR,30537,394,394.0
2022-11-24,EWR,23834,251,251.0
2022-11-25,EWR,26818,338,338.0
2022-11-26,EWR,29683,361,361.0
2022-11-27,EWR,33416,396,391.0
2022-11-28,EWR,30828,400,399.0
2022-11-29,EWR,26172,382,377.0
2022-11-30,EWR,24308,378,344.0
2022-12-01,EWR,25932,388,385.0
2022-12-02,EWR,25193,390,389.0
2022-12-03,EWR,21901,328,325.0
2022-12-04,EWR,28674,381,381.0
2022-12-05,EWR,26665,394,394.0
2022-12-06,EWR,22395,382,380.0
2022-12-07,EWR,23839,375,375.0
2022-12-08,EWR,26179,389,389.0
2022-12-09,EWR,25507,390,390.0
2022-12-10,EWR,22678,326,326.0
2022-12-11,EWR,29692,377,372.0
2022-12-12,EWR,27021,392,390.0
2022-12-13,EWR,24563,375,375.0
2022-12-14,EWR,24623,377,377.0
2022-12-15,EWR,27815,386,384.0
2022-12-16,EWR,28274,384,382.0
2022-12-17,EWR,26550,343,341.0
2022-12-18,EWR,30060,361,358.0
2022-12-19,EWR,28471,375,374.0
2022-12-20,EWR,29350,372,370.0
2022-12-21,EWR,29877,375,372.0
2022-12-22,EWR,30974,377,364.0
2022-12-23,EWR,26237,375,305.0
2022-12-24,EWR,23545,323,246.0
2022-12-25,EWR,24781,336,261.0
2022-12-26,EWR,29863,363,338.0
2022-12-27,EWR,27885,366,352.0
2022-12-28,EWR,28836,366,363.0
2022-12-29,EWR,29321,370,369.0
2022-12-30,EWR,28501,368,368.0
2022-12-31,EWR,23979,321,319.0
2023-01-01,EWR,26551,341,338.0
2023-01-02,EWR,28763,368,353.0
2023-01-03,EWR,26676,359,352.0
2023-01-04,EWR,26887,362,355.0
2023-01-05,EWR,26258,362,357.0
2023-01-06,EWR,26374,363,362.0
2023-01-07,EWR,23665,329,328.0
2023-01-08,EWR,29526,373,373.0
2023-01-09,EWR,25106,388,387.0
2023-01-10,EWR,23956,384,382.0
2023-01-11,EWR,22908,379,347.0
2023-01-12,EWR,21343,390,388.0
2023-01-13,EWR,23573,385,384.0
2023-01-14,EWR,22582,334,334.0
2023-01-15,EWR,21070,374,373.0
2023-01-16,EWR,20272,387,383.0
2023-01-17,EWR,25034,384,384.0
2023-01-18,EWR,23427,380,380.0
2023-01-19,EWR,22822,393,388.0
2023-01-20,EWR,25253,390,390.0
2023-01-21,EWR,23690,334,334.0
2023-01-22,EWR,27633,386,386.0
2023-01-23,EWR,23495,395,389.0
2023-01-24,EWR,24791,390,388.0
2023-01-25,EWR,25242,385,378.0
2023-01-26,EWR,20734,400,399.0
2023-01-27,EWR,20178,397,397.0
2023-01-28,EWR,23163,339,338.0
2023-01-29,EWR,24915,390,390.0
2023-01-30,EWR,22130,396,390.0
2023-01-31,EWR,23029,386,373.0
2023-02-01,EWR,22058,387,375.0
2023-02-02,EWR,22447,401,396.0
2023-02-03,EWR,21789,399,386.0
2023-02-04,EWR,21229,339,334.0
2023-02-05,EWR,24682,389,388.0
2023-02-06,EWR,23568,399,399.0
2023-02-07,EWR,24294,389,389.0
2023-02-08,EWR,22149,390,390.0
2023-02-09,EWR,24166,407,407.0
2023-02-10,EWR,18207,404,404.0
2023-02-11,EWR,20902,346,344.0
2023-02-12,EWR,20830,389,388.0
2023-02-13,EWR,24066,402,402.0
2023-02-14,EWR,21061,395,392.0
2023-02-15,EWR,18024,397,397.0
2023-02-16,EWR,22716,408,404.0
2023-02-17,EWR,21854,408,405.0
2023-02-18,EWR,22068,353,352.0
2023-02-19,EWR,20965,391,391.0
2023-02-20,EWR,19820,410,409.0
2023-02-21,EWR,19246,404,402.0
2023-02-22,EWR,18045,402,388.0
2023-02-23,EWR,18932,409,399.0
2023-02-24,EWR,18681,407,406.0
2023-02-25,EWR,21914,353,350.0
2023-02-26,EWR,22075,400,399.0
2023-02-27,EWR,22113,410,392.0
2023-02-28,EWR,23372,403,383.0
2023-03-01,EWR,22232,400,399.0
2023-03-02,EWR,21446,407,406.0
2023-03-03,EWR,24642,417,400.0
2023-03-04,EWR,24763,360,353.0
2023-03-05,EWR,23839,408,405.0
2023-03-06,EWR,18354,420,420.0
2023-03-07,EWR,23047,413,410.0
2023-03-08,EWR,19706,410,406.0
2023-03-09,EWR,22309,419,418.0
2023-03-10,EWR,20938,416,411.0
2023-03-11,EWR,23292,365,361.0
2023-03-12,EWR,22860,409,405.0
2023-03-13,EWR,19770,420,414.0
2023-03-14,EWR,22360,414,364.0
2023-03-15,EWR,19133,414,412.0
2023-03-16,EWR,20440,419,418.0
2023-03-17,EWR,21028,416,415.0
2023-03-18,EWR,20970,362,362.0
2023-03-19,EWR,22190,409,409.0
2023-03-20,EWR,22896,419,419.0
2023-03-21,EWR,23114,414,412.0
2023-03-22,EWR,19492,414,412.0
2023-03-23,EWR,21303,419,418.0
2023-03-24,EWR,21616,415,414.0
2023-03-25,EWR,23656,359,356.0
2023-03-26,EWR,21117,402,397.0
2023-03-27,EWR,21241,413,411.0
2023-03-28,EWR,19468,407,407.0
2023-03-29,EWR,21622,409,409.0
2023-03-30,EWR,21155,413,412.0
2023-03-31,EWR,20071,411,404.0
2023-04-01,EWR,21350,363,327.0
2023-04-02,EWR,22552,404,393.0
2023-04-03,EWR,21157,415,411.0
2023-04-04,EWR,20044,408,407.0
2023-04-05,EWR,19593,410,395.0
2023-04-06,EWR,20606,415,411.0
2023-04-07,EWR,22664,413,411.0
2023-04-08,EWR,18459,359,358.0
2023-04-09,EWR,19261,403,400.0
2023-04-10,EWR,22583,415,415.0
2023-04-11,EWR,20710,406,406.0
2023-04-12,EWR,19997,407,399.0
2023-04-13,EWR,21058,415,393.0
2023-04-14,EWR,21830,413,403.0
2023-04-15,EWR,21969,360,262.0
2023-04-16,EWR,23626,405,346.0
2023-04-17,EWR,21769,415,405.0
2023-04-18,EWR,23738,407,404.0
2023-04-19,EWR,21179,404,404.0
2023-04-20,EWR,21527,413,404.0
2023-04-21,EWR,21536,410,409.0
2023-04-22,EWR,23101,359,291.0
2023-04-23,EWR,25876,401,398.0
2023-04-24,EWR,24423,413,412.0
2023-04-25,EWR,25336,404,404.0
2023-04-26,EWR,22911,404,403.0
2023-04-27,EWR,24599,412,412.0
2023-04-28,EWR,21037,410,409.0
2023-04-29,EWR,24958,357,351.0
2023-04-30,EWR,24019,402,334.0
2023-05-01,EWR,23384,409,399.0
2023-05-02,EWR,26612,401,400.0
2023-05-03,EWR,25021,403,403.0
2023-05-04,EWR,24223,411,410.0
2023-05-05,EWR,23148,410,405.0
2023-05-06,EWR,24766,364,364.0
2023-05-07,EWR,23012,407,407.0
2023-05-08,EWR,25906,411,410.0
2023-05-09,EWR,23158,404,404.0
2023-05-10,EWR,22436,405,404.0
2023-05-11,EWR,22478,413,413.0
2023-05-12,EWR,21652,412,411.0
2023-05-13,EWR,22736,367,366.0
2023-05-14,EWR,24982,405,405.0
2023-05-15,EWR,23961,411,408.0
2023-05-16,EWR,22191,400,400.0
2023-05-17,EWR,22251,400,398.0
2023-05-18,EWR,23645,404,404.0
2023-05-19,EWR,25011,407,402.0
2023-05-20,EWR,25125,360,359.0
2023-05-21,EWR,21535,400,400.0
2023-05-22,EWR,23869,409,408.0
2023-05-23,EWR,23206,401,399.0
2023-05-24,EWR,23541,402,401.0
2023-05-25,EWR,25014,406,406.0
2023-05-26,EWR,23210,407,405.0
2023-05-27,EWR,19665,354,354.0
2023-05-28,EWR,23789,386,386.0
2023-05-29,EWR,22740,407,406.0
2023-05-30,EWR,22510,398,397.0
2023-05-31,EWR,23181,397,393.0
2023-06-01,EWR,23220,400,399.0
2023-06-02,EWR,23062,389,363.0
2023-06-03,EWR,25732,339,334.0
2023-06-04,EWR,24731,380,380.0
2023-06-05,EWR,23804,390,388.0
2023-06-06,EWR,21567,381,379.0
2023-06-07,EWR,24514,380,375.0
2023-06-08,EWR,23327,388,387.0
2023-06-09,EWR,25256,386,386.0
2023-06-10,EWR,26328,334,334.0
2023-06-11,EWR,26193,376,373.0
2023-06-12,EWR,24820,388,345.0
2023-06-13,EWR,22896,380,375.0
2023-06-14,EWR,25232,379,348.0
2023-06-15,EWR,24284,387,386.0
2023-06-16,EWR,26564,383,343.0
2023-06-17,EWR,24312,334,331.0
2023-06-18,EWR,24493,375,368.0
2023-06-19,EWR,25663,387,380.0
2023-06-20,EWR,24868,379,377.0
2023-06-21,EWR,23958,381,375.0
2023-06-22,EWR,26206,383,374.0
2023-06-23,EWR,25516,391,378.0
2023-06-24,EWR,23211,340,291.0
2023-06-25,EWR,27775,378,247.0
2023-06-26,EWR,27635,389,183.0
2023-06-27,EWR,28158,381,186.0
2023-06-28,EWR,28658,385,288.0
2023-06-29,EWR,24867,388,338.0
2023-06-30,EWR,24248,388,367.0
2023-07-01,EWR,21464,340,327.0
2023-07-02,EWR,28235,369,295.0
2023-07-03,EWR,24769,357,349.0
2023-07-04,EWR,23856,355,302.0
2023-07-05,EWR,22944,387,382.0
2023-07-06,EWR,24102,386,383.0
2023-07-07,EWR,24886,384,312.0
2023-07-08,EWR,24123,342,323.0
2023-07-09,EWR,25410,376,221.0
2023-07-10,EWR,26527,389,346.0
2023-07-11,EWR,22687,383,381.0
2023-07-12,EWR,22851,385,383.0
2023-07-13,EWR,21497,390,381.0
2023-07-14,EWR,23938,388,286.0
2023-07-15,EWR,25143,342,249.0
2023-07-16,EWR,26155,377,248.0
2023-07-17,EWR,23346,390,377.0
2023-07-18,EWR,21644,383,312.0
2023-07-19,EWR,20390,385,355.0
2023-07-20,EWR,20222,390,384.0
2023-07-21,EWR,22608,388,356.0
2023-07-22,EWR,20488,342,339.0
2023-07-23,EWR,21135,377,376.0
2023-07-24,EWR,22741,389,387.0
2023-07-25,EWR,23588,383,281.0
2023-07-26,EWR,21253,385,368.0
2023-07-27,EWR,21320,390,340.0
2023-07-28,EWR,24693,388,366.0
2023-07-29,EWR,21934,341,266.0
2023-07-30,EWR,24426,377,362.0
2023-07-31,EWR,23810,388,378.0
2023-08-01,EWR,20051,385,380.0
2023-08-02,EWR,22755,384,380.0
2023-08-03,EWR,23528,390,389.0
2023-08-04,EWR,22391,387,372.0
2023-08-05,EWR,21537,341,339.0
2023-08-06,EWR,21741,374,368.0
2023-08-07,EWR,21324,377,314.0
2023-08-08,EWR,24282,372,358.0
2023-08-09,EWR,21855,374,373.0
2023-08-10,EWR,25744,381,381.0
2023-08-11,EWR,23573,379,377.0
2023-08-12,EWR,22899,335,332.0
2023-08-13,EWR,22596,366,366.0
2023-08-14,EWR,24612,381,378.0
2023-08-15,EWR,21064,374,373.0
2023-08-16,EWR,24261,374,374.0
2023-08-17,EWR,21696,380,378.0
2023-08-18,EWR,23298,379,374.0
2023-08-19,EWR,23520,348,344.0
2023-08-20,EWR,23296,367,363.0
2023-08-21,EWR,22737,380,378.0
2023-08-22,EWR,22433,374,374.0
2023-08-23,EWR,20192,374,373.0
2023-08-24,EWR,18010,381,378.0
2023-08-25,EWR,18040,380,379.0
2023-08-26,EWR,19198,349,347.0
2023-08-27,EWR,19637,368,367.0
2023-08-28,EWR,19473,380,375.0
2023-08-29,EWR,17936,374,364.0
2023-08-30,EWR,21551,374,357.0
2023-08-31,EWR,20289,379,377.0
2023-09-01,EWR,20984,380,380.0
2023-09-02,EWR,20208,330,330.0
2023-09-03,EWR,18543,353,353.0
2023-09-04,EWR,20149,381,381.0
2023-09-05,EWR,16146,379,379.0
2023-09-06,EWR,20948,372,372.0
2023-09-07,EWR,18978,388,306.0
2023-09-08,EWR,19886,388,273.0
2023-09-09,EWR,20999,360,230.0
2023-09-10,EWR,20311,386,284.0
2023-09-11,EWR,19938,389,306.0
2023-09-12,EWR,17578,374,361.0
2023-09-13,EWR,17314,376,375.0
2023-09-14,EWR,20006,391,389.0
2023-09-15,EWR,18600,390,385.0
2023-09-16,EWR,18656,362,352.0
2023-09-17,EWR,18285,386,385.0
2023-09-18,EWR,20442,393,393.0
2023-09-19,EWR,19043,377,375.0
2023-09-20,EWR,18192,379,378.0
2023-09-21,EWR,18085,393,392.0
2023-09-22,EWR,19359,396,395.0
2023-09-23,EWR,21710,363,358.0
2023-09-24,EWR,17853,386,385.0
2023-09-25,EWR,20075,391,389.0
2023-09-26,EWR,17529,376,375.0
2023-09-27,EWR,15778,377,377.0
2023-09-28,EWR,19754,390,390.0
2023-09-29,EWR,20710,400,398.0
2023-09-30,EWR,19643,367,367.0
2023-10-01,EWR,20751,388,387.0
2023-10-02,EWR,19011,396,395.0
2023-10-03,EWR,18820,370,370.0
2023-10-04,EWR,16565,383,382.0
2023-10-05,EWR,18850,392,391.0
2023-10-06,EWR,18183,395,394.0
2023-10-07,EWR,18947,345,344.0
2023-10-08,EWR,19844,387,387.0
2023-10-09,EWR,19214,393,393.0
2023-10-10,EWR,19516,377,377.0
2023-10-11,EWR,16109,388,387.0
2023-10-12,EWR,20166,392,392.0
2023-10-13,EWR,18457,394,394.0
2023-10-14,EWR,19054,344,344.0
2023-10-15,EWR,19437,387,387.0
2023-10-16,EWR,18418,392,392.0
2023-10-17,EWR,18353,377,377.0
2023-10-18,EWR,16417,388,388.0
2023-10-19,EWR,17759,391,390.0
2023-10-20,EWR,20151,393,389.0
2023-10-21,EWR,17470,343,341.0
2023-10-22,EWR,17389,386,385.0
2023-10-23,EWR,18249,393,392.0
2023-10-24,EWR,16351,375,374.0
2023-10-25,EWR,16426,388,388.0
2023-10-26,EWR,17688,392,390.0
2023-10-27,EWR,17422,394,393.0
2023-10-28,EWR,17171,345,345.0
2023-10-29,EWR,17174,370,370.0
2023-10-30,EWR,18954,384,384.0
2023-10-31,EWR,23079,363,363.0
2023-11-01,EWR,17040,358,358.0
2023-11-02,EWR,19296,372,372.0
2023-11-03,EWR,18094,371,371.0
2023-11-04,EWR,17444,333,333.0
2023-11-05,EWR,19625,364,364.0
2023-11-06,EWR,18165,371,371.0
2023-11-07,EWR,15359,364,364.0
2023-11-08,EWR,17193,361,361.0
2023-11-09,EWR,17444,371,370.0
2023-11-10,EWR,16780,370,369.0
2023-11-11,EWR,18300,331,330.0
2023-11-12,EWR,19361,363,363.0
2023-11-13,EWR,16872,371,370.0
2023-11-14,EWR,17309,364,364.0
2023-11-15,EWR,16896,363,363.0
2023-11-16,EWR,18275,376,376.0
2023-11-17,EWR,18029,377,377.0
2023-11-18,EWR,18365,338,336.0
2023-11-19,EWR,17215,373,373.0
2023-11-20,EWR,16728,377,376.0
2023-11-21,EWR,19490,372,372.0
2023-11-22,EWR,19256,374,374.0
2023-11-23,EWR,21390,215,215.0
2023-11-24,EWR,17564,310,310.0
2023-11-25,EWR,17798,349,349.0
2023-11-26,EWR,18900,381,381.0
2023-11-27,EWR,18380,378,378.0
2023-11-28,EWR,16577,359,359.0
2023-11-29,EWR,17893,358,357.0
2023-11-30,EWR,16689,373,373.0
2023-12-01,EWR,15696,367,367.0
2023-12-02,EWR,15539,327,327.0
2023-12-03,EWR,18022,370,370.0
2023-12-04,EWR,18718,372,372.0
2023-12-05,EWR,15621,356,356.0
2023-12-06,EWR,16403,356,356.0
2023-12-07,EWR,16459,366,366.0
2023-12-08,EWR,16074,369,369.0
2023-12-09,EWR,17720,325,325.0
2023-12-10,EWR,17064,366,366.0
2023-12-11,EWR,16141,374,374.0
2023-12-12,EWR,15097,359,359.0
2023-12-13,EWR,18109,359,359.0
2023-12-14,EWR,16274,344,344.0
2023-12-15,EWR,19489,346,346.0
2023-12-16,EWR,19155,312,312.0
2023-12-17,EWR,20399,333,332.0
2023-12-18,EWR,19592,334,330.0
2023-12-19,EWR,18945,334,332.0
2023-12-20,EWR,18677,344,344.0
2023-12-21,EWR,20517,334,334.0
2023-12-22,EWR,19074,330,330.0
2023-12-23,EWR,19464,311,311.0
2023-12-24,EWR,18667,296,296.0
2023-12-25,EWR,16977,294,294.0
2023-12-26,EWR,20263,330,328.0
2023-12-27,EWR,18772,329,329.0
2023-12-28,EWR,18446,333,331.0
2023-12-29,EWR,18147,332,332.0
2023-12-30,EWR,17731,313,312.0
2023-12-31,EWR,18194,302,302.0
2024-01-01,EWR,18949,301,301.0
2024-01-02,EWR,20044,328,328.0
2024-01-03,EWR,19778,324,323.0
2024-01-04,EWR,20686,319,319.0
2024-01-05,EWR,18321,316,316.0
2024-01-06,EWR,18341,301,279.0
2024-01-07,EWR,19145,318,288.0
2024-01-08,EWR,17452,320,287.0
2024-01-09,EWR,15655,341,305.0
2024-01-10,EWR,16125,331,295.0
2024-01-11,EWR,15687,349,328.0
2024-01-12,EWR,16377,350,314.0
2024-01-13,EWR,19459,300,272.0
2024-01-14,EWR,14767,321,291.0
2024-01-15,EWR,16216,349,311.0
2024-01-16,EWR,18197,328,260.0
2024-01-17,EWR,14225,329,306.0
2024-01-18,EWR,16486,347,318.0
2024-01-19,EWR,17715,347,287.0
2024-01-20,EWR,22559,298,276.0
2024-01-21,EWR,18574,324,308.0
2024-01-22,EWR,16409,347,317.0
2024-01-23,EWR,18256,327,292.0
2024-01-24,EWR,16174,329,295.0
2024-01-25,EWR,14622,347,323.0
2024-01-26,EWR,15648,347,328.0
2024-01-27,EWR,20642,298,282.0
2024-01-28,EWR,19077,337,330.0
2024-01-29,EWR,17618,347,344.0
2024-01-30,EWR,20576,327,324.0
2024-01-31,EWR,14544,329,323.0
2024-02-01,EWR,15049,350,347.0
2024-02-02,EWR,15144,349,349.0
2024-02-03,EWR,18624,301,300.0
2024-02-04,EWR,16503,339,338.0
2024-02-05,EWR,14792,349,348.0
2024-02-06,EWR,15622,329,329.0
2024-02-07,EWR,17339,331,331.0
2024-02-08,EWR,17892,350,350.0
2024-02-09,EWR,17142,350,349.0
2024-02-10,EWR,18432,301,299.0
2024-02-11,EWR,19363,339,339.0
2024-02-12,EWR,16295,348,347.0
2024-02-13,EWR,23086,325,222.0
2024-02-14,EWR,17922,336,336.0
2024-02-15,EWR,17939,358,356.0
2024-02-16,EWR,17407,357,353.0
2024-02-17,EWR,19256,311,311.0
2024-02-18,EWR,17988,334,334.0
2024-02-19,EWR,17164,359,358.0
2024-02-20,EWR,14343,347,347.0
2024-02-21,EWR,13763,347,347.0
2024-02-22,EWR,17581,358,358.0
2024-02-23,EWR,16453,357,357.0
2024-02-24,EWR,18890,311,311.0
2024-02-25,EWR,16851,346,346.0
2024-02-26,EWR,18154,359,359.0
2024-02-27,EWR,16466,347,346.0
2024-02-28,EWR,15605,347,345.0
2024-02-29,EWR,17629,358,357.0
2024-03-01,EWR,17971,358,356.0
2024-03-02,EWR,21052,310,310.0
2024-03-03,EWR,18911,346,345.0
2024-03-04,EWR,18767,359,358.0
2024-03-05,EWR,17605,348,348.0
2024-03-06,EWR,16634,347,346.0
2024-03-07,EWR,16238,357,357.0
2024-03-08,EWR,18924,354,353.0
2024-03-09,EWR,19736,313,301.0
2024-03-10,EWR,17987,337,334.0
2024-03-11,EWR,18657,356,349.0
2024-03-12,EWR,15814,346,346.0
2024-03-13,EWR,17014,343,343.0
2024-03-14,EWR,16647,355,352.0
2024-03-15,EWR,18670,357,356.0
2024-03-16,EWR,20142,314,314.0
2024-03-17,EWR,18785,341,340.0
2024-03-18,EWR,16445,358,357.0
2024-03-19,EWR,17649,348,348.0
2024-03-20,EWR,17231,345,344.0
2024-03-21,EWR,18592,358,356.0
2024-03-22,EWR,19174,358,354.0
2024-03-23,EWR,18622,313,306.0
2024-03-24,EWR,18493,341,335.0
2024-03-25,EWR,17157,360,359.0
2024-03-26,EWR,17939,347,347.0
2024-03-27,EWR,16836,346,344.0
2024-03-28,EWR,18995,358,357.0
2024-03-29,EWR,19200,359,355.0
2024-03-30,EWR,16649,311,309.0
2024-03-31,EWR,18190,354,353.0
2024-04-01,EWR,18774,369,369.0
2024-04-02,EWR,16630,358,353.0
2024-04-03,EWR,20306,357,281.0
2024-04-04,EWR,17293,368,349.0
2024-04-05,EWR,18771,368,365.0
2024-04-06,EWR,16976,320,319.0
2024-04-07,EWR,17613,353,353.0
2024-04-08,EWR,19339,368,365.0
2024-04-09,EWR,16338,359,359.0
2024-04-10,EWR,17785,358,358.0
2024-04-11,EWR,18679,370,361.0
2024-04-12,EWR,17759,369,369.0
2024-04-13,EWR,18809,323,322.0
2024-04-14,EWR,18816,354,354.0
2024-04-15,EWR,18995,368,366.0
2024-04-16,EWR,16356,361,360.0
2024-04-17,EWR,15784,358,357.0
2024-04-18,EWR,19586,369,369.0
2024-04-19,EWR,18367,367,366.0
2024-04-20,EWR,17991,320,315.0
2024-04-21,EWR,18901,355,349.0
2024-04-22,EWR,20066,370,369.0
2024-04-23,EWR,15609,361,358.0
2024-04-24,EWR,16765,359,359.0
2024-04-25,EWR,18366,371,371.0
2024-04-26,EWR,17126,370,370.0
2024-04-27,EWR,16988,321,321.0
2024-04-28,EWR,17530,356,354.0
2024-04-29,EWR,17668,369,369.0
2024-04-30,EWR,18673,360,353.0
2024-05-01,EWR,16851,366,366.0
2024-05-02,EWR,18392,380,376.0
2024-05-03,EWR,18056,379,377.0
2024-05-04,EWR,19386,332,332.0
2024-05-05,EWR,21375,374,372.0
2024-05-06,EWR,19466,378,375.0
2024-05-07,EWR,17781,369,364.0
2024-05-08,EWR,17456,370,369.0
2024-05-09,EWR,19212,381,377.0
2024-05-10,EWR,18291,380,378.0
2024-05-11,EWR,20169,330,327.0
2024-05-12,EWR,20107,372,371.0
2024-05-13,EWR,18735,379,379.0
2024-05-14,EWR,18577,370,369.0
2024-05-15,EWR,18004,370,365.0
2024-05-16,EWR,19622,380,374.0
2024-05-17,EWR,19136,382,379.0
2024-05-18,EWR,19596,332,330.0
2024-05-19,EWR,19080,371,366.0
2024-05-20,EWR,20117,380,377.0
2024-05-21,EWR,20756,370,369.0
2024-05-22,EWR,18820,369,367.0
2024-05-23,EWR,20200,372,361.0
2024-05-24,EWR,21706,376,373.0
2024-05-25,EWR,21853,313,312.0
2024-05-26,EWR,19677,322,321.0
2024-05-27,EWR,20403,376,326.0
2024-05-28,EWR,19947,367,357.0
2024-05-29,EWR,18334,366,359.0
2024-05-30,EWR,20420,375,368.0
2024-05-31,EWR,19755,377,372.0
2024-06-01,EWR,18924,314,309.0
2024-06-02,EWR,20738,358,355.0
2024-06-03,EWR,19081,374,374.0
2024-06-04,EWR,18940,364,364.0
2024-06-05,EWR,21261,363,334.0
2024-06-06,EWR,19458,373,370.0
2024-06-07,EWR,19094,374,373.0
2024-06-08,EWR,18344,317,317.0
2024-06-09,EWR,20305,360,358.0
2024-06-10,EWR,20540,374,370.0
2024-06-11,EWR,17022,365,364.0
2024-06-12,EWR,18031,365,345.0
2024-06-13,EWR,19648,372,356.0
2024-06-14,EWR,20439,373,331.0
2024-06-15,EWR,19452,313,306.0
2024-06-16,EWR,20672,359,358.0
2024-06-17,EWR,20882,373,373.0
2024-06-18,EWR,17788,364,361.0
2024-06-19,EWR,19415,363,362.0
2024-06-20,EWR,18301,372,371.0
2024-06-21,EWR,19516,373,371.0
2024-06-22,EWR,20563,313,264.0
2024-06-23,EWR,20059,359,316.0
2024-06-24,EWR,20792,373,371.0
2024-06-25,EWR,18348,365,363.0
2024-06-26,EWR,20313,361,318.0
2024-06-27,EWR,21109,372,356.0
2024-06-28,EWR,19813,377,377.0
2024-06-29,EWR,20837,325,322.0
2024-06-30,EWR,19821,360,269.0
2024-07-01,EWR,21733,371,349.0
2024-07-02,EWR,19853,364,361.0
2024-07-03,EWR,18661,363,362.0
2024-07-04,EWR,20726,331,331.0
2024-07-05,EWR,18869,360,354.0
2024-07-06,EWR,19568,324,321.0
2024-07-07,EWR,19528,361,360.0
2024-07-08,EWR,20517,375,364.0
2024-07-09,EWR,19692,367,362.0
2024-07-10,EWR,19340,365,351.0
2024-07-11,EWR,17924,373,369.0
2024-07-12,EWR,21040,375,360.0
2024-07-13,EWR,19187,323,319.0
2024-07-14,EWR,20588,358,325.0
2024-07-15,EWR,19767,374,357.0
2024-07-16,EWR,19459,367,357.0
2024-07-17,EWR,20113,365,296.0
2024-07-18,EWR,20320,374,363.0
2024-07-19,EWR,19030,374,273.0
2024-07-20,EWR,20684,323,286.0
2024-07-21,EWR,20533,359,308.0
2024-07-22,EWR,20244,374,313.0
2024-07-23,EWR,19760,367,353.0
2024-07-24,EWR,19370,366,346.0
2024-07-25,EWR,21436,374,371.0
2024-07-26,EWR,19609,375,374.0
2024-07-27,EWR,18984,323,321.0
2024-07-28,EWR,21441,344,338.0
2024-07-29,EWR,21165,350,349.0
2024-07-30,EWR,19401,342,324.0
2024-07-31,EWR,21516,341,334.0
2024-08-01,EWR,22778,348,341.0
2024-08-02,EWR,20689,347,277.0
2024-08-03,EWR,20893,305,213.0
2024-08-04,EWR,20174,336,244.0
2024-08-05,EWR,18880,350,306.0
2024-08-06,EWR,19050,340,226.0
2024-08-07,EWR,18787,339,306.0
2024-08-08,EWR,21327,347,347.0
2024-08-09,EWR,21474,349,291.0
2024-08-10,EWR,22585,303,300.0
2024-08-11,EWR,22304,338,336.0
2024-08-12,EWR,21021,371,369.0
2024-08-13,EWR,18578,360,356.0
2024-08-14,EWR,18815,362,358.0
2024-08-15,EWR,20154,369,368.0
2024-08-16,EWR,20533,369,366.0
2024-08-17,EWR,20680,318,316.0
2024-08-18,EWR,19712,356,229.0
2024-08-19,EWR,19617,375,269.0
2024-08-20,EWR,18561,367,360.0
2024-08-21,EWR,18685,363,360.0
2024-08-22,EWR,19018,367,365.0
2024-08-23,EWR,18294,368,367.0
2024-08-24,EWR,18288,327,327.0
2024-08-25,EWR,21188,359,358.0
2024-08-26,EWR,20966,369,369.0
2024-08-27,EWR,18337,351,351.0
2024-08-28,EWR,19528,353,353.0
2024-08-29,EWR,19572,367,360.0
2024-08-30,EWR,19559,368,364.0
2024-08-31,EWR,23476,320,318.0
2024-09-01,EWR,19696,331,331.0
2024-09-02,EWR,21034,367,347.0
2024-09-03,EWR,19487,350,349.0
2024-09-04,EWR,20377,340,340.0
2024-09-05,EWR,19807,360,357.0
2024-09-06,EWR,19602,363,362.0
2024-09-07,EWR,20437,318,318.0
2024-09-08,EWR,20187,356,355.0
2024-09-09,EWR,19439,363,363.0
2024-09-10,EWR,17598,345,345.0
2024-09-11,EWR,19989,346,342.0
2024-09-12,EWR,14473,362,361.0
2024-09-13,EWR,17257,363,361.0
2024-09-14,EWR,19115,322,322.0
2024-09-15,EWR,21072,356,356.0
2024-09-16,EWR,19971,363,362.0
2024-09-17,EWR,17142,344,342.0
2024-09-18,EWR,17480,346,346.0
2024-09-19,EWR,15777,362,362.0
2024-09-20,EWR,19441,364,364.0
2024-09-21,EWR,17592,320,319.0
2024-09-22,EWR,19999,357,355.0
2024-09-23,EWR,19018,363,362.0
2024-09-24,EWR,16391,345,344.0
2024-09-25,EWR,19143,349,347.0
2024-09-26,EWR,19454,377,351.0
2024-09-27,EWR,19019,373,362.0
2024-09-28,EWR,19287,321,318.0
2024-09-29,EWR,18408,371,367.0
2024-09-30,EWR,19000,375,372.0
2024-10-01,EWR,17753,358,355.0
2024-10-02,EWR,15918,361,360.0
2024-10-03,EWR,19013,375,372.0
2024-10-04,EWR,20283,374,373.0
2024-10-05,EWR,19333,318,317.0
2024-10-06,EWR,17800,370,366.0
2024-10-07,EWR,19549,376,375.0
2024-10-08,EWR,16232,362,343.0
2024-10-09,EWR,18543,365,329.0
2024-10-10,EWR,19550,374,341.0
2024-10-11,EWR,19588,376,370.0
2024-10-12,EWR,16685,325,322.0
2024-10-13,EWR,18918,372,369.0
2024-10-14,EWR,20427,376,374.0
2024-10-15,EWR,17177,364,362.0
2024-10-16,EWR,15951,365,365.0
2024-10-17,EWR,18960,375,374.0
2024-10-18,EWR,19719,374,369.0
2024-10-19,EWR,18617,326,325.0
2024-10-20,EWR,18124,371,371.0
2024-10-21,EWR,18754,376,376.0
2024-10-22,EWR,16259,364,364.0
2024-10-23,EWR,17356,365,365.0
2024-10-24,EWR,16654,375,374.0
2024-10-25,EWR,20176,375,375.0
2024-10-26,EWR,19335,332,331.0
2024-10-27,EWR,18947,366,365.0
2024-10-28,EWR,19857,375,375.0
2024-10-29,EWR,19914,361,361.0
2024-10-30,EWR,17927,356,356.0
2024-10-31,EWR,17699,358,357.0
2024-11-01,EWR,18561,373,372.0
2024-11-02,EWR,18643,323,323.0
2024-11-03,EWR,17705,365,365.0
2024-11-04,EWR,19228,372,372.0
2024-11-05,EWR,16256,353,353.0
2024-11-06,EWR,18225,356,356.0
2024-11-07,EWR,17201,373,369.0
2024-11-08,EWR,18226,370,368.0
2024-11-09,EWR,17056,321,321.0
2024-11-10,EWR,19403,364,363.0
2024-11-11,EWR,16809,374,373.0
2024-11-12,EWR,16454,360,356.0
2024-11-13,EWR,18493,361,360.0
2024-11-14,EWR,15853,373,373.0
2024-11-15,EWR,18728,374,363.0
2024-11-16,EWR,21330,319,317.0
2024-11-17,EWR,16949,365,365.0
2024-11-18,EWR,17047,374,374.0
2024-11-19,EWR,16275,363,362.0
2024-11-20,EWR,16471,364,363.0
2024-11-21,EWR,19141,382,382.0
2024-11-22,EWR,19396,382,381.0
2024-11-23,EWR,19419,334,333.0
2024-11-24,EWR,17873,374,373.0
2024-11-25,EWR,19161,381,381.0
2024-11-26,EWR,17781,381,381.0
2024-11-27,EWR,18893,382,382.0
2024-11-28,EWR,15215,192,192.0
2024-11-29,EWR,17994,345,345.0
2024-11-30,EWR,20175,348,347.0
2024-12-01,EWR,21045,380,380.0
2024-12-02,EWR,20085,383,381.0
2024-12-03,EWR,17976,357,357.0
2024-12-04,EWR,17023,354,354.0
2024-12-05,EWR,17497,367,348.0
2024-12-06,EWR,17482,368,368.0
2024-12-07,EWR,19647,325,316.0
2024-12-08,EWR,20300,362,362.0
2024-12-09,EWR,18731,368,367.0
2024-12-10,EWR,17936,357,357.0
2024-12-11,EWR,18336,358,347.0
2024-12-12,EWR,17813,367,367.0
2024-12-13,EWR,19822,368,368.0
2024-12-14,EWR,20513,324,323.0
2024-12-15,EWR,18812,362,362.0
2024-12-16,EWR,18840,368,368.0
2024-12-17,EWR,17993,358,358.0
2024-12-18,EWR,18740,355,355.0
2024-12-19,EWR,16164,350,348.0
2024-12-20,EWR,20753,352,345.0
2024-12-21,EWR,20115,334,333.0
2024-12-22,EWR,19720,351,351.0
2024-12-23,EWR,20697,351,351.0
2024-12-24,EWR,18463,314,313.0
2024-12-25,EWR,15385,309,309.0
2024-12-26,EWR,20577,345,343.0
2024-12-27,EWR,18886,343,342.0
2024-12-28,EWR,18342,327,323.0
2024-12-29,EWR,19774,343,333.0
2024-12-30,EWR,19159,343,342.0
2024-12-31,EWR,19253,322,319.0
2025-01-01,EWR,18886,322,322.0
2025-01-02,EWR,20802,344,343.0
2025-01-03,EWR,19914,340,339.0
2025-01-04,EWR,20421,323,320.0
2025-01-05,EWR,18785,348,339.0
2025-01-06,EWR,19260,344,333.0
2025-01-07,EWR,17317,331,330.0
2025-01-08,EWR,14758,328,328.0
2025-01-09,EWR,16349,334,323.0
2025-01-10,EWR,17287,333,311.0
2025-01-11,EWR,16728,295,293.0
2025-01-12,EWR,16541,330,330.0
2025-01-13,EWR,17281,335,335.0
2025-01-14,EWR,14713,320,320.0
2025-01-15,EWR,15206,319,319.0
2025-01-16,EWR,15365,334,334.0
2025-01-17,EWR,16817,332,331.0
2025-01-18,EWR,15657,294,294.0
2025-01-19,EWR,16215,328,242.0
2025-01-20,EWR,17949,335,324.0
2025-01-21,EWR,13469,322,302.0
2025-01-22,EWR,15369,320,302.0
2025-01-23,EWR,13906,334,327.0
2025-01-24,EWR,15969,332,330.0
2025-01-25,EWR,21176,295,295.0
2025-01-26,EWR,16894,330,330.0
2025-01-27,EWR,13847,335,335.0
2025-01-28,EWR,18099,321,321.0
2025-01-29,EWR,14831,320,320.0
2025-01-30,EWR,16894,334,331.0
2025-01-31,EWR,15014,332,332.0
2025-02-01,EWR,24204,295,295.0
2025-02-02,EWR,14796,330,329.0
2025-02-03,EWR,17219,335,334.0
2025-02-04,EWR,14018,321,321.0
2025-02-05,EWR,13632,320,320.0
2025-02-06,EWR,17069,336,326.0
2025-02-07,EWR,17445,337,336.0
2025-02-08,EWR,18811,295,274.0
2025-02-09,EWR,18217,328,316.0
2025-02-10,EWR,16273,336,336.0
2025-02-11,EWR,14584,321,321.0
2025-02-12,EWR,17879,325,324.0
2025-02-13,EWR,17878,355,351.0
2025-02-14,EWR,18955,353,353.0
2025-02-15,EWR,18951,313,310.0
2025-02-16,EWR,20190,345,311.0
2025-02-17,EWR,16717,354,336.0
2025-02-18,EWR,15871,347,347.0
2025-02-19,EWR,15592,339,336.0
2025-02-20,EWR,17793,355,355.0
2025-02-21,EWR,16810,353,353.0
2025-02-22,EWR,17905,314,314.0
2025-02-23,EWR,18460,348,348.0
2025-02-24,EWR,17079,354,353.0
2025-02-25,EWR,16190,347,346.0
2025-02-26,EWR,13966,339,339.0
2025-02-27,EWR,18007,355,355.0
2025-02-28,EWR,17638,353,353.0
2025-03-01,EWR,19632,309,309.0
2025-03-02,EWR,18412,348,348.0
2025-03-03,EWR,18379,354,352.0
2025-03-04,EWR,16019,345,345.0
2025-03-05,EWR,13956,336,321.0
2025-03-06,EWR,16343,353,353.0
2025-03-07,EWR,17430,355,355.0
2025-03-08,EWR,21790,303,303.0
2025-03-09,EWR,19312,348,343.0
2025-03-10,EWR,17362,355,355.0
2025-03-11,EWR,15563,349,349.0
2025-03-12,EWR,17059,348,348.0
2025-03-13,EWR,17297,354,353.0
2025-03-14,EWR,18659,355,354.0
2025-03-15,EWR,17040,302,287.0
2025-03-16,EWR,18522,348,338.0
2025-03-17,EWR,16460,355,352.0
2025-03-18,EWR,15381,348,348.0
2025-03-19,EWR,15763,349,349.0
2025-03-20,EWR,17546,358,358.0
2025-03-21,EWR,18634,359,359.0
2025-03-22,EWR,17533,307,307.0
2025-03-23,EWR,16297,352,352.0
2025-03-24,EWR,17279,359,359.0
2025-03-25,EWR,16181,353,353.0
2025-03-26,EWR,14889,351,351.0
2025-03-27,EWR,18057,358,358.0
2025-03-28,EWR,16950,359,358.0
2025-03-29,EWR,17211,309,309.0
2025-03-30,EWR,16292,329,326.0
2025-03-31,EWR,17655,340,302.0
2025-04-01,EWR,15499,332,326.0
2025-04-02,EWR,15210,331,325.0
2025-04-03,EWR,16281,336,335.0
2025-04-04,EWR,18330,335,334.0
2025-04-05,EWR,17121,302,299.0
2025-04-06,EWR,18104,332,330.0
2025-04-07,EWR,17930,335,330.0
2025-04-08,EWR,17169,330,329.0
2025-04-09,EWR,19677,323,323.0
2025-04-10,EWR,19271,332,332.0
2025-04-11,EWR,20067,332,332.0
2025-04-12,EWR,15645,298,298.0
2025-04-13,EWR,18809,330,330.0
2025-04-14,EWR,21007,328,328.0
2025-04-15,EWR,15528,305,305.0
2025-04-16,EWR,18697,305,305.0
2025-04-17,EWR,18378,315,314.0
2025-04-18,EWR,19200,315,310.0
2025-04-19,EWR,16078,287,286.0
2025-04-20,EWR,22106,319,297.0
2025-04-21,EWR,18970,314,302.0
2025-04-22,EWR,17954,305,305.0
2025-04-23,EWR,16626,306,306.0
2025-04-24,EWR,19937,314,312.0
2025-04-25,EWR,17160,314,313.0
2025-04-26,EWR,19200,288,276.0
2025-04-27,EWR,18378,317,309.0
2025-04-28,EWR,20440,313,263.0
2025-04-29,EWR,18886,304,297.0
2025-04-30,EWR,17780,310,299.0
2025-05-01,EWR,17945,327,252.0
2025-05-02,EWR,19087,323,315.0
2025-05-03,EWR,20040,304,271.0
2025-05-04,EWR,18360,324,275.0
2025-05-05,EWR,20423,324,267.0
2025-05-06,EWR,22773,312,264.0
2025-05-07,EWR,20375,311,283.0
2025-05-08,EWR,19410,324,310.0
2025-05-09,EWR,25634,324,276.0
2025-05-10,EWR,23850,268,266.0
2025-05-11,EWR,20639,293,292.0
2025-05-12,EWR,21914,293,290.0
2025-05-13,EWR,22568,282,282.0
2025-05-14,EWR,22576,282,270.0
2025-05-15,EWR,21322,294,271.0
2025-05-16,EWR,20140,294,262.0
2025-05-17,EWR,21592,269,265.0
2025-05-18,EWR,20341,295,294.0
2025-05-19,EWR,22624,289,288.0
2025-05-20,EWR,17919,277,274.0
2025-05-21,EWR,18650,276,275.0
2025-05-22,EWR,21328,287,282.0
2025-05-23,EWR,21607,287,287.0
2025-05-24,EWR,18153,264,264.0
2025-05-25,EWR,19614,278,278.0
2025-05-26,EWR,21375,286,286.0
2025-05-27,EWR,18999,276,275.0
2025-05-28,EWR,16483,275,275.0
2025-05-29,EWR,21317,288,288.0
2025-05-30,EWR,19849,286,284.0
2025-05-31,EWR,20809,258,257.0
2025-06-01,EWR,18489,284,284.0
2025-06-02,EWR,19575,284,282.0
2025-06-03,EWR,20906,270,270.0
2025-06-04,EWR,20145,272,271.0
2025-06-05,EWR,20713,285,285.0
2025-06-06,EWR,19529,280,279.0
2025-06-07,EWR,22069,255,255.0
2025-06-08,EWR,20267,278,277.0
2025-06-09,EWR,19848,280,279.0
2025-06-10,EWR,17428,268,265.0
2025-06-11,EWR,21317,268,268.0
2025-06-12,EWR,20494,281,279.0
2025-06-13,EWR,21333,278,275.0
2025-06-14,EWR,21277,259,257.0
2025-06-15,EWR,19680,277,276.0
2025-06-16,EWR,19011,331,330.0
2025-06-17,EWR,17578,318,318.0
2025-06-18,EWR,18576,323,322.0
2025-06-19,EWR,19456,334,302.0
2025-06-20,EWR,21960,334,330.0
2025-06-21,EWR,19949,302,283.0
2025-06-22,EWR,22168,327,316.0
2025-06-23,EWR,21152,334,333.0
2025-06-24,EWR,17929,323,323.0
2025-06-25,EWR,18711,320,316.0
2025-06-26,EWR,19957,345,332.0
2025-06-27,EWR,20513,343,314.0
2025-06-28,EWR,20741,316,285.0
2025-06-29,EWR,21627,338,335.0
2025-06-30,EWR,21103,341,296.0
2025-07-01,EWR,19124,335,263.0
2025-07-02,EWR,20936,337,327.0
2025-07-03,EWR,22620,346,315.0
2025-07-04,EWR,19219,294,291.0
2025-07-05,EWR,19252,310,309.0
2025-07-06,EWR,20034,343,342.0
2025-07-07,EWR,20383,349,342.0
2025-07-08,EWR,17681,337,307.0
2025-07-09,EWR,16743,336,323.0
2025-07-10,EWR,20402,348,343.0
2025-07-11,EWR,18039,349,344.0
2025-07-12,EWR,18429,316,298.0
2025-07-13,EWR,21553,345,296.0
2025-07-14,EWR,20787,349,216.0
2025-07-15,EWR,17274,337,272.0
2025-07-16,EWR,17919,338,302.0
2025-07-17,EWR,19029,348,336.0
2025-07-18,EWR,20401,349,347.0
2025-07-19,EWR,19345,316,315.0
2025-07-20,EWR,20503,345,338.0
2025-07-21,EWR,20149,349,347.0
2025-07-22,EWR,18381,337,335.0
2025-07-23,EWR,18092,338,336.0
2025-07-24,EWR,18850,348,345.0
2025-07-25,EWR,20179,348,327.0
2025-07-26,EWR,18305,315,313.0
2025-07-27,EWR,20139,345,288.0
2025-07-28,EWR,21366,349,324.0
2025-07-29,EWR,18407,337,332.0
2025-07-30,EWR,18581,338,332.0
2025-07-31,EWR,22983,347,258.0
2025-08-01,EWR,20477,346,337.0
2025-08-02,EWR,20678,308,297.0
2025-08-03,EWR,20957,341,340.0
2025-08-04,EWR,20481,347,346.0
2025-08-05,EWR,17786,335,334.0
2025-08-06,EWR,18214,333,321.0
2025-08-07,EWR,21207,346,341.0
2025-08-08,EWR,19239,344,343.0
2025-08-09,EWR,18826,307,303.0
2025-08-10,EWR,21185,341,340.0
2025-08-11,EWR,19349,345,345.0
2025-08-12,EWR,17205,333,332.0
2025-08-13,EWR,16837,331,293.0
2025-08-14,EWR,21504,346,341.0
2025-08-15,EWR,19031,345,343.0
2025-08-16,EWR,20363,310,309.0
2025-08-17,EWR,20856,340,330.0
2025-08-18,EWR,19764,344,337.0
2025-08-19,EWR,15410,335,333.0
2025-08-20,EWR,19422,334,332.0
2025-08-21,EWR,21509,346,346.0
2025-08-22,EWR,18374,346,346.0
2025-08-23,EWR,18728,320,320.0
2025-08-24,EWR,20646,345,344.0
2025-08-25,EWR,19817,347,346.0
2025-08-26,EWR,18154,335,332.0
2025-08-27,EWR,17787,334,334.0
2025-08-28,EWR,20531,346,344.0
2025-08-29,EWR,20878,348,345.0
2025-08-30,EWR,20514,317,316.0
2025-08-31,EWR,19914,315,315.0
2025-09-01,EWR,19739,348,348.0
2025-09-02,EWR,19015,338,338.0
2025-09-03,EWR,18654,325,325.0
2025-09-04,EWR,18273,345,313.0
2025-09-05,EWR,17274,344,333.0
2025-09-06,EWR,20190,268,231.0
2025-09-07,EWR,19399,347,342.0
2025-09-08,EWR,15707,346,346.0
2025-09-09,EWR,17772,325,324.0
2025-09-10,EWR,15785,325,325.0
2025-09-11,EWR,18487,347,346.0
2025-09-12,EWR,16650,346,345.0
2025-09-13,EWR,20195,270,268.0
2025-09-14,EWR,18968,350,350.0
2025-09-15,EWR,17143,346,346.0
2025-09-16,EWR,17127,328,328.0
2025-09-17,EWR,16694,327,327.0
2025-09-18,EWR,16392,348,348.0
2025-09-19,EWR,17125,345,344.0
2025-09-20,EWR,18560,270,268.0
2025-09-21,EWR,19321,349,348.0
2025-09-22,EWR,16167,346,345.0
2025-09-23,EWR,16001,329,328.0
2025-09-24,EWR,17008,325,323.0
2025-09-25,EWR,20229,352,345.0
2025-09-26,EWR,17101,349,348.0
2025-09-27,EWR,17205,272,271.0
2025-09-28,EWR,18776,351,350.0
2025-09-29,EWR,18529,351,349.0
2025-09-30,EWR,18383,333,333.0
2025-10-01,EWR,17214,333,333.0
2025-10-02,EWR,18436,353,353.0
2025-10-03,EWR,18398,349,346.0
2025-10-04,EWR,21273,293,293.0
2025-10-05,EWR,18942,351,350.0
2025-10-06,EWR,16181,352,352.0
2025-10-07,EWR,17194,341,340.0
2025-10-08,EWR,17467,331,331.0
2025-10-09,EWR,19392,352,352.0
2025-10-10,EWR,18691,352,352.0
2025-10-11,EWR,18120,296,296.0
2025-10-12,EWR,18823,349,346.0
2025-10-13,EWR,19481,351,346.0
2025-10-14,EWR,16135,341,340.0
2025-10-15,EWR,16747,340,339.0
2025-10-16,EWR,17574,352,352.0
2025-10-17,EWR,17743,352,352.0
2025-10-18,EWR,16216,295,294.0
2025-10-19,EWR,17951,351,350.0
2025-10-20,EWR,17193,352,352.0
2025-10-21,EWR,17843,341,341.0
2025-10-22,EWR,17294,338,338.0
2025-10-23,EWR,16590,352,350.0
2025-10-24,EWR,17615,351,350.0
2025-10-25,EWR,17507,295,294.0
2025-10-26,EWR,20065,359,354.0
2025-10-27,EWR,20405,361,360.0
2025-10-28,EWR,16103,345,345.0
2025-10-29,EWR,14921,346,346.0
2025-10-30,EWR,18352,356,291.0
2025-10-31,EWR,18909,348,333.0
2025-11-01,EWR,17114,275,274.0
2025-11-03,EWR,123944,363,362.0
2025-11-09,EWR,113,362,204.0
2025-11-10,EWR,15831,364,310.0
2025-11-11,EWR,12135,357,336.0
2025-11-12,EWR,13966,352,337.0
2025-11-13,EWR,14318,364,342.0
2025-11-14,EWR,9854,362,347.0
2025-11-15,EWR,9917,284,276.0
2025-11-16,EWR,19050,361,357.0
2025-11-17,EWR,19234,363,363.0
2025-11-18,EWR,18010,354,353.0
2025-11-19,EWR,17224,352,352.0
2025-11-20,EWR,17380,369,369.0
2025-11-21,EWR,17575,367,364.0
2025-11-22,EWR,18826,339,336.0
2025-11-23,EWR,20300,370,368.0
2025-11-24,EWR,18253,372,372.0
2025-11-25,EWR,17552,372,372.0
2025-11-26,EWR,20631,369,369.0
2025-11-27,EWR,20501,191,191.0
2025-11-28,EWR,20246,343,343.0
2025-11-29,EWR,18374,348,339.0
2025-11-30,EWR,19446,372,359.0
2025-12-01,EWR,19701,377,375.0
2025-12-02,EWR,16941,355,353.0
2025-12-03,EWR,18887,355,355.0
2025-12-04,EWR,18251,360,359.0
2025-12-05,EWR,18430,360,358.0
2025-12-06,EWR,19651,295,295.0
2025-12-07,EWR,17722,358,355.0
2025-12-08,EWR,19788,361,358.0
2025-12-09,EWR,18409,348,348.0
2025-12-10,EWR,18599,346,346.0
2025-12-11,EWR,19340,360,359.0
2025-12-12,EWR,18210,360,359.0
2025-12-13,EWR,18724,294,294.0
2025-12-14,EWR,21224,358,276.0
2025-12-15,EWR,19542,361,355.0
2025-12-16,EWR,20443,349,348.0
2025-12-17,EWR,18551,346,345.0
2025-12-18,EWR,21858,348,348.0
2025-12-19,EWR,19920,351,340.0
2025-12-20,EWR,21331,329,321.0
2025-12-21,EWR,22315,344,342.0
2025-12-22,EWR,19779,344,342.0
2025-12-23,EWR,22430,341,340.0
2025-12-24,EWR,21149,314,313.0
2025-12-25,EWR,19823,319,319.0
2025-12-26,EWR,18305,343,264.0
2025-12-27,EWR,19290,330,274.0
2025-12-28,EWR,40678,342,340.0
2025-12-29,EWR,45264,344,335.0
2025-12-30,EWR,39604,341,338.0
2025-12-31,EWR,40910,319,318.0
2019-01-01,IAD,22252,201,200.0
2019-01-02,IAD,13935,201,201.0
2019-01-03,IAD,22990,204,203.0
2019-01-04,IAD,22856,200,200.0
2019-01-05,IAD,20352,178,177.0
2019-01-06,IAD,21469,200,197.0
2019-01-07,IAD,21158,189,186.0
2019-01-08,IAD,25750,154,154.0
2019-01-09,IAD,24911,169,169.0
2019-01-10,IAD,25260,176,175.0
2019-01-11,IAD,15306,173,172.0
2019-01-12,IAD,9876,122,120.0
2019-01-13,IAD,22011,162,95.0
2019-01-14,IAD,12681,172,162.0
2019-01-15,IAD,14091,154,154.0
2019-01-16,IAD,13273,168,166.0
2019-01-17,IAD,16778,175,174.0
2019-01-18,IAD,12369,173,173.0
2019-01-19,IAD,16302,121,105.0
2019-01-20,IAD,18157,153,141.0
2019-01-21,IAD,17394,169,165.0
2019-01-22,IAD,15147,154,147.0
2019-01-23,IAD,16211,168,166.0
2019-01-24,IAD,17120,175,175.0
2019-01-25,IAD,16182,173,173.0
2019-01-26,IAD,14933,122,122.0
2019-01-27,IAD,16940,162,162.0
2019-01-28,IAD,16124,172,171.0
2019-01-29,IAD,13967,154,152.0
2019-01-30,IAD,15643,168,164.0
2019-01-31,IAD,16602,175,170.0
2019-02-01,IAD,17818,173,172.0
2019-02-02,IAD,16609,122,122.0
2019-02-03,IAD,18247,158,158.0
2019-02-04,IAD,18172,173,172.0
2019-02-05,IAD,16129,154,153.0
2019-02-06,IAD,17421,169,168.0
2019-02-07,IAD,18616,175,173.0
2019-02-08,IAD,18398,173,173.0
2019-02-09,IAD,17083,122,122.0
2019-02-10,IAD,5382,162,162.0
2019-02-11,IAD,12009,172,171.0
2019-02-12,IAD,16284,154,148.0
2019-02-13,IAD,15293,169,169.0
2019-02-14,IAD,11941,176,175.0
2019-02-15,IAD,3853,178,176.0
2019-02-16,IAD,4801,144,143.0
2019-02-17,IAD,18015,158,158.0
2019-02-18,IAD,30192,176,175.0
2019-02-19,IAD,32643,164,164.0
2019-02-20,IAD,30904,168,98.0
2019-02-21,IAD,16396,179,179.0
2019-02-22,IAD,17969,177,174.0
2019-02-23,IAD,18136,151,150.0
2019-02-24,IAD,17571,170,168.0
2019-02-25,IAD,14796,175,172.0
2019-02-26,IAD,15770,163,162.0
2019-02-27,IAD,7431,167,166.0
2019-02-28,IAD,7877,178,177.0
2019-03-01,IAD,15742,176,175.0
2019-03-02,IAD,17468,155,150.0
2019-03-03,IAD,19437,172,168.0
2019-03-04,IAD,17311,178,175.0
2019-03-05,IAD,17003,166,166.0
2019-03-06,IAD,16103,169,168.0
2019-03-07,IAD,15595,184,183.0
2019-03-08,IAD,594,197,197.0
2019-03-09,IAD,18251,173,172.0
2019-03-10,IAD,40787,188,185.0
2019-03-11,IAD,36564,196,193.0
2019-03-12,IAD,18687,187,186.0
2019-03-13,IAD,20244,192,180.0
2019-03-14,IAD,20656,199,192.0
2019-03-15,IAD,20181,198,192.0
2019-03-16,IAD,19431,172,166.0
2019-03-17,IAD,20595,188,185.0
2019-03-18,IAD,17712,196,194.0
2019-03-19,IAD,15784,187,185.0
2019-03-20,IAD,17086,193,190.0
2019-03-21,IAD,18549,198,194.0
2019-03-22,IAD,3919,196,192.0
2019-03-23,IAD,14372,173,172.0
2019-03-24,IAD,39818,187,186.0
2019-03-25,IAD,19192,195,193.0
2019-03-26,IAD,17329,186,185.0
2019-03-27,IAD,18584,192,190.0
2019-03-28,IAD,18689,197,194.0
2019-03-29,IAD,17726,196,195.0
2019-03-30,IAD,320,173,173.0
2019-03-31,IAD,32955,195,194.0
2019-04-01,IAD,25099,199,196.0
2019-04-02,IAD,16717,194,190.0
2019-04-03,IAD,6362,194,192.0
2019-04-04,IAD,11126,201,198.0
2019-04-05,IAD,18802,196,195.0
2019-04-06,IAD,21787,173,172.0
2019-04-07,IAD,41027,199,196.0
2019-04-08,IAD,18580,199,194.0
2019-04-09,IAD,18313,194,194.0
2019-04-10,IAD,18616,195,190.0
2019-04-11,IAD,21128,202,201.0
2019-04-12,IAD,20501,198,196.0
2019-04-13,IAD,19171,173,168.0
2019-04-14,IAD,19645,199,189.0
2019-04-15,IAD,20887,199,191.0
2019-04-16,IAD,19659,194,193.0
2019-04-17,IAD,60,195,193.0
2019-04-18,IAD,20272,202,200.0
2019-04-19,IAD,20971,198,191.0
2019-04-20,IAD,20359,174,173.0
2019-04-21,IAD,38983,197,197.0
2019-04-22,IAD,17644,199,199.0
2019-04-23,IAD,18979,194,193.0
2019-04-24,IAD,19815,195,194.0
2019-04-25,IAD,19329,200,199.0
2019-04-26,IAD,21175,197,194.0
2019-04-27,IAD,6407,173,172.0
2019-04-28,IAD,13546,198,198.0
2019-05-05,IAD,21611,192,191.0
2019-05-06,IAD,19028,193,192.0
2019-05-07,IAD,20743,192,190.0
2019-05-08,IAD,20223,190,185.0
2019-05-09,IAD,21722,197,197.0
2019-05-10,IAD,22179,193,191.0
2019-05-11,IAD,20585,164,162.0
2019-05-12,IAD,20692,189,189.0
2019-05-13,IAD,21961,193,193.0
2019-05-14,IAD,21742,192,192.0
2019-05-15,IAD,19936,190,190.0
2019-05-16,IAD,21228,197,196.0
2019-05-17,IAD,21376,193,192.0
2019-05-18,IAD,19581,167,165.0
2019-05-19,IAD,22423,192,184.0
2019-05-20,IAD,20943,193,191.0
2019-05-21,IAD,19965,193,193.0
2019-05-22,IAD,22645,192,192.0
2019-05-23,IAD,3625,198,195.0
2019-05-24,IAD,17468,194,194.0
2019-05-25,IAD,20660,162,162.0
2019-05-26,IAD,39889,176,175.0
2019-05-27,IAD,22653,189,186.0
2019-05-28,IAD,21133,194,189.0
2019-05-29,IAD,22558,192,184.0
2019-05-30,IAD,22993,199,196.0
2019-05-31,IAD,22702,194,193.0
2019-06-01,IAD,22391,168,168.0
2019-06-02,IAD,20773,194,188.0
2019-06-03,IAD,22054,194,194.0
2019-06-04,IAD,164,196,195.0
2019-06-05,IAD,21444,193,192.0
2019-06-06,IAD,23441,212,211.0
2019-06-07,IAD,24224,206,200.0
2019-06-08,IAD,24418,187,184.0
2019-06-09,IAD,32295,211,207.0
2019-06-10,IAD,36316,207,204.0
2019-06-11,IAD,23051,210,208.0
2019-06-12,IAD,23364,209,204.0
2019-06-13,IAD,23502,211,207.0
2019-06-14,IAD,24097,206,205.0
2019-06-15,IAD,21028,186,184.0
2019-06-16,IAD,23270,211,208.0
2019-06-17,IAD,21440,207,200.0
2019-06-18,IAD,21911,210,208.0
2019-06-19,IAD,24123,209,203.0
2019-06-20,IAD,22361,211,204.0
2019-06-21,IAD,23637,207,207.0
2019-06-22,IAD,22748,183,180.0
2019-06-23,IAD,21446,208,206.0
2019-06-24,IAD,24172,207,206.0
2019-06-25,IAD,23704,210,210.0
2019-06-26,IAD,23687,209,209.0
2019-06-27,IAD,21225,211,205.0
2019-06-28,IAD,23537,207,195.0
2019-06-29,IAD,24285,183,175.0
2019-06-30,IAD,24136,206,204.0
2019-07-01,IAD,24103,195,195.0
2019-07-02,IAD,23462,199,194.0
2019-07-03,IAD,317,195,194.0
2019-07-04,IAD,23072,176,173.0
2019-07-05,IAD,21852,178,177.0
2019-07-06,IAD,22340,181,172.0
2019-07-07,IAD,47348,207,202.0
2019-07-08,IAD,22284,206,204.0
2019-07-09,IAD,20605,209,206.0
2019-07-10,IAD,22191,209,205.0
2019-07-11,IAD,23587,210,176.0
2019-07-12,IAD,25351,207,203.0
2019-07-13,IAD,22663,183,181.0
2019-07-14,IAD,25059,208,207.0
2019-07-15,IAD,23016,207,204.0
2019-07-16,IAD,22052,208,206.0
2019-07-17,IAD,23222,209,198.0
2019-07-18,IAD,21856,210,208.0
2019-07-19,IAD,24408,207,205.0
2019-07-20,IAD,22443,183,182.0
2019-07-21,IAD,24435,208,194.0
2019-07-22,IAD,23619,207,190.0
2019-07-23,IAD,21530,208,205.0
2019-07-24,IAD,21870,209,209.0
2019-07-25,IAD,23187,210,210.0
2019-07-26,IAD,22104,207,207.0
2019-07-27,IAD,21945,183,181.0
2019-07-28,IAD,24160,208,207.0
2019-07-29,IAD,21871,207,205.0
2019-07-30,IAD,22658,208,207.0
2019-07-31,IAD,22464,209,200.0
2019-08-01,IAD,22211,207,201.0
2019-08-02,IAD,24143,204,193.0
2019-08-03,IAD,21369,183,182.0
2019-08-04,IAD,25292,206,205.0
2019-08-05,IAD,21878,206,202.0
2019-08-06,IAD,21062,207,202.0
2019-08-07,IAD,318,208,184.0
2019-08-08,IAD,23346,209,206.0
2019-08-09,IAD,22527,206,206.0
2019-08-10,IAD,23168,182,182.0
2019-08-11,IAD,45254,206,204.0
2019-08-12,IAD,23139,205,205.0
2019-08-13,IAD,22821,206,200.0
2019-08-14,IAD,23491,206,205.0
2019-08-15,IAD,20778,208,201.0
2019-08-16,IAD,22140,205,204.0
2019-08-17,IAD,21769,181,180.0
2019-08-18,IAD,22359,204,195.0
2019-08-19,IAD,21393,202,192.0
2019-08-20,IAD,21454,198,187.0
2019-08-21,IAD,22669,198,194.0
2019-08-22,IAD,215,202,194.0
2019-08-23,IAD,21067,198,196.0
2019-08-24,IAD,21303,186,186.0
2019-08-25,IAD,28232,197,196.0
2019-08-26,IAD,34714,199,199.0
2019-08-27,IAD,20988,200,199.0
2019-08-28,IAD,2869,197,197.0
2019-08-29,IAD,10887,202,202.0
2019-08-30,IAD,6377,199,197.0
2019-08-31,IAD,22154,164,163.0
2019-09-01,IAD,41466,170,170.0
2019-09-02,IAD,42069,196,191.0
2019-09-03,IAD,20856,192,187.0
2019-09-04,IAD,19179,187,179.0
2019-09-05,IAD,20065,193,186.0
2019-09-06,IAD,20574,192,188.0
2019-09-07,IAD,20724,173,173.0
2019-09-08,IAD,20522,196,196.0
2019-09-09,IAD,21601,194,194.0
2019-09-10,IAD,20685,193,193.0
2019-09-11,IAD,19292,191,188.0
2019-09-12,IAD,21121,197,197.0
2019-09-13,IAD,21002,193,192.0
2019-09-14,IAD,21156,173,173.0
2019-09-15,IAD,22656,194,192.0
2019-09-16,IAD,21182,195,194.0
2019-09-17,IAD,14661,192,192.0
2019-09-18,IAD,4912,191,191.0
2019-09-19,IAD,20203,196,190.0
2019-09-20,IAD,21936,194,192.0
2019-09-21,IAD,20332,173,170.0
2019-09-22,IAD,42667,193,193.0
2019-09-23,IAD,20226,195,195.0
2019-09-24,IAD,19559,193,193.0
2019-09-25,IAD,20638,191,191.0
2019-09-26,IAD,21260,196,196.0
2019-09-27,IAD,21770,193,190.0
2019-09-28,IAD,19724,173,172.0
2019-09-29,IAD,20579,194,194.0
2019-09-30,IAD,21782,195,194.0
2019-10-01,IAD,19636,194,193.0
2019-10-02,IAD,4706,191,189.0
2019-10-03,IAD,16394,199,198.0
2019-10-04,IAD,21068,199,199.0
2019-10-05,IAD,22156,182,182.0
2019-10-06,IAD,42887,200,199.0
2019-10-07,IAD,20955,195,195.0
2019-10-08,IAD,21140,195,195.0
2019-10-09,IAD,20962,190,190.0
2019-10-10,IAD,20427,197,193.0
2019-10-11,IAD,22813,194,193.0
2019-10-12,IAD,18373,182,182.0
2019-10-13,IAD,22483,199,198.0
2019-10-14,IAD,20692,196,196.0
2019-10-15,IAD,21060,195,195.0
2019-10-16,IAD,19570,191,191.0
2019-10-17,IAD,21734,198,187.0
2019-10-18,IAD,21359,195,195.0
2019-10-19,IAD,17832,182,182.0
2019-10-20,IAD,20784,200,200.0
2019-10-21,IAD,19149,196,193.0
2019-10-22,IAD,19186,195,194.0
2019-10-23,IAD,19052,191,191.0
2019-10-24,IAD,21337,198,198.0
2019-10-25,IAD,22145,195,194.0
2019-10-26,IAD,19709,182,181.0
2019-10-27,IAD,20890,197,195.0
2019-10-28,IAD,21452,201,201.0
2019-10-29,IAD,18717,202,197.0
2019-10-30,IAD,20512,199,199.0
2019-10-31,IAD,21718,176,166.0
2019-11-01,IAD,18984,199,197.0
2019-11-02,IAD,19066,186,186.0
2019-11-03,IAD,21667,207,207.0
2019-11-04,IAD,18126,209,209.0
2019-11-05,IAD,17894,201,201.0
2019-11-06,IAD,17489,205,205.0
2019-11-07,IAD,18519,210,210.0
2019-11-08,IAD,18244,207,205.0
2019-11-09,IAD,17329,185,184.0
2019-11-10,IAD,21487,211,211.0
2019-11-11,IAD,16899,208,203.0
2019-11-12,IAD,19116,205,203.0
2019-11-13,IAD,18661,208,208.0
2019-11-14,IAD,15721,206,206.0
2019-11-15,IAD,19872,205,205.0
2019-11-16,IAD,17969,183,183.0
2019-11-17,IAD,19289,205,205.0
2019-11-18,IAD,19487,206,205.0
2019-11-19,IAD,17682,201,201.0
2019-11-20,IAD,17694,205,205.0
2019-11-21,IAD,18534,207,206.0
2019-11-22,IAD,18917,206,206.0
2019-11-23,IAD,15916,183,183.0
2019-11-24,IAD,20516,202,202.0
2019-11-25,IAD,19616,199,197.0
2019-11-26,IAD,17420,200,196.0
2019-11-27,IAD,17649,209,209.0
2019-11-28,IAD,14914,142,142.0
2019-11-29,IAD,18138,161,160.0
2019-11-30,IAD,20125,202,202.0
2019-12-01,IAD,19636,226,220.0
2019-12-02,IAD,16711,208,204.0
2019-12-03,IAD,1030,196,195.0
2019-12-04,IAD,19800,194,194.0
2019-12-05,IAD,20375,199,199.0
2019-12-06,IAD,17430,199,198.0
2019-12-07,IAD,18596,171,171.0
2019-12-08,IAD,39098,197,197.0
2019-12-09,IAD,19287,197,196.0
2019-12-10,IAD,17969,198,197.0
2019-12-11,IAD,20367,196,196.0
2019-12-12,IAD,18951,199,198.0
2019-12-13,IAD,19033,200,197.0
2019-12-14,IAD,17555,172,170.0
2019-12-15,IAD,21915,195,195.0
2019-12-16,IAD,19886,198,198.0
2019-12-17,IAD,21273,193,187.0
2019-12-18,IAD,19568,197,197.0
2019-12-19,IAD,20024,186,185.0
2019-12-20,IAD,20212,185,185.0
2019-12-21,IAD,21438,170,170.0
2019-12-22,IAD,22068,180,179.0
2019-12-23,IAD,18743,181,181.0
2019-12-24,IAD,17746,154,151.0
2019-12-25,IAD,17077,153,153.0
2019-12-26,IAD,18081,181,181.0
2019-12-27,IAD,18936,181,180.0
2019-12-28,IAD,19527,167,166.0
2019-12-29,IAD,19938,179,176.0
2019-12-30,IAD,18321,181,179.0
2019-12-31,IAD,17633,163,163.0
2020-01-01,IAD,18443,174,174.0
2020-01-02,IAD,7,180,180.0
2020-01-03,IAD,19597,180,180.0
2020-01-04,IAD,19662,161,160.0
2020-01-05,IAD,39309,175,175.0
2020-01-06,IAD,21227,168,168.0
2020-01-07,IAD,18668,166,166.0
2020-01-08,IAD,16241,165,165.0
2020-01-09,IAD,18537,166,166.0
2020-01-10,IAD,19312,163,162.0
2020-01-11,IAD,18048,144,136.0
2020-01-12,IAD,22271,174,172.0
2020-01-13,IAD,18770,164,161.0
2020-01-14,IAD,17793,169,168.0
2020-01-15,IAD,17996,163,163.0
2020-01-16,IAD,19139,168,168.0
2020-01-17,IAD,17607,165,157.0
2020-01-18,IAD,15650,126,122.0
2020-01-19,IAD,18137,162,162.0
2020-01-20,IAD,11626,161,161.0
2020-01-21,IAD,7419,168,167.0
2020-01-22,IAD,16481,164,164.0
2020-01-23,IAD,16397,167,167.0
2020-01-24,IAD,6262,165,164.0
2020-01-25,IAD,9351,145,144.0
2020-01-26,IAD,33262,174,174.0
2020-01-27,IAD,30244,164,164.0
2020-01-28,IAD,13928,167,167.0
2020-01-29,IAD,15804,164,164.0
2020-01-30,IAD,15683,168,167.0
2020-01-31,IAD,18156,165,165.0
2020-02-01,IAD,3415,144,143.0
2020-02-02,IAD,28523,167,167.0
2020-02-03,IAD,15365,164,164.0
2020-02-04,IAD,14104,167,166.0
2020-02-05,IAD,16423,164,162.0
2020-02-06,IAD,16482,167,163.0
2020-02-07,IAD,17573,165,158.0
2020-02-08,IAD,14109,145,145.0
2020-02-09,IAD,17400,174,172.0
2020-02-10,IAD,16023,164,163.0
2020-02-11,IAD,15276,167,166.0
2020-02-12,IAD,16374,168,168.0
2020-02-13,IAD,15237,177,175.0
2020-02-14,IAD,16142,176,176.0
2020-02-15,IAD,16059,136,136.0
2020-02-16,IAD,16914,163,163.0
2020-02-17,IAD,5780,176,176.0
2020-02-18,IAD,13839,171,171.0
2020-02-19,IAD,16370,171,170.0
2020-02-20,IAD,16825,179,175.0
2020-02-21,IAD,17641,176,176.0
2020-02-22,IAD,7,159,159.0
2020-02-23,IAD,36785,176,175.0
2020-02-24,IAD,20100,178,178.0
2020-02-25,IAD,27627,170,169.0
2020-02-26,IAD,17996,171,171.0
2020-02-27,IAD,15646,178,177.0
2020-02-28,IAD,17431,176,176.0
2020-02-29,IAD,16235,156,156.0
2020-03-01,IAD,18327,176,176.0
2020-03-02,IAD,10117,178,178.0
2020-03-03,IAD,5719,170,170.0
2020-03-04,IAD,14767,171,171.0
2020-03-05,IAD,15692,191,190.0
2020-03-06,IAD,14983,194,194.0
2020-03-07,IAD,752,165,165.0
2020-03-08,IAD,34892,185,185.0
2020-03-09,IAD,30079,195,195.0
2020-03-10,IAD,12716,188,188.0
2020-03-11,IAD,13669,184,184.0
2020-03-12,IAD,16417,199,199.0
2020-03-13,IAD,14262,197,196.0
2020-03-14,IAD,11055,170,169.0
2020-03-15,IAD,10778,191,191.0
2020-03-16,IAD,7353,198,195.0
2020-03-17,IAD,6578,191,191.0
2020-03-18,IAD,5357,187,181.0
2020-03-19,IAD,5079,200,182.0
2020-03-20,IAD,4687,199,182.0
2020-03-21,IAD,4034,171,115.0
2020-03-22,IAD,3827,192,114.0
2020-03-23,IAD,3029,198,117.0
2020-03-24,IAD,2196,192,105.0
2020-03-25,IAD,1655,185,95.0
2020-03-26,IAD,1873,197,82.0
2020-03-27,IAD,1175,196,62.0
2020-03-28,IAD,2036,171,71.0
2020-03-29,IAD,2398,187,77.0
2020-03-30,IAD,1259,190,74.0
2020-03-31,IAD,1748,182,89.0
2020-04-01,IAD,1946,137,67.0
2020-04-02,IAD,1708,133,67.0
2020-04-03,IAD,1543,132,65.0
2020-04-04,IAD,1744,117,49.0
2020-04-05,IAD,1479,129,64.0
2020-04-06,IAD,1244,131,67.0
2020-04-07,IAD,1186,123,62.0
2020-04-08,IAD,1357,102,87.0
2020-04-09,IAD,1603,102,75.0
2020-04-10,IAD,2182,103,80.0
2020-04-11,IAD,1455,88,71.0
2020-04-12,IAD,1426,96,75.0
2020-04-13,IAD,954,100,74.0
2020-04-14,IAD,1347,92,71.0
2020-04-15,IAD,814,92,64.0
2020-04-16,IAD,1026,94,47.0
2020-04-17,IAD,971,87,56.0
2020-04-18,IAD,1068,76,47.0
2020-04-19,IAD,1111,84,52.0
2020-04-20,IAD,674,85,49.0
2020-04-21,IAD,872,77,47.0
2020-04-22,IAD,1403,75,49.0
2020-04-23,IAD,1227,75,57.0
2020-04-24,IAD,1732,78,59.0
2020-04-25,IAD,1250,74,47.0
2020-04-26,IAD,1502,75,59.0
2020-04-27,IAD,1131,83,57.0
2020-04-28,IAD,1066,79,55.0
2020-04-29,IAD,850,70,55.0
2020-04-30,IAD,1648,75,59.0
2020-05-01,IAD,1496,82,61.0
2020-05-02,IAD,2151,67,60.0
2020-05-03,IAD,1398,75,66.0
2020-05-04,IAD,2285,58,52.0
2020-05-05,IAD,1383,53,51.0
2020-05-06,IAD,1078,58,55.0
2020-05-07,IAD,1515,58,54.0
2020-05-08,IAD,1380,58,53.0
2020-05-09,IAD,2463,54,51.0
2020-05-10,IAD,1231,54,53.0
2020-05-11,IAD,1744,54,53.0
2020-05-12,IAD,1310,55,54.0
2020-05-13,IAD,1820,55,54.0
2020-05-14,IAD,1975,54,53.0
2020-05-15,IAD,2220,54,54.0
2020-05-16,IAD,1634,53,53.0
2020-05-17,IAD,2225,54,54.0
2020-05-18,IAD,1627,55,54.0
2020-05-19,IAD,1414,54,53.0
2020-05-20,IAD,2157,54,53.0
2020-05-21,IAD,2139,58,58.0
2020-05-22,IAD,2395,56,56.0
2020-05-23,IAD,1907,53,53.0
2020-05-24,IAD,1737,55,55.0
2020-05-25,IAD,1581,57,57.0
2020-05-26,IAD,1650,54,54.0
2020-05-27,IAD,1313,54,54.0
2020-05-28,IAD,2360,57,57.0
2020-05-29,IAD,2279,56,56.0
2020-05-30,IAD,2281,54,54.0
2020-05-31,IAD,2030,54,54.0
2020-06-01,IAD,2240,57,57.0
2020-06-02,IAD,2085,55,55.0
2020-06-03,IAD,2397,55,55.0
2020-06-04,IAD,2448,57,57.0
2020-06-05,IAD,2336,57,56.0
2020-06-06,IAD,2064,56,56.0
2020-06-07,IAD,2422,60,60.0
2020-06-08,IAD,2041,60,60.0
2020-06-09,IAD,2060,59,59.0
2020-06-10,IAD,3145,60,60.0
2020-06-11,IAD,2549,60,60.0
2020-06-12,IAD,2937,60,60.0
2020-06-13,IAD,2609,58,58.0
2020-06-14,IAD,2658,60,60.0
2020-06-15,IAD,2670,60,60.0
2020-06-16,IAD,2474,59,59.0
2020-06-17,IAD,2847,60,60.0
2020-06-18,IAD,2740,60,60.0
2020-06-19,IAD,3090,60,60.0
2020-06-20,IAD,3406,58,58.0
2020-06-21,IAD,2954,60,60.0
2020-06-22,IAD,3057,60,60.0
2020-06-23,IAD,3120,59,59.0
2020-06-24,IAD,3225,60,60.0
2020-06-25,IAD,3411,60,60.0
2020-06-26,IAD,3605,60,60.0
2020-06-27,IAD,3799,58,58.0
2020-06-28,IAD,3690,59,59.0
2020-06-29,IAD,3300,59,59.0
2020-06-30,IAD,3539,58,58.0
2020-07-01,IAD,4419,59,59.0
2020-07-02,IAD,4793,60,60.0
2020-07-03,IAD,4135,61,61.0
2020-07-04,IAD,3269,57,57.0
2020-07-05,IAD,4354,59,59.0
2020-07-06,IAD,4406,104,104.0
2020-07-07,IAD,4860,100,99.0
2020-07-08,IAD,4298,104,103.0
2020-07-09,IAD,4338,105,104.0
2020-07-10,IAD,4795,105,104.0
2020-07-11,IAD,4175,96,95.0
2020-07-12,IAD,4494,105,104.0
2020-07-13,IAD,3582,105,104.0
2020-07-14,IAD,3668,100,100.0
2020-07-15,IAD,4099,103,102.0
2020-07-16,IAD,5357,105,104.0
2020-07-17,IAD,5213,105,104.0
2020-07-18,IAD,4116,96,95.0
2020-07-19,IAD,4175,105,104.0
2020-07-20,IAD,48,104,103.0
2020-07-21,IAD,3754,100,99.0
2020-07-22,IAD,3876,102,102.0
2020-07-23,IAD,4718,104,104.0
2020-07-24,IAD,4023,104,104.0
2020-07-25,IAD,5493,95,95.0
2020-07-26,IAD,8899,104,104.0
2020-07-27,IAD,3544,104,104.0
2020-07-28,IAD,3997,100,100.0
2020-07-29,IAD,4631,102,101.0
2020-07-30,IAD,4662,104,91.0
2020-07-31,IAD,5306,102,102.0
2020-08-01,IAD,4385,99,99.0
2020-08-02,IAD,5877,109,109.0
2020-08-03,IAD,4567,117,114.0
2020-08-04,IAD,4452,109,100.0
2020-08-05,IAD,4637,110,110.0
2020-08-06,IAD,5104,114,114.0
2020-08-07,IAD,5536,115,114.0
2020-08-08,IAD,4667,110,110.0
2020-08-09,IAD,6016,115,115.0
2020-08-10,IAD,4466,114,114.0
2020-08-11,IAD,4445,110,110.0
2020-08-12,IAD,4891,111,110.0
2020-08-13,IAD,6401,115,115.0
2020-08-14,IAD,6054,116,116.0
2020-08-15,IAD,4902,111,111.0
2020-08-16,IAD,6413,116,116.0
2020-08-17,IAD,4905,115,115.0
2020-08-18,IAD,4747,110,110.0
2020-08-19,IAD,5153,111,111.0
2020-08-20,IAD,6294,115,114.0
2020-08-21,IAD,5821,116,116.0
2020-08-22,IAD,4938,111,110.0
2020-08-23,IAD,6240,116,115.0
2020-08-24,IAD,4272,115,113.0
2020-08-25,IAD,4665,110,109.0
2020-08-26,IAD,4864,111,108.0
2020-08-27,IAD,6223,116,116.0
2020-08-28,IAD,5473,116,111.0
2020-08-29,IAD,4887,111,111.0
2020-08-30,IAD,7038,117,117.0
2020-08-31,IAD,5046,114,114.0
2020-09-01,IAD,4377,109,108.0
2020-09-02,IAD,5025,101,100.0
2020-09-03,IAD,7116,108,108.0
2020-09-04,IAD,7510,110,109.0
2020-09-05,IAD,5066,67,67.0
2020-09-06,IAD,4807,71,71.0
2020-09-07,IAD,5750,108,108.0
2020-09-08,IAD,5243,96,95.0
2020-09-09,IAD,5122,100,100.0
2020-09-10,IAD,6266,107,105.0
2020-09-11,IAD,5543,108,108.0
2020-09-12,IAD,4577,103,103.0
2020-09-13,IAD,6031,108,108.0
2020-09-14,IAD,4519,106,105.0
2020-09-15,IAD,4479,97,97.0
2020-09-16,IAD,5132,100,100.0
2020-09-17,IAD,6745,107,107.0
2020-09-18,IAD,6374,108,108.0
2020-09-19,IAD,5000,103,103.0
2020-09-20,IAD,6684,108,107.0
2020-09-21,IAD,4767,106,106.0
2020-09-22,IAD,4671,97,97.0
2020-09-23,IAD,5000,100,100.0
2020-09-24,IAD,6929,107,107.0
2020-09-25,IAD,7266,108,108.0
2020-09-26,IAD,5647,103,102.0
2020-09-27,IAD,8077,108,108.0
2020-09-28,IAD,5844,106,106.0
2020-09-29,IAD,5267,97,97.0
2020-09-30,IAD,6124,99,99.0
2020-10-01,IAD,7893,118,118.0
2020-10-02,IAD,6628,121,121.0
2020-10-03,IAD,6125,119,119.0
2020-10-04,IAD,7930,120,120.0
2020-10-05,IAD,5297,118,118.0
2020-10-06,IAD,4821,78,77.0
2020-10-07,IAD,5949,80,80.0
2020-10-08,IAD,8286,122,122.0
2020-10-09,IAD,8963,121,121.0
2020-10-10,IAD,6741,118,118.0
2020-10-11,IAD,7017,121,121.0
2020-10-12,IAD,7292,119,119.0
2020-10-13,IAD,5387,79,79.0
2020-10-14,IAD,5901,80,79.0
2020-10-15,IAD,8015,121,121.0
2020-10-16,IAD,7134,121,121.0
2020-10-17,IAD,6551,118,118.0
2020-10-18,IAD,8224,121,121.0
2020-10-19,IAD,6717,119,119.0
2020-10-20,IAD,5543,79,79.0
2020-10-21,IAD,5652,80,80.0
2020-10-22,IAD,8155,121,121.0
2020-10-23,IAD,8310,121,121.0
2020-10-24,IAD,6762,117,117.0
2020-10-25,IAD,8101,119,119.0
2020-10-26,IAD,6943,117,116.0
2020-10-27,IAD,5779,79,79.0
2020-10-28,IAD,5955,80,80.0
2020-10-29,IAD,8181,119,118.0
2020-10-30,IAD,8843,119,118.0
2020-10-31,IAD,6479,113,113.0
2020-11-01,IAD,8019,114,114.0
2020-11-02,IAD,444,115,114.0
2020-11-03,IAD,6519,75,74.0
2020-11-04,IAD,5181,76,76.0
2020-11-05,IAD,6271,116,115.0
2020-11-06,IAD,7895,117,116.0
2020-11-07,IAD,7588,112,111.0
2020-11-08,IAD,13815,119,115.0
2020-11-09,IAD,5749,117,116.0
2020-11-10,IAD,5121,76,74.0
2020-11-11,IAD,5878,78,78.0
2020-11-12,IAD,7024,119,119.0
2020-11-13,IAD,6804,119,119.0
2020-11-14,IAD,6323,115,115.0
2020-11-15,IAD,8322,119,119.0
2020-11-16,IAD,5717,117,117.0
2020-11-17,IAD,4975,76,76.0
2020-11-18,IAD,5771,78,78.0
2020-11-19,IAD,7086,119,119.0
2020-11-20,IAD,8304,121,121.0
2020-11-21,IAD,8183,119,119.0
2020-11-22,IAD,8580,121,121.0
2020-11-23,IAD,6313,114,114.0
2020-11-24,IAD,7360,117,117.0
2020-11-25,IAD,7957,117,117.0
2020-11-26,IAD,5030,58,56.0
2020-11-27,IAD,6196,81,80.0
2020-11-28,IAD,7763,147,144.0
2020-11-29,IAD,8168,154,154.0
2020-11-30,IAD,6704,116,116.0
2020-12-01,IAD,6343,110,109.0
2020-12-02,IAD,5181,80,80.0
2020-12-03,IAD,7172,119,118.0
2020-12-04,IAD,6737,119,119.0
2020-12-05,IAD,6560,111,109.0
2020-12-06,IAD,6464,119,118.0
2020-12-07,IAD,5442,118,116.0
2020-12-08,IAD,5642,77,75.0
2020-12-09,IAD,6297,79,78.0
2020-12-10,IAD,7886,119,117.0
2020-12-11,IAD,8238,119,117.0
2020-12-12,IAD,7354,111,111.0
2020-12-13,IAD,7517,119,119.0
2020-12-14,IAD,6721,118,117.0
2020-12-15,IAD,6959,77,77.0
2020-12-16,IAD,5581,80,32.0
2020-12-17,IAD,8564,122,110.0
2020-12-18,IAD,8291,124,124.0
2020-12-19,IAD,9951,120,120.0
2020-12-20,IAD,8567,122,122.0
2020-12-21,IAD,7481,123,123.0
2020-12-22,IAD,8175,123,121.0
2020-12-23,IAD,8029,122,119.0
2020-12-24,IAD,7645,96,96.0
2020-12-25,IAD,6051,68,67.0
2020-12-26,IAD,8752,119,117.0
2020-12-27,IAD,10722,121,121.0
2020-12-28,IAD,8682,123,123.0
2020-12-29,IAD,7494,123,121.0
2020-12-30,IAD,8911,124,124.0
2020-12-31,IAD,7075,98,98.0
2021-01-01,IAD,6498,108,105.0
2021-01-02,IAD,9111,120,120.0
2021-01-03,IAD,9057,121,121.0
2021-01-04,IAD,8905,122,121.0
2021-01-05,IAD,6315,77,77.0
2021-01-06,IAD,6453,74,74.0
2021-01-07,IAD,9155,109,109.0
2021-01-08,IAD,7061,109,109.0
2021-01-09,IAD,7676,105,105.0
2021-01-10,IAD,7796,108,108.0
2021-01-11,IAD,6060,107,106.0
2021-01-12,IAD,4604,71,70.0
2021-01-13,IAD,5468,72,72.0
2021-01-14,IAD,7031,109,109.0
2021-01-15,IAD,7842,110,110.0
2021-01-16,IAD,7396,105,105.0
2021-01-17,IAD,6607,106,106.0
2021-01-18,IAD,6342,111,111.0
2021-01-19,IAD,4292,74,73.0
2021-01-20,IAD,4420,72,72.0
2021-01-21,IAD,6038,111,110.0
2021-01-22,IAD,6815,110,109.0
2021-01-23,IAD,5530,106,106.0
2021-01-24,IAD,5801,108,108.0
2021-01-25,IAD,5217,109,108.0
2021-01-26,IAD,3945,71,71.0
2021-01-27,IAD,4386,72,72.0
2021-01-28,IAD,6068,109,106.0
2021-01-29,IAD,5789,109,108.0
2021-01-30,IAD,5927,106,105.0
2021-01-31,IAD,5831,108,76.0
2021-02-01,IAD,4247,109,88.0
2021-02-02,IAD,4338,71,70.0
2021-02-03,IAD,4767,72,72.0
2021-02-04,IAD,6237,109,108.0
2021-02-05,IAD,6328,109,108.0
2021-02-06,IAD,5563,106,106.0
2021-02-07,IAD,5443,106,103.0
2021-02-08,IAD,4621,109,109.0
2021-02-09,IAD,3780,71,71.0
2021-02-10,IAD,5338,70,68.0
2021-02-11,IAD,7349,101,99.0
2021-02-12,IAD,7069,103,102.0
2021-02-13,IAD,5885,99,89.0
2021-02-14,IAD,6157,99,92.0
2021-02-15,IAD,6223,103,85.0
2021-02-16,IAD,4498,70,61.0
2021-02-17,IAD,5860,70,63.0
2021-02-18,IAD,5468,104,60.0
2021-02-19,IAD,7309,103,94.0
2021-02-20,IAD,6069,99,98.0
2021-02-21,IAD,7213,103,102.0
2021-02-22,IAD,4786,103,102.0
2021-02-23,IAD,4457,70,70.0
2021-02-24,IAD,5201,70,70.0
2021-02-25,IAD,7958,104,104.0
2021-02-26,IAD,7573,103,103.0
2021-02-27,IAD,6356,99,99.0
2021-02-28,IAD,7505,103,103.0
2021-03-01,IAD,5818,103,103.0
2021-03-02,IAD,5065,71,71.0
2021-03-03,IAD,5294,72,71.0
2021-03-04,IAD,8253,107,107.0
2021-03-05,IAD,8592,106,106.0
2021-03-06,IAD,6756,101,100.0
2021-03-07,IAD,6186,105,105.0
2021-03-08,IAD,5634,107,105.0
2021-03-09,IAD,5378,101,98.0
2021-03-10,IAD,6843,100,100.0
2021-03-11,IAD,8095,110,110.0
2021-03-12,IAD,7581,111,111.0
2021-03-13,IAD,463,104,101.0
2021-03-14,IAD,14208,108,102.0
2021-03-15,IAD,6678,110,105.0
2021-03-16,IAD,6664,105,103.0
2021-03-17,IAD,7558,104,104.0
2021-03-18,IAD,7002,111,110.0
2021-03-19,IAD,9166,111,111.0
2021-03-20,IAD,8244,104,104.0
2021-03-21,IAD,7880,108,107.0
2021-03-22,IAD,6759,110,109.0
2021-03-23,IAD,6498,105,104.0
2021-03-24,IAD,8617,104,104.0
2021-03-25,IAD,9762,111,111.0
2021-03-26,IAD,10280,111,111.0
2021-03-27,IAD,9416,105,105.0
2021-03-28,IAD,10029,114,114.0
2021-03-29,IAD,8359,114,114.0
2021-03-30,IAD,8080,108,108.0
2021-03-31,IAD,8374,109,109.0
2021-04-01,IAD,10361,119,119.0
2021-04-02,IAD,10569,121,121.0
2021-04-03,IAD,8397,116,115.0
2021-04-04,IAD,8372,122,122.0
2021-04-05,IAD,9037,121,121.0
2021-04-06,IAD,6758,83,83.0
2021-04-07,IAD,7417,83,83.0
2021-04-08,IAD,9456,119,119.0
2021-04-09,IAD,10181,122,122.0
2021-04-10,IAD,7997,118,118.0
2021-04-11,IAD,9320,120,114.0
2021-04-12,IAD,8339,116,115.0
2021-04-13,IAD,5942,80,80.0
2021-04-14,IAD,7421,80,79.0
2021-04-15,IAD,9633,117,117.0
2021-04-16,IAD,10237,121,121.0
2021-04-17,IAD,7901,116,116.0
2021-04-18,IAD,9270,115,115.0
2021-04-19,IAD,7174,113,113.0
2021-04-20,IAD,6255,80,80.0
2021-04-21,IAD,7443,80,80.0
2021-04-22,IAD,9318,116,116.0
2021-04-23,IAD,10670,117,117.0
2021-04-24,IAD,8232,117,117.0
2021-04-25,IAD,8462,119,119.0
2021-04-26,IAD,6656,113,113.0
2021-04-27,IAD,6638,80,80.0
2021-04-28,IAD,7592,80,80.0
2021-04-29,IAD,9880,116,115.0
2021-04-30,IAD,56,116,114.0
2021-05-01,IAD,10120,113,113.0
2021-05-02,IAD,18302,116,116.0
2021-05-03,IAD,7587,113,113.0
2021-05-04,IAD,7189,79,78.0
2021-05-05,IAD,8352,82,82.0
2021-05-06,IAD,10766,123,123.0
2021-05-07,IAD,11535,122,122.0
2021-05-08,IAD,8374,121,121.0
2021-05-09,IAD,11279,123,123.0
2021-05-10,IAD,9130,121,121.0
2021-05-11,IAD,8547,89,88.0
2021-05-12,IAD,8531,90,90.0
2021-05-13,IAD,10092,124,124.0
2021-05-14,IAD,11553,123,123.0
2021-05-15,IAD,10019,123,123.0
2021-05-16,IAD,11834,122,122.0
2021-05-17,IAD,10268,121,121.0
2021-05-18,IAD,351,119,119.0
2021-05-19,IAD,58,120,120.0
2021-05-20,IAD,10235,124,124.0
2021-05-21,IAD,10934,125,125.0
2021-05-22,IAD,10325,121,121.0
2021-05-23,IAD,22832,125,125.0
2021-05-24,IAD,19823,123,122.0
2021-05-25,IAD,10747,120,120.0
2021-05-26,IAD,11571,121,121.0
2021-05-27,IAD,12399,124,124.0
2021-05-28,IAD,12022,126,126.0
2021-05-29,IAD,11453,122,121.0
2021-05-30,IAD,10055,126,126.0
2021-05-31,IAD,10302,123,122.0
2021-06-01,IAD,10691,122,121.0
2021-06-02,IAD,10626,122,122.0
2021-06-03,IAD,11620,131,131.0
2021-06-04,IAD,12965,128,128.0
2021-06-05,IAD,11620,124,124.0
2021-06-06,IAD,12612,130,130.0
2021-06-07,IAD,12054,127,126.0
2021-06-08,IAD,12332,125,125.0
2021-06-09,IAD,12313,123,121.0
2021-06-10,IAD,12982,130,129.0
2021-06-11,IAD,13792,130,130.0
2021-06-12,IAD,11844,125,124.0
2021-06-13,IAD,14195,130,130.0
2021-06-14,IAD,11880,127,127.0
2021-06-15,IAD,12577,125,124.0
2021-06-16,IAD,12415,123,122.0
2021-06-17,IAD,13105,130,130.0
2021-06-18,IAD,12562,130,129.0
2021-06-19,IAD,12399,126,125.0
2021-06-20,IAD,13348,130,128.0
2021-06-21,IAD,12184,127,120.0
2021-06-22,IAD,10165,126,126.0
2021-06-23,IAD,11857,126,126.0
2021-06-24,IAD,12107,132,132.0
2021-06-25,IAD,14598,133,133.0
2021-06-26,IAD,88,127,127.0
2021-06-27,IAD,25845,132,131.0
2021-06-28,IAD,13221,129,126.0
2021-06-29,IAD,13078,126,125.0
2021-06-30,IAD,13032,128,127.0
2021-07-01,IAD,15760,166,151.0
2021-07-02,IAD,15274,166,159.0
2021-07-03,IAD,13847,164,160.0
2021-07-04,IAD,12297,137,136.0
2021-07-05,IAD,12282,168,168.0
2021-07-06,IAD,14162,167,159.0
2021-07-07,IAD,13758,165,162.0
2021-07-08,IAD,13857,169,165.0
2021-07-09,IAD,14839,167,163.0
2021-07-10,IAD,13883,164,163.0
2021-07-11,IAD,14266,167,164.0
2021-07-12,IAD,13833,170,167.0
2021-07-13,IAD,12524,167,166.0
2021-07-14,IAD,14053,166,163.0
2021-07-15,IAD,15071,169,166.0
2021-07-16,IAD,16430,167,167.0
2021-07-17,IAD,13236,164,138.0
2021-07-18,IAD,15099,168,161.0
2021-07-19,IAD,13831,170,169.0
2021-07-20,IAD,12202,168,168.0
2021-07-21,IAD,14226,166,165.0
2021-07-22,IAD,15692,168,168.0
2021-07-23,IAD,15415,168,168.0
2021-07-24,IAD,11890,164,161.0
2021-07-25,IAD,14364,168,166.0
2021-07-26,IAD,14194,170,168.0
2021-07-27,IAD,14016,168,167.0
2021-07-28,IAD,14792,167,167.0
2021-07-29,IAD,16407,170,165.0
2021-07-30,IAD,17368,168,168.0
2021-07-31,IAD,14208,161,159.0
2021-08-01,IAD,15635,167,164.0
2021-08-02,IAD,13170,170,170.0
2021-08-03,IAD,13692,167,167.0
2021-08-04,IAD,15239,167,166.0
2021-08-05,IAD,16424,169,169.0
2021-08-06,IAD,15336,166,166.0
2021-08-07,IAD,13810,159,157.0
2021-08-08,IAD,14524,165,163.0
2021-08-09,IAD,14694,170,169.0
2021-08-10,IAD,13215,168,162.0
2021-08-11,IAD,15257,168,162.0
2021-08-12,IAD,14704,169,164.0
2021-08-13,IAD,15786,168,156.0
2021-08-14,IAD,14936,160,157.0
2021-08-15,IAD,15143,167,157.0
2021-08-16,IAD,13539,170,169.0
2021-08-17,IAD,14198,167,165.0
2021-08-18,IAD,13903,169,168.0
2021-08-19,IAD,13783,173,173.0
2021-08-20,IAD,14640,172,170.0
2021-08-21,IAD,12500,161,160.0
2021-08-22,IAD,14197,169,158.0
2021-08-23,IAD,13791,171,171.0
2021-08-24,IAD,11961,167,166.0
2021-08-25,IAD,14780,169,164.0
2021-08-26,IAD,14412,173,173.0
2021-08-27,IAD,14609,172,170.0
2021-08-28,IAD,14481,161,160.0
2021-08-29,IAD,14155,169,165.0
2021-08-30,IAD,14036,172,168.0
2021-08-31,IAD,13125,167,162.0
2021-09-01,IAD,14470,169,143.0
2021-09-02,IAD,16217,174,165.0
2021-09-03,IAD,17292,172,170.0
2021-09-04,IAD,14041,159,157.0
2021-09-05,IAD,13309,163,162.0
2021-09-06,IAD,12118,171,170.0
2021-09-07,IAD,13716,165,163.0
2021-09-08,IAD,13183,164,163.0
2021-09-09,IAD,14078,171,169.0
2021-09-10,IAD,15137,172,171.0
2021-09-11,IAD,13151,161,161.0
2021-09-12,IAD,15053,171,169.0
2021-09-13,IAD,13493,171,169.0
2021-09-14,IAD,12486,164,164.0
2021-09-15,IAD,14907,164,162.0
2021-09-16,IAD,15436,171,171.0
2021-09-17,IAD,16075,172,172.0
2021-09-18,IAD,13565,160,158.0
2021-09-19,IAD,15774,169,169.0
2021-09-20,IAD,14972,170,170.0
2021-09-21,IAD,11970,163,162.0
2021-09-22,IAD,13081,164,163.0
2021-09-23,IAD,15760,171,166.0
2021-09-24,IAD,17729,172,172.0
2021-09-25,IAD,13505,161,160.0
2021-09-26,IAD,15900,170,169.0
2021-09-27,IAD,13383,170,169.0
2021-09-28,IAD,12284,163,163.0
2021-09-29,IAD,14141,164,164.0
2021-09-30,IAD,15909,171,171.0
2021-10-01,IAD,16930,172,171.0
2021-10-02,IAD,13940,160,156.0
2021-10-03,IAD,15836,169,168.0
2021-10-04,IAD,13104,164,164.0
2021-10-05,IAD,13481,182,182.0
2021-10-06,IAD,14294,183,183.0
2021-10-07,IAD,16708,185,185.0
2021-10-08,IAD,19532,187,183.0
2021-10-09,IAD,14780,180,178.0
2021-10-10,IAD,16123,187,182.0
2021-10-11,IAD,15339,186,183.0
2021-10-12,IAD,14459,183,182.0
2021-10-13,IAD,15066,186,184.0
2021-10-14,IAD,16275,188,185.0
2021-10-15,IAD,16470,187,186.0
2021-10-16,IAD,14190,178,178.0
2021-10-17,IAD,17804,185,185.0
2021-10-18,IAD,13718,185,184.0
2021-10-19,IAD,13770,183,183.0
2021-10-20,IAD,15053,184,184.0
2021-10-21,IAD,15922,185,182.0
2021-10-22,IAD,17360,185,178.0
2021-10-23,IAD,15057,177,177.0
2021-10-24,IAD,18270,183,183.0
2021-10-25,IAD,15132,184,177.0
2021-10-26,IAD,12804,182,173.0
2021-10-27,IAD,14903,185,183.0
2021-10-28,IAD,16335,185,184.0
2021-10-29,IAD,16610,186,184.0
2021-10-30,IAD,14852,171,166.0
2021-10-31,IAD,15291,164,157.0
2021-11-01,IAD,15218,176,172.0
2021-11-02,IAD,12917,164,160.0
2021-11-03,IAD,14404,166,166.0
2021-11-04,IAD,15451,177,176.0
2021-11-05,IAD,16682,172,168.0
2021-11-06,IAD,13880,151,151.0
2021-11-07,IAD,15414,172,171.0
2021-11-08,IAD,15547,176,174.0
2021-11-09,IAD,11802,165,164.0
2021-11-10,IAD,15433,170,170.0
2021-11-11,IAD,15590,175,175.0
2021-11-12,IAD,14596,173,172.0
2021-11-13,IAD,13335,149,148.0
2021-11-14,IAD,16908,169,168.0
2021-11-15,IAD,15401,174,171.0
2021-11-16,IAD,12921,162,162.0
2021-11-17,IAD,14606,169,169.0
2021-11-18,IAD,14903,177,173.0
2021-11-19,IAD,18322,173,172.0
2021-11-20,IAD,16745,150,150.0
2021-11-21,IAD,16922,172,172.0
2021-11-22,IAD,14041,175,175.0
2021-11-23,IAD,15700,167,167.0
2021-11-24,IAD,16593,169,169.0
2021-11-25,IAD,12283,130,128.0
2021-11-26,IAD,15636,155,154.0
2021-11-27,IAD,17081,164,163.0
2021-11-28,IAD,17467,177,176.0
2021-11-29,IAD,15803,173,172.0
2021-11-30,IAD,14576,167,167.0
2021-12-01,IAD,16293,169,167.0
2021-12-02,IAD,15225,177,174.0
2021-12-03,IAD,16355,171,168.0
2021-12-04,IAD,195,140,138.0
2021-12-05,IAD,31372,161,157.0
2021-12-06,IAD,15267,165,164.0
2021-12-07,IAD,13995,155,155.0
2021-12-08,IAD,14970,158,155.0
2021-12-09,IAD,15614,164,164.0
2021-12-10,IAD,15274,161,159.0
2021-12-11,IAD,14864,140,139.0
2021-12-12,IAD,15535,160,160.0
2021-12-13,IAD,13669,165,165.0
2021-12-14,IAD,14942,156,156.0
2021-12-15,IAD,15266,163,162.0
2021-12-16,IAD,18004,166,164.0
2021-12-17,IAD,19552,160,158.0
2021-12-18,IAD,18076,155,152.0
2021-12-19,IAD,17341,160,157.0
2021-12-20,IAD,15623,163,161.0
2021-12-21,IAD,18309,166,165.0
2021-12-22,IAD,16904,162,160.0
2021-12-23,IAD,16491,165,163.0
2021-12-24,IAD,11831,122,116.0
2021-12-25,IAD,12112,143,132.0
2021-12-26,IAD,14919,154,142.0
2021-12-27,IAD,15282,159,146.0
2021-12-28,IAD,15946,157,147.0
2021-12-29,IAD,15750,157,150.0
2021-12-30,IAD,14559,160,149.0
2021-12-31,IAD,12382,122,110.0
2022-01-01,IAD,13427,150,136.0
2022-01-02,IAD,14306,158,136.0
2022-01-03,IAD,100,160,96.0
2022-01-04,IAD,12705,154,138.0
2022-01-05,IAD,15035,149,128.0
2022-01-06,IAD,11542,157,142.0
2022-01-07,IAD,14698,155,125.0
2022-01-08,IAD,11978,142,129.0
2022-01-09,IAD,24021,150,133.0
2022-01-10,IAD,12137,156,145.0
2022-01-11,IAD,10507,147,133.0
2022-01-12,IAD,12511,147,129.0
2022-01-13,IAD,12660,149,134.0
2022-01-14,IAD,12615,144,136.0
2022-01-15,IAD,304,127,123.0
2022-01-16,IAD,23839,131,85.0
2022-01-17,IAD,11595,139,122.0
2022-01-18,IAD,10289,134,130.0
2022-01-19,IAD,11074,139,134.0
2022-01-20,IAD,13440,145,135.0
2022-01-21,IAD,11493,144,139.0
2022-01-22,IAD,11357,128,121.0
2022-01-23,IAD,11773,137,130.0
2022-01-24,IAD,9307,142,138.0
2022-01-25,IAD,8042,135,128.0
2022-01-26,IAD,10691,132,132.0
2022-01-27,IAD,13194,146,142.0
2022-01-28,IAD,12312,142,134.0
2022-01-29,IAD,10883,127,108.0
2022-01-30,IAD,12241,136,133.0
2022-01-31,IAD,10030,141,139.0
2022-02-01,IAD,8995,138,137.0
2022-02-02,IAD,10279,138,121.0
2022-02-03,IAD,11903,147,109.0
2022-02-04,IAD,12237,147,132.0
2022-02-05,IAD,11646,130,121.0
2022-02-06,IAD,11970,140,139.0
2022-02-07,IAD,10205,145,144.0
2022-02-08,IAD,9312,138,136.0
2022-02-09,IAD,359,140,140.0
2022-02-10,IAD,10155,150,148.0
2022-02-11,IAD,14141,156,155.0
2022-02-12,IAD,14028,140,140.0
2022-02-13,IAD,25420,144,142.0
2022-02-14,IAD,10275,152,152.0
2022-02-15,IAD,11673,143,143.0
2022-02-16,IAD,14201,146,145.0
2022-02-17,IAD,13795,154,146.0
2022-02-18,IAD,15108,153,150.0
2022-02-19,IAD,16094,141,140.0
2022-02-20,IAD,13328,145,144.0
2022-02-21,IAD,13794,153,153.0
2022-02-22,IAD,12557,145,144.0
2022-02-23,IAD,13385,147,144.0
2022-02-24,IAD,13987,154,145.0
2022-02-25,IAD,15448,153,146.0
2022-02-26,IAD,13731,142,140.0
2022-02-27,IAD,14920,148,147.0
2022-02-28,IAD,13682,153,153.0
2022-03-01,IAD,12448,144,142.0
2022-03-02,IAD,14564,146,146.0
2022-03-03,IAD,13510,150,150.0
2022-03-04,IAD,14692,148,148.0
2022-03-05,IAD,13530,132,131.0
2022-03-06,IAD,15906,144,144.0
2022-03-07,IAD,14815,149,147.0
2022-03-08,IAD,13017,144,143.0
2022-03-09,IAD,13555,145,143.0
2022-03-10,IAD,14746,150,149.0
2022-03-11,IAD,15488,150,148.0
2022-03-12,IAD,15398,134,122.0
2022-03-13,IAD,154,146,141.0
2022-03-14,IAD,16047,149,148.0
2022-03-15,IAD,14091,144,144.0
2022-03-16,IAD,16407,145,145.0
2022-03-17,IAD,16783,151,150.0
2022-03-18,IAD,17727,151,151.0
2022-03-19,IAD,19097,135,134.0
2022-03-20,IAD,17413,146,145.0
2022-03-21,IAD,14235,150,149.0
2022-03-22,IAD,15500,145,145.0
2022-03-23,IAD,14204,146,145.0
2022-03-24,IAD,15553,151,151.0
2022-03-25,IAD,16312,150,150.0
2022-03-26,IAD,16261,129,129.0
2022-03-27,IAD,20267,156,152.0
2022-03-28,IAD,17013,164,163.0
2022-03-29,IAD,15083,158,158.0
2022-03-30,IAD,17211,159,158.0
2022-03-31,IAD,17819,165,161.0
2022-04-01,IAD,20574,169,167.0
2022-04-02,IAD,17412,158,151.0
2022-04-03,IAD,130,166,166.0
2022-04-10,IAD,142,164,162.0
2022-04-17,IAD,41,165,164.0
2022-04-24,IAD,33,168,165.0
2022-05-01,IAD,81,167,161.0
2022-05-02,IAD,25131,167,167.0
2022-05-03,IAD,25155,162,160.0
2022-05-06,IAD,28827,156,147.0
2022-05-07,IAD,25516,141,135.0
2022-05-08,IAD,20519,153,149.0
2022-05-09,IAD,18616,155,154.0
2022-05-10,IAD,17553,151,151.0
2022-05-11,IAD,19379,151,151.0
2022-05-12,IAD,22074,157,157.0
2022-05-13,IAD,20287,153,149.0
2022-05-14,IAD,18708,139,137.0
2022-05-15,IAD,121,152,149.0
2022-05-16,IAD,23358,155,148.0
2022-05-17,IAD,20572,149,146.0
2022-05-18,IAD,23764,151,151.0
2022-05-19,IAD,22613,157,157.0
2022-05-20,IAD,23685,153,147.0
2022-05-21,IAD,22050,139,134.0
2022-05-22,IAD,101,153,142.0
2022-05-23,IAD,23303,155,150.0
2022-05-24,IAD,21373,151,151.0
2022-05-25,IAD,24486,151,150.0
2022-05-26,IAD,23411,157,155.0
2022-05-27,IAD,22731,155,139.0
2022-05-28,IAD,20860,141,137.0
2022-05-29,IAD,19127,149,146.0
2022-05-30,IAD,20078,156,154.0
2022-05-31,IAD,20609,150,149.0
2022-06-01,IAD,21484,149,148.0
2022-06-02,IAD,21392,151,133.0
2022-06-03,IAD,22341,156,148.0
2022-06-04,IAD,19193,148,146.0
2022-06-05,IAD,222,159,157.0
2022-06-06,IAD,23644,159,158.0
2022-06-07,IAD,21075,156,155.0
2022-06-08,IAD,22948,156,154.0
2022-06-09,IAD,24062,162,161.0
2022-06-10,IAD,24415,161,161.0
2022-06-11,IAD,22025,148,147.0
2022-06-12,IAD,22242,160,154.0
2022-06-13,IAD,22572,160,157.0
2022-06-14,IAD,21473,156,149.0
2022-06-15,IAD,22135,156,153.0
2022-06-16,IAD,22645,162,143.0
2022-06-17,IAD,24282,161,155.0
2022-06-18,IAD,23041,146,140.0
2022-06-19,IAD,22568,160,153.0
2022-06-20,IAD,21954,160,159.0
2022-06-21,IAD,20840,156,155.0
2022-06-22,IAD,22861,156,133.0
2022-06-23,IAD,24054,160,157.0
2022-06-24,IAD,24456,158,157.0
2022-06-25,IAD,21098,152,148.0
2022-06-26,IAD,22618,161,157.0
2022-06-27,IAD,24029,159,154.0
2022-06-28,IAD,22354,155,148.0
2022-06-29,IAD,22976,155,149.0
2022-06-30,IAD,23160,159,156.0
2022-07-01,IAD,22193,160,159.0
2022-07-03,IAD,224,153,151.0
2022-07-04,IAD,22579,155,153.0
2022-07-05,IAD,25030,157,149.0
2022-07-06,IAD,24526,154,153.0
2022-07-07,IAD,24748,159,159.0
2022-07-08,IAD,23655,155,151.0
2022-07-09,IAD,23613,151,150.0
2022-07-10,IAD,23164,164,161.0
2022-07-11,IAD,20167,158,158.0
2022-07-12,IAD,19866,154,148.0
2022-07-13,IAD,21370,155,154.0
2022-07-14,IAD,23651,160,158.0
2022-07-15,IAD,22170,157,155.0
2022-07-16,IAD,21247,151,150.0
2022-07-17,IAD,21164,159,155.0
2022-07-18,IAD,22387,157,145.0
2022-07-19,IAD,22085,155,151.0
2022-07-20,IAD,21201,154,152.0
2022-07-21,IAD,22231,160,159.0
2022-07-22,IAD,23533,155,153.0
2022-07-23,IAD,22529,149,145.0
2022-07-24,IAD,23392,159,155.0
2022-07-25,IAD,21135,157,142.0
2022-07-26,IAD,21615,152,149.0
2022-07-27,IAD,23007,153,151.0
2022-07-28,IAD,23314,158,156.0
2022-07-29,IAD,22452,153,151.0
2022-07-30,IAD,22564,150,149.0
2022-07-31,IAD,19874,157,153.0
2022-08-01,IAD,21374,161,158.0
2022-08-02,IAD,20322,158,157.0
2022-08-03,IAD,19614,158,155.0
2022-08-04,IAD,21667,163,150.0
2022-08-05,IAD,23102,161,140.0
2022-08-06,IAD,20594,153,150.0
2022-08-07,IAD,20112,161,158.0
2022-08-08,IAD,21605,159,152.0
2022-08-09,IAD,19881,157,152.0
2022-08-10,IAD,22551,157,128.0
2022-08-11,IAD,22287,162,154.0
2022-08-12,IAD,21516,160,159.0
2022-08-13,IAD,21063,153,152.0
2022-08-14,IAD,21413,161,160.0
2022-08-15,IAD,22011,158,157.0
2022-08-16,IAD,20078,152,151.0
2022-08-17,IAD,20940,149,146.0
2022-08-18,IAD,21646,157,155.0
2022-08-19,IAD,20814,157,156.0
2022-08-20,IAD,19846,150,150.0
2022-08-21,IAD,21217,157,154.0
2022-08-22,IAD,19968,152,140.0
2022-08-23,IAD,19719,153,148.0
2022-08-24,IAD,20822,152,151.0
2022-08-25,IAD,22292,156,156.0
2022-08-26,IAD,22938,157,155.0
2022-08-27,IAD,19040,150,150.0
2022-08-28,IAD,20858,158,158.0
2022-08-29,IAD,19295,153,152.0
2022-08-30,IAD,19239,153,140.0
2022-08-31,IAD,21601,152,152.0
2022-09-01,IAD,22924,152,152.0
2022-09-02,IAD,21211,151,151.0
2022-09-03,IAD,21230,145,145.0
2022-09-04,IAD,18384,149,145.0
2022-09-05,IAD,19806,147,147.0
2022-09-06,IAD,19416,156,156.0
2022-09-07,IAD,20309,158,158.0
2022-09-08,IAD,19697,161,161.0
2022-09-09,IAD,21666,157,157.0
2022-09-10,IAD,18802,152,152.0
2022-09-11,IAD,20006,160,160.0
2022-09-12,IAD,21446,162,158.0
2022-09-13,IAD,17813,157,156.0
2022-09-14,IAD,20136,157,157.0
2022-09-15,IAD,21217,165,165.0
2022-09-16,IAD,23892,161,160.0
2022-09-17,IAD,19410,152,152.0
2022-09-18,IAD,22491,162,161.0
2022-09-19,IAD,20571,161,160.0
2022-09-20,IAD,20364,156,155.0
2022-09-21,IAD,21947,157,157.0
2022-09-22,IAD,22192,163,161.0
2022-09-23,IAD,20825,161,161.0
2022-09-24,IAD,20076,153,153.0
2022-09-25,IAD,22520,162,161.0
2022-09-26,IAD,20816,164,164.0
2022-09-27,IAD,18241,157,156.0
2022-09-28,IAD,20425,157,146.0
2022-09-29,IAD,20840,168,154.0
2022-09-30,IAD,22452,169,157.0
2022-10-01,IAD,19361,155,152.0
2022-10-02,IAD,20180,165,163.0
2022-10-03,IAD,17871,162,161.0
2022-10-04,IAD,17972,159,157.0
2022-10-05,IAD,23408,159,157.0
2022-10-06,IAD,20066,165,164.0
2022-10-07,IAD,23130,163,163.0
2022-10-08,IAD,20191,151,150.0
2022-10-09,IAD,22342,166,166.0
2022-10-10,IAD,18629,163,163.0
2022-10-11,IAD,20683,159,159.0
2022-10-12,IAD,22724,159,158.0
2022-10-13,IAD,21994,165,163.0
2022-10-14,IAD,20710,163,163.0
2022-10-15,IAD,22551,151,150.0
2022-10-16,IAD,20223,166,166.0
2022-10-17,IAD,20280,163,162.0
2022-10-18,IAD,19643,159,159.0
2022-10-19,IAD,21041,159,159.0
2022-10-20,IAD,20507,166,166.0
2022-10-21,IAD,21863,164,164.0
2022-10-22,IAD,20684,151,151.0
2022-10-23,IAD,21924,166,166.0
2022-10-24,IAD,19418,164,164.0
2022-10-25,IAD,20824,160,157.0
2022-10-26,IAD,21083,159,159.0
2022-10-27,IAD,21207,165,165.0
2022-10-28,IAD,21375,163,163.0
2022-10-29,IAD,20245,146,146.0
2022-10-30,IAD,21681,156,156.0
2022-10-31,IAD,18311,155,153.0
2022-11-01,IAD,17915,159,158.0
2022-11-02,IAD,21251,161,161.0
2022-11-03,IAD,17866,170,170.0
2022-11-04,IAD,19595,165,159.0
2022-11-05,IAD,19126,149,145.0
2022-11-06,IAD,21536,166,166.0
2022-11-07,IAD,20750,163,162.0
2022-11-08,IAD,19272,161,161.0
2022-11-09,IAD,20592,166,162.0
2022-11-10,IAD,18588,172,166.0
2022-11-11,IAD,19353,171,169.0
2022-11-12,IAD,19349,153,153.0
2022-11-13,IAD,21539,172,171.0
2022-11-14,IAD,19684,171,171.0
2022-11-15,IAD,17740,167,167.0
2022-11-16,IAD,19434,166,166.0
2022-11-17,IAD,20171,171,170.0
2022-11-18,IAD,21576,168,167.0
2022-11-19,IAD,19743,155,155.0
2022-11-20,IAD,18948,173,172.0
2022-11-21,IAD,13017,167,167.0
2022-11-22,IAD,18529,168,168.0
2022-11-23,IAD,18126,169,169.0
2022-11-24,IAD,14343,123,123.0
2022-11-25,IAD,18266,138,138.0
2022-11-26,IAD,19133,161,161.0
2022-11-27,IAD,22738,171,171.0
2022-11-28,IAD,18749,168,168.0
2022-11-29,IAD,18280,162,162.0
2022-11-30,IAD,18753,163,161.0
2022-12-01,IAD,18717,168,167.0
2022-12-02,IAD,19101,166,166.0
2022-12-03,IAD,17336,151,151.0
2022-12-04,IAD,17979,167,167.0
2022-12-05,IAD,16895,167,167.0
2022-12-06,IAD,17507,162,162.0
2022-12-07,IAD,18185,163,163.0
2022-12-08,IAD,19457,168,168.0
2022-12-09,IAD,19666,166,166.0
2022-12-10,IAD,17922,151,151.0
2022-12-11,IAD,20096,166,166.0
2022-12-12,IAD,17542,166,166.0
2022-12-13,IAD,19319,163,159.0
2022-12-14,IAD,19732,163,163.0
2022-12-15,IAD,20031,166,164.0
2022-12-16,IAD,21950,171,167.0
2022-12-17,IAD,19735,156,154.0
2022-12-18,IAD,21259,163,163.0
2022-12-19,IAD,19717,167,166.0
2022-12-20,IAD,19883,165,164.0
2022-12-21,IAD,20703,163,163.0
2022-12-22,IAD,20335,166,160.0
2022-12-23,IAD,19799,165,132.0
2022-12-24,IAD,18308,121,106.0
2022-12-25,IAD,19163,139,129.0
2022-12-26,IAD,18908,154,139.0
2022-12-27,IAD,20332,151,146.0
2022-12-28,IAD,17877,150,145.0
2022-12-29,IAD,19594,153,148.0
2022-12-30,IAD,21906,152,152.0
2022-12-31,IAD,17684,121,120.0
2023-01-01,IAD,16951,111,109.0
2023-01-02,IAD,19263,130,129.0
2023-01-03,IAD,17102,127,121.0
2023-01-04,IAD,17765,113,111.0
2023-01-05,IAD,19431,113,113.0
2023-01-06,IAD,20318,113,113.0
2023-01-07,IAD,17505,103,103.0
2023-01-08,IAD,18995,116,116.0
2023-01-09,IAD,16557,116,115.0
2023-01-10,IAD,16715,112,112.0
2023-01-11,IAD,18907,114,105.0
2023-01-12,IAD,19340,121,120.0
2023-01-13,IAD,20736,122,120.0
2023-01-14,IAD,19336,107,105.0
2023-01-15,IAD,18300,113,113.0
2023-01-16,IAD,18503,117,117.0
2023-01-17,IAD,14182,113,113.0
2023-01-18,IAD,15662,114,114.0
2023-01-19,IAD,16113,122,121.0
2023-01-20,IAD,18716,123,123.0
2023-01-21,IAD,17258,109,109.0
2023-01-22,IAD,18942,116,115.0
2023-01-23,IAD,16641,117,117.0
2023-01-24,IAD,15142,113,113.0
2023-01-25,IAD,19606,115,109.0
2023-01-26,IAD,18550,122,121.0
2023-01-27,IAD,16861,122,121.0
2023-01-28,IAD,16126,109,109.0
2023-01-29,IAD,18926,115,115.0
2023-01-30,IAD,15692,117,117.0
2023-01-31,IAD,14277,113,107.0
2023-02-01,IAD,17864,114,109.0
2023-02-02,IAD,17550,121,120.0
2023-02-03,IAD,17960,121,120.0
2023-02-04,IAD,16022,109,109.0
2023-02-05,IAD,19569,114,114.0
2023-02-06,IAD,16253,117,117.0
2023-02-07,IAD,14404,112,112.0
2023-02-08,IAD,17675,115,114.0
2023-02-09,IAD,19447,126,126.0
2023-02-10,IAD,20375,132,132.0
2023-02-11,IAD,17824,115,115.0
2023-02-12,IAD,18583,127,127.0
2023-02-13,IAD,16463,132,132.0
2023-02-14,IAD,15117,127,127.0
2023-02-15,IAD,17323,128,127.0
2023-02-16,IAD,16683,134,131.0
2023-02-17,IAD,21360,134,133.0
2023-02-18,IAD,17275,117,117.0
2023-02-19,IAD,18314,129,129.0
2023-02-20,IAD,18433,135,134.0
2023-02-21,IAD,17225,133,132.0
2023-02-22,IAD,16945,131,129.0
2023-02-23,IAD,18544,136,132.0
2023-02-24,IAD,20475,135,135.0
2023-02-25,IAD,17641,114,113.0
2023-02-26,IAD,18598,129,129.0
2023-02-27,IAD,18182,135,130.0
2023-02-28,IAD,16909,133,130.0
2023-03-01,IAD,18939,133,133.0
2023-03-02,IAD,20989,135,135.0
2023-03-03,IAD,20773,142,139.0
2023-03-04,IAD,18992,118,116.0
2023-03-05,IAD,20229,132,132.0
2023-03-06,IAD,18133,144,144.0
2023-03-07,IAD,15794,140,140.0
2023-03-08,IAD,19312,142,142.0
2023-03-09,IAD,19339,146,146.0
2023-03-10,IAD,21983,144,143.0
2023-03-11,IAD,19368,122,121.0
2023-03-12,IAD,20722,132,132.0
2023-03-13,IAD,20218,145,143.0
2023-03-14,IAD,18406,141,132.0
2023-03-15,IAD,20293,143,142.0
2023-03-16,IAD,20555,146,145.0
2023-03-17,IAD,20296,144,142.0
2023-03-18,IAD,19905,122,122.0
2023-03-19,IAD,22161,132,132.0
2023-03-20,IAD,20810,145,145.0
2023-03-21,IAD,19333,141,140.0
2023-03-22,IAD,20637,143,143.0
2023-03-23,IAD,19650,147,146.0
2023-03-24,IAD,19341,145,145.0
2023-03-25,IAD,20502,118,117.0
2023-03-26,IAD,22334,134,134.0
2023-03-27,IAD,20142,149,148.0
2023-03-28,IAD,21176,145,144.0
2023-03-29,IAD,23077,147,147.0
2023-03-30,IAD,24633,151,150.0
2023-03-31,IAD,24583,149,149.0
2023-04-01,IAD,24583,119,109.0
2023-04-02,IAD,23133,127,125.0
2023-04-03,IAD,22459,137,136.0
2023-04-04,IAD,21387,133,132.0
2023-04-05,IAD,19573,133,127.0
2023-04-06,IAD,22394,139,139.0
2023-04-07,IAD,19406,137,137.0
2023-04-08,IAD,17312,120,119.0
2023-04-09,IAD,20003,128,127.0
2023-04-10,IAD,21458,136,136.0
2023-04-11,IAD,17375,133,133.0
2023-04-12,IAD,19702,133,132.0
2023-04-13,IAD,22607,135,133.0
2023-04-14,IAD,20559,136,136.0
2023-04-15,IAD,22452,118,111.0
2023-04-16,IAD,21862,128,125.0
2023-04-17,IAD,21604,133,132.0
2023-04-18,IAD,18741,133,133.0
2023-04-19,IAD,22609,134,134.0
2023-04-20,IAD,21688,135,131.0
2023-04-21,IAD,22596,136,134.0
2023-04-22,IAD,21078,117,111.0
2023-04-23,IAD,21821,128,126.0
2023-04-24,IAD,20752,133,131.0
2023-04-25,IAD,20763,133,132.0
2023-04-26,IAD,23445,134,134.0
2023-04-27,IAD,21423,137,137.0
2023-04-28,IAD,22317,136,136.0
2023-04-29,IAD,19660,117,114.0
2023-04-30,IAD,24326,130,126.0
2023-05-01,IAD,20671,136,135.0
2023-05-02,IAD,21409,133,132.0
2023-05-03,IAD,22281,135,135.0
2023-05-04,IAD,20997,138,138.0
2023-05-05,IAD,23462,142,142.0
2023-05-06,IAD,20610,117,116.0
2023-05-07,IAD,23921,136,136.0
2023-05-08,IAD,23883,143,142.0
2023-05-09,IAD,21210,140,140.0
2023-05-10,IAD,22639,141,141.0
2023-05-11,IAD,23222,142,142.0
2023-05-12,IAD,24385,141,141.0
2023-05-13,IAD,21402,120,118.0
2023-05-14,IAD,24597,137,135.0
2023-05-15,IAD,24637,141,140.0
2023-05-16,IAD,21432,139,139.0
2023-05-17,IAD,25461,139,137.0
2023-05-18,IAD,23353,144,143.0
2023-05-19,IAD,24697,141,140.0
2023-05-20,IAD,24004,121,120.0
2023-05-21,IAD,27598,135,135.0
2023-05-22,IAD,25702,142,142.0
2023-05-23,IAD,21939,141,140.0
2023-05-24,IAD,22605,140,138.0
2023-05-25,IAD,22715,144,142.0
2023-05-26,IAD,23833,140,140.0
2023-05-27,IAD,20561,119,119.0
2023-05-28,IAD,20356,131,130.0
2023-05-29,IAD,23156,141,139.0
2023-05-30,IAD,22566,137,137.0
2023-05-31,IAD,23721,137,136.0
2023-06-01,IAD,24424,143,141.0
2023-06-02,IAD,25107,147,145.0
2023-06-03,IAD,22265,129,127.0
2023-06-04,IAD,25681,141,140.0
2023-06-05,IAD,25735,151,149.0
2023-06-06,IAD,23085,148,148.0
2023-06-07,IAD,25847,146,145.0
2023-06-08,IAD,22645,151,151.0
2023-06-09,IAD,24168,149,148.0
2023-06-10,IAD,23629,129,128.0
2023-06-11,IAD,25318,141,141.0
2023-06-12,IAD,24637,151,148.0
2023-06-13,IAD,26042,148,148.0
2023-06-14,IAD,27638,145,142.0
2023-06-15,IAD,24066,153,152.0
2023-06-16,IAD,24760,149,149.0
2023-06-17,IAD,25211,129,129.0
2023-06-18,IAD,26668,143,142.0
2023-06-19,IAD,21993,152,150.0
2023-06-20,IAD,27161,147,147.0
2023-06-21,IAD,25574,149,149.0
2023-06-22,IAD,24786,150,148.0
2023-06-23,IAD,25105,149,148.0
2023-06-24,IAD,25557,131,126.0
2023-06-25,IAD,26535,145,134.0
2023-06-26,IAD,25354,152,130.0
2023-06-27,IAD,26751,148,122.0
2023-06-28,IAD,24647,150,130.0
2023-06-29,IAD,25716,152,132.0
2023-06-30,IAD,26567,151,147.0
2023-07-01,IAD,25221,130,128.0
2023-07-02,IAD,25309,129,125.0
2023-07-03,IAD,22935,130,128.0
2023-07-04,IAD,23584,126,123.0
2023-07-05,IAD,24179,149,149.0
2023-07-06,IAD,23898,148,147.0
2023-07-07,IAD,24262,143,139.0
2023-07-08,IAD,22935,135,133.0
2023-07-09,IAD,24294,144,132.0
2023-07-10,IAD,25204,153,152.0
2023-07-11,IAD,24999,151,150.0
2023-07-12,IAD,26203,151,150.0
2023-07-13,IAD,25260,152,150.0
2023-07-14,IAD,26793,150,138.0
2023-07-15,IAD,26196,136,127.0
2023-07-16,IAD,28120,145,140.0
2023-07-17,IAD,24512,153,150.0
2023-07-18,IAD,25531,151,146.0
2023-07-19,IAD,27365,151,151.0
2023-07-20,IAD,24975,154,154.0
2023-07-21,IAD,26885,152,151.0
2023-07-22,IAD,25277,137,135.0
2023-07-23,IAD,25384,147,147.0
2023-07-24,IAD,23379,154,154.0
2023-07-25,IAD,24469,152,149.0
2023-07-26,IAD,27250,152,151.0
2023-07-27,IAD,25523,154,152.0
2023-07-28,IAD,26006,152,147.0
2023-07-29,IAD,25315,137,126.0
2023-07-30,IAD,26622,145,141.0
2023-07-31,IAD,24806,154,150.0
2023-08-01,IAD,24303,160,157.0
2023-08-02,IAD,25226,161,161.0
2023-08-03,IAD,25405,161,161.0
2023-08-04,IAD,23304,159,159.0
2023-08-05,IAD,23841,141,140.0
2023-08-06,IAD,26315,153,148.0
2023-08-07,IAD,26721,161,144.0
2023-08-08,IAD,24884,161,157.0
2023-08-09,IAD,26420,159,158.0
2023-08-10,IAD,25185,160,160.0
2023-08-11,IAD,24512,160,160.0
2023-08-12,IAD,24579,141,141.0
2023-08-13,IAD,25838,153,153.0
2023-08-14,IAD,24558,161,160.0
2023-08-15,IAD,22833,160,158.0
2023-08-16,IAD,23904,158,158.0
2023-08-17,IAD,24567,160,159.0
2023-08-18,IAD,24295,158,157.0
2023-08-19,IAD,21283,141,140.0
2023-08-20,IAD,23340,155,153.0
2023-08-21,IAD,23026,160,160.0
2023-08-22,IAD,22264,160,160.0
2023-08-23,IAD,24297,159,159.0
2023-08-24,IAD,24624,160,157.0
2023-08-25,IAD,22314,158,158.0
2023-08-26,IAD,21573,141,141.0
2023-08-27,IAD,21285,155,154.0
2023-08-28,IAD,25150,160,159.0
2023-08-29,IAD,21728,159,156.0
2023-08-30,IAD,23046,158,152.0
2023-08-31,IAD,23332,160,159.0
2023-09-01,IAD,24064,158,158.0
2023-09-02,IAD,23304,132,131.0
2023-09-03,IAD,22741,139,139.0
2023-09-04,IAD,24234,163,163.0
2023-09-05,IAD,24538,143,143.0
2023-09-06,IAD,22491,137,136.0
2023-09-07,IAD,22682,145,140.0
2023-09-08,IAD,25816,146,136.0
2023-09-09,IAD,22776,128,96.0
2023-09-10,IAD,23929,143,130.0
2023-09-11,IAD,25436,147,146.0
2023-09-12,IAD,23238,141,139.0
2023-09-13,IAD,20964,140,140.0
2023-09-14,IAD,22206,148,146.0
2023-09-15,IAD,22531,148,148.0
2023-09-16,IAD,20406,128,124.0
2023-09-17,IAD,23213,144,144.0
2023-09-18,IAD,22056,148,148.0
2023-09-19,IAD,20731,141,140.0
2023-09-20,IAD,22312,140,140.0
2023-09-21,IAD,23384,148,148.0
2023-09-22,IAD,23536,145,145.0
2023-09-23,IAD,20958,129,129.0
2023-09-24,IAD,23193,141,140.0
2023-09-25,IAD,23408,148,146.0
2023-09-26,IAD,22597,141,141.0
2023-09-27,IAD,21464,140,140.0
2023-09-28,IAD,24810,147,147.0
2023-09-29,IAD,22610,148,147.0
2023-09-30,IAD,20657,132,130.0
2023-10-01,IAD,22547,153,153.0
2023-10-02,IAD,24867,156,156.0
2023-10-03,IAD,20662,149,149.0
2023-10-04,IAD,20518,149,148.0
2023-10-05,IAD,22845,155,155.0
2023-10-06,IAD,23214,150,150.0
2023-10-07,IAD,23742,137,136.0
2023-10-08,IAD,24521,148,148.0
2023-10-09,IAD,25120,152,152.0
2023-10-10,IAD,21407,149,149.0
2023-10-11,IAD,22372,149,149.0
2023-10-12,IAD,22755,155,155.0
2023-10-13,IAD,23649,151,150.0
2023-10-14,IAD,24018,135,134.0
2023-10-15,IAD,23209,148,148.0
2023-10-16,IAD,24522,151,151.0
2023-10-17,IAD,22588,148,148.0
2023-10-18,IAD,23176,148,148.0
2023-10-19,IAD,22435,155,155.0
2023-10-20,IAD,23007,150,150.0
2023-10-21,IAD,20316,134,134.0
2023-10-22,IAD,21645,149,148.0
2023-10-23,IAD,22530,150,149.0
2023-10-24,IAD,23317,148,148.0
2023-10-25,IAD,22514,148,148.0
2023-10-26,IAD,23109,155,155.0
2023-10-27,IAD,23150,151,151.0
2023-10-28,IAD,23531,133,133.0
2023-10-29,IAD,22506,123,122.0
2023-10-30,IAD,22888,129,129.0
2023-10-31,IAD,18766,119,119.0
2023-11-01,IAD,21029,120,119.0
2023-11-02,IAD,19982,131,129.0
2023-11-03,IAD,21328,129,129.0
2023-11-04,IAD,21485,111,111.0
2023-11-05,IAD,23017,124,123.0
2023-11-06,IAD,21447,133,133.0
2023-11-07,IAD,18910,123,123.0
2023-11-08,IAD,18649,121,121.0
2023-11-09,IAD,21951,135,135.0
2023-11-10,IAD,20353,131,131.0
2023-11-11,IAD,19976,112,112.0
2023-11-12,IAD,19884,127,127.0
2023-11-13,IAD,21280,132,132.0
2023-11-14,IAD,19771,123,123.0
2023-11-15,IAD,21502,124,124.0
2023-11-16,IAD,19460,135,135.0
2023-11-17,IAD,20627,132,132.0
2023-11-18,IAD,21338,114,113.0
2023-11-19,IAD,21246,126,126.0
2023-11-20,IAD,19399,123,123.0
2023-11-21,IAD,19364,128,128.0
2023-11-22,IAD,19877,130,130.0
2023-11-23,IAD,16666,93,93.0
2023-11-24,IAD,19043,109,109.0
2023-11-25,IAD,20936,122,122.0
2023-11-26,IAD,23209,129,129.0
2023-11-27,IAD,21025,130,130.0
2023-11-28,IAD,18331,121,121.0
2023-11-29,IAD,20306,121,121.0
2023-11-30,IAD,18596,131,131.0
2023-12-01,IAD,19217,127,126.0
2023-12-02,IAD,21463,114,114.0
2023-12-03,IAD,19913,124,124.0
2023-12-04,IAD,20355,128,128.0
2023-12-05,IAD,20258,119,119.0
2023-12-06,IAD,19459,119,119.0
2023-12-07,IAD,20488,133,133.0
2023-12-08,IAD,21584,130,130.0
2023-12-09,IAD,18174,113,113.0
2023-12-10,IAD,21230,126,126.0
2023-12-11,IAD,20241,129,128.0
2023-12-12,IAD,21751,120,120.0
2023-12-13,IAD,22494,122,122.0
2023-12-14,IAD,21547,135,135.0
2023-12-15,IAD,22174,131,131.0
2023-12-16,IAD,22418,116,116.0
2023-12-17,IAD,23136,126,126.0
2023-12-18,IAD,23593,126,123.0
2023-12-19,IAD,21378,122,122.0
2023-12-20,IAD,21860,129,129.0
2023-12-21,IAD,20856,142,142.0
2023-12-22,IAD,21423,140,140.0
2023-12-23,IAD,22330,132,131.0
2023-12-24,IAD,19701,126,125.0
2023-12-25,IAD,21528,133,133.0
2023-12-26,IAD,20169,139,139.0
2023-12-27,IAD,23218,142,142.0
2023-12-28,IAD,21589,139,137.0
2023-12-29,IAD,20951,140,139.0
2023-12-30,IAD,20553,132,132.0
2023-12-31,IAD,17952,126,125.0
2024-01-01,IAD,20598,136,136.0
2024-01-02,IAD,21351,141,141.0
2024-01-03,IAD,21956,143,143.0
2024-01-04,IAD,20466,139,139.0
2024-01-05,IAD,19849,140,140.0
2024-01-06,IAD,19588,132,123.0
2024-01-07,IAD,20100,139,124.0
2024-01-08,IAD,19349,139,122.0
2024-01-09,IAD,19004,120,105.0
2024-01-10,IAD,20742,124,114.0
2024-01-11,IAD,18460,131,121.0
2024-01-12,IAD,18863,131,116.0
2024-01-13,IAD,19172,112,100.0
2024-01-14,IAD,19027,120,109.0
2024-01-15,IAD,20471,132,116.0
2024-01-16,IAD,17680,122,103.0
2024-01-17,IAD,18964,125,114.0
2024-01-18,IAD,19090,132,119.0
2024-01-19,IAD,17788,131,117.0
2024-01-20,IAD,18709,112,100.0
2024-01-21,IAD,18137,127,116.0
2024-01-22,IAD,17310,131,121.0
2024-01-23,IAD,15607,122,112.0
2024-01-24,IAD,18464,125,115.0
2024-01-25,IAD,17886,132,117.0
2024-01-26,IAD,18360,131,120.0
2024-01-27,IAD,19001,112,97.0
2024-01-28,IAD,18288,131,130.0
2024-01-29,IAD,17735,131,131.0
2024-01-30,IAD,14976,122,122.0
2024-01-31,IAD,17582,123,123.0
2024-02-01,IAD,16398,127,125.0
2024-02-02,IAD,17385,126,126.0
2024-02-03,IAD,19030,112,111.0
2024-02-04,IAD,18679,126,126.0
2024-02-05,IAD,18756,126,126.0
2024-02-06,IAD,15943,117,117.0
2024-02-07,IAD,17151,123,123.0
2024-02-08,IAD,18338,129,129.0
2024-02-09,IAD,19018,126,126.0
2024-02-10,IAD,17619,112,111.0
2024-02-11,IAD,18483,128,128.0
2024-02-12,IAD,17478,126,124.0
2024-02-13,IAD,16418,117,115.0
2024-02-14,IAD,18323,121,121.0
2024-02-15,IAD,18175,140,140.0
2024-02-16,IAD,20453,141,140.0
2024-02-17,IAD,18855,124,123.0
2024-02-18,IAD,20877,136,136.0
2024-02-19,IAD,17234,141,140.0
2024-02-20,IAD,18580,134,134.0
2024-02-21,IAD,17051,134,134.0
2024-02-22,IAD,17381,142,141.0
2024-02-23,IAD,19498,141,141.0
2024-02-24,IAD,18607,124,124.0
2024-02-25,IAD,20477,138,138.0
2024-02-26,IAD,19402,141,141.0
2024-02-27,IAD,17755,134,134.0
2024-02-28,IAD,18338,134,134.0
2024-02-29,IAD,18128,141,140.0
2024-03-01,IAD,18955,139,139.0
2024-03-02,IAD,19607,122,122.0
2024-03-03,IAD,20192,136,136.0
2024-03-04,IAD,19295,139,139.0
2024-03-05,IAD,17881,132,132.0
2024-03-06,IAD,21894,133,133.0
2024-03-07,IAD,19610,143,143.0
2024-03-08,IAD,19819,142,141.0
2024-03-09,IAD,21843,125,123.0
2024-03-10,IAD,18540,138,137.0
2024-03-11,IAD,19159,141,141.0
2024-03-12,IAD,19132,136,136.0
2024-03-13,IAD,18981,137,137.0
2024-03-14,IAD,21496,144,144.0
2024-03-15,IAD,24018,144,142.0
2024-03-16,IAD,21532,128,127.0
2024-03-17,IAD,21919,141,140.0
2024-03-18,IAD,21740,144,144.0
2024-03-19,IAD,20933,138,138.0
2024-03-20,IAD,22011,139,139.0
2024-03-21,IAD,21927,144,144.0
2024-03-22,IAD,23790,144,144.0
2024-03-23,IAD,20890,129,128.0
2024-03-24,IAD,22735,141,140.0
2024-03-25,IAD,22047,143,143.0
2024-03-26,IAD,21315,139,138.0
2024-03-27,IAD,21094,139,139.0
2024-03-28,IAD,21415,146,146.0
2024-03-29,IAD,21239,144,144.0
2024-03-30,IAD,19024,130,130.0
2024-03-31,IAD,21215,137,137.0
2024-04-01,IAD,20182,144,144.0
2024-04-02,IAD,18593,141,141.0
2024-04-03,IAD,22627,137,130.0
2024-04-04,IAD,23106,147,147.0
2024-04-05,IAD,23051,145,144.0
2024-04-06,IAD,20968,133,133.0
2024-04-07,IAD,22942,136,136.0
2024-04-08,IAD,21396,145,144.0
2024-04-09,IAD,21378,141,140.0
2024-04-10,IAD,21111,140,140.0
2024-04-11,IAD,22334,151,150.0
2024-04-12,IAD,23460,149,149.0
2024-04-13,IAD,24202,136,136.0
2024-04-14,IAD,22944,139,139.0
2024-04-15,IAD,23375,149,148.0
2024-04-16,IAD,20438,144,144.0
2024-04-17,IAD,21288,140,139.0
2024-04-18,IAD,22335,151,149.0
2024-04-19,IAD,23715,149,149.0
2024-04-20,IAD,22308,134,132.0
2024-04-21,IAD,23479,140,140.0
2024-04-22,IAD,22836,151,151.0
2024-04-23,IAD,20966,145,144.0
2024-04-24,IAD,22085,141,141.0
2024-04-25,IAD,22708,151,151.0
2024-04-26,IAD,22072,151,151.0
2024-04-27,IAD,23083,136,136.0
2024-04-28,IAD,24595,142,141.0
2024-04-29,IAD,25071,151,151.0
2024-04-30,IAD,21422,145,145.0
2024-05-01,IAD,24304,141,141.0
2024-05-02,IAD,23090,156,156.0
2024-05-03,IAD,23085,152,151.0
2024-05-04,IAD,22026,140,139.0
2024-05-05,IAD,25849,151,151.0
2024-05-06,IAD,24754,152,152.0
2024-05-07,IAD,25415,147,146.0
2024-05-08,IAD,24857,144,144.0
2024-05-09,IAD,24695,155,152.0
2024-05-10,IAD,26776,153,152.0
2024-05-11,IAD,24350,139,139.0
2024-05-12,IAD,26042,151,151.0
2024-05-13,IAD,27484,153,153.0
2024-05-14,IAD,23880,147,146.0
2024-05-15,IAD,22864,145,143.0
2024-05-16,IAD,25893,156,152.0
2024-05-17,IAD,25251,153,152.0
2024-05-18,IAD,26038,142,141.0
2024-05-19,IAD,27824,152,152.0
2024-05-20,IAD,26761,153,153.0
2024-05-21,IAD,25187,149,149.0
2024-05-22,IAD,24566,151,151.0
2024-05-23,IAD,25299,158,158.0
2024-05-24,IAD,26412,154,153.0
2024-05-25,IAD,25076,144,142.0
2024-05-26,IAD,24181,147,146.0
2024-05-27,IAD,23972,153,150.0
2024-05-28,IAD,21908,150,149.0
2024-05-29,IAD,24320,149,149.0
2024-05-30,IAD,24526,157,157.0
2024-05-31,IAD,26761,154,152.0
2024-06-01,IAD,25711,145,145.0
2024-06-02,IAD,26297,153,152.0
2024-06-03,IAD,24386,153,153.0
2024-06-04,IAD,24843,151,151.0
2024-06-05,IAD,25567,150,145.0
2024-06-06,IAD,25517,153,151.0
2024-06-07,IAD,24761,153,151.0
2024-06-08,IAD,26581,145,144.0
2024-06-09,IAD,26238,152,152.0
2024-06-10,IAD,23811,151,150.0
2024-06-11,IAD,25693,152,152.0
2024-06-12,IAD,27380,151,148.0
2024-06-13,IAD,25107,155,152.0
2024-06-14,IAD,26403,153,149.0
2024-06-15,IAD,23738,145,145.0
2024-06-16,IAD,24448,152,151.0
2024-06-17,IAD,24639,152,152.0
2024-06-18,IAD,27530,152,152.0
2024-06-19,IAD,25913,151,151.0
2024-06-20,IAD,25673,154,154.0
2024-06-21,IAD,25864,153,153.0
2024-06-22,IAD,28265,145,140.0
2024-06-23,IAD,25240,151,147.0
2024-06-24,IAD,25285,152,151.0
2024-06-25,IAD,26558,152,152.0
2024-06-26,IAD,26531,151,146.0
2024-06-27,IAD,24828,152,150.0
2024-06-28,IAD,25753,150,150.0
2024-06-29,IAD,26605,142,141.0
2024-06-30,IAD,27435,146,140.0
2024-07-01,IAD,28329,149,146.0
2024-07-02,IAD,28053,149,149.0
2024-07-03,IAD,25832,149,149.0
2024-07-04,IAD,25316,143,142.0
2024-07-05,IAD,25199,147,147.0
2024-07-06,IAD,26377,144,144.0
2024-07-07,IAD,25114,153,151.0
2024-07-08,IAD,27629,154,149.0
2024-07-09,IAD,26708,153,153.0
2024-07-10,IAD,26634,152,152.0
2024-07-11,IAD,27440,155,155.0
2024-07-12,IAD,23879,154,152.0
2024-07-13,IAD,27287,145,143.0
2024-07-14,IAD,26010,152,149.0
2024-07-15,IAD,24737,153,151.0
2024-07-16,IAD,25542,153,150.0
2024-07-17,IAD,27421,152,149.0
2024-07-18,IAD,28638,157,155.0
2024-07-19,IAD,24476,155,113.0
2024-07-20,IAD,24761,145,132.0
2024-07-21,IAD,26536,153,146.0
2024-07-22,IAD,26929,154,146.0
2024-07-23,IAD,27190,153,152.0
2024-07-24,IAD,27229,152,152.0
2024-07-25,IAD,28260,155,155.0
2024-07-26,IAD,25707,154,154.0
2024-07-27,IAD,24813,145,144.0
2024-07-28,IAD,25091,153,153.0
2024-07-29,IAD,25350,154,152.0
2024-07-30,IAD,27054,153,152.0
2024-07-31,IAD,26891,152,152.0
2024-08-01,IAD,25010,158,156.0
2024-08-02,IAD,25858,154,148.0
2024-08-03,IAD,24901,146,123.0
2024-08-04,IAD,27270,154,138.0
2024-08-05,IAD,26727,154,150.0
2024-08-06,IAD,27538,152,141.0
2024-08-07,IAD,23378,151,148.0
2024-08-08,IAD,26076,155,155.0
2024-08-09,IAD,27255,154,151.0
2024-08-10,IAD,25288,146,146.0
2024-08-11,IAD,25388,154,154.0
2024-08-12,IAD,24898,150,150.0
2024-08-13,IAD,23806,148,148.0
2024-08-14,IAD,24482,147,146.0
2024-08-15,IAD,24575,149,149.0
2024-08-16,IAD,25373,150,150.0
2024-08-17,IAD,25235,143,141.0
2024-08-18,IAD,26030,146,132.0
2024-08-19,IAD,25141,152,149.0
2024-08-20,IAD,23433,144,142.0
2024-08-21,IAD,22034,143,143.0
2024-08-22,IAD,22879,145,145.0
2024-08-23,IAD,23657,148,148.0
2024-08-24,IAD,24164,140,140.0
2024-08-25,IAD,24315,146,146.0
2024-08-26,IAD,24528,146,146.0
2024-08-27,IAD,23861,140,140.0
2024-08-28,IAD,23901,139,139.0
2024-08-29,IAD,24708,147,108.0
2024-08-30,IAD,26462,148,145.0
2024-08-31,IAD,25111,135,135.0
2024-09-01,IAD,23331,136,135.0
2024-09-02,IAD,25568,146,145.0
2024-09-03,IAD,24691,141,141.0
2024-09-04,IAD,24291,138,138.0
2024-09-05,IAD,22375,142,142.0
2024-09-06,IAD,24951,144,142.0
2024-09-07,IAD,23249,136,135.0
2024-09-08,IAD,27617,146,146.0
2024-09-09,IAD,22854,148,148.0
2024-09-10,IAD,24796,141,141.0
2024-09-11,IAD,22838,140,138.0
2024-09-12,IAD,25255,147,146.0
2024-09-13,IAD,24560,148,148.0
2024-09-14,IAD,24403,138,138.0
2024-09-15,IAD,24143,147,147.0
2024-09-16,IAD,25278,148,148.0
2024-09-17,IAD,24890,141,141.0
2024-09-18,IAD,24315,140,139.0
2024-09-19,IAD,23754,147,147.0
2024-09-20,IAD,26097,148,148.0
2024-09-21,IAD,25823,138,137.0
2024-09-22,IAD,25619,147,147.0
2024-09-23,IAD,26530,148,148.0
2024-09-24,IAD,25204,141,141.0
2024-09-25,IAD,25145,142,141.0
2024-09-26,IAD,23848,150,145.0
2024-09-27,IAD,26615,148,146.0
2024-09-28,IAD,27122,138,135.0
2024-09-29,IAD,25185,148,147.0
2024-09-30,IAD,25938,151,151.0
2024-10-01,IAD,25832,146,146.0
2024-10-02,IAD,24434,149,149.0
2024-10-03,IAD,24553,155,155.0
2024-10-04,IAD,24851,152,152.0
2024-10-05,IAD,24086,136,136.0
2024-10-06,IAD,27221,151,150.0
2024-10-07,IAD,23235,157,157.0
2024-10-08,IAD,24127,150,146.0
2024-10-09,IAD,24457,152,143.0
2024-10-10,IAD,26308,155,147.0
2024-10-11,IAD,26600,153,153.0
2024-10-12,IAD,24097,137,137.0
2024-10-13,IAD,24474,152,151.0
2024-10-14,IAD,25241,156,155.0
2024-10-15,IAD,25398,150,148.0
2024-10-16,IAD,24816,152,151.0
2024-10-17,IAD,25571,156,156.0
2024-10-18,IAD,26399,152,152.0
2024-10-19,IAD,25847,137,137.0
2024-10-20,IAD,22755,150,149.0
2024-10-21,IAD,24150,156,156.0
2024-10-22,IAD,24543,150,149.0
2024-10-23,IAD,25224,152,152.0
2024-10-24,IAD,24450,156,156.0
2024-10-25,IAD,24055,153,152.0
2024-10-26,IAD,24017,136,135.0
2024-10-27,IAD,24414,153,153.0
2024-10-28,IAD,23726,158,158.0
2024-10-29,IAD,23337,148,148.0
2024-10-30,IAD,23751,148,148.0
2024-10-31,IAD,25044,154,154.0
2024-11-01,IAD,24537,152,152.0
2024-11-02,IAD,23683,135,135.0
2024-11-03,IAD,24414,159,159.0
2024-11-04,IAD,20910,154,154.0
2024-11-05,IAD,20633,147,146.0
2024-11-06,IAD,23704,150,150.0
2024-11-07,IAD,25910,163,163.0
2024-11-08,IAD,21916,160,158.0
2024-11-09,IAD,22696,137,137.0
2024-11-10,IAD,24124,160,160.0
2024-11-11,IAD,23773,164,163.0
2024-11-12,IAD,22510,152,152.0
2024-11-13,IAD,22177,153,153.0
2024-11-14,IAD,24731,167,166.0
2024-11-15,IAD,22514,167,167.0
2024-11-16,IAD,22407,139,139.0
2024-11-17,IAD,25227,165,163.0
2024-11-18,IAD,23098,169,169.0
2024-11-19,IAD,21593,153,153.0
2024-11-20,IAD,21235,154,154.0
2024-11-21,IAD,25800,168,168.0
2024-11-22,IAD,25813,167,164.0
2024-11-23,IAD,25715,152,151.0
2024-11-24,IAD,25713,164,160.0
2024-11-25,IAD,22946,160,160.0
2024-11-26,IAD,24218,165,165.0
2024-11-27,IAD,26257,168,168.0
2024-11-28,IAD,19300,114,114.0
2024-11-29,IAD,24047,150,150.0
2024-11-30,IAD,26028,158,157.0
2024-12-01,IAD,26876,162,162.0
2024-12-02,IAD,22970,161,160.0
2024-12-03,IAD,23097,140,140.0
2024-12-04,IAD,22604,138,138.0
2024-12-05,IAD,25442,144,143.0
2024-12-06,IAD,23680,141,141.0
2024-12-07,IAD,22627,130,130.0
2024-12-08,IAD,23914,142,142.0
2024-12-09,IAD,24046,142,142.0
2024-12-10,IAD,21983,137,137.0
2024-12-11,IAD,23231,137,136.0
2024-12-12,IAD,23872,144,144.0
2024-12-13,IAD,25887,144,144.0
2024-12-14,IAD,24119,129,129.0
2024-12-15,IAD,25726,144,143.0
2024-12-16,IAD,23001,143,143.0
2024-12-17,IAD,23391,140,139.0
2024-12-18,IAD,24940,143,143.0
2024-12-19,IAD,26581,154,154.0
2024-12-20,IAD,28842,154,152.0
2024-12-21,IAD,26481,143,143.0
2024-12-22,IAD,25847,148,148.0
2024-12-23,IAD,26836,152,152.0
2024-12-24,IAD,21907,139,139.0
2024-12-25,IAD,22661,140,139.0
2024-12-26,IAD,24741,152,152.0
2024-12-27,IAD,23198,152,152.0
2024-12-28,IAD,24157,143,140.0
2024-12-29,IAD,23912,147,145.0
2024-12-30,IAD,24455,152,152.0
2024-12-31,IAD,22376,142,141.0
2025-01-01,IAD,23653,140,140.0
2025-01-02,IAD,25437,148,148.0
2025-01-03,IAD,23178,148,148.0
2025-01-04,IAD,23184,138,138.0
2025-01-05,IAD,25487,143,135.0
2025-01-06,IAD,15751,141,87.0
2025-01-07,IAD,20557,119,115.0
2025-01-08,IAD,18486,122,120.0
2025-01-09,IAD,22004,130,125.0
2025-01-10,IAD,21773,132,125.0
2025-01-11,IAD,19597,115,112.0
2025-01-12,IAD,23681,127,126.0
2025-01-13,IAD,21775,132,132.0
2025-01-14,IAD,19314,119,119.0
2025-01-15,IAD,23624,122,122.0
2025-01-16,IAD,21087,130,130.0
2025-01-17,IAD,21001,131,130.0
2025-01-18,IAD,22781,115,115.0
2025-01-19,IAD,20132,127,111.0
2025-01-20,IAD,22878,134,132.0
2025-01-21,IAD,22324,120,109.0
2025-01-22,IAD,20088,123,115.0
2025-01-23,IAD,18701,132,129.0
2025-01-24,IAD,21283,133,132.0
2025-01-25,IAD,18533,116,116.0
2025-01-26,IAD,20569,129,129.0
2025-01-27,IAD,19923,134,134.0
2025-01-28,IAD,17012,120,120.0
2025-01-29,IAD,18378,123,123.0
2025-01-30,IAD,21111,132,132.0
2025-01-31,IAD,21127,133,133.0
2025-02-01,IAD,21536,115,115.0
2025-02-02,IAD,19879,129,128.0
2025-02-03,IAD,18393,134,134.0
2025-02-04,IAD,16478,120,120.0
2025-02-05,IAD,18999,123,123.0
2025-02-06,IAD,19654,132,125.0
2025-02-07,IAD,21948,134,134.0
2025-02-08,IAD,20141,117,116.0
2025-02-09,IAD,22613,127,126.0
2025-02-10,IAD,21578,137,137.0
2025-02-11,IAD,16796,120,120.0
2025-02-12,IAD,18386,125,123.0
2025-02-13,IAD,22137,146,146.0
2025-02-14,IAD,22283,146,146.0
2025-02-15,IAD,19743,130,128.0
2025-02-16,IAD,22358,138,129.0
2025-02-17,IAD,20592,145,140.0
2025-02-18,IAD,19294,135,135.0
2025-02-19,IAD,20445,137,136.0
2025-02-20,IAD,20648,144,140.0
2025-02-21,IAD,19017,144,144.0
2025-02-22,IAD,22359,126,126.0
2025-02-23,IAD,21231,139,138.0
2025-02-24,IAD,22260,144,144.0
2025-02-25,IAD,19644,133,133.0
2025-02-26,IAD,21054,134,134.0
2025-02-27,IAD,22548,144,142.0
2025-02-28,IAD,21818,144,143.0
2025-03-01,IAD,19866,127,127.0
2025-03-02,IAD,20942,139,138.0
2025-03-03,IAD,18911,144,144.0
2025-03-04,IAD,18600,132,130.0
2025-03-05,IAD,21777,137,134.0
2025-03-06,IAD,24547,151,151.0
2025-03-07,IAD,24124,154,154.0
2025-03-08,IAD,22341,140,140.0
2025-03-09,IAD,24133,147,147.0
2025-03-10,IAD,20351,154,154.0
2025-03-11,IAD,20105,143,143.0
2025-03-12,IAD,22849,147,147.0
2025-03-13,IAD,22557,154,153.0
2025-03-14,IAD,24176,154,154.0
2025-03-15,IAD,22197,139,137.0
2025-03-16,IAD,23383,147,142.0
2025-03-17,IAD,22936,153,153.0
2025-03-18,IAD,21650,142,142.0
2025-03-19,IAD,21131,148,147.0
2025-03-20,IAD,25079,157,157.0
2025-03-21,IAD,23330,159,159.0
2025-03-22,IAD,24578,143,143.0
2025-03-23,IAD,24321,152,152.0
2025-03-24,IAD,22708,157,157.0
2025-03-25,IAD,22079,146,146.0
2025-03-26,IAD,21742,150,149.0
2025-03-27,IAD,26759,158,158.0
2025-03-28,IAD,25715,158,158.0
2025-03-29,IAD,24886,144,144.0
2025-03-30,IAD,25456,167,165.0
2025-03-31,IAD,24659,172,170.0
2025-04-01,IAD,25536,163,162.0
2025-04-02,IAD,24380,164,164.0
2025-04-03,IAD,24535,173,171.0
2025-04-04,IAD,24546,175,174.0
2025-04-05,IAD,25083,151,150.0
2025-04-06,IAD,27980,169,168.0
2025-04-07,IAD,25899,172,172.0
2025-04-08,IAD,24760,162,162.0
2025-04-09,IAD,25436,165,164.0
2025-04-10,IAD,25899,173,173.0
2025-04-11,IAD,23373,175,175.0
2025-04-12,IAD,25840,151,150.0
2025-04-13,IAD,24520,169,169.0
2025-04-14,IAD,26617,177,177.0
2025-04-15,IAD,27462,166,166.0
2025-04-16,IAD,25594,169,169.0
2025-04-17,IAD,25024,176,176.0
2025-04-18,IAD,24865,180,179.0
2025-04-19,IAD,19984,152,152.0
2025-04-20,IAD,22896,172,170.0
2025-04-21,IAD,25316,175,174.0
2025-04-22,IAD,23197,164,164.0
2025-04-23,IAD,24228,166,166.0
2025-04-24,IAD,25160,174,173.0
2025-04-25,IAD,24615,175,175.0
2025-04-26,IAD,25834,152,151.0
2025-04-27,IAD,27230,170,167.0
2025-04-28,IAD,26548,174,174.0
2025-04-29,IAD,23534,164,164.0
2025-04-30,IAD,26214,168,166.0
2025-05-01,IAD,26489,180,179.0
2025-05-02,IAD,27691,181,178.0
2025-05-03,IAD,23865,165,164.0
2025-05-04,IAD,25075,181,180.0
2025-05-05,IAD,27123,180,173.0
2025-05-06,IAD,26764,174,172.0
2025-05-07,IAD,25897,174,174.0
2025-05-08,IAD,25731,182,180.0
2025-05-09,IAD,27666,181,178.0
2025-05-10,IAD,26262,162,162.0
2025-05-11,IAD,26933,178,178.0
2025-05-12,IAD,27873,180,180.0
2025-05-13,IAD,24617,172,172.0
2025-05-14,IAD,25557,173,172.0
2025-05-15,IAD,28338,181,181.0
2025-05-16,IAD,28412,180,177.0
2025-05-17,IAD,27689,164,164.0
2025-05-18,IAD,28980,180,180.0
2025-05-19,IAD,26499,180,180.0
2025-05-20,IAD,27351,174,174.0
2025-05-21,IAD,27168,177,177.0
2025-05-22,IAD,28341,185,185.0
2025-05-23,IAD,26812,187,186.0
2025-05-24,IAD,27169,162,161.0
2025-05-25,IAD,25158,178,178.0
2025-05-26,IAD,26816,184,184.0
2025-05-27,IAD,26955,179,178.0
2025-05-28,IAD,25159,178,178.0
2025-05-29,IAD,24937,188,188.0
2025-05-30,IAD,26316,186,181.0
2025-05-31,IAD,25503,165,164.0
2025-06-01,IAD,29036,183,182.0
2025-06-02,IAD,30904,182,182.0
2025-06-03,IAD,31683,171,171.0
2025-06-04,IAD,29427,172,171.0
2025-06-05,IAD,32102,187,187.0
2025-06-06,IAD,30632,185,182.0
2025-06-07,IAD,28777,162,162.0
2025-06-08,IAD,29613,181,181.0
2025-06-09,IAD,30193,181,181.0
2025-06-10,IAD,26866,171,171.0
2025-06-11,IAD,30495,169,169.0
2025-06-12,IAD,29477,184,182.0
2025-06-13,IAD,28486,183,180.0
2025-06-14,IAD,30848,165,164.0
2025-06-15,IAD,29043,181,178.0
2025-06-16,IAD,32011,181,178.0
2025-06-17,IAD,30472,173,173.0
2025-06-18,IAD,30393,171,169.0
2025-06-19,IAD,30239,184,179.0
2025-06-20,IAD,30728,186,182.0
2025-06-21,IAD,29476,163,162.0
2025-06-22,IAD,29447,183,181.0
2025-06-23,IAD,29397,184,184.0
2025-06-24,IAD,28463,173,173.0
2025-06-25,IAD,27881,168,167.0
2025-06-26,IAD,30072,178,172.0
2025-06-27,IAD,30648,177,174.0
2025-06-28,IAD,30208,156,148.0
2025-06-29,IAD,28283,168,165.0
2025-06-30,IAD,32766,169,162.0
2025-07-01,IAD,29236,160,141.0
2025-07-02,IAD,30973,162,160.0
2025-07-03,IAD,31707,176,170.0
2025-07-04,IAD,30474,148,147.0
2025-07-05,IAD,30278,151,151.0
2025-07-06,IAD,29567,172,171.0
2025-07-07,IAD,32521,175,173.0
2025-07-08,IAD,32153,165,162.0
2025-07-09,IAD,29788,166,161.0
2025-07-10,IAD,30614,180,178.0
2025-07-11,IAD,31514,181,180.0
2025-07-12,IAD,29391,159,147.0
2025-07-13,IAD,30669,175,170.0
2025-07-14,IAD,32133,176,157.0
2025-07-15,IAD,31287,165,160.0
2025-07-16,IAD,32940,166,154.0
2025-07-17,IAD,29972,180,177.0
2025-07-18,IAD,30189,180,179.0
2025-07-19,IAD,29435,158,157.0
2025-07-20,IAD,30976,173,172.0
2025-07-21,IAD,30820,176,175.0
2025-07-22,IAD,29687,165,165.0
2025-07-23,IAD,30724,165,164.0
2025-07-24,IAD,33218,179,179.0
2025-07-25,IAD,31185,181,177.0
2025-07-26,IAD,29271,157,157.0
2025-07-27,IAD,26777,175,157.0
2025-07-28,IAD,31331,174,169.0
2025-07-29,IAD,29332,164,161.0
2025-07-30,IAD,30826,166,166.0
2025-07-31,IAD,30979,178,160.0
2025-08-01,IAD,28158,185,179.0
2025-08-02,IAD,31663,160,159.0
2025-08-03,IAD,30483,178,176.0
2025-08-04,IAD,33102,181,180.0
2025-08-05,IAD,31828,170,169.0
2025-08-06,IAD,29197,169,168.0
2025-08-07,IAD,32802,184,182.0
2025-08-08,IAD,28747,182,181.0
2025-08-09,IAD,28108,159,158.0
2025-08-10,IAD,30784,177,177.0
2025-08-11,IAD,30438,178,177.0
2025-08-12,IAD,28996,167,167.0
2025-08-13,IAD,29083,168,159.0
2025-08-14,IAD,29467,185,185.0
2025-08-15,IAD,31128,180,179.0
2025-08-16,IAD,27495,158,158.0
2025-08-17,IAD,31362,177,172.0
2025-08-18,IAD,29074,175,174.0
2025-08-19,IAD,28169,153,152.0
2025-08-20,IAD,28456,149,148.0
2025-08-21,IAD,30500,168,168.0
2025-08-22,IAD,30598,170,170.0
2025-08-23,IAD,27779,158,158.0
2025-08-24,IAD,27836,170,170.0
2025-08-25,IAD,29823,166,165.0
2025-08-26,IAD,28563,144,144.0
2025-08-27,IAD,28724,146,146.0
2025-08-28,IAD,30039,165,163.0
2025-08-29,IAD,28924,166,165.0
2025-08-30,IAD,28437,157,156.0
2025-08-31,IAD,27366,156,155.0
2025-09-01,IAD,29385,168,168.0
2025-09-02,IAD,26945,151,150.0
2025-09-03,IAD,27146,152,152.0
2025-09-04,IAD,27263,169,165.0
2025-09-05,IAD,29666,167,167.0
2025-09-06,IAD,29085,150,145.0
2025-09-07,IAD,29873,168,168.0
2025-09-08,IAD,30480,168,168.0
2025-09-09,IAD,27242,148,148.0
2025-09-10,IAD,27033,150,150.0
2025-09-11,IAD,29219,173,173.0
2025-09-12,IAD,30763,170,170.0
2025-09-13,IAD,29967,152,152.0
2025-09-14,IAD,30775,172,172.0
2025-09-15,IAD,28461,172,172.0
2025-09-16,IAD,26627,151,151.0
2025-09-17,IAD,29640,153,153.0
2025-09-18,IAD,29537,173,173.0
2025-09-19,IAD,30576,170,169.0
2025-09-20,IAD,30662,151,151.0
2025-09-21,IAD,31260,171,171.0
2025-09-22,IAD,30478,172,172.0
2025-09-23,IAD,27671,150,150.0
2025-09-24,IAD,28186,153,152.0
2025-09-25,IAD,29987,163,163.0
2025-09-26,IAD,31091,162,161.0
2025-09-27,IAD,29083,145,145.0
2025-09-28,IAD,27131,161,161.0
2025-09-29,IAD,29192,164,164.0
2025-09-30,IAD,28724,146,146.0
2025-10-01,IAD,29742,146,146.0
2025-10-02,IAD,29042,167,167.0
2025-10-03,IAD,32364,163,163.0
2025-10-04,IAD,28518,141,141.0
2025-10-05,IAD,31675,166,165.0
2025-10-06,IAD,30947,167,166.0
2025-10-07,IAD,25865,145,145.0
2025-10-08,IAD,27305,145,145.0
2025-10-09,IAD,29364,169,169.0
2025-10-10,IAD,30094,167,167.0
2025-10-11,IAD,31291,143,143.0
2025-10-12,IAD,30039,166,165.0
2025-10-13,IAD,29637,169,169.0
2025-10-14,IAD,28932,145,145.0
2025-10-15,IAD,26812,145,145.0
2025-10-16,IAD,31897,169,169.0
2025-10-17,IAD,32310,167,165.0
2025-10-18,IAD,28243,142,142.0
2025-10-19,IAD,31210,166,165.0
2025-10-20,IAD,29640,169,169.0
2025-10-21,IAD,26766,145,145.0
2025-10-22,IAD,29197,145,145.0
2025-10-23,IAD,29441,169,168.0
2025-10-24,IAD,29340,163,161.0
2025-10-25,IAD,26134,142,142.0
2025-10-26,IAD,28615,164,163.0
2025-10-27,IAD,29135,168,168.0
2025-10-28,IAD,25716,145,145.0
2025-10-29,IAD,27112,147,147.0
2025-10-30,IAD,25177,159,156.0
2025-10-31,IAD,28656,150,150.0
2025-11-01,IAD,26750,130,130.0
2025-11-03,IAD,77842,159,159.0
2025-11-09,IAD,236,163,144.0
2025-11-10,IAD,24274,162,153.0
2025-11-11,IAD,24299,147,141.0
2025-11-12,IAD,24226,149,146.0
2025-11-13,IAD,24911,162,161.0
2025-11-14,IAD,30094,161,159.0
2025-11-15,IAD,20143,131,129.0
2025-11-16,IAD,27877,163,161.0
2025-11-17,IAD,26619,160,160.0
2025-11-18,IAD,24713,147,147.0
2025-11-19,IAD,27197,151,151.0
2025-11-20,IAD,28052,162,161.0
2025-11-21,IAD,29338,164,164.0
2025-11-22,IAD,28169,145,145.0
2025-11-23,IAD,28765,163,163.0
2025-11-24,IAD,28926,153,153.0
2025-11-25,IAD,29400,164,164.0
2025-11-26,IAD,27242,165,165.0
2025-11-27,IAD,22213,114,114.0
2025-11-28,IAD,27530,150,149.0
2025-11-29,IAD,31351,154,151.0
2025-11-30,IAD,30630,165,164.0
2025-12-01,IAD,26270,164,163.0
2025-12-02,IAD,28655,140,138.0
2025-12-03,IAD,27682,142,142.0
2025-12-04,IAD,29358,153,152.0
2025-12-05,IAD,30544,154,154.0
2025-12-06,IAD,28719,127,127.0
2025-12-07,IAD,28107,156,154.0
2025-12-08,IAD,28040,151,149.0
2025-12-09,IAD,24782,141,141.0
2025-12-10,IAD,27229,142,142.0
2025-12-11,IAD,28494,153,153.0
2025-12-12,IAD,29204,155,155.0
2025-12-13,IAD,27180,127,126.0
2025-12-14,IAD,29933,156,150.0
2025-12-15,IAD,28863,151,149.0
2025-12-16,IAD,28708,141,141.0
2025-12-17,IAD,29014,140,140.0
2025-12-18,IAD,30737,160,160.0
2025-12-19,IAD,29705,163,161.0
2025-12-20,IAD,27910,153,153.0
2025-12-21,IAD,27386,158,158.0
2025-12-22,IAD,30514,161,161.0
2025-12-23,IAD,26174,159,159.0
2025-12-24,IAD,25952,146,146.0
2025-12-25,IAD,27350,144,144.0
2025-12-26,IAD,30415,161,156.0
2025-12-27,IAD,28682,156,153.0
2025-12-28,IAD,53468,155,154.0
2025-12-29,IAD,52282,161,157.0
2025-12-30,IAD,51662,159,158.0
2025-12-31,IAD,47576,147,147.0
2019-01-01,IAH,2024,469,461.0
2019-01-02,IAH,1676,509,500.0
2019-01-03,IAH,2066,507,498.0
2019-01-04,IAH,792,508,507.0
2019-01-05,IAH,3779,474,472.0
2019-01-06,IAH,10400,497,494.0
2019-01-07,IAH,2416,489,489.0
2019-01-08,IAH,5849,480,480.0
2019-01-09,IAH,3339,480,480.0
2019-01-10,IAH,4445,481,481.0
2019-01-11,IAH,3726,482,480.0
2019-01-12,IAH,9528,382,378.0
2019-01-13,IAH,6714,468,466.0
2019-01-14,IAH,18337,481,481.0
2019-01-15,IAH,18233,475,475.0
2019-01-16,IAH,19174,476,475.0
2019-01-17,IAH,19828,481,479.0
2019-01-18,IAH,21622,481,475.0
2019-01-19,IAH,14157,375,362.0
2019-01-20,IAH,36768,450,450.0
2019-01-21,IAH,39762,477,477.0
2019-01-22,IAH,32163,475,471.0
2019-01-23,IAH,33473,477,471.0
2019-01-24,IAH,39065,481,479.0
2019-01-25,IAH,38508,481,481.0
2019-01-26,IAH,29630,382,381.0
2019-01-27,IAH,38178,468,466.0
2019-01-28,IAH,35125,480,474.0
2019-01-29,IAH,30420,475,468.0
2019-01-30,IAH,33735,476,472.0
2019-01-31,IAH,42342,481,478.0
2019-02-01,IAH,43010,479,478.0
2019-02-02,IAH,31046,378,377.0
2019-02-03,IAH,34993,456,455.0
2019-02-04,IAH,36831,480,478.0
2019-02-05,IAH,32586,473,467.0
2019-02-06,IAH,34414,475,468.0
2019-02-07,IAH,41528,479,474.0
2019-02-08,IAH,41161,479,478.0
2019-02-09,IAH,30002,380,379.0
2019-02-10,IAH,10706,466,464.0
2019-02-11,IAH,28919,480,473.0
2019-02-12,IAH,36752,474,469.0
2019-02-13,IAH,31792,475,474.0
2019-02-14,IAH,26360,520,519.0
2019-02-15,IAH,9357,521,518.0
2019-02-16,IAH,9012,397,394.0
2019-02-17,IAH,41140,462,446.0
2019-02-18,IAH,70058,517,506.0
2019-02-19,IAH,82064,516,501.0
2019-02-20,IAH,70035,516,503.0
2019-02-21,IAH,44214,520,510.0
2019-02-22,IAH,45326,518,506.0
2019-02-23,IAH,34328,426,411.0
2019-02-24,IAH,42901,502,498.0
2019-02-25,IAH,39101,519,513.0
2019-02-26,IAH,35164,516,514.0
2019-02-27,IAH,20361,499,487.0
2019-02-28,IAH,18620,520,512.0
2019-03-01,IAH,44337,520,516.0
2019-03-02,IAH,45069,429,424.0
2019-03-03,IAH,33849,504,493.0
2019-03-04,IAH,41776,520,514.0
2019-03-05,IAH,42014,516,512.0
2019-03-06,IAH,36966,517,509.0
2019-03-07,IAH,41441,519,518.0
2019-03-08,IAH,508,526,523.0
2019-03-09,IAH,50226,475,472.0
2019-03-10,IAH,108591,514,510.0
2019-03-11,IAH,97576,525,514.0
2019-03-12,IAH,44854,524,513.0
2019-03-13,IAH,41900,523,493.0
2019-03-14,IAH,46333,527,512.0
2019-03-15,IAH,44123,526,513.0
2019-03-16,IAH,37969,466,452.0
2019-03-17,IAH,44051,511,501.0
2019-03-18,IAH,41276,517,517.0
2019-03-19,IAH,35031,514,513.0
2019-03-20,IAH,37296,518,518.0
2019-03-21,IAH,42512,518,518.0
2019-03-22,IAH,9885,518,515.0
2019-03-23,IAH,33889,463,462.0
2019-03-24,IAH,75668,507,506.0
2019-03-25,IAH,41873,519,517.0
2019-03-26,IAH,36052,519,519.0
2019-03-27,IAH,40127,520,519.0
2019-03-28,IAH,45233,522,521.0
2019-03-29,IAH,44247,521,520.0
2019-03-30,IAH,529,467,466.0
2019-03-31,IAH,69692,500,497.0
2019-04-01,IAH,48838,512,512.0
2019-04-02,IAH,35917,503,503.0
2019-04-03,IAH,14096,503,503.0
2019-04-04,IAH,25074,511,507.0
2019-04-05,IAH,44373,517,512.0
2019-04-06,IAH,46105,426,422.0
2019-04-07,IAH,77752,495,390.0
2019-04-08,IAH,43230,513,505.0
2019-04-09,IAH,40654,506,503.0
2019-04-10,IAH,40274,502,497.0
2019-04-11,IAH,44604,511,504.0
2019-04-12,IAH,46015,512,512.0
2019-04-13,IAH,33937,422,405.0
2019-04-14,IAH,44493,492,468.0
2019-04-15,IAH,41742,511,499.0
2019-04-16,IAH,38390,504,500.0
2019-04-17,IAH,145,502,496.0
2019-04-18,IAH,42515,512,478.0
2019-04-19,IAH,49574,512,499.0
2019-04-20,IAH,46154,419,416.0
2019-04-21,IAH,81820,470,465.0
2019-04-22,IAH,47475,511,509.0
2019-04-23,IAH,42669,504,501.0
2019-04-24,IAH,43162,501,489.0
2019-04-25,IAH,47365,512,505.0
2019-04-26,IAH,46630,511,500.0
2019-04-27,IAH,12296,421,412.0
2019-04-28,IAH,23226,495,484.0
2019-05-05,IAH,43798,503,499.0
2019-05-06,IAH,42804,520,517.0
2019-05-07,IAH,37513,513,390.0
2019-05-08,IAH,46408,512,472.0
2019-05-09,IAH,52640,511,391.0
2019-05-10,IAH,51813,513,474.0
2019-05-11,IAH,38637,421,399.0
2019-05-12,IAH,46994,482,479.0
2019-05-13,IAH,48380,519,515.0
2019-05-14,IAH,42680,513,513.0
2019-05-15,IAH,45141,517,517.0
2019-05-16,IAH,50808,518,516.0
2019-05-17,IAH,51823,514,510.0
2019-05-18,IAH,40642,425,413.0
2019-05-19,IAH,47876,502,492.0
2019-05-20,IAH,47602,523,515.0
2019-05-21,IAH,42239,515,510.0
2019-05-22,IAH,46581,518,518.0
2019-05-23,IAH,14440,520,519.0
2019-05-24,IAH,37549,514,512.0
2019-05-25,IAH,51978,401,401.0
2019-05-26,IAH,86475,447,446.0
2019-05-27,IAH,49699,514,509.0
2019-05-28,IAH,48812,516,514.0
2019-05-29,IAH,47336,518,512.0
2019-05-30,IAH,48775,521,518.0
2019-05-31,IAH,52767,514,513.0
2019-06-01,IAH,45747,428,425.0
2019-06-02,IAH,50579,500,498.0
2019-06-03,IAH,50525,519,518.0
2019-06-04,IAH,135,512,512.0
2019-06-05,IAH,44421,506,502.0
2019-06-06,IAH,45816,505,498.0
2019-06-07,IAH,51560,506,502.0
2019-06-08,IAH,51295,447,442.0
2019-06-09,IAH,69184,494,478.0
2019-06-10,IAH,77750,505,498.0
2019-06-11,IAH,47800,505,503.0
2019-06-12,IAH,49177,502,501.0
2019-06-13,IAH,50387,503,502.0
2019-06-14,IAH,51504,506,506.0
2019-06-15,IAH,44887,445,435.0
2019-06-16,IAH,49413,493,407.0
2019-06-17,IAH,51543,506,484.0
2019-06-18,IAH,48220,505,503.0
2019-06-19,IAH,48384,504,499.0
2019-06-20,IAH,52555,506,502.0
2019-06-21,IAH,51319,506,502.0
2019-06-22,IAH,43820,445,445.0
2019-06-23,IAH,52523,492,484.0
2019-06-24,IAH,51182,506,499.0
2019-06-25,IAH,48434,506,481.0
2019-06-26,IAH,50579,506,503.0
2019-06-27,IAH,53311,505,500.0
2019-06-28,IAH,53694,506,497.0
2019-06-29,IAH,46669,450,437.0
2019-06-30,IAH,51547,488,483.0
2019-07-01,IAH,49599,491,490.0
2019-07-02,IAH,47760,489,489.0
2019-07-03,IAH,671,492,490.0
2019-07-04,IAH,50721,433,431.0
2019-07-05,IAH,43935,452,452.0
2019-07-06,IAH,44435,457,448.0
2019-07-07,IAH,97077,495,485.0
2019-07-08,IAH,51760,510,506.0
2019-07-09,IAH,50465,510,509.0
2019-07-10,IAH,49935,509,506.0
2019-07-11,IAH,52926,508,505.0
2019-07-12,IAH,52769,510,501.0
2019-07-13,IAH,46216,457,440.0
2019-07-14,IAH,50601,497,497.0
2019-07-15,IAH,50944,510,491.0
2019-07-16,IAH,51028,510,506.0
2019-07-17,IAH,50724,509,503.0
2019-07-18,IAH,54148,508,500.0
2019-07-19,IAH,54085,510,504.0
2019-07-20,IAH,48343,457,450.0
2019-07-21,IAH,52671,497,495.0
2019-07-22,IAH,50978,510,503.0
2019-07-23,IAH,49299,510,508.0
2019-07-24,IAH,50650,509,509.0
2019-07-25,IAH,53352,508,506.0
2019-07-26,IAH,52587,510,510.0
2019-07-27,IAH,47280,455,453.0
2019-07-28,IAH,50618,497,497.0
2019-07-29,IAH,47138,510,501.0
2019-07-30,IAH,45649,510,504.0
2019-07-31,IAH,48897,510,507.0
2019-08-01,IAH,53030,503,502.0
2019-08-02,IAH,49987,506,492.0
2019-08-03,IAH,44949,457,454.0
2019-08-04,IAH,49613,493,493.0
2019-08-05,IAH,47334,504,504.0
2019-08-06,IAH,43363,500,497.0
2019-08-07,IAH,555,500,488.0
2019-08-08,IAH,45983,502,496.0
2019-08-09,IAH,51130,505,504.0
2019-08-10,IAH,51000,452,450.0
2019-08-11,IAH,87630,493,491.0
2019-08-12,IAH,43833,502,500.0
2019-08-13,IAH,41150,500,500.0
2019-08-14,IAH,43497,497,491.0
2019-08-15,IAH,47059,502,499.0
2019-08-16,IAH,46280,503,498.0
2019-08-17,IAH,37895,450,449.0
2019-08-18,IAH,44430,492,483.0
2019-08-19,IAH,43382,500,499.0
2019-08-20,IAH,38673,498,497.0
2019-08-21,IAH,39940,498,495.0
2019-08-22,IAH,611,509,508.0
2019-08-23,IAH,46421,509,502.0
2019-08-24,IAH,47214,416,414.0
2019-08-25,IAH,54376,495,492.0
2019-08-26,IAH,64148,509,508.0
2019-08-27,IAH,36804,501,498.0
2019-08-28,IAH,7661,499,495.0
2019-08-29,IAH,22864,509,509.0
2019-08-30,IAH,11383,507,502.0
2019-08-31,IAH,48758,369,366.0
2019-09-01,IAH,84956,405,402.0
2019-09-02,IAH,79649,501,488.0
2019-09-03,IAH,39409,506,492.0
2019-09-04,IAH,36169,503,491.0
2019-09-05,IAH,40357,509,504.0
2019-09-06,IAH,41662,509,506.0
2019-09-07,IAH,33305,413,413.0
2019-09-08,IAH,38838,501,500.0
2019-09-09,IAH,39103,516,514.0
2019-09-10,IAH,33699,507,498.0
2019-09-11,IAH,35554,504,504.0
2019-09-12,IAH,44355,517,516.0
2019-09-13,IAH,45981,516,515.0
2019-09-14,IAH,35816,414,414.0
2019-09-15,IAH,40052,499,498.0
2019-09-16,IAH,40414,516,516.0
2019-09-17,IAH,26122,508,505.0
2019-09-18,IAH,9826,504,501.0
2019-09-19,IAH,38908,516,91.0
2019-09-20,IAH,21865,516,363.0
2019-09-21,IAH,44524,412,411.0
2019-09-22,IAH,81541,499,498.0
2019-09-23,IAH,40583,516,516.0
2019-09-24,IAH,35547,507,507.0
2019-09-25,IAH,39087,504,503.0
2019-09-26,IAH,45417,517,517.0
2019-09-27,IAH,48161,516,511.0
2019-09-28,IAH,35122,412,409.0
2019-09-29,IAH,40948,500,500.0
2019-09-30,IAH,42055,515,515.0
2019-10-01,IAH,35109,499,498.0
2019-10-02,IAH,11572,494,494.0
2019-10-03,IAH,25776,511,511.0
2019-10-04,IAH,44135,510,510.0
2019-10-05,IAH,46880,419,419.0
2019-10-06,IAH,79448,505,504.0
2019-10-07,IAH,43826,515,514.0
2019-10-08,IAH,35713,506,506.0
2019-10-09,IAH,41748,504,504.0
2019-10-10,IAH,50052,514,514.0
2019-10-11,IAH,50117,518,509.0
2019-10-12,IAH,38051,428,427.0
2019-10-13,IAH,45338,508,508.0
2019-10-14,IAH,45805,515,514.0
2019-10-15,IAH,39600,506,505.0
2019-10-16,IAH,42198,505,505.0
2019-10-17,IAH,48070,514,514.0
2019-10-18,IAH,49599,518,518.0
2019-10-19,IAH,39815,426,426.0
2019-10-20,IAH,46755,505,502.0
2019-10-21,IAH,45652,515,485.0
2019-10-22,IAH,39120,507,507.0
2019-10-23,IAH,40767,503,503.0
2019-10-24,IAH,47702,514,513.0
2019-10-25,IAH,48653,518,516.0
2019-10-26,IAH,36363,422,420.0
2019-10-27,IAH,45418,505,505.0
2019-10-28,IAH,47143,519,519.0
2019-10-29,IAH,36904,510,496.0
2019-10-30,IAH,40866,502,502.0
2019-10-31,IAH,42864,409,409.0
2019-11-01,IAH,45861,516,516.0
2019-11-02,IAH,35723,415,415.0
2019-11-03,IAH,45571,514,514.0
2019-11-04,IAH,47005,527,527.0
2019-11-05,IAH,38193,515,515.0
2019-11-06,IAH,40640,515,515.0
2019-11-07,IAH,46626,526,526.0
2019-11-08,IAH,46495,526,526.0
2019-11-09,IAH,36149,414,413.0
2019-11-10,IAH,48176,514,513.0
2019-11-11,IAH,47564,529,516.0
2019-11-12,IAH,40105,520,519.0
2019-11-13,IAH,40045,519,519.0
2019-11-14,IAH,46218,521,520.0
2019-11-15,IAH,46051,519,519.0
2019-11-16,IAH,35487,402,402.0
2019-11-17,IAH,45449,507,507.0
2019-11-18,IAH,44289,523,523.0
2019-11-19,IAH,38035,518,518.0
2019-11-20,IAH,40561,517,517.0
2019-11-21,IAH,46033,520,520.0
2019-11-22,IAH,49752,521,521.0
2019-11-23,IAH,43334,405,405.0
2019-11-24,IAH,44334,505,505.0
2019-11-25,IAH,41463,514,513.0
2019-11-26,IAH,44228,517,515.0
2019-11-27,IAH,46763,519,519.0
2019-11-28,IAH,32378,351,351.0
2019-11-29,IAH,36734,445,441.0
2019-11-30,IAH,50545,532,528.0
2019-12-01,IAH,55775,575,572.0
2019-12-02,IAH,47667,534,531.0
2019-12-03,IAH,457,514,513.0
2019-12-04,IAH,44133,496,495.0
2019-12-05,IAH,43393,503,502.0
2019-12-06,IAH,45170,505,505.0
2019-12-07,IAH,46688,371,370.0
2019-12-08,IAH,79395,496,495.0
2019-12-09,IAH,42920,504,504.0
2019-12-10,IAH,40512,497,497.0
2019-12-11,IAH,41306,497,497.0
2019-12-12,IAH,47960,505,504.0
2019-12-13,IAH,46122,506,505.0
2019-12-14,IAH,36880,373,373.0
2019-12-15,IAH,45022,496,494.0
2019-12-16,IAH,43465,503,495.0
2019-12-17,IAH,40596,496,496.0
2019-12-18,IAH,43292,501,499.0
2019-12-19,IAH,53853,521,521.0
2019-12-20,IAH,54808,523,523.0
2019-12-21,IAH,49220,483,483.0
2019-12-22,IAH,50529,515,513.0
2019-12-23,IAH,49886,516,516.0
2019-12-24,IAH,40418,395,393.0
2019-12-25,IAH,42400,443,442.0
2019-12-26,IAH,52818,516,515.0
2019-12-27,IAH,50911,518,512.0
2019-12-28,IAH,47041,485,482.0
2019-12-29,IAH,51228,513,501.0
2019-12-30,IAH,48913,514,511.0
2019-12-31,IAH,40535,408,406.0
2020-01-01,IAH,43948,478,477.0
2020-01-02,IAH,20,519,512.0
2020-01-03,IAH,48569,519,518.0
2020-01-04,IAH,45139,480,480.0
2020-01-05,IAH,96379,519,517.0
2020-01-06,IAH,45084,492,492.0
2020-01-07,IAH,38184,476,476.0
2020-01-08,IAH,37321,477,477.0
2020-01-09,IAH,41734,495,495.0
2020-01-10,IAH,41117,490,477.0
2020-01-11,IAH,36357,391,378.0
2020-01-12,IAH,44650,486,486.0
2020-01-13,IAH,41256,494,484.0
2020-01-14,IAH,37528,476,469.0
2020-01-15,IAH,37936,479,478.0
2020-01-16,IAH,46011,495,495.0
2020-01-17,IAH,49206,492,473.0
2020-01-18,IAH,35395,361,359.0
2020-01-19,IAH,40172,448,448.0
2020-01-20,IAH,30114,484,484.0
2020-01-21,IAH,14378,474,472.0
2020-01-22,IAH,36947,479,478.0
2020-01-23,IAH,37127,495,495.0
2020-01-24,IAH,12691,491,491.0
2020-01-25,IAH,29880,385,385.0
2020-01-26,IAH,83251,485,484.0
2020-01-27,IAH,74343,491,491.0
2020-01-28,IAH,35298,474,474.0
2020-01-29,IAH,36578,479,479.0
2020-01-30,IAH,42463,496,496.0
2020-01-31,IAH,42872,492,491.0
2020-02-01,IAH,6391,385,384.0
2020-02-02,IAH,64566,477,477.0
2020-02-03,IAH,40777,491,489.0
2020-02-04,IAH,32536,474,472.0
2020-02-05,IAH,34730,479,471.0
2020-02-06,IAH,41665,496,490.0
2020-02-07,IAH,43316,491,487.0
2020-02-08,IAH,30691,387,387.0
2020-02-09,IAH,40494,486,486.0
2020-02-10,IAH,40191,492,492.0
2020-02-11,IAH,33299,475,473.0
2020-02-12,IAH,37620,486,484.0
2020-02-13,IAH,46172,533,531.0
2020-02-14,IAH,46085,528,527.0
2020-02-15,IAH,34677,402,402.0
2020-02-16,IAH,38696,499,498.0
2020-02-17,IAH,13962,531,531.0
2020-02-18,IAH,32183,529,527.0
2020-02-19,IAH,38999,528,528.0
2020-02-20,IAH,38407,530,530.0
2020-02-21,IAH,44653,529,529.0
2020-02-22,IAH,83,415,415.0
2020-02-23,IAH,89812,518,518.0
2020-02-24,IAH,49752,533,533.0
2020-02-25,IAH,65713,528,528.0
2020-02-26,IAH,37927,526,526.0
2020-02-27,IAH,44961,529,529.0
2020-02-28,IAH,44478,530,530.0
2020-02-29,IAH,33980,413,413.0
2020-03-01,IAH,42486,515,514.0
2020-03-02,IAH,28016,529,529.0
2020-03-03,IAH,10801,525,525.0
2020-03-04,IAH,34669,522,520.0
2020-03-05,IAH,38659,520,519.0
2020-03-06,IAH,44221,526,526.0
2020-03-07,IAH,576,463,462.0
2020-03-08,IAH,96281,517,517.0
2020-03-09,IAH,87197,525,525.0
2020-03-10,IAH,38460,523,523.0
2020-03-11,IAH,35332,521,521.0
2020-03-12,IAH,35105,524,524.0
2020-03-13,IAH,31897,526,522.0
2020-03-14,IAH,27590,466,466.0
2020-03-15,IAH,29332,521,519.0
2020-03-16,IAH,22060,525,525.0
2020-03-17,IAH,19012,524,521.0
2020-03-18,IAH,15756,522,494.0
2020-03-19,IAH,14569,525,468.0
2020-03-20,IAH,14981,526,468.0
2020-03-21,IAH,12611,468,295.0
2020-03-22,IAH,11359,522,326.0
2020-03-23,IAH,9180,522,328.0
2020-03-24,IAH,7251,520,294.0
2020-03-25,IAH,6990,513,283.0
2020-03-26,IAH,4965,513,193.0
2020-03-27,IAH,4948,514,188.0
2020-03-28,IAH,5036,450,197.0
2020-03-29,IAH,5285,509,228.0
2020-03-30,IAH,4408,512,179.0
2020-03-31,IAH,4408,476,214.0
2020-04-01,IAH,3598,307,152.0
2020-04-02,IAH,3125,306,157.0
2020-04-03,IAH,3649,306,160.0
2020-04-04,IAH,3088,291,137.0
2020-04-05,IAH,3143,302,151.0
2020-04-06,IAH,3069,304,170.0
2020-04-07,IAH,2357,293,158.0
2020-04-08,IAH,2284,187,150.0
2020-04-09,IAH,2293,188,147.0
2020-04-10,IAH,2355,188,155.0
2020-04-11,IAH,1968,179,143.0
2020-04-12,IAH,2179,173,136.0
2020-04-13,IAH,2472,175,141.0
2020-04-14,IAH,2066,175,132.0
2020-04-15,IAH,2005,174,110.0
2020-04-16,IAH,2101,171,95.0
2020-04-17,IAH,2555,152,95.0
2020-04-18,IAH,2455,150,99.0
2020-04-19,IAH,2269,152,102.0
2020-04-20,IAH,2524,152,101.0
2020-04-21,IAH,1793,137,90.0
2020-04-22,IAH,2005,128,99.0
2020-04-23,IAH,2063,132,96.0
2020-04-24,IAH,2571,129,100.0
2020-04-25,IAH,2112,138,95.0
2020-04-26,IAH,2687,126,98.0
2020-04-27,IAH,2503,139,101.0
2020-04-28,IAH,2028,137,101.0
2020-04-29,IAH,2225,126,99.0
2020-04-30,IAH,3525,126,103.0
2020-05-01,IAH,3301,148,119.0
2020-05-02,IAH,2389,128,115.0
2020-05-03,IAH,2962,129,119.0
2020-05-04,IAH,2946,131,121.0
2020-05-05,IAH,2499,118,118.0
2020-05-06,IAH,3041,118,117.0
2020-05-07,IAH,3392,129,129.0
2020-05-08,IAH,4089,126,126.0
2020-05-09,IAH,3567,123,120.0
2020-05-10,IAH,3472,123,120.0
2020-05-11,IAH,4075,127,126.0
2020-05-12,IAH,3014,118,112.0
2020-05-13,IAH,3362,120,117.0
2020-05-14,IAH,4080,130,125.0
2020-05-15,IAH,4960,128,126.0
2020-05-16,IAH,3967,116,112.0
2020-05-17,IAH,3992,122,121.0
2020-05-18,IAH,4188,124,122.0
2020-05-19,IAH,3324,117,115.0
2020-05-20,IAH,3485,119,118.0
2020-05-21,IAH,4950,138,138.0
2020-05-22,IAH,5287,131,131.0
2020-05-23,IAH,3817,122,120.0
2020-05-24,IAH,4528,130,128.0
2020-05-25,IAH,5421,128,128.0
2020-05-26,IAH,4422,117,117.0
2020-05-27,IAH,4563,122,121.0
2020-05-28,IAH,5299,137,135.0
2020-05-29,IAH,5233,131,131.0
2020-05-30,IAH,3596,120,120.0
2020-05-31,IAH,5867,130,130.0
2020-06-01,IAH,5750,127,127.0
2020-06-02,IAH,4644,117,117.0
2020-06-03,IAH,5041,122,122.0
2020-06-04,IAH,6385,140,139.0
2020-06-05,IAH,6628,138,137.0
2020-06-06,IAH,5408,114,113.0
2020-06-07,IAH,6398,120,120.0
2020-06-08,IAH,6594,139,139.0
2020-06-09,IAH,5846,114,114.0
2020-06-10,IAH,6603,131,131.0
2020-06-11,IAH,7693,145,145.0
2020-06-12,IAH,8154,144,144.0
2020-06-13,IAH,6962,120,120.0
2020-06-14,IAH,6890,124,124.0
2020-06-15,IAH,8013,144,144.0
2020-06-16,IAH,7175,119,118.0
2020-06-17,IAH,6792,131,131.0
2020-06-18,IAH,8127,143,143.0
2020-06-19,IAH,8562,146,146.0
2020-06-20,IAH,7119,121,121.0
2020-06-21,IAH,7603,124,124.0
2020-06-22,IAH,8736,146,145.0
2020-06-23,IAH,7891,121,121.0
2020-06-24,IAH,7337,132,132.0
2020-06-25,IAH,8867,148,148.0
2020-06-26,IAH,9316,149,149.0
2020-06-27,IAH,7911,124,124.0
2020-06-28,IAH,7912,127,126.0
2020-06-29,IAH,9263,149,149.0
2020-06-30,IAH,7662,121,121.0
2020-07-01,IAH,10677,153,153.0
2020-07-02,IAH,11293,170,170.0
2020-07-03,IAH,11456,172,170.0
2020-07-04,IAH,8735,142,141.0
2020-07-05,IAH,10053,151,150.0
2020-07-06,IAH,13479,231,231.0
2020-07-07,IAH,10911,218,218.0
2020-07-08,IAH,11485,226,225.0
2020-07-09,IAH,12361,236,236.0
2020-07-10,IAH,11824,237,237.0
2020-07-11,IAH,11714,218,218.0
2020-07-12,IAH,12454,223,223.0
2020-07-13,IAH,11920,236,236.0
2020-07-14,IAH,9222,216,216.0
2020-07-15,IAH,11083,226,225.0
2020-07-16,IAH,12296,237,236.0
2020-07-17,IAH,13482,236,235.0
2020-07-18,IAH,11035,217,216.0
2020-07-19,IAH,12446,223,222.0
2020-07-20,IAH,56,237,236.0
2020-07-21,IAH,11955,215,215.0
2020-07-22,IAH,9813,225,223.0
2020-07-23,IAH,10758,234,232.0
2020-07-24,IAH,12770,234,233.0
2020-07-25,IAH,14040,214,204.0
2020-07-26,IAH,23293,220,219.0
2020-07-27,IAH,13244,232,232.0
2020-07-28,IAH,10495,214,211.0
2020-07-29,IAH,11268,225,222.0
2020-07-30,IAH,13648,235,220.0
2020-07-31,IAH,15545,233,233.0
2020-08-01,IAH,12605,217,214.0
2020-08-02,IAH,13810,220,220.0
2020-08-03,IAH,13325,261,260.0
2020-08-04,IAH,11652,244,241.0
2020-08-05,IAH,11782,248,247.0
2020-08-06,IAH,14488,257,256.0
2020-08-07,IAH,15769,259,258.0
2020-08-08,IAH,12685,245,245.0
2020-08-09,IAH,14521,259,259.0
2020-08-10,IAH,14117,255,255.0
2020-08-11,IAH,11353,237,235.0
2020-08-12,IAH,12150,246,246.0
2020-08-13,IAH,15671,256,256.0
2020-08-14,IAH,16489,256,256.0
2020-08-15,IAH,13751,245,243.0
2020-08-16,IAH,14769,258,257.0
2020-08-17,IAH,15058,254,253.0
2020-08-18,IAH,11261,238,236.0
2020-08-19,IAH,12542,248,247.0
2020-08-20,IAH,15939,258,258.0
2020-08-21,IAH,16189,259,259.0
2020-08-22,IAH,12151,246,244.0
2020-08-23,IAH,14596,260,260.0
2020-08-24,IAH,14273,258,256.0
2020-08-25,IAH,11540,240,236.0
2020-08-26,IAH,7562,249,59.0
2020-08-27,IAH,10123,258,161.0
2020-08-28,IAH,15591,259,253.0
2020-08-29,IAH,13030,243,238.0
2020-08-30,IAH,13976,260,258.0
2020-08-31,IAH,13369,257,255.0
2020-09-01,IAH,11157,235,231.0
2020-09-02,IAH,13457,248,245.0
2020-09-03,IAH,19303,262,261.0
2020-09-04,IAH,20006,259,258.0
2020-09-05,IAH,13775,177,176.0
2020-09-06,IAH,13347,184,182.0
2020-09-07,IAH,17580,255,254.0
2020-09-08,IAH,14754,243,242.0
2020-09-09,IAH,13320,241,241.0
2020-09-10,IAH,16910,250,250.0
2020-09-11,IAH,17234,251,250.0
2020-09-12,IAH,12662,224,221.0
2020-09-13,IAH,15670,252,252.0
2020-09-14,IAH,14762,250,244.0
2020-09-15,IAH,11196,230,219.0
2020-09-16,IAH,12360,240,230.0
2020-09-17,IAH,17156,252,245.0
2020-09-18,IAH,18362,252,248.0
2020-09-19,IAH,12887,225,223.0
2020-09-20,IAH,17593,252,250.0
2020-09-21,IAH,15953,251,250.0
2020-09-22,IAH,10700,231,227.0
2020-09-23,IAH,12648,239,239.0
2020-09-24,IAH,18131,251,251.0
2020-09-25,IAH,18321,251,251.0
2020-09-26,IAH,13761,225,225.0
2020-09-27,IAH,16940,251,251.0
2020-09-28,IAH,15915,251,251.0
2020-09-29,IAH,12143,230,230.0
2020-09-30,IAH,13860,218,215.0
2020-10-01,IAH,20361,240,239.0
2020-10-02,IAH,20341,238,237.0
2020-10-03,IAH,14772,221,221.0
2020-10-04,IAH,19417,238,238.0
2020-10-05,IAH,17987,235,235.0
2020-10-06,IAH,13009,201,201.0
2020-10-07,IAH,14845,215,215.0
2020-10-08,IAH,21421,238,238.0
2020-10-09,IAH,20465,241,238.0
2020-10-10,IAH,16099,224,224.0
2020-10-11,IAH,19645,241,241.0
2020-10-12,IAH,19398,238,238.0
2020-10-13,IAH,14516,205,205.0
2020-10-14,IAH,15401,215,215.0
2020-10-15,IAH,20555,240,240.0
2020-10-16,IAH,21762,241,241.0
2020-10-17,IAH,17046,226,226.0
2020-10-18,IAH,20901,240,240.0
2020-10-19,IAH,19900,239,239.0
2020-10-20,IAH,14852,205,205.0
2020-10-21,IAH,16285,217,217.0
2020-10-22,IAH,21473,242,242.0
2020-10-23,IAH,21680,243,243.0
2020-10-24,IAH,16389,227,227.0
2020-10-25,IAH,20273,242,242.0
2020-10-26,IAH,20394,241,241.0
2020-10-27,IAH,14755,206,201.0
2020-10-28,IAH,15310,216,212.0
2020-10-29,IAH,20660,242,242.0
2020-10-30,IAH,20862,242,242.0
2020-10-31,IAH,14810,213,213.0
2020-11-01,IAH,20753,263,259.0
2020-11-02,IAH,226,262,261.0
2020-11-03,IAH,19973,210,210.0
2020-11-04,IAH,13820,223,222.0
2020-11-05,IAH,15203,260,259.0
2020-11-06,IAH,20587,262,261.0
2020-11-07,IAH,21890,241,240.0
2020-11-08,IAH,36783,265,264.0
2020-11-09,IAH,19608,264,264.0
2020-11-10,IAH,14361,218,218.0
2020-11-11,IAH,14925,226,225.0
2020-11-12,IAH,20313,263,263.0
2020-11-13,IAH,22415,265,265.0
2020-11-14,IAH,16111,242,242.0
2020-11-15,IAH,22753,266,266.0
2020-11-16,IAH,19908,265,265.0
2020-11-17,IAH,14604,217,217.0
2020-11-18,IAH,16403,232,232.0
2020-11-19,IAH,21091,266,266.0
2020-11-20,IAH,25117,267,267.0
2020-11-21,IAH,22977,251,251.0
2020-11-22,IAH,24060,265,265.0
2020-11-23,IAH,20337,238,238.0
2020-11-24,IAH,20011,243,243.0
2020-11-25,IAH,21817,243,241.0
2020-11-26,IAH,13566,156,156.0
2020-11-27,IAH,18392,230,230.0
2020-11-28,IAH,21371,324,324.0
2020-11-29,IAH,26451,325,323.0
2020-11-30,IAH,20324,265,264.0
2020-12-01,IAH,16606,226,226.0
2020-12-02,IAH,15522,222,222.0
2020-12-03,IAH,18148,262,262.0
2020-12-04,IAH,19435,260,260.0
2020-12-05,IAH,14131,232,231.0
2020-12-06,IAH,20768,261,261.0
2020-12-07,IAH,16687,264,264.0
2020-12-08,IAH,12751,209,209.0
2020-12-09,IAH,14748,220,220.0
2020-12-10,IAH,18565,263,263.0
2020-12-11,IAH,20308,261,261.0
2020-12-12,IAH,15899,232,231.0
2020-12-13,IAH,20905,261,260.0
2020-12-14,IAH,18079,261,261.0
2020-12-15,IAH,14551,208,207.0
2020-12-16,IAH,16424,226,210.0
2020-12-17,IAH,22847,262,259.0
2020-12-18,IAH,27278,264,264.0
2020-12-19,IAH,25850,251,251.0
2020-12-20,IAH,26364,266,266.0
2020-12-21,IAH,22997,264,264.0
2020-12-22,IAH,23606,263,262.0
2020-12-23,IAH,26371,259,256.0
2020-12-24,IAH,18852,200,199.0
2020-12-25,IAH,18672,228,227.0
2020-12-26,IAH,24194,252,250.0
2020-12-27,IAH,28726,263,263.0
2020-12-28,IAH,25545,263,263.0
2020-12-29,IAH,23039,261,259.0
2020-12-30,IAH,24008,259,257.0
2020-12-31,IAH,19296,204,201.0
2021-01-01,IAH,20196,237,235.0
2021-01-02,IAH,23772,252,251.0
2021-01-03,IAH,27823,262,261.0
2021-01-04,IAH,24951,259,258.0
2021-01-05,IAH,20496,228,228.0
2021-01-06,IAH,16834,228,228.0
2021-01-07,IAH,18520,247,247.0
2021-01-08,IAH,19297,248,248.0
2021-01-09,IAH,16628,221,220.0
2021-01-10,IAH,21309,252,250.0
2021-01-11,IAH,18023,246,246.0
2021-01-12,IAH,13391,222,222.0
2021-01-13,IAH,13907,228,228.0
2021-01-14,IAH,19156,247,247.0
2021-01-15,IAH,21804,249,249.0
2021-01-16,IAH,15642,221,221.0
2021-01-17,IAH,18840,247,247.0
2021-01-18,IAH,19603,246,246.0
2021-01-19,IAH,13234,223,223.0
2021-01-20,IAH,13715,229,229.0
2021-01-21,IAH,17019,248,248.0
2021-01-22,IAH,17670,250,250.0
2021-01-23,IAH,13489,221,220.0
2021-01-24,IAH,19871,253,253.0
2021-01-25,IAH,16668,247,245.0
2021-01-26,IAH,10174,222,222.0
2021-01-27,IAH,11980,228,227.0
2021-01-28,IAH,16374,247,247.0
2021-01-29,IAH,16718,249,249.0
2021-01-30,IAH,12594,221,218.0
2021-01-31,IAH,18499,254,245.0
2021-02-01,IAH,14580,250,233.0
2021-02-02,IAH,11016,226,221.0
2021-02-03,IAH,13144,232,230.0
2021-02-04,IAH,17233,250,250.0
2021-02-05,IAH,18577,253,252.0
2021-02-06,IAH,14396,223,220.0
2021-02-07,IAH,18258,252,252.0
2021-02-08,IAH,16864,251,248.0
2021-02-09,IAH,11696,224,221.0
2021-02-10,IAH,14852,229,226.0
2021-02-11,IAH,20725,281,281.0
2021-02-12,IAH,22637,288,285.0
2021-02-13,IAH,17938,263,255.0
2021-02-14,IAH,21378,282,201.0
2021-02-15,IAH,111,285,0.0
2021-02-16,IAH,297,258,0.0
2021-02-17,IAH,9914,267,62.0
2021-02-18,IAH,14719,287,133.0
2021-02-19,IAH,20458,286,256.0
2021-02-20,IAH,16856,264,258.0
2021-02-21,IAH,19305,290,289.0
2021-02-22,IAH,15765,284,282.0
2021-02-23,IAH,12842,257,255.0
2021-02-24,IAH,15501,267,266.0
2021-02-25,IAH,21280,287,287.0
2021-02-26,IAH,21775,286,286.0
2021-02-27,IAH,16682,261,261.0
2021-02-28,IAH,23330,290,288.0
2021-03-01,IAH,19951,281,279.0
2021-03-02,IAH,15379,259,257.0
2021-03-03,IAH,16962,273,273.0
2021-03-04,IAH,23036,305,305.0
2021-03-05,IAH,23463,307,307.0
2021-03-06,IAH,18686,289,287.0
2021-03-07,IAH,24966,306,305.0
2021-03-08,IAH,22484,305,299.0
2021-03-09,IAH,17090,284,282.0
2021-03-10,IAH,21058,296,295.0
2021-03-11,IAH,28844,313,313.0
2021-03-12,IAH,33405,317,317.0
2021-03-13,IAH,322,299,292.0
2021-03-14,IAH,64431,311,295.0
2021-03-15,IAH,30555,310,302.0
2021-03-16,IAH,27586,292,292.0
2021-03-17,IAH,25755,299,296.0
2021-03-18,IAH,27968,314,312.0
2021-03-19,IAH,26486,318,318.0
2021-03-20,IAH,22111,301,301.0
2021-03-21,IAH,29096,314,314.0
2021-03-22,IAH,23860,310,307.0
2021-03-23,IAH,18963,292,291.0
2021-03-24,IAH,19289,300,299.0
2021-03-25,IAH,26960,315,315.0
2021-03-26,IAH,27324,317,317.0
2021-03-27,IAH,21947,299,299.0
2021-03-28,IAH,29105,321,321.0
2021-03-29,IAH,25830,327,327.0
2021-03-30,IAH,20320,309,308.0
2021-03-31,IAH,23858,315,314.0
2021-04-01,IAH,30599,331,330.0
2021-04-02,IAH,28201,329,328.0
2021-04-03,IAH,23247,314,313.0
2021-04-04,IAH,29281,326,323.0
2021-04-05,IAH,28919,331,331.0
2021-04-06,IAH,23569,305,305.0
2021-04-07,IAH,24244,309,309.0
2021-04-08,IAH,29131,329,329.0
2021-04-09,IAH,30790,326,326.0
2021-04-10,IAH,26881,306,306.0
2021-04-11,IAH,31046,324,312.0
2021-04-12,IAH,31557,339,335.0
2021-04-13,IAH,24869,320,319.0
2021-04-14,IAH,24290,318,318.0
2021-04-15,IAH,31158,343,343.0
2021-04-16,IAH,32226,342,341.0
2021-04-17,IAH,25683,317,317.0
2021-04-18,IAH,33679,337,337.0
2021-04-19,IAH,30741,343,343.0
2021-04-20,IAH,24283,314,314.0
2021-04-21,IAH,24091,321,321.0
2021-04-22,IAH,31479,345,345.0
2021-04-23,IAH,32415,344,342.0
2021-04-24,IAH,26021,319,318.0
2021-04-25,IAH,33489,338,338.0
2021-04-26,IAH,31048,345,345.0
2021-04-27,IAH,24299,316,316.0
2021-04-28,IAH,25365,321,321.0
2021-04-29,IAH,31551,346,346.0
2021-05-01,IAH,33285,319,318.0
2021-05-02,IAH,60623,339,338.0
2021-05-03,IAH,30214,345,342.0
2021-05-04,IAH,25380,314,312.0
2021-05-05,IAH,27159,325,325.0
2021-05-06,IAH,33859,349,349.0
2021-05-07,IAH,35282,347,346.0
2021-05-08,IAH,27946,318,317.0
2021-05-09,IAH,36100,343,343.0
2021-05-10,IAH,34437,348,347.0
2021-05-11,IAH,28119,326,321.0
2021-05-12,IAH,29932,328,328.0
2021-05-13,IAH,35493,350,350.0
2021-05-14,IAH,35861,347,347.0
2021-05-15,IAH,32286,318,318.0
2021-05-16,IAH,39414,343,339.0
2021-05-17,IAH,35322,348,329.0
2021-05-18,IAH,497,329,329.0
2021-05-19,IAH,70,330,329.0
2021-05-20,IAH,33750,351,351.0
2021-05-21,IAH,31699,348,348.0
2021-05-22,IAH,35874,319,319.0
2021-05-23,IAH,71998,345,345.0
2021-05-24,IAH,66539,349,316.0
2021-05-25,IAH,32985,330,328.0
2021-05-26,IAH,33791,331,331.0
2021-05-27,IAH,38897,349,349.0
2021-05-28,IAH,40281,347,346.0
2021-05-29,IAH,34187,317,317.0
2021-05-30,IAH,36666,337,337.0
2021-05-31,IAH,38468,347,344.0
2021-06-01,IAH,36798,331,331.0
2021-06-02,IAH,33735,332,332.0
2021-06-03,IAH,41010,380,375.0
2021-06-04,IAH,42864,382,375.0
2021-06-05,IAH,36167,356,350.0
2021-06-06,IAH,42830,385,380.0
2021-06-07,IAH,38571,388,379.0
2021-06-08,IAH,34563,374,369.0
2021-06-09,IAH,36056,379,375.0
2021-06-10,IAH,40798,388,385.0
2021-06-11,IAH,42002,392,391.0
2021-06-12,IAH,36951,364,360.0
2021-06-13,IAH,43464,385,383.0
2021-06-14,IAH,40403,392,391.0
2021-06-15,IAH,36156,377,369.0
2021-06-16,IAH,39530,383,376.0
2021-06-17,IAH,41211,388,387.0
2021-06-18,IAH,44175,397,395.0
2021-06-19,IAH,37062,366,361.0
2021-06-20,IAH,42296,390,389.0
2021-06-21,IAH,41285,393,381.0
2021-06-22,IAH,35937,377,375.0
2021-06-23,IAH,39057,383,380.0
2021-06-24,IAH,43086,388,383.0
2021-06-25,IAH,43598,397,394.0
2021-06-26,IAH,9,366,363.0
2021-06-27,IAH,82612,389,377.0
2021-06-28,IAH,42963,393,388.0
2021-06-29,IAH,39617,376,375.0
2021-06-30,IAH,41649,379,378.0
2021-07-01,IAH,47660,417,413.0
2021-07-02,IAH,48928,418,404.0
2021-07-03,IAH,42813,386,379.0
2021-07-04,IAH,37717,370,369.0
2021-07-05,IAH,45797,417,405.0
2021-07-06,IAH,40378,409,399.0
2021-07-07,IAH,40995,417,412.0
2021-07-08,IAH,45635,423,422.0
2021-07-09,IAH,45253,422,419.0
2021-07-10,IAH,39607,401,401.0
2021-07-11,IAH,46751,416,415.0
2021-07-12,IAH,42407,429,421.0
2021-07-13,IAH,39862,411,408.0
2021-07-14,IAH,42719,418,406.0
2021-07-15,IAH,45366,423,409.0
2021-07-16,IAH,46632,423,423.0
2021-07-17,IAH,40947,400,391.0
2021-07-18,IAH,47022,417,412.0
2021-07-19,IAH,45192,430,413.0
2021-07-20,IAH,41111,413,411.0
2021-07-21,IAH,41776,418,416.0
2021-07-22,IAH,44368,424,423.0
2021-07-23,IAH,46926,426,426.0
2021-07-24,IAH,40992,402,400.0
2021-07-25,IAH,45852,419,418.0
2021-07-26,IAH,42532,430,428.0
2021-07-27,IAH,37559,415,414.0
2021-07-28,IAH,40284,419,417.0
2021-07-29,IAH,44429,425,423.0
2021-07-30,IAH,45119,426,422.0
2021-07-31,IAH,40621,403,393.0
2021-08-01,IAH,45568,421,401.0
2021-08-02,IAH,43318,430,405.0
2021-08-03,IAH,37716,415,393.0
2021-08-04,IAH,39624,423,406.0
2021-08-05,IAH,44359,425,404.0
2021-08-06,IAH,43537,428,411.0
2021-08-07,IAH,41692,400,390.0
2021-08-08,IAH,45299,421,420.0
2021-08-09,IAH,40645,430,420.0
2021-08-10,IAH,34958,416,411.0
2021-08-11,IAH,37022,424,421.0
2021-08-12,IAH,42115,424,421.0
2021-08-13,IAH,40230,426,420.0
2021-08-14,IAH,33766,400,390.0
2021-08-15,IAH,41269,421,399.0
2021-08-16,IAH,38434,430,418.0
2021-08-17,IAH,33419,410,399.0
2021-08-18,IAH,33979,419,387.0
2021-08-19,IAH,39507,424,422.0
2021-08-20,IAH,40380,425,417.0
2021-08-21,IAH,30732,395,389.0
2021-08-22,IAH,37886,420,405.0
2021-08-23,IAH,34939,427,424.0
2021-08-24,IAH,28135,410,408.0
2021-08-25,IAH,30044,418,415.0
2021-08-26,IAH,35238,425,419.0
2021-08-27,IAH,37108,425,424.0
2021-08-28,IAH,27535,396,388.0
2021-08-29,IAH,36412,418,395.0
2021-08-30,IAH,32598,427,404.0
2021-08-31,IAH,27191,409,394.0
2021-09-01,IAH,31674,413,394.0
2021-09-02,IAH,41614,421,406.0
2021-09-03,IAH,45132,421,410.0
2021-09-04,IAH,34652,377,372.0
2021-09-05,IAH,31092,373,366.0
2021-09-06,IAH,40654,419,410.0
2021-09-07,IAH,35011,388,379.0
2021-09-08,IAH,30385,399,392.0
2021-09-09,IAH,36296,428,422.0
2021-09-10,IAH,38024,429,423.0
2021-09-11,IAH,28182,395,388.0
2021-09-12,IAH,38143,418,417.0
2021-09-13,IAH,33449,421,404.0
2021-09-14,IAH,19249,383,326.0
2021-09-15,IAH,29585,389,388.0
2021-09-16,IAH,37948,418,418.0
2021-09-17,IAH,38950,417,415.0
2021-09-18,IAH,29917,383,382.0
2021-09-19,IAH,38167,415,415.0
2021-09-20,IAH,34809,413,413.0
2021-09-21,IAH,25585,377,377.0
2021-09-22,IAH,30058,390,390.0
2021-09-23,IAH,39304,419,416.0
2021-09-24,IAH,42042,417,414.0
2021-09-25,IAH,30060,384,382.0
2021-09-26,IAH,40015,414,412.0
2021-09-27,IAH,35036,413,412.0
2021-09-28,IAH,25697,375,368.0
2021-09-29,IAH,29433,389,388.0
2021-09-30,IAH,39617,419,415.0
2021-10-01,IAH,41679,411,402.0
2021-10-02,IAH,32670,375,370.0
2021-10-03,IAH,40075,408,404.0
2021-10-04,IAH,35541,416,412.0
2021-10-05,IAH,27668,393,393.0
2021-10-06,IAH,33338,406,405.0
2021-10-07,IAH,41285,429,426.0
2021-10-08,IAH,42327,433,429.0
2021-10-09,IAH,33381,396,393.0
2021-10-10,IAH,42550,418,407.0
2021-10-11,IAH,42558,429,421.0
2021-10-12,IAH,31470,395,390.0
2021-10-13,IAH,30602,406,397.0
2021-10-14,IAH,40856,429,427.0
2021-10-15,IAH,43129,432,431.0
2021-10-16,IAH,34411,387,387.0
2021-10-17,IAH,44164,411,410.0
2021-10-18,IAH,38979,421,421.0
2021-10-19,IAH,28985,395,393.0
2021-10-20,IAH,32832,401,401.0
2021-10-21,IAH,38184,426,394.0
2021-10-22,IAH,43396,424,400.0
2021-10-23,IAH,33653,393,386.0
2021-10-24,IAH,42109,411,405.0
2021-10-25,IAH,42628,425,416.0
2021-10-26,IAH,31396,394,391.0
2021-10-27,IAH,32051,403,395.0
2021-10-28,IAH,44070,425,419.0
2021-10-29,IAH,42204,423,420.0
2021-10-30,IAH,31916,376,373.0
2021-10-31,IAH,39076,367,345.0
2021-11-01,IAH,41785,385,364.0
2021-11-02,IAH,31816,364,358.0
2021-11-03,IAH,34980,374,373.0
2021-11-04,IAH,40173,386,386.0
2021-11-05,IAH,42739,388,384.0
2021-11-06,IAH,34269,348,342.0
2021-11-07,IAH,46723,376,374.0
2021-11-08,IAH,44787,386,384.0
2021-11-09,IAH,31738,367,364.0
2021-11-10,IAH,34797,374,371.0
2021-11-11,IAH,42010,384,381.0
2021-11-12,IAH,42721,388,386.0
2021-11-13,IAH,32865,351,345.0
2021-11-14,IAH,44031,373,365.0
2021-11-15,IAH,43174,387,386.0
2021-11-16,IAH,32798,364,363.0
2021-11-17,IAH,37628,383,381.0
2021-11-18,IAH,46148,386,383.0
2021-11-19,IAH,49830,388,385.0
2021-11-20,IAH,45691,360,358.0
2021-11-21,IAH,44994,375,373.0
2021-11-22,IAH,44959,385,382.0
2021-11-23,IAH,45832,386,386.0
2021-11-24,IAH,46204,389,389.0
2021-11-25,IAH,31368,282,281.0
2021-11-26,IAH,38655,346,346.0
2021-11-27,IAH,44383,388,388.0
2021-11-28,IAH,49485,402,401.0
2021-11-29,IAH,47177,394,394.0
2021-11-30,IAH,40293,379,373.0
2021-12-01,IAH,37602,376,375.0
2021-12-02,IAH,39927,382,378.0
2021-12-03,IAH,40273,381,375.0
2021-12-04,IAH,94,340,337.0
2021-12-05,IAH,78654,366,366.0
2021-12-06,IAH,39394,371,367.0
2021-12-07,IAH,31767,353,346.0
2021-12-08,IAH,36887,360,354.0
2021-12-09,IAH,42148,369,364.0
2021-12-10,IAH,45122,373,371.0
2021-12-11,IAH,33957,340,339.0
2021-12-12,IAH,44623,366,364.0
2021-12-13,IAH,41494,370,369.0
2021-12-14,IAH,35702,353,352.0
2021-12-15,IAH,39741,358,352.0
2021-12-16,IAH,48204,392,389.0
2021-12-17,IAH,49077,391,387.0
2021-12-18,IAH,45102,361,323.0
2021-12-19,IAH,48112,375,364.0
2021-12-20,IAH,43943,388,380.0
2021-12-21,IAH,44266,386,386.0
2021-12-22,IAH,44369,393,387.0
2021-12-23,IAH,41966,383,370.0
2021-12-24,IAH,34303,307,290.0
2021-12-25,IAH,32376,315,284.0
2021-12-26,IAH,42941,369,345.0
2021-12-27,IAH,42273,382,365.0
2021-12-28,IAH,38700,377,356.0
2021-12-29,IAH,40452,383,359.0
2021-12-30,IAH,41010,376,348.0
2021-12-31,IAH,30508,306,274.0
2022-01-01,IAH,33985,327,296.0
2022-01-02,IAH,39926,376,326.0
2022-01-03,IAH,20,387,343.0
2022-01-04,IAH,41164,358,333.0
2022-01-05,IAH,39204,351,318.0
2022-01-06,IAH,33911,360,314.0
2022-01-07,IAH,32119,361,323.0
2022-01-08,IAH,33724,305,267.0
2022-01-09,IAH,67615,351,312.0
2022-01-10,IAH,33105,359,337.0
2022-01-11,IAH,25789,342,313.0
2022-01-12,IAH,27288,342,314.0
2022-01-13,IAH,34703,349,322.0
2022-01-14,IAH,38839,349,327.0
2022-01-15,IAH,115,285,275.0
2022-01-16,IAH,62308,325,284.0
2022-01-17,IAH,36723,335,328.0
2022-01-18,IAH,26862,318,313.0
2022-01-19,IAH,25985,328,307.0
2022-01-20,IAH,31688,334,318.0
2022-01-21,IAH,33182,338,326.0
2022-01-22,IAH,26541,285,270.0
2022-01-23,IAH,33943,332,322.0
2022-01-24,IAH,29689,341,332.0
2022-01-25,IAH,23589,323,320.0
2022-01-26,IAH,25451,327,323.0
2022-01-27,IAH,31040,340,336.0
2022-01-28,IAH,32796,334,312.0
2022-01-29,IAH,24855,287,260.0
2022-01-30,IAH,35187,334,320.0
2022-01-31,IAH,33047,337,334.0
2022-02-01,IAH,25351,337,331.0
2022-02-02,IAH,24656,342,300.0
2022-02-03,IAH,33342,352,284.0
2022-02-04,IAH,36180,352,319.0
2022-02-05,IAH,28761,303,287.0
2022-02-06,IAH,36726,347,332.0
2022-02-07,IAH,33580,352,343.0
2022-02-08,IAH,27539,335,334.0
2022-02-09,IAH,96,341,340.0
2022-02-10,IAH,27655,345,345.0
2022-02-11,IAH,35444,354,354.0
2022-02-12,IAH,39632,322,322.0
2022-02-13,IAH,66932,342,342.0
2022-02-14,IAH,32629,352,351.0
2022-02-15,IAH,29639,331,331.0
2022-02-16,IAH,31374,340,337.0
2022-02-17,IAH,38095,351,341.0
2022-02-18,IAH,41665,354,351.0
2022-02-19,IAH,32668,323,322.0
2022-02-20,IAH,38085,341,338.0
2022-02-21,IAH,39352,351,349.0
2022-02-22,IAH,31718,338,334.0
2022-02-23,IAH,33990,340,317.0
2022-02-24,IAH,40871,351,325.0
2022-02-25,IAH,42375,354,350.0
2022-02-26,IAH,35209,326,326.0
2022-02-27,IAH,42650,349,349.0
2022-02-28,IAH,41141,350,349.0
2022-03-01,IAH,35347,338,337.0
2022-03-02,IAH,34121,342,341.0
2022-03-03,IAH,40842,343,343.0
2022-03-04,IAH,35256,358,358.0
2022-03-05,IAH,33263,333,333.0
2022-03-06,IAH,44793,357,354.0
2022-03-07,IAH,42331,355,354.0
2022-03-08,IAH,35405,343,343.0
2022-03-09,IAH,42353,345,342.0
2022-03-10,IAH,48690,356,356.0
2022-03-11,IAH,48981,362,356.0
2022-03-12,IAH,46148,338,331.0
2022-03-14,IAH,48764,358,357.0
2022-03-15,IAH,42646,344,344.0
2022-03-16,IAH,41722,346,345.0
2022-03-17,IAH,41650,357,352.0
2022-03-18,IAH,40370,363,354.0
2022-03-19,IAH,35612,339,333.0
2022-03-20,IAH,44583,357,356.0
2022-03-21,IAH,41810,358,355.0
2022-03-22,IAH,35062,343,340.0
2022-03-23,IAH,38729,345,344.0
2022-03-24,IAH,42630,356,356.0
2022-03-25,IAH,42771,360,358.0
2022-03-26,IAH,34752,326,325.0
2022-03-27,IAH,43702,350,350.0
2022-03-28,IAH,42227,345,345.0
2022-03-29,IAH,34738,326,326.0
2022-03-30,IAH,38398,331,312.0
2022-03-31,IAH,43331,345,342.0
2022-04-01,IAH,42618,350,340.0
2022-04-02,IAH,34592,336,318.0
2022-05-02,IAH,25481,351,350.0
2022-05-03,IAH,22723,339,339.0
2022-05-06,IAH,29258,375,371.0
2022-05-07,IAH,23749,350,347.0
2022-05-08,IAH,43934,377,376.0
2022-05-09,IAH,44835,382,382.0
2022-05-10,IAH,39609,374,373.0
2022-05-11,IAH,42333,377,376.0
2022-05-12,IAH,48444,386,385.0
2022-05-13,IAH,39687,384,384.0
2022-05-14,IAH,39084,349,347.0
2022-05-16,IAH,46587,386,376.0
2022-05-17,IAH,43450,377,373.0
2022-05-18,IAH,44847,378,378.0
2022-05-19,IAH,48365,388,387.0
2022-05-20,IAH,47931,384,377.0
2022-05-21,IAH,39713,348,341.0
2022-05-23,IAH,45974,384,381.0
2022-05-24,IAH,42924,375,342.0
2022-05-25,IAH,46506,376,373.0
2022-05-26,IAH,51221,388,388.0
2022-05-27,IAH,50830,384,381.0
2022-05-28,IAH,44597,350,349.0
2022-05-29,IAH,50227,376,371.0
2022-05-30,IAH,49184,386,381.0
2022-05-31,IAH,49134,377,376.0
2022-06-01,IAH,47311,369,360.0
2022-06-02,IAH,47308,369,354.0
2022-06-03,IAH,51018,349,340.0
2022-06-04,IAH,34132,315,309.0
2022-06-06,IAH,46706,347,345.0
2022-06-07,IAH,45559,342,340.0
2022-06-08,IAH,47473,345,344.0
2022-06-09,IAH,48392,349,342.0
2022-06-10,IAH,52483,354,350.0
2022-06-11,IAH,44138,321,318.0
2022-06-12,IAH,50095,343,337.0
2022-06-13,IAH,46797,349,344.0
2022-06-14,IAH,44585,343,341.0
2022-06-15,IAH,47752,347,343.0
2022-06-16,IAH,46087,348,334.0
2022-06-17,IAH,48381,354,348.0
2022-06-18,IAH,7072,321,315.0
2022-06-19,IAH,48186,343,333.0
2022-06-20,IAH,48918,348,344.0
2022-06-21,IAH,45044,343,341.0
2022-06-22,IAH,48340,347,337.0
2022-06-23,IAH,49934,346,342.0
2022-06-24,IAH,50646,342,336.0
2022-06-25,IAH,42022,306,299.0
2022-06-26,IAH,49678,328,318.0
2022-06-27,IAH,48893,336,326.0
2022-06-28,IAH,44571,334,326.0
2022-06-29,IAH,49002,338,330.0
2022-06-30,IAH,50486,337,333.0
2022-07-01,IAH,53723,352,351.0
2022-07-04,IAH,45507,344,341.0
2022-07-05,IAH,48232,344,340.0
2022-07-06,IAH,48195,342,341.0
2022-07-07,IAH,47023,343,339.0
2022-07-08,IAH,47568,349,345.0
2022-07-09,IAH,35255,316,315.0
2022-07-10,IAH,49356,338,336.0
2022-07-11,IAH,48053,350,347.0
2022-07-12,IAH,46201,342,340.0
2022-07-13,IAH,48876,346,343.0
2022-07-14,IAH,51611,349,345.0
2022-07-15,IAH,49835,351,349.0
2022-07-16,IAH,34653,316,313.0
2022-07-17,IAH,48311,337,332.0
2022-07-18,IAH,49153,346,340.0
2022-07-19,IAH,46448,345,341.0
2022-07-20,IAH,48772,345,343.0
2022-07-21,IAH,51969,349,347.0
2022-07-22,IAH,50517,349,347.0
2022-07-23,IAH,43107,314,306.0
2022-07-24,IAH,49977,337,331.0
2022-07-25,IAH,48533,346,335.0
2022-07-26,IAH,43885,340,335.0
2022-07-27,IAH,47092,345,343.0
2022-07-28,IAH,47560,349,344.0
2022-07-29,IAH,40195,351,350.0
2022-07-30,IAH,36744,315,315.0
2022-07-31,IAH,47387,338,333.0
2022-08-01,IAH,48163,344,342.0
2022-08-02,IAH,42902,339,339.0
2022-08-03,IAH,44043,341,340.0
2022-08-04,IAH,46390,342,335.0
2022-08-05,IAH,46569,346,332.0
2022-08-06,IAH,41451,311,303.0
2022-08-07,IAH,47210,329,325.0
2022-08-08,IAH,45866,343,338.0
2022-08-09,IAH,41262,340,337.0
2022-08-10,IAH,43995,346,296.0
2022-08-11,IAH,49814,343,334.0
2022-08-12,IAH,46235,347,342.0
2022-08-13,IAH,39193,310,305.0
2022-08-14,IAH,45645,331,325.0
2022-08-15,IAH,43045,341,341.0
2022-08-16,IAH,39458,334,333.0
2022-08-17,IAH,41274,341,339.0
2022-08-18,IAH,44219,342,286.0
2022-08-19,IAH,49482,343,337.0
2022-08-20,IAH,37384,310,308.0
2022-08-21,IAH,44929,326,318.0
2022-08-22,IAH,44480,338,286.0
2022-08-23,IAH,38763,324,321.0
2022-08-24,IAH,41627,336,325.0
2022-08-25,IAH,46604,341,341.0
2022-08-26,IAH,44478,345,345.0
2022-08-27,IAH,37456,311,311.0
2022-08-28,IAH,44951,329,326.0
2022-08-29,IAH,42278,339,336.0
2022-08-30,IAH,36769,330,327.0
2022-08-31,IAH,41326,336,335.0
2022-09-01,IAH,47353,330,329.0
2022-09-02,IAH,51388,331,330.0
2022-09-03,IAH,39185,292,288.0
2022-09-04,IAH,40733,305,302.0
2022-09-05,IAH,47549,325,325.0
2022-09-06,IAH,43099,337,337.0
2022-09-07,IAH,38545,343,341.0
2022-09-08,IAH,43364,349,349.0
2022-09-09,IAH,44739,349,349.0
2022-09-10,IAH,36380,325,324.0
2022-09-11,IAH,44628,347,347.0
2022-09-12,IAH,42921,350,350.0
2022-09-13,IAH,36420,342,340.0
2022-09-14,IAH,40726,346,345.0
2022-09-15,IAH,46993,350,350.0
2022-09-16,IAH,46626,352,352.0
2022-09-17,IAH,28844,323,323.0
2022-09-18,IAH,47653,348,347.0
2022-09-19,IAH,44792,350,348.0
2022-09-20,IAH,38221,339,337.0
2022-09-21,IAH,39881,343,343.0
2022-09-22,IAH,45888,349,346.0
2022-09-23,IAH,45723,352,352.0
2022-09-24,IAH,31530,323,323.0
2022-09-25,IAH,46796,348,347.0
2022-09-26,IAH,42988,354,354.0
2022-09-27,IAH,37196,341,339.0
2022-09-28,IAH,39437,346,325.0
2022-09-29,IAH,45819,352,333.0
2022-09-30,IAH,39623,371,358.0
2022-10-01,IAH,40355,339,329.0
2022-10-02,IAH,45512,357,352.0
2022-10-03,IAH,43782,359,355.0
2022-10-04,IAH,36659,350,347.0
2022-10-05,IAH,42411,353,351.0
2022-10-06,IAH,47690,363,361.0
2022-10-07,IAH,51575,364,362.0
2022-10-08,IAH,41156,334,332.0
2022-10-09,IAH,46854,362,359.0
2022-10-10,IAH,47523,361,360.0
2022-10-11,IAH,38845,352,351.0
2022-10-12,IAH,42063,356,356.0
2022-10-13,IAH,47744,360,357.0
2022-10-14,IAH,50009,364,364.0
2022-10-15,IAH,41611,336,336.0
2022-10-16,IAH,48411,359,359.0
2022-10-17,IAH,47075,360,360.0
2022-10-18,IAH,39252,353,350.0
2022-10-19,IAH,42060,355,354.0
2022-10-20,IAH,48346,361,361.0
2022-10-21,IAH,32472,368,368.0
2022-10-22,IAH,41919,335,335.0
2022-10-23,IAH,48984,360,357.0
2022-10-24,IAH,49202,362,359.0
2022-10-25,IAH,43009,352,348.0
2022-10-26,IAH,41905,356,355.0
2022-10-27,IAH,48150,359,359.0
2022-10-28,IAH,45293,361,356.0
2022-10-29,IAH,38905,329,328.0
2022-10-30,IAH,50582,339,338.0
2022-10-31,IAH,45290,341,341.0
2022-11-01,IAH,41698,346,346.0
2022-11-02,IAH,39501,351,348.0
2022-11-03,IAH,45003,350,348.0
2022-11-04,IAH,49778,352,343.0
2022-11-05,IAH,42882,324,319.0
2022-11-06,IAH,49921,341,340.0
2022-11-07,IAH,48664,348,348.0
2022-11-08,IAH,42139,341,340.0
2022-11-09,IAH,41328,349,339.0
2022-11-10,IAH,47875,348,335.0
2022-11-11,IAH,49371,354,350.0
2022-11-12,IAH,41859,327,327.0
2022-11-13,IAH,50854,348,348.0
2022-11-14,IAH,47117,353,352.0
2022-11-15,IAH,42641,346,345.0
2022-11-16,IAH,45399,349,349.0
2022-11-17,IAH,47883,349,349.0
2022-11-18,IAH,40645,353,353.0
2022-11-19,IAH,38824,337,336.0
2022-11-20,IAH,49960,358,358.0
2022-11-21,IAH,48294,355,354.0
2022-11-22,IAH,48833,359,358.0
2022-11-23,IAH,49232,361,360.0
2022-11-24,IAH,33217,266,266.0
2022-11-25,IAH,42322,319,319.0
2022-11-26,IAH,39024,360,360.0
2022-11-27,IAH,53798,376,376.0
2022-11-28,IAH,48443,358,358.0
2022-11-29,IAH,43002,345,343.0
2022-11-30,IAH,41629,338,336.0
2022-12-01,IAH,43904,348,347.0
2022-12-02,IAH,44941,351,351.0
2022-12-03,IAH,37908,326,324.0
2022-12-04,IAH,47010,346,343.0
2022-12-05,IAH,46895,352,350.0
2022-12-06,IAH,40793,346,346.0
2022-12-07,IAH,42369,345,345.0
2022-12-08,IAH,46864,347,347.0
2022-12-09,IAH,48422,350,350.0
2022-12-10,IAH,33623,323,322.0
2022-12-11,IAH,48616,344,344.0
2022-12-12,IAH,46275,351,351.0
2022-12-13,IAH,41909,343,339.0
2022-12-14,IAH,47086,346,345.0
2022-12-15,IAH,51454,354,353.0
2022-12-16,IAH,44230,362,360.0
2022-12-17,IAH,42354,338,338.0
2022-12-18,IAH,52737,353,348.0
2022-12-19,IAH,51362,355,352.0
2022-12-20,IAH,50441,354,352.0
2022-12-21,IAH,51912,356,354.0
2022-12-22,IAH,51023,357,339.0
2022-12-23,IAH,47746,360,316.0
2022-12-24,IAH,39556,275,247.0
2022-12-25,IAH,41896,298,265.0
2022-12-26,IAH,52648,346,314.0
2022-12-27,IAH,50262,344,319.0
2022-12-28,IAH,49191,345,323.0
2022-12-29,IAH,47662,343,323.0
2022-12-30,IAH,51282,347,346.0
2022-12-31,IAH,38887,275,274.0
2023-01-01,IAH,42154,275,267.0
2023-01-02,IAH,52041,311,304.0
2023-01-03,IAH,48274,308,304.0
2023-01-04,IAH,43367,284,280.0
2023-01-05,IAH,42374,286,286.0
2023-01-06,IAH,43455,292,292.0
2023-01-07,IAH,38282,269,268.0
2023-01-08,IAH,44266,287,287.0
2023-01-09,IAH,44261,304,303.0
2023-01-10,IAH,37277,297,296.0
2023-01-11,IAH,38829,296,285.0
2023-01-12,IAH,49164,303,302.0
2023-01-13,IAH,46922,308,307.0
2023-01-14,IAH,32102,268,268.0
2023-01-15,IAH,44179,284,284.0
2023-01-16,IAH,47093,303,302.0
2023-01-17,IAH,39572,297,294.0
2023-01-18,IAH,36129,296,293.0
2023-01-19,IAH,43944,302,300.0
2023-01-20,IAH,44975,306,306.0
2023-01-21,IAH,33412,270,269.0
2023-01-22,IAH,46737,294,294.0
2023-01-23,IAH,42103,302,301.0
2023-01-24,IAH,33940,297,274.0
2023-01-25,IAH,37670,299,296.0
2023-01-26,IAH,44248,305,305.0
2023-01-27,IAH,45917,308,307.0
2023-01-28,IAH,34595,274,273.0
2023-01-29,IAH,44215,296,295.0
2023-01-30,IAH,41704,305,291.0
2023-01-31,IAH,35613,297,273.0
2023-02-01,IAH,37580,299,278.0
2023-02-02,IAH,43269,305,294.0
2023-02-03,IAH,44480,308,307.0
2023-02-04,IAH,36254,271,271.0
2023-02-05,IAH,46534,297,297.0
2023-02-06,IAH,45130,308,307.0
2023-02-07,IAH,37766,298,297.0
2023-02-08,IAH,38292,300,300.0
2023-02-09,IAH,46991,296,296.0
2023-02-10,IAH,48384,322,322.0
2023-02-11,IAH,32787,290,289.0
2023-02-12,IAH,44177,304,303.0
2023-02-13,IAH,41533,321,321.0
2023-02-14,IAH,34965,315,313.0
2023-02-15,IAH,40999,321,320.0
2023-02-16,IAH,46777,322,321.0
2023-02-17,IAH,49584,325,325.0
2023-02-18,IAH,39603,288,288.0
2023-02-19,IAH,46096,302,301.0
2023-02-20,IAH,47929,326,326.0
2023-02-21,IAH,43178,320,320.0
2023-02-22,IAH,41489,324,308.0
2023-02-23,IAH,48419,322,322.0
2023-02-24,IAH,47829,325,324.0
2023-02-25,IAH,39260,290,287.0
2023-02-26,IAH,48949,308,307.0
2023-02-27,IAH,47529,326,321.0
2023-02-28,IAH,42915,320,320.0
2023-03-01,IAH,43590,322,322.0
2023-03-02,IAH,47943,316,313.0
2023-03-03,IAH,48043,319,313.0
2023-03-04,IAH,38472,288,282.0
2023-03-05,IAH,47187,302,298.0
2023-03-06,IAH,49098,320,320.0
2023-03-07,IAH,46737,313,312.0
2023-03-08,IAH,48975,323,320.0
2023-03-09,IAH,53662,326,325.0
2023-03-10,IAH,51801,326,325.0
2023-03-11,IAH,42784,293,292.0
2023-03-12,IAH,53007,310,309.0
2023-03-13,IAH,53460,326,325.0
2023-03-14,IAH,50797,321,319.0
2023-03-15,IAH,47336,324,324.0
2023-03-16,IAH,48718,326,320.0
2023-03-17,IAH,46795,327,326.0
2023-03-18,IAH,41756,293,293.0
2023-03-19,IAH,49430,310,309.0
2023-03-20,IAH,48363,326,326.0
2023-03-21,IAH,41042,321,321.0
2023-03-22,IAH,43415,324,321.0
2023-03-23,IAH,45668,324,324.0
2023-03-24,IAH,45793,325,324.0
2023-03-25,IAH,39026,293,290.0
2023-03-26,IAH,48414,295,295.0
2023-03-27,IAH,45799,309,305.0
2023-03-28,IAH,41432,303,303.0
2023-03-29,IAH,44094,307,306.0
2023-03-30,IAH,48223,307,306.0
2023-03-31,IAH,30632,307,303.0
2023-04-01,IAH,38651,275,271.0
2023-04-02,IAH,49368,291,288.0
2023-04-03,IAH,47076,304,304.0
2023-04-04,IAH,47117,299,296.0
2023-04-05,IAH,43787,299,264.0
2023-04-06,IAH,51877,299,287.0
2023-04-07,IAH,46970,298,296.0
2023-04-08,IAH,39080,271,270.0
2023-04-09,IAH,44662,286,284.0
2023-04-10,IAH,50963,302,301.0
2023-04-11,IAH,46640,291,291.0
2023-04-12,IAH,44302,296,291.0
2023-04-13,IAH,50321,298,291.0
2023-04-14,IAH,51323,298,295.0
2023-04-15,IAH,39701,270,268.0
2023-04-16,IAH,50654,289,281.0
2023-04-17,IAH,48171,300,298.0
2023-04-18,IAH,43361,293,293.0
2023-04-19,IAH,47109,297,296.0
2023-04-20,IAH,51605,298,293.0
2023-04-21,IAH,51502,296,290.0
2023-04-22,IAH,44781,269,267.0
2023-04-23,IAH,55220,289,286.0
2023-04-24,IAH,52580,300,300.0
2023-04-25,IAH,46665,293,290.0
2023-04-26,IAH,46551,297,294.0
2023-04-27,IAH,51319,298,295.0
2023-04-28,IAH,41722,298,294.0
2023-04-29,IAH,42578,270,268.0
2023-04-30,IAH,50513,289,285.0
2023-05-01,IAH,47078,301,294.0
2023-05-02,IAH,43557,293,291.0
2023-05-03,IAH,47065,297,296.0
2023-05-04,IAH,50989,293,293.0
2023-05-05,IAH,52585,306,305.0
2023-05-06,IAH,41305,279,278.0
2023-05-07,IAH,50253,300,300.0
2023-05-08,IAH,49416,314,294.0
2023-05-09,IAH,46588,307,300.0
2023-05-10,IAH,48314,310,306.0
2023-05-11,IAH,51815,312,311.0
2023-05-12,IAH,51799,310,308.0
2023-05-13,IAH,44944,278,277.0
2023-05-14,IAH,49612,300,229.0
2023-05-15,IAH,55844,314,307.0
2023-05-16,IAH,48506,309,306.0
2023-05-17,IAH,50124,310,310.0
2023-05-18,IAH,55331,313,313.0
2023-05-19,IAH,52782,311,309.0
2023-05-20,IAH,43555,279,275.0
2023-05-21,IAH,51174,300,298.0
2023-05-22,IAH,52237,313,313.0
2023-05-23,IAH,48252,309,308.0
2023-05-24,IAH,50980,310,310.0
2023-05-25,IAH,52808,313,313.0
2023-05-26,IAH,46646,310,307.0
2023-05-27,IAH,38214,277,277.0
2023-05-28,IAH,49866,294,294.0
2023-05-29,IAH,55285,314,314.0
2023-05-30,IAH,52901,309,296.0
2023-05-31,IAH,54055,310,310.0
2023-06-01,IAH,53210,310,309.0
2023-06-02,IAH,43903,317,313.0
2023-06-03,IAH,41721,283,282.0
2023-06-04,IAH,55734,300,298.0
2023-06-05,IAH,52275,322,321.0
2023-06-06,IAH,50378,312,311.0
2023-06-07,IAH,51415,315,313.0
2023-06-08,IAH,57076,324,319.0
2023-06-09,IAH,45696,320,319.0
2023-06-10,IAH,46731,283,282.0
2023-06-11,IAH,53221,300,298.0
2023-06-12,IAH,51531,324,318.0
2023-06-13,IAH,48185,312,311.0
2023-06-14,IAH,51044,316,316.0
2023-06-15,IAH,52442,321,318.0
2023-06-16,IAH,34384,318,316.0
2023-06-17,IAH,39086,284,282.0
2023-06-18,IAH,51739,306,303.0
2023-06-19,IAH,54653,323,318.0
2023-06-20,IAH,54226,315,314.0
2023-06-21,IAH,50053,316,295.0
2023-06-22,IAH,56900,323,318.0
2023-06-23,IAH,46173,319,316.0
2023-06-24,IAH,37118,288,281.0
2023-06-25,IAH,57075,310,286.0
2023-06-26,IAH,53215,327,282.0
2023-06-27,IAH,53859,318,272.0
2023-06-28,IAH,55177,323,267.0
2023-06-29,IAH,62823,332,297.0
2023-06-30,IAH,61754,324,312.0
2023-07-01,IAH,44062,292,290.0
2023-07-02,IAH,53475,301,285.0
2023-07-03,IAH,49612,288,288.0
2023-07-04,IAH,44648,275,272.0
2023-07-05,IAH,52917,314,312.0
2023-07-06,IAH,54215,318,305.0
2023-07-07,IAH,54904,319,318.0
2023-07-08,IAH,48410,295,292.0
2023-07-09,IAH,56492,313,292.0
2023-07-10,IAH,54156,330,323.0
2023-07-11,IAH,52121,322,318.0
2023-07-12,IAH,53058,325,323.0
2023-07-13,IAH,57500,333,333.0
2023-07-14,IAH,57514,326,317.0
2023-07-15,IAH,42176,295,289.0
2023-07-16,IAH,56447,313,299.0
2023-07-17,IAH,53702,330,328.0
2023-07-18,IAH,50960,322,316.0
2023-07-19,IAH,55474,326,321.0
2023-07-20,IAH,55880,333,330.0
2023-07-21,IAH,48610,326,321.0
2023-07-22,IAH,48321,295,294.0
2023-07-23,IAH,54785,313,312.0
2023-07-24,IAH,54296,330,324.0
2023-07-25,IAH,50399,321,311.0
2023-07-26,IAH,51151,325,321.0
2023-07-27,IAH,56765,333,330.0
2023-07-28,IAH,55999,325,320.0
2023-07-29,IAH,41083,295,284.0
2023-07-30,IAH,55782,313,300.0
2023-07-31,IAH,55562,329,320.0
2023-08-01,IAH,52163,319,317.0
2023-08-02,IAH,48819,321,320.0
2023-08-03,IAH,51869,330,326.0
2023-08-04,IAH,52188,322,316.0
2023-08-05,IAH,37369,289,286.0
2023-08-06,IAH,52604,311,305.0
2023-08-07,IAH,50315,328,318.0
2023-08-08,IAH,46945,321,311.0
2023-08-09,IAH,47389,320,319.0
2023-08-10,IAH,51698,330,329.0
2023-08-11,IAH,49967,318,317.0
2023-08-12,IAH,43592,287,286.0
2023-08-13,IAH,50114,309,305.0
2023-08-14,IAH,47793,323,322.0
2023-08-15,IAH,45829,319,315.0
2023-08-16,IAH,46478,317,316.0
2023-08-17,IAH,52647,325,320.0
2023-08-18,IAH,50936,315,313.0
2023-08-19,IAH,41186,290,289.0
2023-08-20,IAH,51780,312,306.0
2023-08-21,IAH,49015,322,321.0
2023-08-22,IAH,43066,318,318.0
2023-08-23,IAH,49661,317,314.0
2023-08-24,IAH,52452,326,325.0
2023-08-25,IAH,54183,315,314.0
2023-08-26,IAH,40048,290,290.0
2023-08-27,IAH,49428,311,307.0
2023-08-28,IAH,48577,321,319.0
2023-08-29,IAH,41416,317,314.0
2023-08-30,IAH,47154,316,311.0
2023-08-31,IAH,54131,327,327.0
2023-09-01,IAH,47635,317,314.0
2023-09-02,IAH,43116,258,258.0
2023-09-03,IAH,46342,283,283.0
2023-09-04,IAH,54535,321,320.0
2023-09-05,IAH,45290,316,316.0
2023-09-06,IAH,43059,303,303.0
2023-09-07,IAH,47904,319,318.0
2023-09-08,IAH,42017,319,311.0
2023-09-09,IAH,33803,273,261.0
2023-09-10,IAH,49880,317,309.0
2023-09-11,IAH,47920,325,322.0
2023-09-12,IAH,40727,307,305.0
2023-09-13,IAH,44348,309,309.0
2023-09-14,IAH,52492,323,319.0
2023-09-15,IAH,53634,325,325.0
2023-09-16,IAH,41308,271,268.0
2023-09-17,IAH,49886,320,320.0
2023-09-18,IAH,48985,325,325.0
2023-09-19,IAH,44158,308,308.0
2023-09-20,IAH,44731,310,309.0
2023-09-21,IAH,52867,324,324.0
2023-09-22,IAH,43163,327,326.0
2023-09-23,IAH,41355,272,272.0
2023-09-24,IAH,54417,322,322.0
2023-09-25,IAH,54508,324,321.0
2023-09-26,IAH,46943,307,307.0
2023-09-27,IAH,45638,309,309.0
2023-09-28,IAH,54344,319,319.0
2023-09-29,IAH,53606,335,333.0
2023-09-30,IAH,42822,295,295.0
2023-10-01,IAH,54006,325,325.0
2023-10-02,IAH,52729,332,332.0
2023-10-03,IAH,43393,315,315.0
2023-10-04,IAH,47221,319,317.0
2023-10-05,IAH,51510,328,325.0
2023-10-06,IAH,56110,328,327.0
2023-10-07,IAH,38249,297,297.0
2023-10-08,IAH,53372,324,323.0
2023-10-09,IAH,50442,331,331.0
2023-10-10,IAH,46166,329,328.0
2023-10-11,IAH,47217,326,325.0
2023-10-12,IAH,53613,330,330.0
2023-10-13,IAH,53764,333,333.0
2023-10-14,IAH,43217,296,294.0
2023-10-15,IAH,55139,325,325.0
2023-10-16,IAH,51271,330,330.0
2023-10-17,IAH,45679,326,326.0
2023-10-18,IAH,45517,326,326.0
2023-10-19,IAH,52076,329,328.0
2023-10-20,IAH,53502,330,324.0
2023-10-21,IAH,43214,298,295.0
2023-10-22,IAH,54751,324,320.0
2023-10-23,IAH,51120,332,332.0
2023-10-24,IAH,46225,325,324.0
2023-10-25,IAH,45982,325,322.0
2023-10-26,IAH,53168,329,321.0
2023-10-27,IAH,44447,330,327.0
2023-10-28,IAH,41499,287,287.0
2023-10-29,IAH,48982,294,294.0
2023-10-30,IAH,47682,304,303.0
2023-10-31,IAH,36888,291,289.0
2023-11-01,IAH,44240,298,298.0
2023-11-02,IAH,48789,310,310.0
2023-11-03,IAH,51503,312,312.0
2023-11-04,IAH,41655,274,274.0
2023-11-05,IAH,53318,306,306.0
2023-11-06,IAH,50439,313,313.0
2023-11-07,IAH,42375,299,299.0
2023-11-08,IAH,44186,301,301.0
2023-11-09,IAH,51542,314,314.0
2023-11-10,IAH,52326,315,315.0
2023-11-11,IAH,40652,271,271.0
2023-11-12,IAH,54124,308,308.0
2023-11-13,IAH,50204,313,313.0
2023-11-14,IAH,45155,302,302.0
2023-11-15,IAH,48782,306,304.0
2023-11-16,IAH,52142,315,314.0
2023-11-17,IAH,54702,316,316.0
2023-11-18,IAH,51796,283,283.0
2023-11-19,IAH,55280,313,313.0
2023-11-20,IAH,53092,312,312.0
2023-11-21,IAH,51800,311,311.0
2023-11-22,IAH,55790,315,315.0
2023-11-23,IAH,35344,204,204.0
2023-11-24,IAH,44471,275,275.0
2023-11-25,IAH,51304,298,298.0
2023-11-26,IAH,61338,324,324.0
2023-11-27,IAH,52188,315,315.0
2023-11-28,IAH,47194,290,289.0
2023-11-29,IAH,44272,295,295.0
2023-11-30,IAH,48478,311,311.0
2023-12-01,IAH,48175,309,309.0
2023-12-02,IAH,38912,268,268.0
2023-12-03,IAH,50651,307,307.0
2023-12-04,IAH,48057,307,307.0
2023-12-05,IAH,41167,291,291.0
2023-12-06,IAH,42789,293,293.0
2023-12-07,IAH,48836,311,311.0
2023-12-08,IAH,49593,311,311.0
2023-12-09,IAH,40898,267,267.0
2023-12-10,IAH,52876,309,309.0
2023-12-11,IAH,46633,309,309.0
2023-12-12,IAH,44484,294,294.0
2023-12-13,IAH,47959,296,296.0
2023-12-14,IAH,49793,317,317.0
2023-12-15,IAH,56254,314,314.0
2023-12-16,IAH,41592,272,272.0
2023-12-17,IAH,53139,301,301.0
2023-12-18,IAH,51076,305,304.0
2023-12-19,IAH,49818,298,297.0
2023-12-20,IAH,51552,311,311.0
2023-12-21,IAH,55974,295,295.0
2023-12-22,IAH,56529,297,297.0
2023-12-23,IAH,50225,279,278.0
2023-12-24,IAH,41486,249,246.0
2023-12-25,IAH,44178,265,264.0
2023-12-26,IAH,56098,288,288.0
2023-12-27,IAH,54221,292,292.0
2023-12-28,IAH,52253,293,293.0
2023-12-29,IAH,53464,293,293.0
2023-12-30,IAH,41136,279,279.0
2023-12-31,IAH,41988,256,256.0
2024-01-01,IAH,46870,276,276.0
2024-01-02,IAH,54457,293,293.0
2024-01-03,IAH,51901,295,295.0
2024-01-04,IAH,47883,293,292.0
2024-01-05,IAH,49336,296,296.0
2024-01-06,IAH,45200,275,262.0
2024-01-07,IAH,53039,299,276.0
2024-01-08,IAH,46485,297,250.0
2024-01-09,IAH,52613,296,272.0
2024-01-10,IAH,46201,284,264.0
2024-01-11,IAH,47121,298,279.0
2024-01-12,IAH,47305,299,272.0
2024-01-13,IAH,34267,259,242.0
2024-01-14,IAH,46125,282,254.0
2024-01-15,IAH,40596,299,163.0
2024-01-16,IAH,41341,279,231.0
2024-01-17,IAH,41203,282,265.0
2024-01-18,IAH,44511,302,285.0
2024-01-19,IAH,46298,301,286.0
2024-01-20,IAH,37707,259,247.0
2024-01-21,IAH,47653,294,283.0
2024-01-22,IAH,41940,299,283.0
2024-01-23,IAH,36893,277,259.0
2024-01-24,IAH,36850,282,268.0
2024-01-25,IAH,43751,303,287.0
2024-01-26,IAH,44922,302,290.0
2024-01-27,IAH,36551,260,249.0
2024-01-28,IAH,46971,298,298.0
2024-01-29,IAH,41551,296,296.0
2024-01-30,IAH,37172,276,276.0
2024-01-31,IAH,38479,282,282.0
2024-02-01,IAH,45979,300,300.0
2024-02-02,IAH,47178,301,301.0
2024-02-03,IAH,31125,259,257.0
2024-02-04,IAH,48272,295,295.0
2024-02-05,IAH,42469,297,297.0
2024-02-06,IAH,37016,277,277.0
2024-02-07,IAH,39767,283,283.0
2024-02-08,IAH,46507,300,299.0
2024-02-09,IAH,39392,300,300.0
2024-02-10,IAH,38342,258,258.0
2024-02-11,IAH,43968,292,291.0
2024-02-12,IAH,42601,295,293.0
2024-02-13,IAH,38007,277,273.0
2024-02-14,IAH,38878,291,289.0
2024-02-15,IAH,47527,303,303.0
2024-02-16,IAH,49186,308,306.0
2024-02-17,IAH,32665,266,264.0
2024-02-18,IAH,48237,295,294.0
2024-02-19,IAH,46414,304,304.0
2024-02-20,IAH,40420,289,289.0
2024-02-21,IAH,40339,298,297.0
2024-02-22,IAH,48612,306,306.0
2024-02-23,IAH,41421,308,308.0
2024-02-24,IAH,40844,266,266.0
2024-02-25,IAH,49793,300,300.0
2024-02-26,IAH,47615,304,303.0
2024-02-27,IAH,41239,289,287.0
2024-02-28,IAH,41889,297,297.0
2024-02-29,IAH,49007,306,306.0
2024-03-01,IAH,49826,312,311.0
2024-03-02,IAH,32651,270,268.0
2024-03-03,IAH,51768,304,302.0
2024-03-04,IAH,49247,308,307.0
2024-03-05,IAH,44369,293,293.0
2024-03-06,IAH,47216,312,312.0
2024-03-07,IAH,52371,326,325.0
2024-03-08,IAH,53903,325,322.0
2024-03-09,IAH,51809,278,268.0
2024-03-10,IAH,55737,311,308.0
2024-03-11,IAH,55351,324,324.0
2024-03-12,IAH,50986,311,311.0
2024-03-13,IAH,50194,320,319.0
2024-03-14,IAH,47010,326,319.0
2024-03-15,IAH,46434,325,308.0
2024-03-16,IAH,42918,282,281.0
2024-03-17,IAH,51413,313,312.0
2024-03-18,IAH,46968,324,324.0
2024-03-19,IAH,42081,311,310.0
2024-03-20,IAH,43503,319,319.0
2024-03-21,IAH,47756,319,316.0
2024-03-22,IAH,52135,318,318.0
2024-03-23,IAH,41356,275,274.0
2024-03-24,IAH,49598,306,302.0
2024-03-25,IAH,47722,316,315.0
2024-03-26,IAH,42018,304,304.0
2024-03-27,IAH,46468,313,312.0
2024-03-28,IAH,53854,319,319.0
2024-03-29,IAH,49992,319,319.0
2024-03-30,IAH,43021,274,274.0
2024-03-31,IAH,49710,300,300.0
2024-04-01,IAH,49681,310,309.0
2024-04-02,IAH,45424,301,301.0
2024-04-03,IAH,47550,306,299.0
2024-04-04,IAH,49592,314,313.0
2024-04-05,IAH,50342,319,316.0
2024-04-06,IAH,41556,281,281.0
2024-04-07,IAH,50553,308,308.0
2024-04-08,IAH,46063,316,316.0
2024-04-09,IAH,50488,306,305.0
2024-04-10,IAH,51082,309,309.0
2024-04-11,IAH,50428,319,318.0
2024-04-12,IAH,43081,320,319.0
2024-04-13,IAH,35714,283,283.0
2024-04-14,IAH,55476,313,313.0
2024-04-15,IAH,49669,317,317.0
2024-04-16,IAH,44587,303,301.0
2024-04-17,IAH,45156,309,309.0
2024-04-18,IAH,49008,320,319.0
2024-04-19,IAH,42371,320,318.0
2024-04-20,IAH,47236,284,274.0
2024-04-21,IAH,56899,315,312.0
2024-04-22,IAH,49791,320,320.0
2024-04-23,IAH,45004,308,308.0
2024-04-24,IAH,45530,312,312.0
2024-04-25,IAH,49477,322,319.0
2024-04-26,IAH,43042,323,320.0
2024-04-27,IAH,35154,286,286.0
2024-04-28,IAH,52518,316,314.0
2024-04-29,IAH,56464,320,319.0
2024-04-30,IAH,46024,308,307.0
2024-05-01,IAH,45263,312,312.0
2024-05-02,IAH,46585,333,239.0
2024-05-03,IAH,52876,331,290.0
2024-05-04,IAH,44705,293,282.0
2024-05-05,IAH,49399,322,285.0
2024-05-06,IAH,51352,327,321.0
2024-05-07,IAH,45555,316,315.0
2024-05-08,IAH,49785,326,325.0
2024-05-09,IAH,54275,335,334.0
2024-05-10,IAH,55969,334,332.0
2024-05-11,IAH,49667,301,301.0
2024-05-12,IAH,55539,327,323.0
2024-05-13,IAH,52432,333,316.0
2024-05-14,IAH,50520,320,319.0
2024-05-15,IAH,53150,326,322.0
2024-05-16,IAH,53451,333,305.0
2024-05-17,IAH,45651,339,335.0
2024-05-18,IAH,40644,306,302.0
2024-05-19,IAH,56699,327,325.0
2024-05-20,IAH,53854,338,338.0
2024-05-21,IAH,48989,319,318.0
2024-05-22,IAH,52744,328,326.0
2024-05-23,IAH,54756,341,341.0
2024-05-24,IAH,58474,344,339.0
2024-05-25,IAH,45632,309,309.0
2024-05-26,IAH,54456,313,312.0
2024-05-27,IAH,60982,341,334.0
2024-05-28,IAH,56304,331,301.0
2024-05-29,IAH,57839,337,329.0
2024-05-30,IAH,58527,339,327.0
2024-05-31,IAH,56170,344,328.0
2024-06-01,IAH,46924,309,301.0
2024-06-02,IAH,55811,327,320.0
2024-06-03,IAH,58469,342,339.0
2024-06-04,IAH,53190,328,328.0
2024-06-05,IAH,53199,335,288.0
2024-06-06,IAH,57410,340,338.0
2024-06-07,IAH,49749,347,346.0
2024-06-08,IAH,41641,317,315.0
2024-06-09,IAH,57274,330,328.0
2024-06-10,IAH,55787,344,341.0
2024-06-11,IAH,51875,334,327.0
2024-06-12,IAH,56637,338,326.0
2024-06-13,IAH,56691,340,334.0
2024-06-14,IAH,54494,346,345.0
2024-06-15,IAH,53967,317,315.0
2024-06-16,IAH,56737,329,328.0
2024-06-17,IAH,57529,343,343.0
2024-06-18,IAH,52948,334,332.0
2024-06-19,IAH,50836,338,334.0
2024-06-20,IAH,56343,338,337.0
2024-06-21,IAH,56876,345,343.0
2024-06-22,IAH,52183,314,312.0
2024-06-23,IAH,59413,328,325.0
2024-06-24,IAH,58619,343,342.0
2024-06-25,IAH,58430,333,331.0
2024-06-26,IAH,56554,334,332.0
2024-06-27,IAH,59659,346,343.0
2024-06-28,IAH,60151,353,352.0
2024-06-29,IAH,46203,323,323.0
2024-06-30,IAH,57539,333,326.0
2024-07-01,IAH,57161,339,335.0
2024-07-02,IAH,52646,325,324.0
2024-07-03,IAH,56004,325,325.0
2024-07-04,IAH,47491,279,279.0
2024-07-05,IAH,55708,336,336.0
2024-07-06,IAH,54288,316,297.0
2024-07-07,IAH,59903,335,300.0
2024-07-08,IAH,6650,345,17.0
2024-07-09,IAH,49202,331,257.0
2024-07-10,IAH,53571,338,325.0
2024-07-11,IAH,54479,341,323.0
2024-07-12,IAH,52427,351,341.0
2024-07-13,IAH,42752,317,296.0
2024-07-14,IAH,55171,335,320.0
2024-07-15,IAH,52768,346,337.0
2024-07-16,IAH,50402,332,329.0
2024-07-17,IAH,54618,343,332.0
2024-07-18,IAH,56685,342,335.0
2024-07-19,IAH,51617,352,256.0
2024-07-20,IAH,45018,317,288.0
2024-07-21,IAH,59958,338,316.0
2024-07-22,IAH,55916,348,310.0
2024-07-23,IAH,49649,331,315.0
2024-07-24,IAH,53708,344,329.0
2024-07-25,IAH,54032,342,337.0
2024-07-26,IAH,37407,353,353.0
2024-07-27,IAH,44213,319,316.0
2024-07-28,IAH,57462,338,338.0
2024-07-29,IAH,55930,347,347.0
2024-07-30,IAH,48105,335,331.0
2024-07-31,IAH,52582,343,339.0
2024-08-01,IAH,55137,354,351.0
2024-08-02,IAH,44433,363,352.0
2024-08-03,IAH,41882,331,313.0
2024-08-04,IAH,54371,348,324.0
2024-08-05,IAH,50439,346,324.0
2024-08-06,IAH,46151,333,323.0
2024-08-07,IAH,47118,339,334.0
2024-08-08,IAH,51094,342,340.0
2024-08-09,IAH,53034,349,342.0
2024-08-10,IAH,31322,317,314.0
2024-08-11,IAH,51472,335,333.0
2024-08-12,IAH,47643,348,344.0
2024-08-13,IAH,40036,331,328.0
2024-08-14,IAH,46950,337,335.0
2024-08-15,IAH,51350,351,347.0
2024-08-16,IAH,42966,355,353.0
2024-08-17,IAH,45106,323,320.0
2024-08-18,IAH,51419,341,330.0
2024-08-19,IAH,49423,332,328.0
2024-08-20,IAH,42358,308,307.0
2024-08-21,IAH,46537,319,318.0
2024-08-22,IAH,50560,332,331.0
2024-08-23,IAH,41471,335,334.0
2024-08-24,IAH,41228,297,297.0
2024-08-25,IAH,48245,327,327.0
2024-08-26,IAH,46467,330,329.0
2024-08-27,IAH,39889,299,298.0
2024-08-28,IAH,44397,313,313.0
2024-08-29,IAH,51019,332,330.0
2024-08-30,IAH,55301,335,332.0
2024-08-31,IAH,35313,282,282.0
2024-09-01,IAH,44372,285,283.0
2024-09-02,IAH,51512,332,331.0
2024-09-03,IAH,42783,304,304.0
2024-09-04,IAH,39308,302,301.0
2024-09-05,IAH,45948,329,328.0
2024-09-06,IAH,38732,330,329.0
2024-09-07,IAH,37671,279,278.0
2024-09-08,IAH,44924,327,326.0
2024-09-09,IAH,43494,332,332.0
2024-09-10,IAH,37964,296,296.0
2024-09-11,IAH,38181,306,295.0
2024-09-12,IAH,49673,334,329.0
2024-09-13,IAH,49805,333,333.0
2024-09-14,IAH,40727,279,279.0
2024-09-15,IAH,49039,330,330.0
2024-09-16,IAH,49663,333,333.0
2024-09-17,IAH,41169,296,296.0
2024-09-18,IAH,45520,306,306.0
2024-09-19,IAH,51725,334,334.0
2024-09-20,IAH,42912,333,331.0
2024-09-21,IAH,41449,277,276.0
2024-09-22,IAH,51779,329,327.0
2024-09-23,IAH,47069,333,333.0
2024-09-24,IAH,42016,296,296.0
2024-09-25,IAH,43119,306,305.0
2024-09-26,IAH,50605,343,326.0
2024-09-27,IAH,42174,343,337.0
2024-09-28,IAH,32658,294,294.0
2024-09-29,IAH,49104,338,337.0
2024-09-30,IAH,48027,343,341.0
2024-10-01,IAH,39768,316,315.0
2024-10-02,IAH,42952,323,323.0
2024-10-03,IAH,52043,352,351.0
2024-10-04,IAH,52768,348,347.0
2024-10-05,IAH,27843,295,295.0
2024-10-06,IAH,53672,346,346.0
2024-10-07,IAH,49663,348,348.0
2024-10-08,IAH,41721,317,310.0
2024-10-09,IAH,48795,332,313.0
2024-10-10,IAH,50146,345,327.0
2024-10-11,IAH,53630,348,346.0
2024-10-12,IAH,37302,298,298.0
2024-10-13,IAH,52110,341,341.0
2024-10-14,IAH,51483,346,346.0
2024-10-15,IAH,45363,317,317.0
2024-10-16,IAH,47479,330,330.0
2024-10-17,IAH,50934,345,345.0
2024-10-18,IAH,43608,349,349.0
2024-10-19,IAH,34672,295,295.0
2024-10-20,IAH,49511,342,342.0
2024-10-21,IAH,49709,345,345.0
2024-10-22,IAH,42935,317,317.0
2024-10-23,IAH,45164,329,329.0
2024-10-24,IAH,48436,345,345.0
2024-10-25,IAH,41527,346,346.0
2024-10-26,IAH,27002,295,295.0
2024-10-27,IAH,52826,332,331.0
2024-10-28,IAH,49019,341,341.0
2024-10-29,IAH,41750,310,310.0
2024-10-30,IAH,43998,316,315.0
2024-10-31,IAH,44820,319,318.0
2024-11-01,IAH,48089,323,323.0
2024-11-02,IAH,33907,290,290.0
2024-11-03,IAH,52741,322,322.0
2024-11-04,IAH,46470,325,319.0
2024-11-05,IAH,40846,299,293.0
2024-11-06,IAH,43093,314,314.0
2024-11-07,IAH,48549,337,337.0
2024-11-08,IAH,41254,332,328.0
2024-11-09,IAH,41781,286,286.0
2024-11-10,IAH,53150,333,333.0
2024-11-11,IAH,53794,339,339.0
2024-11-12,IAH,43828,305,305.0
2024-11-13,IAH,42356,311,310.0
2024-11-14,IAH,50591,338,338.0
2024-11-15,IAH,42572,337,337.0
2024-11-16,IAH,36258,286,286.0
2024-11-17,IAH,51705,334,334.0
2024-11-18,IAH,49796,340,337.0
2024-11-19,IAH,40637,307,307.0
2024-11-20,IAH,45245,314,314.0
2024-11-21,IAH,49548,337,337.0
2024-11-22,IAH,44503,341,341.0
2024-11-23,IAH,43465,318,318.0
2024-11-24,IAH,53373,335,335.0
2024-11-25,IAH,49982,336,336.0
2024-11-26,IAH,48866,338,337.0
2024-11-27,IAH,51723,342,342.0
2024-11-28,IAH,36130,217,217.0
2024-11-29,IAH,48424,303,303.0
2024-11-30,IAH,45602,337,337.0
2024-12-01,IAH,59806,350,349.0
2024-12-02,IAH,53854,343,343.0
2024-12-03,IAH,49810,300,300.0
2024-12-04,IAH,42594,299,299.0
2024-12-05,IAH,49354,323,323.0
2024-12-06,IAH,42137,332,332.0
2024-12-07,IAH,43128,278,278.0
2024-12-08,IAH,52440,319,318.0
2024-12-09,IAH,47870,327,327.0
2024-12-10,IAH,43382,289,289.0
2024-12-11,IAH,44292,300,300.0
2024-12-12,IAH,52374,324,324.0
2024-12-13,IAH,51641,334,334.0
2024-12-14,IAH,42782,279,279.0
2024-12-15,IAH,56538,320,319.0
2024-12-16,IAH,52242,327,326.0
2024-12-17,IAH,46424,294,292.0
2024-12-18,IAH,50064,311,311.0
2024-12-19,IAH,55406,315,315.0
2024-12-20,IAH,54115,317,315.0
2024-12-21,IAH,46610,300,299.0
2024-12-22,IAH,56018,315,315.0
2024-12-23,IAH,56268,315,315.0
2024-12-24,IAH,45613,257,255.0
2024-12-25,IAH,49104,272,271.0
2024-12-26,IAH,56328,312,302.0
2024-12-27,IAH,47612,315,310.0
2024-12-28,IAH,36113,298,238.0
2024-12-29,IAH,55983,313,289.0
2024-12-30,IAH,56634,314,313.0
2024-12-31,IAH,44863,280,279.0
2025-01-01,IAH,48158,299,299.0
2025-01-02,IAH,56117,316,316.0
2025-01-03,IAH,51221,317,316.0
2025-01-04,IAH,41274,299,293.0
2025-01-05,IAH,53552,318,282.0
2025-01-06,IAH,49691,315,305.0
2025-01-07,IAH,43275,279,278.0
2025-01-08,IAH,44250,289,288.0
2025-01-09,IAH,43098,308,291.0
2025-01-10,IAH,43810,316,292.0
2025-01-11,IAH,39703,263,260.0
2025-01-12,IAH,50805,310,310.0
2025-01-13,IAH,45980,313,313.0
2025-01-14,IAH,37680,270,270.0
2025-01-15,IAH,43687,283,283.0
2025-01-16,IAH,45590,309,309.0
2025-01-17,IAH,49346,315,315.0
2025-01-18,IAH,38097,262,262.0
2025-01-19,IAH,48315,295,289.0
2025-01-20,IAH,50162,314,286.0
2025-01-21,IAH,388,272,0.0
2025-01-22,IAH,30368,283,182.0
2025-01-23,IAH,44722,312,305.0
2025-01-24,IAH,45214,318,318.0
2025-01-25,IAH,40028,263,263.0
2025-01-26,IAH,44804,313,313.0
2025-01-27,IAH,40033,315,315.0
2025-01-28,IAH,33275,273,273.0
2025-01-29,IAH,38810,282,282.0
2025-01-30,IAH,45045,312,308.0
2025-01-31,IAH,38287,317,316.0
2025-02-01,IAH,35491,265,265.0
2025-02-02,IAH,45956,314,314.0
2025-02-03,IAH,41532,316,316.0
2025-02-04,IAH,34165,273,273.0
2025-02-05,IAH,37191,282,281.0
2025-02-06,IAH,43593,311,311.0
2025-02-07,IAH,38308,316,315.0
2025-02-08,IAH,30641,264,263.0
2025-02-09,IAH,44609,309,308.0
2025-02-10,IAH,43063,320,320.0
2025-02-11,IAH,33662,273,269.0
2025-02-12,IAH,39548,290,290.0
2025-02-13,IAH,44509,323,322.0
2025-02-14,IAH,46998,331,329.0
2025-02-15,IAH,38957,264,262.0
2025-02-16,IAH,46401,317,312.0
2025-02-17,IAH,44755,326,323.0
2025-02-18,IAH,38564,279,277.0
2025-02-19,IAH,41167,298,289.0
2025-02-20,IAH,45484,325,324.0
2025-02-21,IAH,45522,331,330.0
2025-02-22,IAH,37541,265,265.0
2025-02-23,IAH,49817,321,321.0
2025-02-24,IAH,45006,324,323.0
2025-02-25,IAH,37437,280,279.0
2025-02-26,IAH,38345,299,299.0
2025-02-27,IAH,44462,324,323.0
2025-02-28,IAH,38142,330,330.0
2025-03-01,IAH,36375,264,264.0
2025-03-02,IAH,45957,319,319.0
2025-03-03,IAH,43147,323,322.0
2025-03-04,IAH,37241,279,271.0
2025-03-05,IAH,42780,314,308.0
2025-03-06,IAH,49666,339,335.0
2025-03-07,IAH,43506,340,340.0
2025-03-08,IAH,45913,302,299.0
2025-03-09,IAH,53831,336,332.0
2025-03-10,IAH,48908,341,341.0
2025-03-11,IAH,45085,309,309.0
2025-03-12,IAH,41880,325,325.0
2025-03-13,IAH,48869,342,342.0
2025-03-14,IAH,40025,338,335.0
2025-03-15,IAH,43574,302,297.0
2025-03-16,IAH,52973,335,320.0
2025-03-17,IAH,48222,339,336.0
2025-03-18,IAH,42321,309,305.0
2025-03-19,IAH,41557,307,305.0
2025-03-20,IAH,46919,329,329.0
2025-03-21,IAH,43193,325,325.0
2025-03-22,IAH,28389,290,290.0
2025-03-23,IAH,46506,324,324.0
2025-03-24,IAH,44232,323,322.0
2025-03-25,IAH,36835,295,295.0
2025-03-26,IAH,39676,308,308.0
2025-03-27,IAH,47354,330,330.0
2025-03-28,IAH,43491,324,324.0
2025-03-29,IAH,36387,286,286.0
2025-03-30,IAH,45201,327,325.0
2025-03-31,IAH,45127,325,321.0
2025-04-01,IAH,39166,302,299.0
2025-04-02,IAH,40009,319,313.0
2025-04-03,IAH,42961,329,326.0
2025-04-04,IAH,44924,327,326.0
2025-04-05,IAH,36916,291,285.0
2025-04-06,IAH,44868,329,326.0
2025-04-07,IAH,42756,327,327.0
2025-04-08,IAH,36451,301,298.0
2025-04-09,IAH,39441,317,317.0
2025-04-10,IAH,46248,329,329.0
2025-04-11,IAH,40939,331,329.0
2025-04-12,IAH,33944,289,288.0
2025-04-13,IAH,42630,330,330.0
2025-04-14,IAH,40957,330,330.0
2025-04-15,IAH,36186,299,299.0
2025-04-16,IAH,41585,317,317.0
2025-04-17,IAH,48843,332,332.0
2025-04-18,IAH,46196,332,332.0
2025-04-19,IAH,36809,289,285.0
2025-04-20,IAH,47990,330,329.0
2025-04-21,IAH,51004,330,330.0
2025-04-22,IAH,41540,294,294.0
2025-04-23,IAH,42996,313,313.0
2025-04-24,IAH,45897,328,324.0
2025-04-25,IAH,43082,334,334.0
2025-04-26,IAH,36533,286,285.0
2025-04-27,IAH,50555,331,331.0
2025-04-28,IAH,48260,334,334.0
2025-04-29,IAH,38126,297,297.0
2025-04-30,IAH,42073,313,305.0
2025-05-01,IAH,45328,342,340.0
2025-05-02,IAH,46257,345,275.0
2025-05-03,IAH,38819,304,290.0
2025-05-04,IAH,45543,341,340.0
2025-05-05,IAH,43716,341,339.0
2025-05-06,IAH,41219,316,300.0
2025-05-07,IAH,43972,325,324.0
2025-05-08,IAH,47330,344,344.0
2025-05-09,IAH,37773,346,345.0
2025-05-10,IAH,29959,300,300.0
2025-05-11,IAH,46546,343,343.0
2025-05-12,IAH,45969,343,342.0
2025-05-13,IAH,41143,317,317.0
2025-05-14,IAH,45704,325,324.0
2025-05-15,IAH,48136,344,343.0
2025-05-16,IAH,47429,348,346.0
2025-05-17,IAH,35242,302,300.0
2025-05-18,IAH,47641,346,346.0
2025-05-19,IAH,45559,344,342.0
2025-05-20,IAH,40359,318,318.0
2025-05-21,IAH,44874,316,316.0
2025-05-22,IAH,51133,352,351.0
2025-05-23,IAH,43670,350,348.0
2025-05-24,IAH,40998,286,285.0
2025-05-25,IAH,45575,309,309.0
2025-05-26,IAH,46448,350,342.0
2025-05-27,IAH,43569,318,314.0
2025-05-28,IAH,44273,329,329.0
2025-05-29,IAH,48162,352,352.0
2025-05-30,IAH,46016,349,348.0
2025-05-31,IAH,42466,293,292.0
2025-06-01,IAH,51252,346,346.0
2025-06-02,IAH,49245,349,346.0
2025-06-03,IAH,42306,316,315.0
2025-06-04,IAH,44163,327,327.0
2025-06-05,IAH,48888,352,352.0
2025-06-06,IAH,44650,347,346.0
2025-06-07,IAH,38524,284,284.0
2025-06-08,IAH,46349,347,345.0
2025-06-09,IAH,47730,351,342.0
2025-06-10,IAH,42360,315,314.0
2025-06-11,IAH,43294,327,315.0
2025-06-12,IAH,53593,347,332.0
2025-06-13,IAH,45624,347,338.0
2025-06-14,IAH,37383,293,293.0
2025-06-15,IAH,49157,344,260.0
2025-06-16,IAH,50346,348,343.0
2025-06-17,IAH,41206,316,315.0
2025-06-18,IAH,44992,329,329.0
2025-06-19,IAH,46349,346,342.0
2025-06-20,IAH,44753,349,347.0
2025-06-21,IAH,40425,294,292.0
2025-06-22,IAH,48543,346,345.0
2025-06-23,IAH,43079,348,346.0
2025-06-24,IAH,40960,317,317.0
2025-06-25,IAH,42302,331,331.0
2025-06-26,IAH,51601,350,294.0
2025-06-27,IAH,49441,347,341.0
2025-06-28,IAH,40338,306,297.0
2025-06-29,IAH,50003,344,342.0
2025-06-30,IAH,49041,346,341.0
2025-07-01,IAH,43475,309,307.0
2025-07-02,IAH,45458,331,329.0
2025-07-03,IAH,47842,346,340.0
2025-07-04,IAH,38788,269,269.0
2025-07-05,IAH,39193,302,302.0
2025-07-06,IAH,49591,351,350.0
2025-07-07,IAH,46906,349,347.0
2025-07-08,IAH,43947,312,307.0
2025-07-09,IAH,45255,334,304.0
2025-07-10,IAH,49564,351,347.0
2025-07-11,IAH,47456,347,344.0
2025-07-12,IAH,42827,310,301.0
2025-07-13,IAH,47859,346,319.0
2025-07-14,IAH,47668,351,332.0
2025-07-15,IAH,45099,313,309.0
2025-07-16,IAH,46870,334,333.0
2025-07-17,IAH,48022,349,346.0
2025-07-18,IAH,49134,348,348.0
2025-07-19,IAH,42288,310,309.0
2025-07-20,IAH,46860,347,345.0
2025-07-21,IAH,45187,351,348.0
2025-07-22,IAH,42394,313,313.0
2025-07-23,IAH,43559,334,334.0
2025-07-24,IAH,51686,351,351.0
2025-07-25,IAH,49102,348,317.0
2025-07-26,IAH,44390,309,303.0
2025-07-27,IAH,45707,347,342.0
2025-07-28,IAH,44802,351,348.0
2025-07-29,IAH,41525,313,313.0
2025-07-30,IAH,43148,334,334.0
2025-07-31,IAH,52614,351,341.0
2025-08-01,IAH,46669,339,334.0
2025-08-02,IAH,42311,306,303.0
2025-08-03,IAH,47655,340,338.0
2025-08-04,IAH,43812,343,340.0
2025-08-05,IAH,40006,308,308.0
2025-08-06,IAH,40469,323,298.0
2025-08-07,IAH,46680,342,332.0
2025-08-08,IAH,43486,337,337.0
2025-08-09,IAH,35417,307,307.0
2025-08-10,IAH,44203,340,339.0
2025-08-11,IAH,38473,343,343.0
2025-08-12,IAH,35734,308,307.0
2025-08-13,IAH,39733,322,322.0
2025-08-14,IAH,43836,344,343.0
2025-08-15,IAH,42395,338,338.0
2025-08-16,IAH,28934,300,299.0
2025-08-17,IAH,43798,340,336.0
2025-08-18,IAH,43367,337,331.0
2025-08-19,IAH,35074,296,294.0
2025-08-20,IAH,36598,298,295.0
2025-08-21,IAH,42537,325,325.0
2025-08-22,IAH,43827,326,324.0
2025-08-23,IAH,33658,284,284.0
2025-08-24,IAH,41753,320,319.0
2025-08-25,IAH,37878,319,318.0
2025-08-26,IAH,35834,284,284.0
2025-08-27,IAH,40374,293,293.0
2025-08-28,IAH,46351,320,319.0
2025-08-29,IAH,47553,322,312.0
2025-08-30,IAH,38793,282,279.0
2025-08-31,IAH,36172,303,302.0
2025-09-01,IAH,45582,321,321.0
2025-09-02,IAH,37550,286,286.0
2025-09-03,IAH,36472,288,288.0
2025-09-04,IAH,44590,321,320.0
2025-09-05,IAH,33356,326,326.0
2025-09-06,IAH,31451,288,287.0
2025-09-07,IAH,41957,328,327.0
2025-09-08,IAH,39468,326,326.0
2025-09-09,IAH,34927,291,291.0
2025-09-10,IAH,37345,297,297.0
2025-09-11,IAH,46643,336,336.0
2025-09-12,IAH,46684,334,334.0
2025-09-13,IAH,32697,288,288.0
2025-09-14,IAH,40835,333,333.0
2025-09-15,IAH,39113,331,331.0
2025-09-16,IAH,35390,294,294.0
2025-09-17,IAH,37143,301,300.0
2025-09-18,IAH,50039,336,335.0
2025-09-19,IAH,47816,334,331.0
2025-09-20,IAH,36419,291,287.0
2025-09-21,IAH,44059,333,332.0
2025-09-22,IAH,39391,331,329.0
2025-09-23,IAH,32182,294,294.0
2025-09-24,IAH,37254,302,301.0
2025-09-25,IAH,49820,347,347.0
2025-09-26,IAH,47311,344,344.0
2025-09-27,IAH,36558,297,296.0
2025-09-28,IAH,43418,342,342.0
2025-09-29,IAH,42631,345,344.0
2025-09-30,IAH,33443,308,307.0
2025-10-01,IAH,41014,318,318.0
2025-10-02,IAH,45345,348,347.0
2025-10-03,IAH,40201,346,346.0
2025-10-04,IAH,21423,297,297.0
2025-10-05,IAH,44512,343,343.0
2025-10-06,IAH,42261,348,348.0
2025-10-07,IAH,35708,309,309.0
2025-10-08,IAH,42601,317,317.0
2025-10-09,IAH,48770,347,346.0
2025-10-10,IAH,40229,346,346.0
2025-10-11,IAH,42547,295,295.0
2025-10-12,IAH,47078,344,342.0
2025-10-13,IAH,45406,349,348.0
2025-10-14,IAH,42541,308,307.0
2025-10-15,IAH,40137,318,317.0
2025-10-16,IAH,43939,347,347.0
2025-10-17,IAH,37167,348,347.0
2025-10-18,IAH,34688,294,292.0
2025-10-19,IAH,44980,344,343.0
2025-10-20,IAH,43237,350,350.0
2025-10-21,IAH,36140,308,308.0
2025-10-22,IAH,38962,318,318.0
2025-10-23,IAH,48227,346,345.0
2025-10-24,IAH,44958,346,342.0
2025-10-25,IAH,35158,297,295.0
2025-10-26,IAH,46816,351,349.0
2025-10-27,IAH,41358,359,358.0
2025-10-28,IAH,35775,314,314.0
2025-10-29,IAH,39000,323,323.0
2025-10-30,IAH,40871,347,343.0
2025-10-31,IAH,17070,322,316.0
2025-11-01,IAH,21910,290,289.0
2025-11-03,IAH,85963,349,349.0
2025-11-10,IAH,851,351,338.0
2025-11-11,IAH,622,321,311.0
2025-11-12,IAH,1170,328,323.0
2025-11-13,IAH,3913,356,349.0
2025-11-14,IAH,4860,347,346.0
2025-11-15,IAH,3015,294,294.0
2025-11-16,IAH,28592,350,350.0
2025-11-17,IAH,28894,352,352.0
2025-11-18,IAH,22953,320,320.0
2025-11-19,IAH,28919,328,328.0
2025-11-20,IAH,34345,356,349.0
2025-11-21,IAH,33779,356,348.0
2025-11-22,IAH,30597,325,325.0
2025-11-23,IAH,44534,353,353.0
2025-11-24,IAH,42002,352,352.0
2025-11-25,IAH,41964,358,357.0
2025-11-26,IAH,44062,355,355.0
2025-11-27,IAH,29780,227,227.0
2025-11-28,IAH,36338,311,310.0
2025-11-29,IAH,45654,346,336.0
2025-11-30,IAH,51350,367,362.0
2025-12-01,IAH,44186,356,355.0
2025-12-02,IAH,41779,321,320.0
2025-12-03,IAH,36735,331,331.0
2025-12-04,IAH,42751,345,345.0
2025-12-05,IAH,41985,342,341.0
2025-12-06,IAH,35492,293,291.0
2025-12-07,IAH,42145,346,341.0
2025-12-08,IAH,42240,344,342.0
2025-12-09,IAH,35891,311,311.0
2025-12-10,IAH,38504,324,322.0
2025-12-11,IAH,44894,346,346.0
2025-12-12,IAH,40164,342,341.0
2025-12-13,IAH,24230,292,292.0
2025-12-14,IAH,41482,346,340.0
2025-12-15,IAH,38650,344,343.0
2025-12-16,IAH,40249,311,310.0
2025-12-17,IAH,39821,324,323.0
2025-12-18,IAH,45101,323,323.0
2025-12-19,IAH,34968,329,325.0
2025-12-20,IAH,35970,317,314.0
2025-12-21,IAH,43224,321,316.0
2025-12-22,IAH,42909,325,323.0
2025-12-23,IAH,44995,321,321.0
2025-12-24,IAH,39820,276,275.0
2025-12-25,IAH,35687,268,268.0
2025-12-26,IAH,33590,320,311.0
2025-12-27,IAH,35484,312,310.0
2025-12-28,IAH,89174,317,310.0
2025-12-29,IAH,83240,321,318.0
2025-12-30,IAH,80076,319,319.0
2025-12-31,IAH,73374,284,284.0
2019-01-01,LAX,35311,625,620.0
2019-01-02,LAX,31211,652,648.0
2019-01-03,LAX,41526,633,632.0
2019-01-04,LAX,36941,630,629.0
2019-01-05,LAX,26086,549,544.0
2019-01-06,LAX,44146,608,589.0
2019-01-07,LAX,18428,614,612.0
2019-01-08,LAX,20843,562,553.0
2019-01-09,LAX,25423,571,558.0
2019-01-10,LAX,28482,612,602.0
2019-01-11,LAX,31273,609,604.0
2019-01-12,LAX,15215,482,480.0
2019-01-13,LAX,25889,569,564.0
2019-01-14,LAX,33200,606,597.0
2019-01-15,LAX,23581,555,546.0
2019-01-16,LAX,21628,565,548.0
2019-01-17,LAX,25377,611,600.0
2019-01-18,LAX,26361,608,596.0
2019-01-19,LAX,28212,469,447.0
2019-01-20,LAX,78086,533,528.0
2019-01-21,LAX,86200,599,595.0
2019-01-22,LAX,75482,556,547.0
2019-01-23,LAX,68812,565,562.0
2019-01-24,LAX,78760,612,610.0
2019-01-25,LAX,81735,611,611.0
2019-01-26,LAX,66433,477,477.0
2019-01-27,LAX,80123,572,567.0
2019-01-28,LAX,75247,606,589.0
2019-01-29,LAX,65654,553,540.0
2019-01-30,LAX,69381,563,543.0
2019-01-31,LAX,78728,611,587.0
2019-02-01,LAX,80234,611,604.0
2019-02-02,LAX,65426,475,468.0
2019-02-03,LAX,79272,541,537.0
2019-02-04,LAX,74263,610,597.0
2019-02-05,LAX,67069,558,552.0
2019-02-06,LAX,71148,567,563.0
2019-02-07,LAX,80734,613,607.0
2019-02-08,LAX,80494,611,601.0
2019-02-09,LAX,70142,479,473.0
2019-02-10,LAX,26055,575,570.0
2019-02-11,LAX,60259,609,599.0
2019-02-12,LAX,80215,559,550.0
2019-02-13,LAX,68836,573,540.0
2019-02-14,LAX,54522,629,607.0
2019-02-15,LAX,19420,629,619.0
2019-02-16,LAX,19835,498,498.0
2019-02-17,LAX,84429,569,566.0
2019-02-18,LAX,136893,623,616.0
2019-02-19,LAX,160360,591,568.0
2019-02-20,LAX,148669,601,584.0
2019-02-21,LAX,85904,630,607.0
2019-02-22,LAX,87219,628,612.0
2019-02-23,LAX,73675,512,508.0
2019-02-24,LAX,82082,593,590.0
2019-02-25,LAX,89532,625,594.0
2019-02-26,LAX,77398,589,563.0
2019-02-27,LAX,44868,580,557.0
2019-02-28,LAX,32646,629,614.0
2019-03-01,LAX,85232,628,621.0
2019-03-02,LAX,87751,510,503.0
2019-03-03,LAX,69799,598,582.0
2019-03-04,LAX,86561,631,620.0
2019-03-05,LAX,80355,591,575.0
2019-03-06,LAX,72104,602,580.0
2019-03-07,LAX,72922,636,624.0
2019-03-08,LAX,6474,643,633.0
2019-03-09,LAX,84062,523,516.0
2019-03-10,LAX,176048,624,615.0
2019-03-11,LAX,165897,640,631.0
2019-03-12,LAX,84193,604,599.0
2019-03-13,LAX,81812,612,587.0
2019-03-14,LAX,86040,644,632.0
2019-03-15,LAX,91073,644,633.0
2019-03-16,LAX,79071,525,522.0
2019-03-17,LAX,92079,623,618.0
2019-03-18,LAX,82055,640,632.0
2019-03-19,LAX,82422,606,593.0
2019-03-20,LAX,82926,614,597.0
2019-03-21,LAX,88858,638,628.0
2019-03-22,LAX,19212,637,622.0
2019-03-23,LAX,69321,520,514.0
2019-03-24,LAX,167983,616,608.0
2019-03-25,LAX,85752,633,619.0
2019-03-26,LAX,85241,601,590.0
2019-03-27,LAX,87721,609,594.0
2019-03-28,LAX,87640,637,627.0
2019-03-29,LAX,87200,637,629.0
2019-03-30,LAX,4258,524,519.0
2019-03-31,LAX,145342,610,602.0
2019-04-01,LAX,105572,622,613.0
2019-04-02,LAX,81721,593,576.0
2019-04-03,LAX,27737,595,577.0
2019-04-04,LAX,51830,626,614.0
2019-04-05,LAX,82527,627,615.0
2019-04-06,LAX,82784,511,502.0
2019-04-07,LAX,161662,606,602.0
2019-04-08,LAX,81759,617,608.0
2019-04-09,LAX,77291,587,581.0
2019-04-10,LAX,77375,592,577.0
2019-04-11,LAX,89111,619,615.0
2019-04-12,LAX,87397,620,616.0
2019-04-13,LAX,79378,505,498.0
2019-04-14,LAX,89356,597,579.0
2019-04-15,LAX,88368,617,609.0
2019-04-16,LAX,86734,585,573.0
2019-04-17,LAX,2026,591,578.0
2019-04-18,LAX,84939,620,617.0
2019-04-19,LAX,88600,619,613.0
2019-04-20,LAX,84997,495,483.0
2019-04-21,LAX,158181,586,581.0
2019-04-22,LAX,88255,616,612.0
2019-04-23,LAX,82518,586,579.0
2019-04-24,LAX,80813,591,583.0
2019-04-25,LAX,87963,623,619.0
2019-04-26,LAX,86752,623,620.0
2019-04-27,LAX,25818,508,502.0
2019-04-28,LAX,51422,598,597.0
2019-05-05,LAX,91580,595,589.0
2019-05-06,LAX,85174,616,611.0
2019-05-07,LAX,79301,580,570.0
2019-05-08,LAX,81259,594,582.0
2019-05-09,LAX,88441,621,611.0
2019-05-10,LAX,81942,617,611.0
2019-05-11,LAX,79534,501,497.0
2019-05-12,LAX,88746,584,580.0
2019-05-13,LAX,86801,618,612.0
2019-05-14,LAX,79485,583,573.0
2019-05-15,LAX,81360,595,579.0
2019-05-16,LAX,90542,620,616.0
2019-05-17,LAX,88801,617,615.0
2019-05-18,LAX,78903,506,482.0
2019-05-19,LAX,92544,600,591.0
2019-05-20,LAX,88088,621,618.0
2019-05-21,LAX,84389,587,574.0
2019-05-22,LAX,86392,604,591.0
2019-05-23,LAX,27312,624,612.0
2019-05-24,LAX,61186,620,615.0
2019-05-25,LAX,91306,491,490.0
2019-05-26,LAX,153841,524,516.0
2019-05-27,LAX,93268,607,602.0
2019-05-28,LAX,84799,587,573.0
2019-05-29,LAX,83911,604,578.0
2019-05-30,LAX,87718,625,611.0
2019-05-31,LAX,88928,621,607.0
2019-06-01,LAX,78663,513,509.0
2019-06-02,LAX,88469,599,587.0
2019-06-03,LAX,81431,626,614.0
2019-06-04,LAX,1217,588,577.0
2019-06-05,LAX,80079,608,562.0
2019-06-06,LAX,83031,653,638.0
2019-06-07,LAX,87482,648,642.0
2019-06-08,LAX,91327,559,543.0
2019-06-09,LAX,123078,635,613.0
2019-06-10,LAX,142241,659,641.0
2019-06-11,LAX,89206,644,636.0
2019-06-12,LAX,95059,654,640.0
2019-06-13,LAX,97811,661,652.0
2019-06-14,LAX,92075,656,650.0
2019-06-15,LAX,87819,570,562.0
2019-06-16,LAX,93364,633,622.0
2019-06-17,LAX,88837,660,646.0
2019-06-18,LAX,92793,647,637.0
2019-06-19,LAX,91730,652,639.0
2019-06-20,LAX,98526,664,659.0
2019-06-21,LAX,94230,660,651.0
2019-06-22,LAX,84415,573,565.0
2019-06-23,LAX,95033,636,627.0
2019-06-24,LAX,91272,661,655.0
2019-06-25,LAX,91844,649,640.0
2019-06-26,LAX,92477,656,643.0
2019-06-27,LAX,97227,663,656.0
2019-06-28,LAX,94742,660,652.0
2019-06-29,LAX,86407,582,578.0
2019-06-30,LAX,92965,615,607.0
2019-07-01,LAX,87833,631,623.0
2019-07-02,LAX,86506,617,610.0
2019-07-03,LAX,3036,631,627.0
2019-07-04,LAX,92119,568,567.0
2019-07-05,LAX,74514,575,573.0
2019-07-06,LAX,80680,580,569.0
2019-07-07,LAX,182389,641,628.0
2019-07-08,LAX,97991,667,658.0
2019-07-09,LAX,92325,656,651.0
2019-07-10,LAX,91225,664,652.0
2019-07-11,LAX,92445,668,653.0
2019-07-12,LAX,94082,664,658.0
2019-07-13,LAX,84291,582,572.0
2019-07-14,LAX,96392,643,638.0
2019-07-15,LAX,94138,670,668.0
2019-07-16,LAX,90416,658,652.0
2019-07-17,LAX,94343,666,664.0
2019-07-18,LAX,96629,669,657.0
2019-07-19,LAX,89747,665,657.0
2019-07-20,LAX,86854,583,574.0
2019-07-21,LAX,96710,642,639.0
2019-07-22,LAX,92786,670,660.0
2019-07-23,LAX,92970,658,646.0
2019-07-24,LAX,94637,666,662.0
2019-07-25,LAX,90125,670,660.0
2019-07-26,LAX,93783,665,660.0
2019-07-27,LAX,89640,583,580.0
2019-07-28,LAX,94936,643,637.0
2019-07-29,LAX,95727,670,663.0
2019-07-30,LAX,87855,658,649.0
2019-07-31,LAX,93179,668,660.0
2019-08-01,LAX,93884,670,657.0
2019-08-02,LAX,95126,665,651.0
2019-08-03,LAX,85389,584,578.0
2019-08-04,LAX,93130,647,643.0
2019-08-05,LAX,85637,672,666.0
2019-08-06,LAX,85453,663,657.0
2019-08-07,LAX,4326,671,651.0
2019-08-08,LAX,90439,675,670.0
2019-08-09,LAX,91826,672,667.0
2019-08-10,LAX,84287,584,580.0
2019-08-11,LAX,180016,643,638.0
2019-08-12,LAX,91918,669,665.0
2019-08-13,LAX,90689,654,647.0
2019-08-14,LAX,88499,654,649.0
2019-08-15,LAX,93616,664,652.0
2019-08-16,LAX,93171,666,665.0
2019-08-17,LAX,85157,567,564.0
2019-08-18,LAX,96617,631,626.0
2019-08-19,LAX,90744,663,656.0
2019-08-20,LAX,85760,639,626.0
2019-08-21,LAX,82333,639,629.0
2019-08-22,LAX,3602,655,649.0
2019-08-23,LAX,91737,656,651.0
2019-08-24,LAX,88905,553,551.0
2019-08-25,LAX,116204,627,624.0
2019-08-26,LAX,141552,661,655.0
2019-08-27,LAX,80764,634,627.0
2019-08-28,LAX,14026,637,631.0
2019-08-29,LAX,47391,650,647.0
2019-08-30,LAX,23994,650,642.0
2019-08-31,LAX,93453,501,495.0
2019-09-01,LAX,169617,515,512.0
2019-09-02,LAX,160750,614,604.0
2019-09-03,LAX,83466,597,585.0
2019-09-04,LAX,77126,588,582.0
2019-09-05,LAX,80431,602,599.0
2019-09-06,LAX,80126,603,602.0
2019-09-07,LAX,69742,503,499.0
2019-09-08,LAX,89106,592,585.0
2019-09-09,LAX,80578,621,613.0
2019-09-10,LAX,73056,586,578.0
2019-09-11,LAX,75159,605,597.0
2019-09-12,LAX,85348,626,617.0
2019-09-13,LAX,87845,628,621.0
2019-09-14,LAX,71764,510,507.0
2019-09-15,LAX,85250,595,593.0
2019-09-16,LAX,85065,624,618.0
2019-09-17,LAX,55594,589,582.0
2019-09-18,LAX,18942,609,603.0
2019-09-19,LAX,79944,627,610.0
2019-09-20,LAX,86903,627,623.0
2019-09-21,LAX,87779,510,510.0
2019-09-22,LAX,162384,596,595.0
2019-09-23,LAX,80849,622,619.0
2019-09-24,LAX,76411,590,587.0
2019-09-25,LAX,80516,607,604.0
2019-09-26,LAX,91598,629,629.0
2019-09-27,LAX,85682,629,614.0
2019-09-28,LAX,66735,512,511.0
2019-09-29,LAX,94405,595,593.0
2019-09-30,LAX,83538,626,623.0
2019-10-01,LAX,73892,592,591.0
2019-10-02,LAX,25942,606,602.0
2019-10-03,LAX,50738,627,625.0
2019-10-04,LAX,82311,628,626.0
2019-10-05,LAX,84234,505,504.0
2019-10-06,LAX,155705,593,591.0
2019-10-07,LAX,80473,624,621.0
2019-10-08,LAX,72717,587,581.0
2019-10-09,LAX,77017,602,595.0
2019-10-10,LAX,86173,629,624.0
2019-10-11,LAX,85418,623,617.0
2019-10-12,LAX,72611,504,503.0
2019-10-13,LAX,86463,594,591.0
2019-10-14,LAX,82953,623,622.0
2019-10-15,LAX,82742,588,583.0
2019-10-16,LAX,85348,602,595.0
2019-10-17,LAX,84208,627,622.0
2019-10-18,LAX,86011,625,621.0
2019-10-19,LAX,73601,503,502.0
2019-10-20,LAX,82632,593,591.0
2019-10-21,LAX,87505,623,617.0
2019-10-22,LAX,79805,588,586.0
2019-10-23,LAX,82109,602,598.0
2019-10-24,LAX,84645,629,621.0
2019-10-25,LAX,85396,624,621.0
2019-10-26,LAX,71205,497,489.0
2019-10-27,LAX,89120,575,569.0
2019-10-28,LAX,82134,596,592.0
2019-10-29,LAX,68027,563,551.0
2019-10-30,LAX,78627,548,541.0
2019-10-31,LAX,74283,524,513.0
2019-11-01,LAX,82952,571,560.0
2019-11-02,LAX,70319,495,491.0
2019-11-03,LAX,85800,596,595.0
2019-11-04,LAX,84223,614,609.0
2019-11-05,LAX,73360,572,565.0
2019-11-06,LAX,83956,587,576.0
2019-11-07,LAX,88392,629,624.0
2019-11-08,LAX,92342,630,625.0
2019-11-09,LAX,73320,510,505.0
2019-11-10,LAX,84671,603,596.0
2019-11-11,LAX,87031,624,615.0
2019-11-12,LAX,74409,587,578.0
2019-11-13,LAX,76207,599,595.0
2019-11-14,LAX,85217,625,620.0
2019-11-15,LAX,87288,623,617.0
2019-11-16,LAX,68578,505,502.0
2019-11-17,LAX,84306,603,601.0
2019-11-18,LAX,83848,620,618.0
2019-11-19,LAX,77567,590,583.0
2019-11-20,LAX,77247,600,594.0
2019-11-21,LAX,88226,622,621.0
2019-11-22,LAX,89730,624,623.0
2019-11-23,LAX,78342,539,538.0
2019-11-24,LAX,81447,589,588.0
2019-11-25,LAX,85780,587,582.0
2019-11-26,LAX,86679,606,596.0
2019-11-27,LAX,92185,621,618.0
2019-11-28,LAX,69021,423,421.0
2019-11-29,LAX,77379,507,505.0
2019-11-30,LAX,85394,600,597.0
2019-12-01,LAX,92564,641,632.0
2019-12-02,LAX,78408,628,619.0
2019-12-03,LAX,8987,581,577.0
2019-12-04,LAX,84742,578,572.0
2019-12-05,LAX,74691,604,600.0
2019-12-06,LAX,80407,603,599.0
2019-12-07,LAX,80417,498,493.0
2019-12-08,LAX,147306,580,579.0
2019-12-09,LAX,79968,598,596.0
2019-12-10,LAX,73010,571,568.0
2019-12-11,LAX,77364,584,578.0
2019-12-12,LAX,84318,604,601.0
2019-12-13,LAX,86546,603,600.0
2019-12-14,LAX,70635,498,496.0
2019-12-15,LAX,83475,581,580.0
2019-12-16,LAX,80501,601,599.0
2019-12-17,LAX,78818,570,568.0
2019-12-18,LAX,88356,606,603.0
2019-12-19,LAX,92367,643,643.0
2019-12-20,LAX,92396,645,641.0
2019-12-21,LAX,90689,608,604.0
2019-12-22,LAX,93517,652,642.0
2019-12-23,LAX,89519,651,645.0
2019-12-24,LAX,79396,581,578.0
2019-12-25,LAX,81101,573,571.0
2019-12-26,LAX,91000,649,645.0
2019-12-27,LAX,90945,655,641.0
2019-12-28,LAX,85425,611,604.0
2019-12-29,LAX,94259,649,646.0
2019-12-30,LAX,88792,649,645.0
2019-12-31,LAX,79920,570,569.0
2020-01-01,LAX,83035,606,602.0
2020-01-02,LAX,1208,642,642.0
2020-01-03,LAX,86098,647,644.0
2020-01-04,LAX,93344,570,566.0
2020-01-05,LAX,172130,641,640.0
2020-01-06,LAX,86452,617,614.0
2020-01-07,LAX,74698,555,555.0
2020-01-08,LAX,70163,562,560.0
2020-01-09,LAX,72274,600,596.0
2020-01-10,LAX,78199,601,590.0
2020-01-11,LAX,65652,483,472.0
2020-01-12,LAX,83419,561,560.0
2020-01-13,LAX,76500,593,589.0
2020-01-14,LAX,69770,556,550.0
2020-01-15,LAX,70707,563,558.0
2020-01-16,LAX,80463,597,588.0
2020-01-17,LAX,88583,595,579.0
2020-01-18,LAX,70283,468,467.0
2020-01-19,LAX,79259,524,524.0
2020-01-20,LAX,59989,582,582.0
2020-01-21,LAX,30124,554,550.0
2020-01-22,LAX,76355,562,560.0
2020-01-23,LAX,70346,598,597.0
2020-01-24,LAX,25921,594,593.0
2020-01-25,LAX,54195,478,476.0
2020-01-26,LAX,166232,558,558.0
2020-01-27,LAX,148057,591,585.0
2020-01-28,LAX,71626,554,547.0
2020-01-29,LAX,75122,562,559.0
2020-01-30,LAX,80011,594,592.0
2020-01-31,LAX,79681,591,585.0
2020-02-01,LAX,12433,473,470.0
2020-02-02,LAX,128170,541,539.0
2020-02-03,LAX,74888,589,584.0
2020-02-04,LAX,65606,554,552.0
2020-02-05,LAX,65752,563,559.0
2020-02-06,LAX,78349,596,590.0
2020-02-07,LAX,81061,594,584.0
2020-02-08,LAX,65377,476,475.0
2020-02-09,LAX,82720,564,560.0
2020-02-10,LAX,79590,593,588.0
2020-02-11,LAX,67992,556,553.0
2020-02-12,LAX,72601,566,561.0
2020-02-13,LAX,87449,620,617.0
2020-02-14,LAX,88490,614,610.0
2020-02-15,LAX,67296,494,494.0
2020-02-16,LAX,76411,556,553.0
2020-02-17,LAX,26729,606,601.0
2020-02-18,LAX,60944,592,589.0
2020-02-19,LAX,79210,603,600.0
2020-02-20,LAX,76509,622,619.0
2020-02-21,LAX,82915,619,617.0
2020-02-22,LAX,833,505,505.0
2020-02-23,LAX,174194,588,588.0
2020-02-24,LAX,99538,614,611.0
2020-02-25,LAX,132461,591,590.0
2020-02-26,LAX,76157,602,598.0
2020-02-27,LAX,82272,621,618.0
2020-02-28,LAX,84455,618,617.0
2020-02-29,LAX,70607,506,504.0
2020-03-01,LAX,88188,588,587.0
2020-03-02,LAX,53802,619,617.0
2020-03-03,LAX,25578,596,589.0
2020-03-04,LAX,67158,601,597.0
2020-03-05,LAX,72996,626,625.0
2020-03-06,LAX,69281,625,624.0
2020-03-07,LAX,5610,529,528.0
2020-03-08,LAX,159998,597,595.0
2020-03-09,LAX,133649,620,617.0
2020-03-10,LAX,63756,595,586.0
2020-03-11,LAX,65858,604,593.0
2020-03-12,LAX,71072,640,633.0
2020-03-13,LAX,67946,637,622.0
2020-03-14,LAX,61335,539,532.0
2020-03-15,LAX,63117,613,606.0
2020-03-16,LAX,54475,631,613.0
2020-03-17,LAX,45172,608,572.0
2020-03-18,LAX,39444,620,555.0
2020-03-19,LAX,32717,635,525.0
2020-03-20,LAX,31127,633,524.0
2020-03-21,LAX,28622,539,389.0
2020-03-22,LAX,24434,603,421.0
2020-03-23,LAX,18567,625,396.0
2020-03-24,LAX,16804,595,369.0
2020-03-25,LAX,14452,590,358.0
2020-03-26,LAX,12036,605,334.0
2020-03-27,LAX,12996,599,302.0
2020-03-28,LAX,11992,518,301.0
2020-03-29,LAX,9382,562,324.0
2020-03-30,LAX,8723,567,301.0
2020-03-31,LAX,7966,525,299.0
2020-04-01,LAX,7621,454,267.0
2020-04-02,LAX,6343,447,237.0
2020-04-03,LAX,6655,448,245.0
2020-04-04,LAX,7286,377,237.0
2020-04-05,LAX,7084,415,245.0
2020-04-06,LAX,6470,412,234.0
2020-04-07,LAX,6436,339,180.0
2020-04-08,LAX,4996,285,162.0
2020-04-09,LAX,5532,275,149.0
2020-04-10,LAX,4775,265,147.0
2020-04-11,LAX,5234,223,131.0
2020-04-12,LAX,5384,218,136.0
2020-04-13,LAX,4808,225,139.0
2020-04-14,LAX,4384,189,131.0
2020-04-15,LAX,4958,184,130.0
2020-04-16,LAX,5160,189,132.0
2020-04-17,LAX,5472,181,129.0
2020-04-18,LAX,5949,147,124.0
2020-04-19,LAX,6263,160,123.0
2020-04-20,LAX,5007,172,120.0
2020-04-21,LAX,4994,170,120.0
2020-04-22,LAX,5088,172,115.0
2020-04-23,LAX,6162,176,123.0
2020-04-24,LAX,6210,172,109.0
2020-04-25,LAX,6063,145,103.0
2020-04-26,LAX,7112,159,111.0
2020-04-27,LAX,5610,172,116.0
2020-04-28,LAX,5855,167,114.0
2020-04-29,LAX,6181,167,104.0
2020-04-30,LAX,8116,170,124.0
2020-05-01,LAX,8397,165,119.0
2020-05-02,LAX,7085,131,107.0
2020-05-03,LAX,8777,122,117.0
2020-05-04,LAX,7504,114,109.0
2020-05-05,LAX,6826,115,108.0
2020-05-06,LAX,7354,118,115.0
2020-05-07,LAX,8222,119,114.0
2020-05-08,LAX,9845,125,121.0
2020-05-09,LAX,8837,117,115.0
2020-05-10,LAX,10126,125,121.0
2020-05-11,LAX,8471,123,120.0
2020-05-12,LAX,7458,120,119.0
2020-05-13,LAX,7863,121,118.0
2020-05-14,LAX,9642,126,122.0
2020-05-15,LAX,10628,129,126.0
2020-05-16,LAX,9367,121,121.0
2020-05-17,LAX,12254,129,126.0
2020-05-18,LAX,10431,127,123.0
2020-05-19,LAX,9589,121,120.0
2020-05-20,LAX,10182,121,119.0
2020-05-21,LAX,12665,129,126.0
2020-05-22,LAX,13536,136,134.0
2020-05-23,LAX,11606,120,119.0
2020-05-24,LAX,11880,127,125.0
2020-05-25,LAX,12419,127,125.0
2020-05-26,LAX,11556,121,121.0
2020-05-27,LAX,10777,122,120.0
2020-05-28,LAX,12000,127,124.0
2020-05-29,LAX,11829,130,127.0
2020-05-30,LAX,11785,122,122.0
2020-05-31,LAX,14690,131,128.0
2020-06-01,LAX,15011,133,133.0
2020-06-02,LAX,12591,133,133.0
2020-06-03,LAX,12422,136,136.0
2020-06-04,LAX,14828,147,147.0
2020-06-05,LAX,15718,155,155.0
2020-06-06,LAX,14775,149,149.0
2020-06-07,LAX,17405,166,166.0
2020-06-08,LAX,15527,168,167.0
2020-06-09,LAX,13571,153,153.0
2020-06-10,LAX,17009,161,161.0
2020-06-11,LAX,18449,170,170.0
2020-06-12,LAX,18484,174,174.0
2020-06-13,LAX,18874,171,171.0
2020-06-14,LAX,20639,177,177.0
2020-06-15,LAX,19448,181,181.0
2020-06-16,LAX,17237,167,167.0
2020-06-17,LAX,18124,172,172.0
2020-06-18,LAX,20404,179,178.0
2020-06-19,LAX,20430,182,182.0
2020-06-20,LAX,19466,178,178.0
2020-06-21,LAX,21334,181,180.0
2020-06-22,LAX,21685,186,186.0
2020-06-23,LAX,17850,171,171.0
2020-06-24,LAX,19423,175,175.0
2020-06-25,LAX,22274,190,190.0
2020-06-26,LAX,21312,191,191.0
2020-06-27,LAX,21079,188,188.0
2020-06-28,LAX,23581,196,195.0
2020-06-29,LAX,24021,200,200.0
2020-06-30,LAX,19587,179,179.0
2020-07-01,LAX,27155,216,215.0
2020-07-02,LAX,29179,245,243.0
2020-07-03,LAX,27961,245,245.0
2020-07-04,LAX,19077,212,211.0
2020-07-05,LAX,28123,246,243.0
2020-07-06,LAX,28244,272,272.0
2020-07-07,LAX,24718,268,267.0
2020-07-08,LAX,24097,279,278.0
2020-07-09,LAX,26072,298,296.0
2020-07-10,LAX,26179,304,302.0
2020-07-11,LAX,25270,289,288.0
2020-07-12,LAX,28373,301,298.0
2020-07-13,LAX,24626,304,302.0
2020-07-14,LAX,20858,273,272.0
2020-07-15,LAX,24716,282,279.0
2020-07-16,LAX,25525,302,301.0
2020-07-17,LAX,27555,304,304.0
2020-07-18,LAX,23587,288,285.0
2020-07-19,LAX,26669,303,299.0
2020-07-20,LAX,2600,306,303.0
2020-07-21,LAX,25211,274,272.0
2020-07-22,LAX,21200,284,279.0
2020-07-23,LAX,23146,300,300.0
2020-07-24,LAX,25753,302,300.0
2020-07-25,LAX,27037,283,281.0
2020-07-26,LAX,52553,295,290.0
2020-07-27,LAX,25337,300,298.0
2020-07-28,LAX,21930,269,267.0
2020-07-29,LAX,24496,279,276.0
2020-07-30,LAX,27011,289,287.0
2020-07-31,LAX,29283,289,289.0
2020-08-01,LAX,27903,292,290.0
2020-08-02,LAX,32687,310,310.0
2020-08-03,LAX,28093,323,321.0
2020-08-04,LAX,22367,291,284.0
2020-08-05,LAX,25387,292,290.0
2020-08-06,LAX,29667,318,314.0
2020-08-07,LAX,30084,322,320.0
2020-08-08,LAX,26326,299,299.0
2020-08-09,LAX,34087,315,315.0
2020-08-10,LAX,30435,318,316.0
2020-08-11,LAX,24060,288,286.0
2020-08-12,LAX,26018,292,290.0
2020-08-13,LAX,30668,317,315.0
2020-08-14,LAX,32730,319,319.0
2020-08-15,LAX,27832,298,297.0
2020-08-16,LAX,37036,318,317.0
2020-08-17,LAX,30574,315,311.0
2020-08-18,LAX,25091,284,283.0
2020-08-19,LAX,26121,284,283.0
2020-08-20,LAX,31377,311,309.0
2020-08-21,LAX,31333,314,313.0
2020-08-22,LAX,25781,292,290.0
2020-08-23,LAX,35210,312,311.0
2020-08-24,LAX,29473,313,313.0
2020-08-25,LAX,23377,282,280.0
2020-08-26,LAX,24781,284,275.0
2020-08-27,LAX,29354,311,308.0
2020-08-28,LAX,31529,314,314.0
2020-08-29,LAX,25138,292,291.0
2020-08-30,LAX,34544,312,311.0
2020-08-31,LAX,29589,313,313.0
2020-09-01,LAX,24014,287,282.0
2020-09-02,LAX,27074,280,280.0
2020-09-03,LAX,35308,313,313.0
2020-09-04,LAX,39443,319,318.0
2020-09-05,LAX,29672,273,273.0
2020-09-06,LAX,31440,265,264.0
2020-09-07,LAX,35679,294,294.0
2020-09-08,LAX,29449,251,248.0
2020-09-09,LAX,27519,255,255.0
2020-09-10,LAX,31738,280,280.0
2020-09-11,LAX,31542,285,283.0
2020-09-12,LAX,27726,268,268.0
2020-09-13,LAX,34500,287,285.0
2020-09-14,LAX,29998,286,281.0
2020-09-15,LAX,24639,248,245.0
2020-09-16,LAX,26330,252,252.0
2020-09-17,LAX,32750,282,282.0
2020-09-18,LAX,33609,285,284.0
2020-09-19,LAX,28286,270,270.0
2020-09-20,LAX,36466,288,288.0
2020-09-21,LAX,30100,286,286.0
2020-09-22,LAX,24360,248,248.0
2020-09-23,LAX,27893,252,251.0
2020-09-24,LAX,33554,283,282.0
2020-09-25,LAX,35664,286,286.0
2020-09-26,LAX,28901,269,269.0
2020-09-27,LAX,34749,288,288.0
2020-09-28,LAX,31391,286,286.0
2020-09-29,LAX,25689,248,248.0
2020-09-30,LAX,28132,250,250.0
2020-10-01,LAX,35272,298,295.0
2020-10-02,LAX,35344,305,301.0
2020-10-03,LAX,28194,283,283.0
2020-10-04,LAX,36786,302,301.0
2020-10-05,LAX,30649,302,302.0
2020-10-06,LAX,25862,256,256.0
2020-10-07,LAX,29709,267,267.0
2020-10-08,LAX,36297,308,308.0
2020-10-09,LAX,38461,311,311.0
2020-10-10,LAX,31067,290,290.0
2020-10-11,LAX,38237,311,311.0
2020-10-12,LAX,35325,316,316.0
2020-10-13,LAX,28736,263,263.0
2020-10-14,LAX,30396,266,265.0
2020-10-15,LAX,38893,313,313.0
2020-10-16,LAX,39934,317,317.0
2020-10-17,LAX,32783,292,291.0
2020-10-18,LAX,40429,314,314.0
2020-10-19,LAX,35417,316,316.0
2020-10-20,LAX,29623,263,263.0
2020-10-21,LAX,31464,268,268.0
2020-10-22,LAX,38807,310,309.0
2020-10-23,LAX,40318,313,313.0
2020-10-24,LAX,31871,277,277.0
2020-10-25,LAX,37708,299,299.0
2020-10-26,LAX,34140,301,301.0
2020-10-27,LAX,29144,260,260.0
2020-10-28,LAX,29527,264,262.0
2020-10-29,LAX,35293,298,298.0
2020-10-30,LAX,36500,300,300.0
2020-10-31,LAX,27391,258,258.0
2020-11-01,LAX,34958,304,303.0
2020-11-02,LAX,4160,304,304.0
2020-11-03,LAX,34005,259,259.0
2020-11-04,LAX,26231,256,255.0
2020-11-05,LAX,28063,306,306.0
2020-11-06,LAX,34877,310,310.0
2020-11-07,LAX,36970,275,275.0
2020-11-08,LAX,67320,328,328.0
2020-11-09,LAX,32003,322,322.0
2020-11-10,LAX,27206,268,267.0
2020-11-11,LAX,30304,271,269.0
2020-11-12,LAX,35364,321,321.0
2020-11-13,LAX,35838,317,316.0
2020-11-14,LAX,30516,289,289.0
2020-11-15,LAX,40904,325,325.0
2020-11-16,LAX,32824,316,316.0
2020-11-17,LAX,27966,264,264.0
2020-11-18,LAX,31187,280,280.0
2020-11-19,LAX,37836,329,329.0
2020-11-20,LAX,43014,357,357.0
2020-11-21,LAX,39399,349,348.0
2020-11-22,LAX,40011,357,357.0
2020-11-23,LAX,35335,364,362.0
2020-11-24,LAX,37794,363,362.0
2020-11-25,LAX,40956,365,360.0
2020-11-26,LAX,23825,226,216.0
2020-11-27,LAX,31252,322,312.0
2020-11-28,LAX,29843,362,362.0
2020-11-29,LAX,38583,382,381.0
2020-11-30,LAX,32428,370,367.0
2020-12-01,LAX,29627,319,318.0
2020-12-02,LAX,26289,276,275.0
2020-12-03,LAX,28886,317,314.0
2020-12-04,LAX,29841,319,316.0
2020-12-05,LAX,26539,284,282.0
2020-12-06,LAX,30152,322,321.0
2020-12-07,LAX,24112,316,312.0
2020-12-08,LAX,21057,262,262.0
2020-12-09,LAX,22999,268,266.0
2020-12-10,LAX,28937,316,313.0
2020-12-11,LAX,30748,316,316.0
2020-12-12,LAX,24602,282,278.0
2020-12-13,LAX,27978,317,316.0
2020-12-14,LAX,24235,315,315.0
2020-12-15,LAX,23448,264,264.0
2020-12-16,LAX,26327,289,274.0
2020-12-17,LAX,36152,360,359.0
2020-12-18,LAX,42335,379,379.0
2020-12-19,LAX,39969,373,372.0
2020-12-20,LAX,38220,380,378.0
2020-12-21,LAX,34554,374,371.0
2020-12-22,LAX,37563,367,367.0
2020-12-23,LAX,42521,384,380.0
2020-12-24,LAX,31829,271,267.0
2020-12-25,LAX,25647,264,259.0
2020-12-26,LAX,34132,371,368.0
2020-12-27,LAX,41147,390,389.0
2020-12-28,LAX,33016,370,369.0
2020-12-29,LAX,32135,363,360.0
2020-12-30,LAX,38604,372,369.0
2020-12-31,LAX,23960,272,271.0
2021-01-01,LAX,25061,299,295.0
2021-01-02,LAX,35244,389,389.0
2021-01-03,LAX,42920,417,416.0
2021-01-04,LAX,32718,383,381.0
2021-01-05,LAX,27871,307,307.0
2021-01-06,LAX,24141,296,296.0
2021-01-07,LAX,25260,336,336.0
2021-01-08,LAX,27596,334,331.0
2021-01-09,LAX,24005,301,299.0
2021-01-10,LAX,29903,337,332.0
2021-01-11,LAX,21886,328,327.0
2021-01-12,LAX,18074,277,276.0
2021-01-13,LAX,21118,281,280.0
2021-01-14,LAX,27603,338,335.0
2021-01-15,LAX,32140,338,335.0
2021-01-16,LAX,23321,298,297.0
2021-01-17,LAX,27191,319,318.0
2021-01-18,LAX,23826,328,328.0
2021-01-19,LAX,18027,275,273.0
2021-01-20,LAX,18650,280,280.0
2021-01-21,LAX,25118,337,332.0
2021-01-22,LAX,26560,336,331.0
2021-01-23,LAX,20473,297,292.0
2021-01-24,LAX,26311,336,330.0
2021-01-25,LAX,19282,325,320.0
2021-01-26,LAX,15771,274,271.0
2021-01-27,LAX,18769,280,278.0
2021-01-28,LAX,24863,336,333.0
2021-01-29,LAX,25287,335,333.0
2021-01-30,LAX,20390,297,292.0
2021-01-31,LAX,26693,342,331.0
2021-02-01,LAX,20174,333,312.0
2021-02-02,LAX,18457,279,276.0
2021-02-03,LAX,19600,283,281.0
2021-02-04,LAX,27076,336,334.0
2021-02-05,LAX,29928,340,336.0
2021-02-06,LAX,22236,301,297.0
2021-02-07,LAX,25563,318,316.0
2021-02-08,LAX,22375,330,326.0
2021-02-09,LAX,18937,276,275.0
2021-02-10,LAX,22839,286,281.0
2021-02-11,LAX,36245,349,345.0
2021-02-12,LAX,38659,362,356.0
2021-02-13,LAX,28004,300,271.0
2021-02-14,LAX,29781,329,291.0
2021-02-15,LAX,31258,352,306.0
2021-02-16,LAX,24202,300,272.0
2021-02-17,LAX,24939,302,282.0
2021-02-18,LAX,31391,353,330.0
2021-02-19,LAX,33399,357,355.0
2021-02-20,LAX,27260,301,298.0
2021-02-21,LAX,35856,352,350.0
2021-02-22,LAX,29180,351,350.0
2021-02-23,LAX,21743,299,298.0
2021-02-24,LAX,24429,299,298.0
2021-02-25,LAX,32782,349,346.0
2021-02-26,LAX,34930,358,356.0
2021-02-27,LAX,27334,301,299.0
2021-02-28,LAX,37204,352,351.0
2021-03-01,LAX,31894,352,348.0
2021-03-02,LAX,23685,306,301.0
2021-03-03,LAX,28103,309,308.0
2021-03-04,LAX,38418,373,373.0
2021-03-05,LAX,38757,386,385.0
2021-03-06,LAX,27564,334,333.0
2021-03-07,LAX,38536,391,390.0
2021-03-08,LAX,32428,387,386.0
2021-03-09,LAX,25194,332,328.0
2021-03-10,LAX,30973,337,335.0
2021-03-11,LAX,40297,391,387.0
2021-03-12,LAX,35522,402,401.0
2021-03-13,LAX,6164,353,336.0
2021-03-14,LAX,73834,398,374.0
2021-03-15,LAX,37396,392,379.0
2021-03-16,LAX,32990,351,346.0
2021-03-17,LAX,37222,354,349.0
2021-03-18,LAX,45690,409,408.0
2021-03-19,LAX,47510,411,409.0
2021-03-20,LAX,43508,372,372.0
2021-03-21,LAX,47979,416,415.0
2021-03-22,LAX,44135,405,404.0
2021-03-23,LAX,37947,362,361.0
2021-03-24,LAX,42272,366,366.0
2021-03-25,LAX,50675,411,410.0
2021-03-26,LAX,53429,411,410.0
2021-03-27,LAX,46216,372,370.0
2021-03-28,LAX,52520,416,415.0
2021-03-29,LAX,47268,406,406.0
2021-03-30,LAX,40393,363,361.0
2021-03-31,LAX,46206,369,368.0
2021-04-01,LAX,52495,412,408.0
2021-04-02,LAX,53378,425,425.0
2021-04-03,LAX,46287,378,377.0
2021-04-04,LAX,54801,424,419.0
2021-04-05,LAX,50788,415,415.0
2021-04-06,LAX,42806,363,363.0
2021-04-07,LAX,41608,371,371.0
2021-04-08,LAX,51734,425,425.0
2021-04-09,LAX,51418,424,424.0
2021-04-10,LAX,45129,380,379.0
2021-04-11,LAX,53916,427,424.0
2021-04-12,LAX,49796,422,420.0
2021-04-13,LAX,37924,355,355.0
2021-04-14,LAX,40680,360,359.0
2021-04-15,LAX,51803,423,423.0
2021-04-16,LAX,51593,420,420.0
2021-04-17,LAX,42748,377,377.0
2021-04-18,LAX,52343,422,420.0
2021-04-19,LAX,48401,416,416.0
2021-04-20,LAX,38468,352,352.0
2021-04-21,LAX,43656,360,359.0
2021-04-22,LAX,53878,424,424.0
2021-04-23,LAX,52704,420,420.0
2021-04-24,LAX,44576,377,376.0
2021-04-25,LAX,54702,422,420.0
2021-04-26,LAX,48663,417,416.0
2021-04-27,LAX,39494,352,352.0
2021-04-28,LAX,44943,361,361.0
2021-04-29,LAX,50469,423,423.0
2021-04-30,LAX,3305,402,402.0
2021-05-01,LAX,55267,376,375.0
2021-05-02,LAX,105192,422,422.0
2021-05-03,LAX,51806,418,417.0
2021-05-04,LAX,41065,352,351.0
2021-05-05,LAX,46794,386,386.0
2021-05-06,LAX,59821,474,473.0
2021-05-07,LAX,58966,469,469.0
2021-05-08,LAX,44387,424,424.0
2021-05-09,LAX,68447,483,481.0
2021-05-10,LAX,58573,477,473.0
2021-05-11,LAX,50037,426,422.0
2021-05-12,LAX,53117,431,430.0
2021-05-13,LAX,64240,487,487.0
2021-05-14,LAX,63247,479,479.0
2021-05-15,LAX,55176,425,425.0
2021-05-16,LAX,59429,485,484.0
2021-05-17,LAX,52424,477,477.0
2021-05-18,LAX,5181,429,429.0
2021-05-19,LAX,1111,435,435.0
2021-05-20,LAX,54185,496,496.0
2021-05-21,LAX,56312,489,489.0
2021-05-22,LAX,63092,430,430.0
2021-05-23,LAX,130421,494,493.0
2021-05-24,LAX,118840,483,483.0
2021-05-25,LAX,56177,432,430.0
2021-05-26,LAX,61294,440,440.0
2021-05-27,LAX,66957,498,498.0
2021-05-28,LAX,69415,501,501.0
2021-05-29,LAX,57527,434,434.0
2021-05-30,LAX,62381,481,480.0
2021-05-31,LAX,65116,493,490.0
2021-06-01,LAX,60806,450,449.0
2021-06-02,LAX,60507,462,460.0
2021-06-03,LAX,68577,550,548.0
2021-06-04,LAX,69081,556,554.0
2021-06-05,LAX,59639,497,496.0
2021-06-06,LAX,72452,558,555.0
2021-06-07,LAX,67373,565,563.0
2021-06-08,LAX,59817,523,514.0
2021-06-09,LAX,61760,543,537.0
2021-06-10,LAX,75886,576,573.0
2021-06-11,LAX,74032,579,578.0
2021-06-12,LAX,64231,502,501.0
2021-06-13,LAX,79255,557,556.0
2021-06-14,LAX,70775,572,568.0
2021-06-15,LAX,66493,537,520.0
2021-06-16,LAX,69684,549,544.0
2021-06-17,LAX,75275,577,575.0
2021-06-18,LAX,75403,582,574.0
2021-06-19,LAX,70162,500,494.0
2021-06-20,LAX,76105,562,555.0
2021-06-21,LAX,73069,574,569.0
2021-06-22,LAX,68236,535,530.0
2021-06-23,LAX,71020,547,545.0
2021-06-24,LAX,76065,580,574.0
2021-06-25,LAX,70908,585,578.0
2021-06-26,LAX,1710,503,500.0
2021-06-27,LAX,147852,565,557.0
2021-06-28,LAX,74423,578,569.0
2021-06-29,LAX,71284,539,530.0
2021-06-30,LAX,73825,551,549.0
2021-07-01,LAX,76918,592,585.0
2021-07-02,LAX,81419,590,582.0
2021-07-03,LAX,70552,503,496.0
2021-07-04,LAX,68241,523,521.0
2021-07-05,LAX,78873,581,577.0
2021-07-06,LAX,70828,554,553.0
2021-07-07,LAX,69947,572,566.0
2021-07-08,LAX,77859,599,596.0
2021-07-09,LAX,77669,601,591.0
2021-07-10,LAX,71779,528,521.0
2021-07-11,LAX,76219,579,568.0
2021-07-12,LAX,75053,593,585.0
2021-07-13,LAX,70018,557,552.0
2021-07-14,LAX,73560,572,568.0
2021-07-15,LAX,78559,596,594.0
2021-07-16,LAX,80352,597,597.0
2021-07-17,LAX,70658,523,520.0
2021-07-18,LAX,80221,576,570.0
2021-07-19,LAX,74867,591,588.0
2021-07-20,LAX,70708,552,551.0
2021-07-21,LAX,72301,570,568.0
2021-07-22,LAX,77069,597,593.0
2021-07-23,LAX,82752,598,596.0
2021-07-24,LAX,70116,524,523.0
2021-07-25,LAX,81319,577,572.0
2021-07-26,LAX,75998,591,583.0
2021-07-27,LAX,68615,553,552.0
2021-07-28,LAX,73047,571,569.0
2021-07-29,LAX,75803,598,597.0
2021-07-30,LAX,79254,600,596.0
2021-07-31,LAX,70508,526,513.0
2021-08-01,LAX,79671,583,564.0
2021-08-02,LAX,73161,597,563.0
2021-08-03,LAX,71375,559,529.0
2021-08-04,LAX,66563,574,546.0
2021-08-05,LAX,71171,603,571.0
2021-08-06,LAX,74413,604,570.0
2021-08-07,LAX,68680,530,509.0
2021-08-08,LAX,75169,585,564.0
2021-08-09,LAX,71693,602,594.0
2021-08-10,LAX,65058,558,552.0
2021-08-11,LAX,67850,576,573.0
2021-08-12,LAX,70537,601,597.0
2021-08-13,LAX,75342,603,601.0
2021-08-14,LAX,65376,530,521.0
2021-08-15,LAX,77041,583,578.0
2021-08-16,LAX,68608,599,595.0
2021-08-17,LAX,61600,545,532.0
2021-08-18,LAX,65464,566,560.0
2021-08-19,LAX,75496,598,594.0
2021-08-20,LAX,72559,600,587.0
2021-08-21,LAX,62849,513,505.0
2021-08-22,LAX,75267,577,561.0
2021-08-23,LAX,68664,588,577.0
2021-08-24,LAX,57664,549,535.0
2021-08-25,LAX,62492,566,559.0
2021-08-26,LAX,71810,599,593.0
2021-08-27,LAX,71612,600,600.0
2021-08-28,LAX,60304,514,508.0
2021-08-29,LAX,72541,578,573.0
2021-08-30,LAX,65247,591,586.0
2021-08-31,LAX,57628,545,539.0
2021-09-01,LAX,60664,565,557.0
2021-09-02,LAX,76605,601,587.0
2021-09-03,LAX,75669,602,596.0
2021-09-04,LAX,58416,494,491.0
2021-09-05,LAX,69822,547,539.0
2021-09-06,LAX,72642,580,572.0
2021-09-07,LAX,63622,534,526.0
2021-09-08,LAX,58786,512,504.0
2021-09-09,LAX,65606,573,564.0
2021-09-10,LAX,67319,577,573.0
2021-09-11,LAX,52658,489,486.0
2021-09-12,LAX,72854,566,566.0
2021-09-13,LAX,61398,571,566.0
2021-09-14,LAX,51236,504,497.0
2021-09-15,LAX,55815,520,516.0
2021-09-16,LAX,70164,574,574.0
2021-09-17,LAX,71881,579,579.0
2021-09-18,LAX,58433,487,486.0
2021-09-19,LAX,71735,572,571.0
2021-09-20,LAX,64177,572,570.0
2021-09-21,LAX,51811,505,502.0
2021-09-22,LAX,58680,520,520.0
2021-09-23,LAX,71419,576,571.0
2021-09-24,LAX,71133,579,574.0
2021-09-25,LAX,54707,486,482.0
2021-09-26,LAX,74510,576,573.0
2021-09-27,LAX,67413,572,572.0
2021-09-28,LAX,51522,505,502.0
2021-09-29,LAX,57660,519,516.0
2021-09-30,LAX,71986,577,573.0
2021-10-01,LAX,77126,584,581.0
2021-10-02,LAX,59536,488,484.0
2021-10-03,LAX,73475,581,580.0
2021-10-04,LAX,64699,572,572.0
2021-10-05,LAX,56540,516,514.0
2021-10-06,LAX,56277,518,517.0
2021-10-07,LAX,74227,576,574.0
2021-10-08,LAX,74846,579,575.0
2021-10-09,LAX,62514,505,488.0
2021-10-10,LAX,72088,580,557.0
2021-10-11,LAX,67137,578,570.0
2021-10-12,LAX,62428,523,520.0
2021-10-13,LAX,63179,529,523.0
2021-10-14,LAX,74841,579,571.0
2021-10-15,LAX,74598,578,577.0
2021-10-16,LAX,64039,503,501.0
2021-10-17,LAX,75331,579,572.0
2021-10-18,LAX,68770,578,578.0
2021-10-19,LAX,53094,522,521.0
2021-10-20,LAX,63466,528,528.0
2021-10-21,LAX,74634,579,512.0
2021-10-22,LAX,72862,580,531.0
2021-10-23,LAX,61505,504,494.0
2021-10-24,LAX,80069,580,572.0
2021-10-25,LAX,71750,578,570.0
2021-10-26,LAX,59918,522,519.0
2021-10-27,LAX,61918,528,527.0
2021-10-28,LAX,71884,579,568.0
2021-10-29,LAX,69126,580,568.0
2021-10-30,LAX,58995,478,466.0
2021-10-31,LAX,66764,537,497.0
2021-11-01,LAX,73751,572,564.0
2021-11-02,LAX,57469,517,515.0
2021-11-03,LAX,59889,527,522.0
2021-11-04,LAX,69453,568,563.0
2021-11-05,LAX,73073,564,561.0
2021-11-06,LAX,61384,485,479.0
2021-11-07,LAX,72104,553,552.0
2021-11-08,LAX,69354,572,569.0
2021-11-09,LAX,58229,502,499.0
2021-11-10,LAX,65943,514,513.0
2021-11-11,LAX,71046,575,572.0
2021-11-12,LAX,69713,571,569.0
2021-11-13,LAX,60985,483,481.0
2021-11-14,LAX,76292,556,552.0
2021-11-15,LAX,75071,569,563.0
2021-11-16,LAX,61287,502,501.0
2021-11-17,LAX,67156,524,522.0
2021-11-18,LAX,74569,570,569.0
2021-11-19,LAX,79421,576,576.0
2021-11-20,LAX,75540,510,508.0
2021-11-21,LAX,76147,549,545.0
2021-11-22,LAX,77180,560,559.0
2021-11-23,LAX,77176,563,560.0
2021-11-24,LAX,79345,573,572.0
2021-11-25,LAX,54127,395,394.0
2021-11-26,LAX,69905,481,481.0
2021-11-27,LAX,73917,539,539.0
2021-11-28,LAX,81270,583,580.0
2021-11-29,LAX,77152,574,570.0
2021-11-30,LAX,67495,543,542.0
2021-12-01,LAX,66404,499,498.0
2021-12-02,LAX,75588,526,524.0
2021-12-03,LAX,68497,531,529.0
2021-12-04,LAX,2818,447,445.0
2021-12-05,LAX,144007,524,523.0
2021-12-06,LAX,71951,520,519.0
2021-12-07,LAX,58190,467,465.0
2021-12-08,LAX,63093,478,476.0
2021-12-09,LAX,72375,523,520.0
2021-12-10,LAX,73904,528,524.0
2021-12-11,LAX,65891,442,442.0
2021-12-12,LAX,76206,518,518.0
2021-12-13,LAX,72950,521,520.0
2021-12-14,LAX,65386,465,463.0
2021-12-15,LAX,67202,479,477.0
2021-12-16,LAX,76773,574,572.0
2021-12-17,LAX,80281,580,579.0
2021-12-18,LAX,71539,517,505.0
2021-12-19,LAX,74129,550,543.0
2021-12-20,LAX,78227,573,568.0
2021-12-21,LAX,76131,560,558.0
2021-12-22,LAX,75462,570,564.0
2021-12-23,LAX,74422,578,561.0
2021-12-24,LAX,64667,469,433.0
2021-12-25,LAX,62080,462,422.0
2021-12-26,LAX,72347,566,489.0
2021-12-27,LAX,75535,571,504.0
2021-12-28,LAX,72389,557,517.0
2021-12-29,LAX,75354,567,502.0
2021-12-30,LAX,74699,569,525.0
2021-12-31,LAX,55777,472,414.0
2022-01-01,LAX,62799,481,412.0
2022-01-02,LAX,75095,573,515.0
2022-01-03,LAX,939,572,528.0
2022-01-04,LAX,73943,514,492.0
2022-01-05,LAX,64066,486,462.0
2022-01-06,LAX,60315,521,465.0
2022-01-07,LAX,57784,527,492.0
2022-01-08,LAX,57468,455,422.0
2022-01-09,LAX,116530,523,498.0
2022-01-10,LAX,55765,521,508.0
2022-01-11,LAX,42378,477,464.0
2022-01-12,LAX,46641,479,468.0
2022-01-13,LAX,57207,509,500.0
2022-01-14,LAX,59826,542,535.0
2022-01-15,LAX,449,436,430.0
2022-01-16,LAX,109325,495,473.0
2022-01-17,LAX,62292,527,520.0
2022-01-18,LAX,48849,475,471.0
2022-01-19,LAX,46770,482,475.0
2022-01-20,LAX,53258,536,528.0
2022-01-21,LAX,56125,543,536.0
2022-01-22,LAX,50354,443,439.0
2022-01-23,LAX,58517,532,527.0
2022-01-24,LAX,48711,530,524.0
2022-01-25,LAX,38884,477,475.0
2022-01-26,LAX,45071,484,480.0
2022-01-27,LAX,54635,537,537.0
2022-01-28,LAX,51349,542,503.0
2022-01-29,LAX,45676,442,407.0
2022-01-30,LAX,62270,535,523.0
2022-01-31,LAX,59596,533,529.0
2022-02-01,LAX,42237,470,467.0
2022-02-02,LAX,43573,475,453.0
2022-02-03,LAX,54249,530,476.0
2022-02-04,LAX,59556,536,497.0
2022-02-05,LAX,49920,435,417.0
2022-02-06,LAX,65937,530,514.0
2022-02-07,LAX,58896,529,524.0
2022-02-08,LAX,43584,471,469.0
2022-02-09,LAX,282,478,478.0
2022-02-10,LAX,50655,534,530.0
2022-02-11,LAX,63279,546,542.0
2022-02-12,LAX,65817,456,452.0
2022-02-13,LAX,120929,510,506.0
2022-02-14,LAX,68132,545,539.0
2022-02-15,LAX,59566,476,474.0
2022-02-16,LAX,59329,488,485.0
2022-02-17,LAX,73943,551,539.0
2022-02-18,LAX,70910,546,541.0
2022-02-19,LAX,62693,456,454.0
2022-02-20,LAX,73177,520,516.0
2022-02-21,LAX,73889,541,536.0
2022-02-22,LAX,62301,488,486.0
2022-02-23,LAX,60261,490,470.0
2022-02-24,LAX,73318,552,530.0
2022-02-25,LAX,73392,546,534.0
2022-02-26,LAX,61258,461,459.0
2022-02-27,LAX,78455,547,543.0
2022-02-28,LAX,72830,538,537.0
2022-03-01,LAX,58900,478,477.0
2022-03-02,LAX,63593,483,478.0
2022-03-03,LAX,71065,543,542.0
2022-03-04,LAX,72548,527,525.0
2022-03-05,LAX,59448,449,449.0
2022-03-06,LAX,73653,526,523.0
2022-03-07,LAX,68076,525,521.0
2022-03-08,LAX,57394,471,471.0
2022-03-09,LAX,65699,483,479.0
2022-03-10,LAX,73365,538,535.0
2022-03-11,LAX,75458,532,525.0
2022-03-12,LAX,65398,464,454.0
2022-03-13,LAX,631,536,519.0
2022-03-14,LAX,73415,528,525.0
2022-03-15,LAX,66084,486,485.0
2022-03-16,LAX,72366,496,493.0
2022-03-17,LAX,76803,545,544.0
2022-03-18,LAX,78697,540,534.0
2022-03-19,LAX,68355,476,475.0
2022-03-20,LAX,80358,544,539.0
2022-03-21,LAX,76299,535,527.0
2022-03-22,LAX,70876,498,494.0
2022-03-23,LAX,74904,501,498.0
2022-03-24,LAX,80389,547,546.0
2022-03-25,LAX,78063,540,535.0
2022-03-26,LAX,72194,468,466.0
2022-03-27,LAX,77228,544,542.0
2022-03-28,LAX,74834,535,534.0
2022-03-29,LAX,67470,492,491.0
2022-03-30,LAX,71284,495,494.0
2022-03-31,LAX,70563,546,542.0
2022-04-01,LAX,71092,539,523.0
2022-04-02,LAX,67105,477,456.0
2022-04-03,LAX,149,563,539.0
2022-04-10,LAX,171,555,540.0
2022-04-17,LAX,159,552,549.0
2022-04-24,LAX,161,553,552.0
2022-05-01,LAX,318,544,533.0
2022-05-02,LAX,43651,541,534.0
2022-05-03,LAX,38660,495,493.0
2022-05-06,LAX,45354,560,557.0
2022-05-07,LAX,40368,473,471.0
2022-05-08,LAX,69611,562,551.0
2022-05-09,LAX,67061,562,556.0
2022-05-10,LAX,68486,521,518.0
2022-05-11,LAX,68555,528,527.0
2022-05-12,LAX,74787,567,566.0
2022-05-13,LAX,70885,565,556.0
2022-05-14,LAX,66217,476,465.0
2022-05-15,LAX,145,567,562.0
2022-05-16,LAX,68999,564,557.0
2022-05-17,LAX,64862,525,520.0
2022-05-18,LAX,67168,531,529.0
2022-05-19,LAX,72759,579,577.0
2022-05-20,LAX,71364,579,572.0
2022-05-21,LAX,66362,481,462.0
2022-05-22,LAX,218,575,561.0
2022-05-23,LAX,68481,578,571.0
2022-05-24,LAX,64882,533,526.0
2022-05-25,LAX,60973,540,535.0
2022-05-26,LAX,72379,578,572.0
2022-05-27,LAX,74170,579,568.0
2022-05-28,LAX,64078,483,474.0
2022-05-29,LAX,69196,551,538.0
2022-05-30,LAX,69965,572,564.0
2022-05-31,LAX,68141,534,532.0
2022-06-01,LAX,59980,531,518.0
2022-06-02,LAX,69505,566,554.0
2022-06-03,LAX,71020,574,555.0
2022-06-04,LAX,63698,482,467.0
2022-06-05,LAX,224,564,553.0
2022-06-06,LAX,67909,566,563.0
2022-06-07,LAX,66344,533,531.0
2022-06-08,LAX,67639,541,536.0
2022-06-09,LAX,71163,569,558.0
2022-06-10,LAX,69771,568,556.0
2022-06-11,LAX,65669,489,484.0
2022-06-12,LAX,68417,564,556.0
2022-06-13,LAX,68151,568,563.0
2022-06-14,LAX,65431,536,530.0
2022-06-15,LAX,69074,542,539.0
2022-06-16,LAX,66517,570,554.0
2022-06-17,LAX,68789,569,555.0
2022-06-18,LAX,65023,490,473.0
2022-06-19,LAX,68079,567,545.0
2022-06-20,LAX,70292,567,556.0
2022-06-21,LAX,68408,536,533.0
2022-06-22,LAX,66098,545,536.0
2022-06-23,LAX,66900,570,557.0
2022-06-24,LAX,69642,572,559.0
2022-06-25,LAX,63963,497,482.0
2022-06-26,LAX,69321,570,554.0
2022-06-27,LAX,65746,573,565.0
2022-06-28,LAX,62035,539,529.0
2022-06-29,LAX,68221,548,541.0
2022-06-30,LAX,71294,574,561.0
2022-07-01,LAX,69869,573,566.0
2022-07-03,LAX,179,515,508.0
2022-07-04,LAX,66192,542,541.0
2022-07-05,LAX,69537,537,533.0
2022-07-06,LAX,64935,534,528.0
2022-07-07,LAX,68428,565,564.0
2022-07-08,LAX,71803,563,562.0
2022-07-09,LAX,63305,495,492.0
2022-07-10,LAX,69551,571,568.0
2022-07-11,LAX,70598,575,569.0
2022-07-12,LAX,66813,537,536.0
2022-07-13,LAX,67232,545,543.0
2022-07-14,LAX,68425,580,575.0
2022-07-15,LAX,69547,576,571.0
2022-07-16,LAX,63359,497,493.0
2022-07-17,LAX,70215,571,569.0
2022-07-18,LAX,66167,576,570.0
2022-07-19,LAX,65387,535,529.0
2022-07-20,LAX,65165,545,541.0
2022-07-21,LAX,70900,578,574.0
2022-07-22,LAX,68137,576,571.0
2022-07-23,LAX,63458,495,492.0
2022-07-24,LAX,73671,572,566.0
2022-07-25,LAX,71682,574,569.0
2022-07-26,LAX,65396,536,530.0
2022-07-27,LAX,64421,545,542.0
2022-07-28,LAX,68984,579,576.0
2022-07-29,LAX,68951,574,568.0
2022-07-30,LAX,61629,496,489.0
2022-07-31,LAX,69462,571,549.0
2022-08-01,LAX,68025,569,563.0
2022-08-02,LAX,67003,529,528.0
2022-08-03,LAX,69607,539,535.0
2022-08-04,LAX,72494,574,554.0
2022-08-05,LAX,74237,568,548.0
2022-08-06,LAX,66446,484,475.0
2022-08-07,LAX,73999,568,560.0
2022-08-08,LAX,71791,569,562.0
2022-08-09,LAX,65587,532,528.0
2022-08-10,LAX,64941,538,529.0
2022-08-11,LAX,69351,572,558.0
2022-08-12,LAX,72792,568,560.0
2022-08-13,LAX,65259,483,481.0
2022-08-14,LAX,68439,567,557.0
2022-08-15,LAX,70580,564,561.0
2022-08-16,LAX,66022,525,525.0
2022-08-17,LAX,65596,528,527.0
2022-08-18,LAX,68832,560,555.0
2022-08-19,LAX,70266,556,553.0
2022-08-20,LAX,61641,479,477.0
2022-08-21,LAX,66387,554,542.0
2022-08-22,LAX,69741,554,543.0
2022-08-23,LAX,62818,522,518.0
2022-08-24,LAX,63668,527,523.0
2022-08-25,LAX,68334,561,560.0
2022-08-26,LAX,69727,559,558.0
2022-08-27,LAX,61306,483,482.0
2022-08-28,LAX,68947,557,556.0
2022-08-29,LAX,62908,553,550.0
2022-08-30,LAX,64371,525,519.0
2022-08-31,LAX,60947,531,525.0
2022-09-01,LAX,70438,557,556.0
2022-09-02,LAX,68561,557,556.0
2022-09-03,LAX,57047,454,454.0
2022-09-04,LAX,63260,516,514.0
2022-09-05,LAX,67825,550,550.0
2022-09-06,LAX,64704,491,490.0
2022-09-07,LAX,61946,486,483.0
2022-09-08,LAX,67761,545,543.0
2022-09-09,LAX,68024,543,539.0
2022-09-10,LAX,57453,476,476.0
2022-09-11,LAX,67515,536,533.0
2022-09-12,LAX,65895,548,547.0
2022-09-13,LAX,54884,493,493.0
2022-09-14,LAX,58654,492,492.0
2022-09-15,LAX,71557,554,554.0
2022-09-16,LAX,66749,552,550.0
2022-09-17,LAX,57364,471,471.0
2022-09-18,LAX,64372,537,531.0
2022-09-19,LAX,63338,549,548.0
2022-09-20,LAX,57805,490,486.0
2022-09-21,LAX,63270,492,492.0
2022-09-22,LAX,69281,554,553.0
2022-09-23,LAX,66715,551,550.0
2022-09-24,LAX,60386,473,473.0
2022-09-25,LAX,67853,537,534.0
2022-09-26,LAX,65662,548,546.0
2022-09-27,LAX,56241,492,488.0
2022-09-28,LAX,59678,492,479.0
2022-09-29,LAX,67966,555,545.0
2022-09-30,LAX,66809,557,548.0
2022-10-01,LAX,54730,473,459.0
2022-10-02,LAX,67033,535,525.0
2022-10-03,LAX,67309,542,539.0
2022-10-04,LAX,58501,492,491.0
2022-10-05,LAX,60990,491,488.0
2022-10-06,LAX,68193,545,542.0
2022-10-07,LAX,61286,542,541.0
2022-10-08,LAX,61566,465,465.0
2022-10-09,LAX,66043,522,520.0
2022-10-10,LAX,67820,531,531.0
2022-10-11,LAX,61521,506,506.0
2022-10-12,LAX,61962,509,509.0
2022-10-13,LAX,69917,546,546.0
2022-10-14,LAX,68447,541,539.0
2022-10-15,LAX,62345,462,460.0
2022-10-16,LAX,70135,521,519.0
2022-10-17,LAX,66797,526,526.0
2022-10-18,LAX,61924,503,501.0
2022-10-19,LAX,57560,506,505.0
2022-10-20,LAX,70659,545,544.0
2022-10-21,LAX,69539,540,539.0
2022-10-22,LAX,50778,463,463.0
2022-10-23,LAX,72293,522,519.0
2022-10-24,LAX,61906,530,529.0
2022-10-25,LAX,60081,503,503.0
2022-10-26,LAX,60405,505,505.0
2022-10-27,LAX,66548,542,541.0
2022-10-28,LAX,65976,537,534.0
2022-10-29,LAX,55930,451,450.0
2022-10-30,LAX,70289,502,502.0
2022-10-31,LAX,64195,472,470.0
2022-11-01,LAX,64676,500,500.0
2022-11-02,LAX,61103,499,495.0
2022-11-03,LAX,71665,539,539.0
2022-11-04,LAX,66033,531,528.0
2022-11-05,LAX,59638,457,449.0
2022-11-06,LAX,68729,521,518.0
2022-11-07,LAX,62593,516,515.0
2022-11-08,LAX,61095,498,496.0
2022-11-09,LAX,57916,507,497.0
2022-11-10,LAX,70140,538,527.0
2022-11-11,LAX,58617,537,534.0
2022-11-12,LAX,62615,465,464.0
2022-11-13,LAX,73843,534,532.0
2022-11-14,LAX,60943,528,527.0
2022-11-15,LAX,60667,506,506.0
2022-11-16,LAX,58447,504,504.0
2022-11-17,LAX,64593,537,536.0
2022-11-18,LAX,71304,539,538.0
2022-11-19,LAX,70544,485,483.0
2022-11-20,LAX,63641,547,546.0
2022-11-21,LAX,70098,532,531.0
2022-11-22,LAX,76314,526,526.0
2022-11-23,LAX,73428,536,534.0
2022-11-24,LAX,56851,356,356.0
2022-11-25,LAX,64451,493,492.0
2022-11-26,LAX,67437,502,502.0
2022-11-27,LAX,76475,554,554.0
2022-11-28,LAX,70690,537,536.0
2022-11-29,LAX,68619,515,507.0
2022-11-30,LAX,61628,489,483.0
2022-12-01,LAX,65384,517,514.0
2022-12-02,LAX,62761,516,512.0
2022-12-03,LAX,55184,460,459.0
2022-12-04,LAX,69189,518,515.0
2022-12-05,LAX,62576,514,514.0
2022-12-06,LAX,56844,491,490.0
2022-12-07,LAX,57858,486,486.0
2022-12-08,LAX,66641,516,516.0
2022-12-09,LAX,65352,515,515.0
2022-12-10,LAX,60550,459,459.0
2022-12-11,LAX,70626,516,514.0
2022-12-12,LAX,63087,511,510.0
2022-12-13,LAX,60963,490,487.0
2022-12-14,LAX,58858,490,489.0
2022-12-15,LAX,68268,536,534.0
2022-12-16,LAX,60464,538,533.0
2022-12-17,LAX,63429,489,488.0
2022-12-18,LAX,72175,533,531.0
2022-12-19,LAX,65751,528,525.0
2022-12-20,LAX,67886,525,518.0
2022-12-21,LAX,69286,524,516.0
2022-12-22,LAX,72380,539,503.0
2022-12-23,LAX,69896,531,474.0
2022-12-24,LAX,56041,401,341.0
2022-12-25,LAX,59253,430,361.0
2022-12-26,LAX,60448,519,435.0
2022-12-27,LAX,59766,518,458.0
2022-12-28,LAX,60628,515,452.0
2022-12-29,LAX,63584,527,476.0
2022-12-30,LAX,67928,519,518.0
2022-12-31,LAX,56463,406,405.0
2023-01-01,LAX,57956,481,475.0
2023-01-02,LAX,66500,521,510.0
2023-01-03,LAX,67493,528,519.0
2023-01-04,LAX,64576,513,497.0
2023-01-05,LAX,61900,511,504.0
2023-01-06,LAX,60538,509,508.0
2023-01-07,LAX,56253,469,467.0
2023-01-08,LAX,61457,499,496.0
2023-01-09,LAX,62055,516,508.0
2023-01-10,LAX,61797,491,484.0
2023-01-11,LAX,56810,487,475.0
2023-01-12,LAX,64795,522,518.0
2023-01-13,LAX,65158,519,518.0
2023-01-14,LAX,58176,426,426.0
2023-01-15,LAX,61499,471,469.0
2023-01-16,LAX,69238,517,516.0
2023-01-17,LAX,60770,485,477.0
2023-01-18,LAX,58123,488,484.0
2023-01-19,LAX,69160,524,522.0
2023-01-20,LAX,62460,521,521.0
2023-01-21,LAX,57840,444,443.0
2023-01-22,LAX,65307,499,498.0
2023-01-23,LAX,63383,517,514.0
2023-01-24,LAX,55627,485,482.0
2023-01-25,LAX,57765,488,486.0
2023-01-26,LAX,67845,525,525.0
2023-01-27,LAX,67224,521,518.0
2023-01-28,LAX,59159,445,444.0
2023-01-29,LAX,67383,500,497.0
2023-01-30,LAX,61919,517,495.0
2023-01-31,LAX,57931,485,462.0
2023-02-01,LAX,55797,494,456.0
2023-02-02,LAX,67161,527,516.0
2023-02-03,LAX,65062,523,520.0
2023-02-04,LAX,57187,446,445.0
2023-02-05,LAX,69955,498,497.0
2023-02-06,LAX,67611,522,522.0
2023-02-07,LAX,59176,498,497.0
2023-02-08,LAX,62358,498,498.0
2023-02-09,LAX,70851,518,518.0
2023-02-10,LAX,65218,520,520.0
2023-02-11,LAX,56041,446,446.0
2023-02-12,LAX,64354,479,479.0
2023-02-13,LAX,68014,506,504.0
2023-02-14,LAX,58357,490,480.0
2023-02-15,LAX,63704,498,495.0
2023-02-16,LAX,70840,524,519.0
2023-02-17,LAX,67761,522,521.0
2023-02-18,LAX,59458,447,447.0
2023-02-19,LAX,65443,476,474.0
2023-02-20,LAX,69193,525,524.0
2023-02-21,LAX,67677,498,489.0
2023-02-22,LAX,65978,496,471.0
2023-02-23,LAX,69362,526,509.0
2023-02-24,LAX,70620,525,488.0
2023-02-25,LAX,60527,449,424.0
2023-02-26,LAX,66404,502,492.0
2023-02-27,LAX,69351,524,518.0
2023-02-28,LAX,63029,496,491.0
2023-03-01,LAX,61581,493,488.0
2023-03-02,LAX,67942,527,521.0
2023-03-03,LAX,66271,529,523.0
2023-03-04,LAX,58670,451,442.0
2023-03-05,LAX,65988,502,501.0
2023-03-06,LAX,68162,527,524.0
2023-03-07,LAX,62565,497,497.0
2023-03-08,LAX,62262,498,498.0
2023-03-09,LAX,64664,533,531.0
2023-03-10,LAX,65198,534,529.0
2023-03-11,LAX,62427,468,466.0
2023-03-12,LAX,68168,503,497.0
2023-03-13,LAX,70456,536,532.0
2023-03-14,LAX,69870,513,504.0
2023-03-15,LAX,66897,511,505.0
2023-03-16,LAX,71497,537,530.0
2023-03-17,LAX,68846,537,530.0
2023-03-18,LAX,65995,468,465.0
2023-03-19,LAX,66978,513,506.0
2023-03-20,LAX,70962,537,535.0
2023-03-21,LAX,66973,515,506.0
2023-03-22,LAX,63695,515,512.0
2023-03-23,LAX,68612,538,535.0
2023-03-24,LAX,71801,538,535.0
2023-03-25,LAX,65809,466,461.0
2023-03-26,LAX,68430,510,499.0
2023-03-27,LAX,70034,532,521.0
2023-03-28,LAX,69274,508,508.0
2023-03-29,LAX,69683,510,503.0
2023-03-30,LAX,71433,532,526.0
2023-03-31,LAX,69218,532,517.0
2023-04-01,LAX,67100,457,435.0
2023-04-02,LAX,70607,513,497.0
2023-04-03,LAX,70848,528,524.0
2023-04-04,LAX,68679,499,494.0
2023-04-05,LAX,65453,506,491.0
2023-04-06,LAX,62884,539,530.0
2023-04-07,LAX,70631,539,530.0
2023-04-08,LAX,61708,454,449.0
2023-04-09,LAX,69979,515,511.0
2023-04-10,LAX,67722,539,537.0
2023-04-11,LAX,67239,518,517.0
2023-04-12,LAX,65361,527,519.0
2023-04-13,LAX,69606,561,553.0
2023-04-14,LAX,71420,558,552.0
2023-04-15,LAX,60416,463,459.0
2023-04-16,LAX,73456,525,518.0
2023-04-17,LAX,72714,555,552.0
2023-04-18,LAX,67899,518,515.0
2023-04-19,LAX,62556,528,526.0
2023-04-20,LAX,71292,559,539.0
2023-04-21,LAX,72035,555,551.0
2023-04-22,LAX,58784,468,467.0
2023-04-23,LAX,72388,524,524.0
2023-04-24,LAX,70279,556,554.0
2023-04-25,LAX,68787,518,513.0
2023-04-26,LAX,64926,529,527.0
2023-04-27,LAX,69763,558,554.0
2023-04-28,LAX,67907,556,553.0
2023-04-29,LAX,60972,470,467.0
2023-04-30,LAX,70424,525,515.0
2023-05-01,LAX,70200,556,548.0
2023-05-02,LAX,62914,519,519.0
2023-05-03,LAX,66649,528,526.0
2023-05-04,LAX,72064,557,553.0
2023-05-05,LAX,72463,567,567.0
2023-05-06,LAX,60480,479,475.0
2023-05-07,LAX,72216,537,533.0
2023-05-08,LAX,71303,566,561.0
2023-05-09,LAX,66011,535,535.0
2023-05-10,LAX,68467,548,545.0
2023-05-11,LAX,77920,572,572.0
2023-05-12,LAX,72565,568,566.0
2023-05-13,LAX,62761,474,471.0
2023-05-14,LAX,71050,537,527.0
2023-05-15,LAX,70186,570,567.0
2023-05-16,LAX,66008,536,536.0
2023-05-17,LAX,69259,546,543.0
2023-05-18,LAX,72282,570,568.0
2023-05-19,LAX,72594,568,557.0
2023-05-20,LAX,64150,467,464.0
2023-05-21,LAX,70911,535,535.0
2023-05-22,LAX,69840,567,565.0
2023-05-23,LAX,67370,532,531.0
2023-05-24,LAX,71814,544,541.0
2023-05-25,LAX,75883,568,567.0
2023-05-26,LAX,74816,571,569.0
2023-05-27,LAX,59685,467,464.0
2023-05-28,LAX,66623,503,503.0
2023-05-29,LAX,70807,570,570.0
2023-05-30,LAX,66108,533,533.0
2023-05-31,LAX,68515,546,543.0
2023-06-01,LAX,70239,565,558.0
2023-06-02,LAX,73621,582,576.0
2023-06-03,LAX,63933,483,482.0
2023-06-04,LAX,70581,547,546.0
2023-06-05,LAX,73087,582,581.0
2023-06-06,LAX,68297,555,553.0
2023-06-07,LAX,68935,561,561.0
2023-06-08,LAX,73638,583,583.0
2023-06-09,LAX,73908,585,582.0
2023-06-10,LAX,67252,485,484.0
2023-06-11,LAX,75079,548,546.0
2023-06-12,LAX,71619,586,580.0
2023-06-13,LAX,67133,553,552.0
2023-06-14,LAX,71454,560,560.0
2023-06-15,LAX,76136,588,583.0
2023-06-16,LAX,77080,587,582.0
2023-06-17,LAX,66967,484,475.0
2023-06-18,LAX,71823,547,535.0
2023-06-19,LAX,72832,585,580.0
2023-06-20,LAX,71158,552,549.0
2023-06-21,LAX,69031,563,552.0
2023-06-22,LAX,75787,589,581.0
2023-06-23,LAX,72165,589,580.0
2023-06-24,LAX,67837,487,480.0
2023-06-25,LAX,72161,549,536.0
2023-06-26,LAX,75402,587,560.0
2023-06-27,LAX,72148,555,525.0
2023-06-28,LAX,68679,565,540.0
2023-06-29,LAX,75322,590,578.0
2023-06-30,LAX,73222,587,579.0
2023-07-01,LAX,61137,497,495.0
2023-07-02,LAX,70708,529,523.0
2023-07-03,LAX,67638,547,545.0
2023-07-04,LAX,64695,511,504.0
2023-07-05,LAX,71538,570,568.0
2023-07-06,LAX,77970,579,574.0
2023-07-07,LAX,75209,576,575.0
2023-07-08,LAX,68984,500,496.0
2023-07-09,LAX,73242,560,539.0
2023-07-10,LAX,72081,598,596.0
2023-07-11,LAX,66007,568,565.0
2023-07-12,LAX,71093,576,569.0
2023-07-13,LAX,76748,599,597.0
2023-07-14,LAX,72825,600,593.0
2023-07-15,LAX,67542,506,497.0
2023-07-16,LAX,72455,564,549.0
2023-07-17,LAX,70046,599,592.0
2023-07-18,LAX,70404,568,563.0
2023-07-19,LAX,69224,579,573.0
2023-07-20,LAX,75408,602,595.0
2023-07-21,LAX,74554,601,598.0
2023-07-22,LAX,67450,507,503.0
2023-07-23,LAX,70709,566,564.0
2023-07-24,LAX,75925,600,594.0
2023-07-25,LAX,71721,570,559.0
2023-07-26,LAX,72732,579,575.0
2023-07-27,LAX,75322,601,592.0
2023-07-28,LAX,72482,601,592.0
2023-07-29,LAX,60970,507,498.0
2023-07-30,LAX,74995,564,554.0
2023-07-31,LAX,76745,599,590.0
2023-08-01,LAX,71929,563,555.0
2023-08-02,LAX,73824,575,575.0
2023-08-03,LAX,74044,600,596.0
2023-08-04,LAX,70739,600,597.0
2023-08-05,LAX,68401,502,502.0
2023-08-06,LAX,73256,564,556.0
2023-08-07,LAX,75955,597,581.0
2023-08-08,LAX,72470,571,565.0
2023-08-09,LAX,71440,581,573.0
2023-08-10,LAX,78765,603,598.0
2023-08-11,LAX,74961,601,594.0
2023-08-12,LAX,67032,505,499.0
2023-08-13,LAX,70538,567,563.0
2023-08-14,LAX,71029,598,590.0
2023-08-15,LAX,67722,560,559.0
2023-08-16,LAX,67867,564,561.0
2023-08-17,LAX,75567,592,589.0
2023-08-18,LAX,72946,587,578.0
2023-08-19,LAX,67895,506,504.0
2023-08-20,LAX,72392,586,547.0
2023-08-21,LAX,72108,587,580.0
2023-08-22,LAX,68025,563,562.0
2023-08-23,LAX,66493,562,561.0
2023-08-24,LAX,75906,590,588.0
2023-08-25,LAX,71577,583,579.0
2023-08-26,LAX,63900,505,504.0
2023-08-27,LAX,71512,582,581.0
2023-08-28,LAX,66518,581,578.0
2023-08-29,LAX,62278,561,559.0
2023-08-30,LAX,69184,559,555.0
2023-08-31,LAX,77266,588,586.0
2023-09-01,LAX,72683,586,575.0
2023-09-02,LAX,60440,484,483.0
2023-09-03,LAX,68100,532,529.0
2023-09-04,LAX,73568,586,584.0
2023-09-05,LAX,68790,526,525.0
2023-09-06,LAX,61320,510,509.0
2023-09-07,LAX,67623,551,548.0
2023-09-08,LAX,67761,549,541.0
2023-09-09,LAX,58290,473,457.0
2023-09-10,LAX,69996,556,546.0
2023-09-11,LAX,67054,568,564.0
2023-09-12,LAX,59437,519,518.0
2023-09-13,LAX,59428,524,523.0
2023-09-14,LAX,71978,572,569.0
2023-09-15,LAX,70648,566,565.0
2023-09-16,LAX,59322,475,473.0
2023-09-17,LAX,69997,558,556.0
2023-09-18,LAX,65715,570,569.0
2023-09-19,LAX,57573,521,518.0
2023-09-20,LAX,64061,525,523.0
2023-09-21,LAX,70538,574,572.0
2023-09-22,LAX,68162,570,569.0
2023-09-23,LAX,58735,473,473.0
2023-09-24,LAX,70057,558,554.0
2023-09-25,LAX,66299,568,566.0
2023-09-26,LAX,62619,521,521.0
2023-09-27,LAX,64928,524,523.0
2023-09-28,LAX,72673,575,574.0
2023-09-29,LAX,70592,566,566.0
2023-09-30,LAX,61262,472,472.0
2023-10-01,LAX,67770,556,555.0
2023-10-02,LAX,70295,571,569.0
2023-10-03,LAX,60278,525,524.0
2023-10-04,LAX,62006,524,520.0
2023-10-05,LAX,69862,586,586.0
2023-10-06,LAX,71581,578,578.0
2023-10-07,LAX,63400,481,481.0
2023-10-08,LAX,73984,557,557.0
2023-10-09,LAX,71096,579,578.0
2023-10-10,LAX,66725,529,528.0
2023-10-11,LAX,66144,528,528.0
2023-10-12,LAX,73935,583,583.0
2023-10-13,LAX,67287,577,575.0
2023-10-14,LAX,65244,479,479.0
2023-10-15,LAX,69726,558,558.0
2023-10-16,LAX,68625,581,581.0
2023-10-17,LAX,66137,530,530.0
2023-10-18,LAX,65034,528,527.0
2023-10-19,LAX,74035,584,581.0
2023-10-20,LAX,63309,579,576.0
2023-10-21,LAX,61723,474,472.0
2023-10-22,LAX,69560,557,552.0
2023-10-23,LAX,71906,576,575.0
2023-10-24,LAX,61925,528,525.0
2023-10-25,LAX,62285,528,525.0
2023-10-26,LAX,78611,578,575.0
2023-10-27,LAX,70862,571,571.0
2023-10-28,LAX,62867,457,454.0
2023-10-29,LAX,69777,520,519.0
2023-10-30,LAX,70451,547,547.0
2023-10-31,LAX,55240,474,473.0
2023-11-01,LAX,62599,507,507.0
2023-11-02,LAX,70258,563,563.0
2023-11-03,LAX,66577,557,555.0
2023-11-04,LAX,59462,470,469.0
2023-11-05,LAX,71506,539,539.0
2023-11-06,LAX,67208,549,548.0
2023-11-07,LAX,61408,518,518.0
2023-11-08,LAX,62166,521,521.0
2023-11-09,LAX,69588,551,549.0
2023-11-10,LAX,66007,550,550.0
2023-11-11,LAX,59039,470,470.0
2023-11-12,LAX,67293,542,539.0
2023-11-13,LAX,68855,553,553.0
2023-11-14,LAX,62217,521,520.0
2023-11-15,LAX,63874,519,513.0
2023-11-16,LAX,69949,557,557.0
2023-11-17,LAX,70203,554,552.0
2023-11-18,LAX,69740,479,479.0
2023-11-19,LAX,71805,555,553.0
2023-11-20,LAX,76412,541,541.0
2023-11-21,LAX,79279,541,541.0
2023-11-22,LAX,72430,549,549.0
2023-11-23,LAX,51687,345,345.0
2023-11-24,LAX,67790,494,494.0
2023-11-25,LAX,68246,536,536.0
2023-11-26,LAX,79432,573,573.0
2023-11-27,LAX,70506,566,565.0
2023-11-28,LAX,67893,500,500.0
2023-11-29,LAX,62469,492,492.0
2023-11-30,LAX,64094,530,530.0
2023-12-01,LAX,56465,531,531.0
2023-12-02,LAX,20382,472,472.0
2023-12-03,LAX,54931,528,528.0
2023-12-04,LAX,64175,525,522.0
2023-12-05,LAX,58077,476,476.0
2023-12-06,LAX,58976,478,478.0
2023-12-07,LAX,65005,534,534.0
2023-12-08,LAX,54406,531,531.0
2023-12-09,LAX,59071,454,454.0
2023-12-10,LAX,63095,528,528.0
2023-12-11,LAX,61650,526,523.0
2023-12-12,LAX,57146,485,484.0
2023-12-13,LAX,59510,489,488.0
2023-12-14,LAX,69056,539,538.0
2023-12-15,LAX,71894,542,541.0
2023-12-16,LAX,63622,464,463.0
2023-12-17,LAX,69560,530,529.0
2023-12-18,LAX,70385,525,524.0
2023-12-19,LAX,70113,518,518.0
2023-12-20,LAX,68536,544,542.0
2023-12-21,LAX,75397,559,558.0
2023-12-22,LAX,75350,556,555.0
2023-12-23,LAX,63676,523,520.0
2023-12-24,LAX,62605,445,444.0
2023-12-25,LAX,63483,463,459.0
2023-12-26,LAX,70333,552,551.0
2023-12-27,LAX,70805,550,550.0
2023-12-28,LAX,73224,551,551.0
2023-12-29,LAX,71630,549,548.0
2023-12-30,LAX,70552,525,524.0
2023-12-31,LAX,60456,456,455.0
2024-01-01,LAX,67641,489,488.0
2024-01-02,LAX,71959,546,546.0
2024-01-03,LAX,71705,528,528.0
2024-01-04,LAX,68028,515,514.0
2024-01-05,LAX,64801,517,517.0
2024-01-06,LAX,65195,474,463.0
2024-01-07,LAX,69709,523,507.0
2024-01-08,LAX,62262,515,494.0
2024-01-09,LAX,56074,475,456.0
2024-01-10,LAX,57008,463,441.0
2024-01-11,LAX,65122,503,477.0
2024-01-12,LAX,63152,506,472.0
2024-01-13,LAX,59910,422,401.0
2024-01-14,LAX,62020,479,442.0
2024-01-15,LAX,66890,508,466.0
2024-01-16,LAX,61122,461,434.0
2024-01-17,LAX,55560,465,445.0
2024-01-18,LAX,59099,518,493.0
2024-01-19,LAX,60346,517,495.0
2024-01-20,LAX,57032,425,413.0
2024-01-21,LAX,66467,524,512.0
2024-01-22,LAX,62054,511,491.0
2024-01-23,LAX,53478,462,450.0
2024-01-24,LAX,54379,466,447.0
2024-01-25,LAX,64871,519,498.0
2024-01-26,LAX,62105,518,505.0
2024-01-27,LAX,51744,427,420.0
2024-01-28,LAX,65151,526,524.0
2024-01-29,LAX,61777,504,501.0
2024-01-30,LAX,53105,460,460.0
2024-01-31,LAX,52620,462,457.0
2024-02-01,LAX,64707,507,503.0
2024-02-02,LAX,62168,506,506.0
2024-02-03,LAX,52822,421,415.0
2024-02-04,LAX,69034,514,487.0
2024-02-05,LAX,63540,504,500.0
2024-02-06,LAX,55265,460,459.0
2024-02-07,LAX,59675,460,460.0
2024-02-08,LAX,66683,509,508.0
2024-02-09,LAX,61711,510,510.0
2024-02-10,LAX,58175,422,421.0
2024-02-11,LAX,65748,493,493.0
2024-02-12,LAX,62975,502,498.0
2024-02-13,LAX,56574,454,451.0
2024-02-14,LAX,58188,458,458.0
2024-02-15,LAX,66474,520,519.0
2024-02-16,LAX,67792,518,516.0
2024-02-17,LAX,58107,446,445.0
2024-02-18,LAX,67469,491,490.0
2024-02-19,LAX,70317,513,511.0
2024-02-20,LAX,65396,473,473.0
2024-02-21,LAX,63517,480,480.0
2024-02-22,LAX,68356,520,520.0
2024-02-23,LAX,64873,517,517.0
2024-02-24,LAX,64365,445,445.0
2024-02-25,LAX,67062,527,527.0
2024-02-26,LAX,65984,512,512.0
2024-02-27,LAX,59656,472,469.0
2024-02-28,LAX,64966,482,480.0
2024-02-29,LAX,67029,518,515.0
2024-03-01,LAX,63554,514,511.0
2024-03-02,LAX,59537,447,435.0
2024-03-03,LAX,67709,526,521.0
2024-03-04,LAX,59557,511,510.0
2024-03-05,LAX,61878,473,472.0
2024-03-06,LAX,62234,486,486.0
2024-03-07,LAX,73491,536,534.0
2024-03-08,LAX,66167,534,532.0
2024-03-09,LAX,63304,456,451.0
2024-03-10,LAX,64224,525,520.0
2024-03-11,LAX,67554,533,532.0
2024-03-12,LAX,61803,493,493.0
2024-03-13,LAX,69896,505,500.0
2024-03-14,LAX,73823,546,538.0
2024-03-15,LAX,71380,546,544.0
2024-03-16,LAX,70841,469,467.0
2024-03-17,LAX,70450,532,532.0
2024-03-18,LAX,73361,541,539.0
2024-03-19,LAX,69931,494,494.0
2024-03-20,LAX,68167,506,506.0
2024-03-21,LAX,69331,549,547.0
2024-03-22,LAX,56842,546,546.0
2024-03-23,LAX,57402,467,464.0
2024-03-24,LAX,67285,534,533.0
2024-03-25,LAX,72795,542,540.0
2024-03-26,LAX,67882,496,496.0
2024-03-27,LAX,64781,506,504.0
2024-03-28,LAX,71271,549,548.0
2024-03-29,LAX,69789,548,548.0
2024-03-30,LAX,66782,473,472.0
2024-03-31,LAX,69661,533,531.0
2024-04-01,LAX,67097,541,540.0
2024-04-02,LAX,64311,493,493.0
2024-04-03,LAX,65533,501,499.0
2024-04-04,LAX,71306,546,543.0
2024-04-05,LAX,68860,540,537.0
2024-04-06,LAX,55465,469,467.0
2024-04-07,LAX,70477,532,532.0
2024-04-08,LAX,62601,544,541.0
2024-04-09,LAX,61762,501,499.0
2024-04-10,LAX,60414,511,509.0
2024-04-11,LAX,70516,552,551.0
2024-04-12,LAX,67247,547,543.0
2024-04-13,LAX,61905,470,469.0
2024-04-14,LAX,67360,539,539.0
2024-04-15,LAX,70616,552,552.0
2024-04-16,LAX,59683,508,508.0
2024-04-17,LAX,61502,516,515.0
2024-04-18,LAX,68874,552,551.0
2024-04-19,LAX,60464,549,549.0
2024-04-20,LAX,61679,471,469.0
2024-04-21,LAX,70985,542,539.0
2024-04-22,LAX,67242,548,548.0
2024-04-23,LAX,62534,507,506.0
2024-04-24,LAX,66926,515,512.0
2024-04-25,LAX,70834,554,553.0
2024-04-26,LAX,47352,549,548.0
2024-04-27,LAX,62272,470,469.0
2024-04-28,LAX,69654,543,539.0
2024-04-29,LAX,68771,548,547.0
2024-04-30,LAX,61930,508,508.0
2024-05-01,LAX,68149,519,517.0
2024-05-02,LAX,68072,553,549.0
2024-05-03,LAX,62239,550,547.0
2024-05-04,LAX,52746,472,471.0
2024-05-05,LAX,66502,545,544.0
2024-05-06,LAX,67348,548,544.0
2024-05-07,LAX,60452,513,513.0
2024-05-08,LAX,68249,523,523.0
2024-05-09,LAX,72216,556,554.0
2024-05-10,LAX,70493,553,552.0
2024-05-11,LAX,63288,476,476.0
2024-05-12,LAX,67943,548,544.0
2024-05-13,LAX,68616,553,552.0
2024-05-14,LAX,62676,516,515.0
2024-05-15,LAX,65315,519,517.0
2024-05-16,LAX,72774,556,552.0
2024-05-17,LAX,70731,555,553.0
2024-05-18,LAX,60097,478,478.0
2024-05-19,LAX,67829,548,546.0
2024-05-20,LAX,66842,554,552.0
2024-05-21,LAX,65322,516,515.0
2024-05-22,LAX,71194,522,520.0
2024-05-23,LAX,73594,570,569.0
2024-05-24,LAX,74854,569,563.0
2024-05-25,LAX,61906,487,487.0
2024-05-26,LAX,65330,515,514.0
2024-05-27,LAX,69651,566,562.0
2024-05-28,LAX,67952,529,518.0
2024-05-29,LAX,63955,536,529.0
2024-05-30,LAX,70435,573,561.0
2024-05-31,LAX,68889,569,559.0
2024-06-01,LAX,58696,494,478.0
2024-06-02,LAX,73756,563,557.0
2024-06-03,LAX,71145,569,566.0
2024-06-04,LAX,62849,529,527.0
2024-06-05,LAX,68055,543,538.0
2024-06-06,LAX,69645,580,574.0
2024-06-07,LAX,71140,578,576.0
2024-06-08,LAX,71300,508,507.0
2024-06-09,LAX,71334,568,567.0
2024-06-10,LAX,72383,579,575.0
2024-06-11,LAX,66566,544,542.0
2024-06-12,LAX,70419,552,544.0
2024-06-13,LAX,71521,583,574.0
2024-06-14,LAX,67733,576,573.0
2024-06-15,LAX,60727,505,504.0
2024-06-16,LAX,71094,567,566.0
2024-06-17,LAX,69822,578,577.0
2024-06-18,LAX,66726,549,546.0
2024-06-19,LAX,70551,557,557.0
2024-06-20,LAX,61895,584,580.0
2024-06-21,LAX,73141,577,577.0
2024-06-22,LAX,70407,505,504.0
2024-06-23,LAX,68417,568,563.0
2024-06-24,LAX,70737,579,577.0
2024-06-25,LAX,67156,550,546.0
2024-06-26,LAX,67879,557,556.0
2024-06-27,LAX,76991,586,582.0
2024-06-28,LAX,76967,579,578.0
2024-06-29,LAX,60306,512,512.0
2024-06-30,LAX,75706,557,551.0
2024-07-01,LAX,75803,553,547.0
2024-07-02,LAX,75532,541,540.0
2024-07-03,LAX,75802,563,561.0
2024-07-04,LAX,64070,500,498.0
2024-07-05,LAX,69846,528,526.0
2024-07-06,LAX,68853,512,512.0
2024-07-07,LAX,71005,580,575.0
2024-07-08,LAX,72102,589,571.0
2024-07-09,LAX,68937,556,553.0
2024-07-10,LAX,70699,567,562.0
2024-07-11,LAX,74023,598,594.0
2024-07-12,LAX,72210,592,585.0
2024-07-13,LAX,59172,517,513.0
2024-07-14,LAX,69297,582,567.0
2024-07-15,LAX,71934,593,588.0
2024-07-16,LAX,68422,561,557.0
2024-07-17,LAX,69065,567,562.0
2024-07-18,LAX,73027,598,550.0
2024-07-19,LAX,73329,591,497.0
2024-07-20,LAX,72331,517,463.0
2024-07-21,LAX,79031,583,515.0
2024-07-22,LAX,75839,593,554.0
2024-07-23,LAX,73899,561,543.0
2024-07-24,LAX,72761,567,565.0
2024-07-25,LAX,74531,598,595.0
2024-07-26,LAX,72971,591,591.0
2024-07-27,LAX,72699,517,516.0
2024-07-28,LAX,70774,582,581.0
2024-07-29,LAX,73911,593,592.0
2024-07-30,LAX,68095,561,558.0
2024-07-31,LAX,67772,567,563.0
2024-08-01,LAX,76042,597,595.0
2024-08-02,LAX,72728,590,582.0
2024-08-03,LAX,67747,514,506.0
2024-08-04,LAX,69161,581,548.0
2024-08-05,LAX,76856,583,569.0
2024-08-06,LAX,67573,549,537.0
2024-08-07,LAX,69956,553,549.0
2024-08-08,LAX,74340,585,584.0
2024-08-09,LAX,73341,578,571.0
2024-08-10,LAX,67630,506,505.0
2024-08-11,LAX,72710,595,591.0
2024-08-12,LAX,72726,575,574.0
2024-08-13,LAX,66485,553,553.0
2024-08-14,LAX,65519,552,550.0
2024-08-15,LAX,73607,580,579.0
2024-08-16,LAX,66414,576,575.0
2024-08-17,LAX,58865,508,506.0
2024-08-18,LAX,71757,591,582.0
2024-08-19,LAX,72480,567,560.0
2024-08-20,LAX,66861,529,529.0
2024-08-21,LAX,66358,535,533.0
2024-08-22,LAX,73948,570,570.0
2024-08-23,LAX,71147,565,564.0
2024-08-24,LAX,62378,506,505.0
2024-08-25,LAX,73948,578,578.0
2024-08-26,LAX,69306,542,540.0
2024-08-27,LAX,64091,510,509.0
2024-08-28,LAX,65558,511,511.0
2024-08-29,LAX,69781,563,560.0
2024-08-30,LAX,59037,560,556.0
2024-08-31,LAX,61814,475,475.0
2024-09-01,LAX,67049,498,498.0
2024-09-02,LAX,70810,555,554.0
2024-09-03,LAX,65632,507,506.0
2024-09-04,LAX,59167,480,480.0
2024-09-05,LAX,68580,530,530.0
2024-09-06,LAX,65530,528,527.0
2024-09-07,LAX,61132,475,474.0
2024-09-08,LAX,70923,569,568.0
2024-09-09,LAX,66370,554,554.0
2024-09-10,LAX,55761,506,505.0
2024-09-11,LAX,59319,510,507.0
2024-09-12,LAX,73839,563,561.0
2024-09-13,LAX,69065,556,554.0
2024-09-14,LAX,60477,484,484.0
2024-09-15,LAX,71727,575,575.0
2024-09-16,LAX,65774,555,554.0
2024-09-17,LAX,58098,506,506.0
2024-09-18,LAX,63872,510,509.0
2024-09-19,LAX,69887,564,564.0
2024-09-20,LAX,70614,554,554.0
2024-09-21,LAX,59507,482,482.0
2024-09-22,LAX,75667,577,576.0
2024-09-23,LAX,66190,555,555.0
2024-09-24,LAX,59922,506,506.0
2024-09-25,LAX,60982,510,509.0
2024-09-26,LAX,72784,569,558.0
2024-09-27,LAX,70172,561,558.0
2024-09-28,LAX,59353,489,487.0
2024-09-29,LAX,74277,582,581.0
2024-09-30,LAX,66695,559,559.0
2024-10-01,LAX,60385,514,514.0
2024-10-02,LAX,58112,522,522.0
2024-10-03,LAX,67730,582,579.0
2024-10-04,LAX,69045,578,576.0
2024-10-05,LAX,50664,492,490.0
2024-10-06,LAX,73333,584,583.0
2024-10-07,LAX,65615,577,575.0
2024-10-08,LAX,60226,513,508.0
2024-10-09,LAX,61595,525,512.0
2024-10-10,LAX,66349,581,572.0
2024-10-11,LAX,68864,580,579.0
2024-10-12,LAX,61178,502,502.0
2024-10-13,LAX,73977,588,586.0
2024-10-14,LAX,69350,578,577.0
2024-10-15,LAX,64403,516,516.0
2024-10-16,LAX,67616,526,526.0
2024-10-17,LAX,73237,580,579.0
2024-10-18,LAX,72916,580,580.0
2024-10-19,LAX,61518,499,499.0
2024-10-20,LAX,73421,586,586.0
2024-10-21,LAX,69866,578,578.0
2024-10-22,LAX,61362,517,515.0
2024-10-23,LAX,61091,526,525.0
2024-10-24,LAX,71001,580,579.0
2024-10-25,LAX,69570,579,579.0
2024-10-26,LAX,64774,493,493.0
2024-10-27,LAX,73212,555,555.0
2024-10-28,LAX,68767,550,549.0
2024-10-29,LAX,63835,501,498.0
2024-10-30,LAX,64454,503,503.0
2024-10-31,LAX,64978,471,470.0
2024-11-01,LAX,64505,547,547.0
2024-11-02,LAX,62506,486,485.0
2024-11-03,LAX,70056,553,553.0
2024-11-04,LAX,65533,534,529.0
2024-11-05,LAX,56452,453,452.0
2024-11-06,LAX,58706,487,487.0
2024-11-07,LAX,66368,539,536.0
2024-11-08,LAX,64689,536,528.0
2024-11-09,LAX,61306,467,466.0
2024-11-10,LAX,64827,545,545.0
2024-11-11,LAX,71549,557,557.0
2024-11-12,LAX,60797,499,499.0
2024-11-13,LAX,63963,502,501.0
2024-11-14,LAX,66381,556,556.0
2024-11-15,LAX,56920,556,556.0
2024-11-16,LAX,55564,470,470.0
2024-11-17,LAX,69036,563,562.0
2024-11-18,LAX,64954,562,561.0
2024-11-19,LAX,60539,500,499.0
2024-11-20,LAX,63321,504,499.0
2024-11-21,LAX,68730,572,569.0
2024-11-22,LAX,73450,570,570.0
2024-11-23,LAX,51123,531,531.0
2024-11-24,LAX,74445,571,571.0
2024-11-25,LAX,73393,564,563.0
2024-11-26,LAX,74117,565,560.0
2024-11-27,LAX,72426,565,565.0
2024-11-28,LAX,49088,355,355.0
2024-11-29,LAX,66009,503,503.0
2024-11-30,LAX,69466,547,547.0
2024-12-01,LAX,73311,583,582.0
2024-12-02,LAX,69151,568,566.0
2024-12-03,LAX,62918,507,503.0
2024-12-04,LAX,60428,498,495.0
2024-12-05,LAX,65758,537,536.0
2024-12-06,LAX,63657,542,542.0
2024-12-07,LAX,58540,462,462.0
2024-12-08,LAX,67517,550,549.0
2024-12-09,LAX,63824,545,545.0
2024-12-10,LAX,57873,490,490.0
2024-12-11,LAX,59147,492,492.0
2024-12-12,LAX,67137,545,544.0
2024-12-13,LAX,66268,557,556.0
2024-12-14,LAX,60759,464,464.0
2024-12-15,LAX,70729,554,551.0
2024-12-16,LAX,64189,545,543.0
2024-12-17,LAX,61717,499,497.0
2024-12-18,LAX,67782,518,516.0
2024-12-19,LAX,70792,565,561.0
2024-12-20,LAX,71005,566,563.0
2024-12-21,LAX,69258,550,550.0
2024-12-22,LAX,71105,564,564.0
2024-12-23,LAX,71021,565,564.0
2024-12-24,LAX,58075,459,455.0
2024-12-25,LAX,60080,467,467.0
2024-12-26,LAX,68842,564,555.0
2024-12-27,LAX,68207,565,562.0
2024-12-28,LAX,63151,551,544.0
2024-12-29,LAX,67688,565,560.0
2024-12-30,LAX,73014,567,566.0
2024-12-31,LAX,62625,491,490.0
2025-01-01,LAX,66618,507,507.0
2025-01-02,LAX,69775,562,562.0
2025-01-03,LAX,69971,559,558.0
2025-01-04,LAX,68527,542,538.0
2025-01-05,LAX,69298,555,537.0
2025-01-06,LAX,64033,538,531.0
2025-01-07,LAX,59476,460,458.0
2025-01-08,LAX,54659,462,455.0
2025-01-09,LAX,58587,501,478.0
2025-01-10,LAX,59958,498,480.0
2025-01-11,LAX,56051,422,418.0
2025-01-12,LAX,58511,504,504.0
2025-01-13,LAX,53876,496,496.0
2025-01-14,LAX,52106,441,441.0
2025-01-15,LAX,52626,448,448.0
2025-01-16,LAX,64170,508,508.0
2025-01-17,LAX,64245,507,506.0
2025-01-18,LAX,55176,416,416.0
2025-01-19,LAX,60789,449,444.0
2025-01-20,LAX,63763,513,499.0
2025-01-21,LAX,56825,446,424.0
2025-01-22,LAX,55029,454,444.0
2025-01-23,LAX,60650,512,509.0
2025-01-24,LAX,60621,508,508.0
2025-01-25,LAX,55996,421,419.0
2025-01-26,LAX,58583,515,514.0
2025-01-27,LAX,55838,504,503.0
2025-01-28,LAX,49625,443,443.0
2025-01-29,LAX,55006,451,450.0
2025-01-30,LAX,61459,509,502.0
2025-01-31,LAX,57681,506,499.0
2025-02-01,LAX,51191,423,422.0
2025-02-02,LAX,59713,514,502.0
2025-02-03,LAX,57279,506,496.0
2025-02-04,LAX,52084,444,443.0
2025-02-05,LAX,57148,453,448.0
2025-02-06,LAX,63952,518,518.0
2025-02-07,LAX,60539,516,515.0
2025-02-08,LAX,50982,424,414.0
2025-02-09,LAX,59401,482,479.0
2025-02-10,LAX,57446,514,513.0
2025-02-11,LAX,54322,444,443.0
2025-02-12,LAX,55979,455,453.0
2025-02-13,LAX,66013,531,518.0
2025-02-14,LAX,63533,529,527.0
2025-02-15,LAX,55915,454,449.0
2025-02-16,LAX,64817,505,502.0
2025-02-17,LAX,63626,531,527.0
2025-02-18,LAX,58855,477,475.0
2025-02-19,LAX,59494,480,477.0
2025-02-20,LAX,65908,530,526.0
2025-02-21,LAX,65015,531,530.0
2025-02-22,LAX,61114,457,456.0
2025-02-23,LAX,69812,535,534.0
2025-02-24,LAX,63612,526,522.0
2025-02-25,LAX,57536,470,469.0
2025-02-26,LAX,61846,480,479.0
2025-02-27,LAX,65854,531,531.0
2025-02-28,LAX,67072,528,528.0
2025-03-01,LAX,55567,455,455.0
2025-03-02,LAX,61732,532,532.0
2025-03-03,LAX,60074,525,524.0
2025-03-04,LAX,51663,463,454.0
2025-03-05,LAX,61632,483,480.0
2025-03-06,LAX,61960,548,543.0
2025-03-07,LAX,66646,544,544.0
2025-03-08,LAX,58037,470,468.0
2025-03-09,LAX,65647,550,548.0
2025-03-10,LAX,60900,550,550.0
2025-03-11,LAX,59363,492,490.0
2025-03-12,LAX,56145,510,510.0
2025-03-13,LAX,64429,554,554.0
2025-03-14,LAX,67199,550,546.0
2025-03-15,LAX,63994,478,475.0
2025-03-16,LAX,69197,551,547.0
2025-03-17,LAX,71430,549,544.0
2025-03-18,LAX,60244,493,489.0
2025-03-19,LAX,63929,517,514.0
2025-03-20,LAX,71465,557,555.0
2025-03-21,LAX,70522,552,552.0
2025-03-22,LAX,57851,486,486.0
2025-03-23,LAX,70988,550,550.0
2025-03-24,LAX,69092,551,548.0
2025-03-25,LAX,63406,499,499.0
2025-03-26,LAX,63474,516,516.0
2025-03-27,LAX,73755,557,556.0
2025-03-28,LAX,70248,553,553.0
2025-03-29,LAX,66249,486,486.0
2025-03-30,LAX,66073,545,541.0
2025-03-31,LAX,65461,547,540.0
2025-04-01,LAX,60615,499,495.0
2025-04-02,LAX,59197,511,504.0
2025-04-03,LAX,66962,548,543.0
2025-04-04,LAX,69291,547,547.0
2025-04-05,LAX,61574,481,480.0
2025-04-06,LAX,66452,545,543.0
2025-04-07,LAX,64766,548,547.0
2025-04-08,LAX,61424,499,499.0
2025-04-09,LAX,58800,507,507.0
2025-04-10,LAX,68454,548,547.0
2025-04-11,LAX,68380,545,543.0
2025-04-12,LAX,62715,470,470.0
2025-04-13,LAX,68104,545,545.0
2025-04-14,LAX,68062,547,546.0
2025-04-15,LAX,59119,501,501.0
2025-04-16,LAX,63268,513,512.0
2025-04-17,LAX,71140,551,550.0
2025-04-18,LAX,58280,549,549.0
2025-04-19,LAX,60075,476,475.0
2025-04-20,LAX,65011,547,547.0
2025-04-21,LAX,70989,547,546.0
2025-04-22,LAX,61123,501,501.0
2025-04-23,LAX,60276,513,513.0
2025-04-24,LAX,67856,552,550.0
2025-04-25,LAX,68741,552,550.0
2025-04-26,LAX,58036,478,477.0
2025-04-27,LAX,67085,551,550.0
2025-04-28,LAX,67001,548,546.0
2025-04-29,LAX,62192,500,500.0
2025-04-30,LAX,61497,518,510.0
2025-05-01,LAX,69058,557,556.0
2025-05-02,LAX,66718,554,550.0
2025-05-03,LAX,57392,484,482.0
2025-05-04,LAX,66636,554,554.0
2025-05-05,LAX,72662,552,549.0
2025-05-06,LAX,60143,497,493.0
2025-05-07,LAX,62884,518,517.0
2025-05-08,LAX,68115,561,561.0
2025-05-09,LAX,59590,562,559.0
2025-05-10,LAX,56295,488,488.0
2025-05-11,LAX,60923,559,559.0
2025-05-12,LAX,63838,560,559.0
2025-05-13,LAX,60107,510,508.0
2025-05-14,LAX,64763,521,519.0
2025-05-15,LAX,69694,553,553.0
2025-05-16,LAX,71400,554,551.0
2025-05-17,LAX,60217,486,481.0
2025-05-18,LAX,69362,551,549.0
2025-05-19,LAX,66867,553,550.0
2025-05-20,LAX,64036,507,505.0
2025-05-21,LAX,65542,523,521.0
2025-05-22,LAX,74870,561,560.0
2025-05-23,LAX,70578,560,560.0
2025-05-24,LAX,60227,488,488.0
2025-05-25,LAX,63748,512,512.0
2025-05-26,LAX,67422,559,552.0
2025-05-27,LAX,62858,519,515.0
2025-05-28,LAX,57626,527,526.0
2025-05-29,LAX,67199,562,561.0
2025-05-30,LAX,69264,559,556.0
2025-05-31,LAX,62792,495,494.0
2025-06-01,LAX,69310,558,558.0
2025-06-02,LAX,68526,561,561.0
2025-06-03,LAX,63743,509,509.0
2025-06-04,LAX,62607,523,522.0
2025-06-05,LAX,72368,573,571.0
2025-06-06,LAX,74648,571,567.0
2025-06-07,LAX,65111,510,508.0
2025-06-08,LAX,67126,561,556.0
2025-06-09,LAX,67401,574,571.0
2025-06-10,LAX,64069,529,529.0
2025-06-11,LAX,66434,539,538.0
2025-06-12,LAX,66809,579,579.0
2025-06-13,LAX,68431,574,571.0
2025-06-14,LAX,65261,509,505.0
2025-06-15,LAX,65001,568,560.0
2025-06-16,LAX,70584,577,571.0
2025-06-17,LAX,66508,538,534.0
2025-06-18,LAX,68307,546,545.0
2025-06-19,LAX,71778,579,574.0
2025-06-20,LAX,69682,576,573.0
2025-06-21,LAX,64566,511,511.0
2025-06-22,LAX,63763,569,569.0
2025-06-23,LAX,68139,577,577.0
2025-06-24,LAX,64862,535,535.0
2025-06-25,LAX,65722,546,542.0
2025-06-26,LAX,70643,580,575.0
2025-06-27,LAX,70963,580,567.0
2025-06-28,LAX,65363,512,497.0
2025-06-29,LAX,67264,555,551.0
2025-06-30,LAX,70168,559,555.0
2025-07-01,LAX,63789,522,511.0
2025-07-02,LAX,67106,532,530.0
2025-07-03,LAX,73691,563,559.0
2025-07-04,LAX,58311,473,469.0
2025-07-05,LAX,63679,489,487.0
2025-07-06,LAX,65661,575,573.0
2025-07-07,LAX,64105,580,578.0
2025-07-08,LAX,63566,540,533.0
2025-07-09,LAX,67410,546,542.0
2025-07-10,LAX,70198,580,572.0
2025-07-11,LAX,68773,578,566.0
2025-07-12,LAX,64518,509,497.0
2025-07-13,LAX,69236,572,561.0
2025-07-14,LAX,66904,577,565.0
2025-07-15,LAX,68158,538,528.0
2025-07-16,LAX,69247,546,540.0
2025-07-17,LAX,72668,580,571.0
2025-07-18,LAX,71055,579,577.0
2025-07-19,LAX,55396,509,508.0
2025-07-20,LAX,68276,572,566.0
2025-07-21,LAX,67705,578,572.0
2025-07-22,LAX,64787,538,530.0
2025-07-23,LAX,68466,546,545.0
2025-07-24,LAX,70822,580,579.0
2025-07-25,LAX,69643,579,574.0
2025-07-26,LAX,57517,509,505.0
2025-07-27,LAX,71427,572,563.0
2025-07-28,LAX,73518,578,570.0
2025-07-29,LAX,65168,538,525.0
2025-07-30,LAX,67998,546,540.0
2025-07-31,LAX,73752,580,563.0
2025-08-01,LAX,72641,578,557.0
2025-08-02,LAX,66018,508,503.0
2025-08-03,LAX,69263,570,566.0
2025-08-04,LAX,70887,574,569.0
2025-08-05,LAX,63754,525,525.0
2025-08-06,LAX,64958,526,518.0
2025-08-07,LAX,74029,569,563.0
2025-08-08,LAX,71551,565,563.0
2025-08-09,LAX,66752,490,489.0
2025-08-10,LAX,67453,572,571.0
2025-08-11,LAX,66899,560,560.0
2025-08-12,LAX,61115,510,509.0
2025-08-13,LAX,65305,516,515.0
2025-08-14,LAX,73756,563,560.0
2025-08-15,LAX,67418,561,561.0
2025-08-16,LAX,61712,484,483.0
2025-08-17,LAX,70706,566,563.0
2025-08-18,LAX,65658,559,555.0
2025-08-19,LAX,60972,495,493.0
2025-08-20,LAX,64092,504,504.0
2025-08-21,LAX,71852,558,558.0
2025-08-22,LAX,65730,556,556.0
2025-08-23,LAX,64580,474,474.0
2025-08-24,LAX,71607,561,561.0
2025-08-25,LAX,65085,538,537.0
2025-08-26,LAX,59266,475,472.0
2025-08-27,LAX,61643,492,492.0
2025-08-28,LAX,73294,541,532.0
2025-08-29,LAX,75669,544,544.0
2025-08-30,LAX,61752,462,459.0
2025-08-31,LAX,66928,497,493.0
2025-09-01,LAX,73569,536,536.0
2025-09-02,LAX,59896,478,477.0
2025-09-03,LAX,56910,461,461.0
2025-09-04,LAX,65976,517,515.0
2025-09-05,LAX,63873,520,517.0
2025-09-06,LAX,54736,452,452.0
2025-09-07,LAX,68241,539,538.0
2025-09-08,LAX,62864,523,523.0
2025-09-09,LAX,55433,454,454.0
2025-09-10,LAX,56925,468,468.0
2025-09-11,LAX,63692,548,548.0
2025-09-12,LAX,64309,542,541.0
2025-09-13,LAX,58526,455,455.0
2025-09-14,LAX,71587,558,558.0
2025-09-15,LAX,60425,543,543.0
2025-09-16,LAX,54511,467,467.0
2025-09-17,LAX,58233,483,481.0
2025-09-18,LAX,70813,551,551.0
2025-09-19,LAX,69451,545,536.0
2025-09-20,LAX,59384,457,457.0
2025-09-21,LAX,66225,558,556.0
2025-09-22,LAX,63355,544,543.0
2025-09-23,LAX,51265,465,465.0
2025-09-24,LAX,56496,482,482.0
2025-09-25,LAX,69391,547,547.0
2025-09-26,LAX,65540,544,524.0
2025-09-27,LAX,56462,457,456.0
2025-09-28,LAX,67836,557,557.0
2025-09-29,LAX,59106,541,541.0
2025-09-30,LAX,56461,470,470.0
2025-10-01,LAX,54956,486,486.0
2025-10-02,LAX,64786,555,554.0
2025-10-03,LAX,68727,552,552.0
2025-10-04,LAX,56395,459,459.0
2025-10-05,LAX,67126,557,556.0
2025-10-06,LAX,66959,554,554.0
2025-10-07,LAX,57815,488,488.0
2025-10-08,LAX,62533,502,501.0
2025-10-09,LAX,74364,554,552.0
2025-10-10,LAX,68699,558,558.0
2025-10-11,LAX,60447,462,462.0
2025-10-12,LAX,69074,560,558.0
2025-10-13,LAX,71638,556,553.0
2025-10-14,LAX,63882,488,487.0
2025-10-15,LAX,62130,504,504.0
2025-10-16,LAX,72543,555,555.0
2025-10-17,LAX,71185,561,559.0
2025-10-18,LAX,59331,460,458.0
2025-10-19,LAX,66931,559,559.0
2025-10-20,LAX,66930,557,556.0
2025-10-21,LAX,59887,488,488.0
2025-10-22,LAX,61662,503,503.0
2025-10-23,LAX,65683,553,550.0
2025-10-24,LAX,66649,556,550.0
2025-10-25,LAX,57720,454,451.0
2025-10-26,LAX,67678,564,560.0
2025-10-27,LAX,62674,555,553.0
2025-10-28,LAX,50898,468,468.0
2025-10-29,LAX,52139,479,479.0
2025-10-30,LAX,60716,530,523.0
2025-10-31,LAX,50193,445,436.0
2025-11-01,LAX,44151,435,434.0
2025-11-03,LAX,114959,511,510.0
2025-11-09,LAX,52,549,505.0
2025-11-10,LAX,33603,538,501.0
2025-11-11,LAX,28625,479,455.0
2025-11-12,LAX,18347,486,467.0
2025-11-13,LAX,24755,545,523.0
2025-11-14,LAX,28802,537,520.0
2025-11-15,LAX,30387,453,449.0
2025-11-16,LAX,61601,547,545.0
2025-11-17,LAX,59861,525,525.0
2025-11-18,LAX,55170,479,478.0
2025-11-19,LAX,53637,484,483.0
2025-11-20,LAX,59761,543,537.0
2025-11-21,LAX,45531,572,565.0
2025-11-22,LAX,44041,522,521.0
2025-11-23,LAX,61336,562,559.0
2025-11-24,LAX,61072,552,549.0
2025-11-25,LAX,65165,554,553.0
2025-11-26,LAX,66406,557,556.0
2025-11-27,LAX,45325,349,349.0
2025-11-28,LAX,58222,520,520.0
2025-11-29,LAX,65726,550,537.0
2025-11-30,LAX,67265,583,573.0
2025-12-01,LAX,62037,568,564.0
2025-12-02,LAX,55479,494,493.0
2025-12-03,LAX,57829,480,480.0
2025-12-04,LAX,59689,519,518.0
2025-12-05,LAX,55844,517,513.0
2025-12-06,LAX,50988,450,448.0
2025-12-07,LAX,61300,538,530.0
2025-12-08,LAX,55600,510,502.0
2025-12-09,LAX,53248,470,469.0
2025-12-10,LAX,57428,477,477.0
2025-12-11,LAX,62735,521,520.0
2025-12-12,LAX,61530,533,531.0
2025-12-13,LAX,53031,452,452.0
2025-12-14,LAX,61355,540,524.0
2025-12-15,LAX,56494,511,508.0
2025-12-16,LAX,54145,472,471.0
2025-12-17,LAX,58340,487,487.0
2025-12-18,LAX,63325,554,551.0
2025-12-19,LAX,67550,565,561.0
2025-12-20,LAX,65074,539,534.0
2025-12-21,LAX,65570,563,557.0
2025-12-22,LAX,66817,561,558.0
2025-12-23,LAX,64449,557,555.0
2025-12-24,LAX,56990,451,448.0
2025-12-25,LAX,53505,451,444.0
2025-12-26,LAX,53122,558,536.0
2025-12-27,LAX,63368,541,528.0
2025-12-28,LAX,125822,558,546.0
2025-12-29,LAX,130892,562,557.0
2025-12-30,LAX,125356,564,561.0
2025-12-31,LAX,110826,487,485.0
2019-01-01,LGA,5541,300,297.0
2019-01-02,LGA,7509,371,370.0
2019-01-03,LGA,3666,356,356.0
2019-01-04,LGA,3986,357,357.0
2019-01-05,LGA,5676,259,259.0
2019-01-06,LGA,12919,420,419.0
2019-01-07,LGA,1888,525,525.0
2019-01-08,LGA,5031,518,516.0
2019-01-09,LGA,5133,516,510.0
2019-01-10,LGA,2819,527,500.0
2019-01-11,LGA,2139,525,522.0
2019-01-12,LGA,91,261,255.0
2019-01-13,LGA,94,431,415.0
2019-01-14,LGA,4863,527,521.0
2019-01-15,LGA,9958,518,517.0
2019-01-16,LGA,144,516,512.0
2019-01-17,LGA,1622,527,522.0
2019-01-18,LGA,3401,525,506.0
2019-01-19,LGA,493,226,206.0
2019-01-20,LGA,29028,308,279.0
2019-01-21,LGA,44704,493,459.0
2019-01-22,LGA,36927,518,484.0
2019-01-23,LGA,33795,516,500.0
2019-01-24,LGA,38229,527,448.0
2019-01-25,LGA,39721,525,508.0
2019-01-26,LGA,21376,261,259.0
2019-01-27,LGA,37930,431,426.0
2019-01-28,LGA,34378,527,490.0
2019-01-29,LGA,28545,518,493.0
2019-01-30,LGA,28570,516,447.0
2019-01-31,LGA,38622,527,497.0
2019-02-01,LGA,41013,524,516.0
2019-02-02,LGA,21700,226,225.0
2019-02-03,LGA,32374,329,328.0
2019-02-04,LGA,37379,527,526.0
2019-02-05,LGA,31816,518,507.0
2019-02-06,LGA,35397,516,512.0
2019-02-07,LGA,42026,527,522.0
2019-02-08,LGA,41823,525,524.0
2019-02-09,LGA,23840,261,261.0
2019-02-10,LGA,9688,431,425.0
2019-02-11,LGA,30422,527,515.0
2019-02-12,LGA,42528,518,259.0
2019-02-13,LGA,26621,516,501.0
2019-02-14,LGA,33520,527,526.0
2019-02-15,LGA,10053,526,523.0
2019-02-16,LGA,12737,250,250.0
2019-02-17,LGA,41360,325,318.0
2019-02-18,LGA,84809,504,494.0
2019-02-19,LGA,96615,519,515.0
2019-02-20,LGA,66697,519,402.0
2019-02-21,LGA,43873,527,509.0
2019-02-22,LGA,40164,526,523.0
2019-02-23,LGA,23224,269,266.0
2019-02-24,LGA,38207,437,418.0
2019-02-25,LGA,36627,527,452.0
2019-02-26,LGA,31575,519,515.0
2019-02-27,LGA,19966,508,504.0
2019-02-28,LGA,16477,527,519.0
2019-03-01,LGA,43440,526,506.0
2019-03-02,LGA,43951,295,279.0
2019-03-03,LGA,26343,451,388.0
2019-03-04,LGA,38175,532,420.0
2019-03-05,LGA,35527,524,520.0
2019-03-06,LGA,33332,526,524.0
2019-03-07,LGA,37761,532,527.0
2019-03-08,LGA,293,531,529.0
2019-03-09,LGA,42501,297,291.0
2019-03-10,LGA,87850,452,440.0
2019-03-11,LGA,72344,532,528.0
2019-03-12,LGA,39546,524,522.0
2019-03-13,LGA,42581,526,510.0
2019-03-14,LGA,51689,533,525.0
2019-03-15,LGA,52769,532,512.0
2019-03-16,LGA,36726,297,290.0
2019-03-17,LGA,49336,453,450.0
2019-03-18,LGA,48499,531,529.0
2019-03-19,LGA,40281,525,517.0
2019-03-20,LGA,43695,525,520.0
2019-03-21,LGA,45160,526,521.0
2019-03-22,LGA,11927,526,517.0
2019-03-23,LGA,33501,292,291.0
2019-03-24,LGA,72602,447,444.0
2019-03-25,LGA,43278,527,526.0
2019-03-26,LGA,36789,520,518.0
2019-03-27,LGA,41638,522,522.0
2019-03-28,LGA,47391,528,527.0
2019-03-29,LGA,47766,527,526.0
2019-03-30,LGA,44,292,290.0
2019-03-31,LGA,72185,441,441.0
2019-04-01,LGA,49616,526,522.0
2019-04-02,LGA,34385,521,521.0
2019-04-03,LGA,15065,523,515.0
2019-04-04,LGA,25247,528,525.0
2019-04-05,LGA,50248,528,525.0
2019-04-06,LGA,52656,288,287.0
2019-04-07,LGA,77257,444,441.0
2019-04-08,LGA,49367,530,524.0
2019-04-09,LGA,39935,525,521.0
2019-04-10,LGA,43921,525,517.0
2019-04-11,LGA,51076,530,527.0
2019-04-12,LGA,51261,527,520.0
2019-04-13,LGA,34297,287,283.0
2019-04-14,LGA,44820,443,376.0
2019-04-15,LGA,51710,530,512.0
2019-04-16,LGA,51767,523,521.0
2019-04-18,LGA,51226,530,529.0
2019-04-19,LGA,59399,521,475.0
2019-04-20,LGA,54557,270,267.0
2019-04-21,LGA,84953,435,434.0
2019-04-22,LGA,54569,527,525.0
2019-04-23,LGA,47232,523,522.0
2019-04-24,LGA,43581,524,521.0
2019-04-25,LGA,45746,528,525.0
2019-04-26,LGA,43710,524,428.0
2019-04-27,LGA,12523,282,274.0
2019-04-28,LGA,17153,442,441.0
2019-05-05,LGA,47154,459,457.0
2019-05-06,LGA,47898,537,532.0
2019-05-07,LGA,39272,529,526.0
2019-05-08,LGA,44933,533,521.0
2019-05-09,LGA,50286,537,534.0
2019-05-10,LGA,52003,537,532.0
2019-05-11,LGA,30123,279,278.0
2019-05-12,LGA,45230,435,430.0
2019-05-13,LGA,48458,537,531.0
2019-05-14,LGA,41109,529,522.0
2019-05-15,LGA,46389,531,530.0
2019-05-16,LGA,52864,538,533.0
2019-05-17,LGA,53188,537,532.0
2019-05-18,LGA,34043,289,286.0
2019-05-19,LGA,49411,458,429.0
2019-05-20,LGA,57053,537,525.0
2019-05-21,LGA,48991,531,526.0
2019-05-22,LGA,51193,534,531.0
2019-05-23,LGA,18103,536,493.0
2019-05-24,LGA,35628,535,532.0
2019-05-25,LGA,60160,274,273.0
2019-05-26,LGA,69130,327,324.0
2019-05-27,LGA,48771,462,449.0
2019-05-28,LGA,47656,532,463.0
2019-05-29,LGA,42090,534,422.0
2019-05-30,LGA,50550,537,472.0
2019-05-31,LGA,52732,537,534.0
2019-06-01,LGA,31143,290,289.0
2019-06-02,LGA,46778,459,431.0
2019-06-03,LGA,51020,537,528.0
2019-06-05,LGA,43877,534,509.0
2019-06-06,LGA,45036,531,528.0
2019-06-07,LGA,50592,532,530.0
2019-06-08,LGA,51667,321,319.0
2019-06-09,LGA,63453,465,446.0
2019-06-10,LGA,67188,537,444.0
2019-06-11,LGA,48102,535,527.0
2019-06-12,LGA,48487,536,526.0
2019-06-13,LGA,51956,537,528.0
2019-06-14,LGA,53617,538,534.0
2019-06-15,LGA,34635,323,323.0
2019-06-16,LGA,48720,464,456.0
2019-06-17,LGA,51415,537,522.0
2019-06-18,LGA,46291,535,488.0
2019-06-19,LGA,52723,535,510.0
2019-06-20,LGA,49890,537,419.0
2019-06-21,LGA,56785,537,522.0
2019-06-22,LGA,36085,325,321.0
2019-06-23,LGA,48840,465,459.0
2019-06-24,LGA,54786,537,530.0
2019-06-25,LGA,52527,535,527.0
2019-06-26,LGA,54992,536,533.0
2019-06-27,LGA,55201,536,532.0
2019-06-28,LGA,54031,538,531.0
2019-06-29,LGA,38003,326,299.0
2019-06-30,LGA,45465,400,392.0
2019-07-01,LGA,50406,411,407.0
2019-07-02,LGA,48760,408,405.0
2019-07-03,LGA,26,413,410.0
2019-07-04,LGA,50390,302,300.0
2019-07-05,LGA,39538,315,310.0
2019-07-06,LGA,38139,323,278.0
2019-07-07,LGA,89363,469,453.0
2019-07-08,LGA,55024,538,530.0
2019-07-09,LGA,50098,537,535.0
2019-07-10,LGA,50014,538,532.0
2019-07-11,LGA,46065,538,388.0
2019-07-12,LGA,56884,539,520.0
2019-07-13,LGA,37032,328,322.0
2019-07-14,LGA,47414,468,465.0
2019-07-15,LGA,51926,538,531.0
2019-07-16,LGA,49792,537,528.0
2019-07-17,LGA,47911,537,409.0
2019-07-18,LGA,55395,537,491.0
2019-07-19,LGA,54982,539,528.0
2019-07-20,LGA,36731,328,322.0
2019-07-21,LGA,49182,468,446.0
2019-07-22,LGA,50618,538,410.0
2019-07-23,LGA,56489,537,516.0
2019-07-24,LGA,51873,538,533.0
2019-07-25,LGA,54205,538,538.0
2019-07-26,LGA,54770,539,535.0
2019-07-27,LGA,37055,329,326.0
2019-07-28,LGA,50141,468,468.0
2019-07-29,LGA,51683,538,531.0
2019-07-30,LGA,51981,537,525.0
2019-07-31,LGA,49873,538,408.0
2019-08-01,LGA,59041,538,518.0
2019-08-02,LGA,55895,539,532.0
2019-08-03,LGA,37233,329,327.0
2019-08-04,LGA,50040,469,468.0
2019-08-05,LGA,52774,538,535.0
2019-08-06,LGA,50707,538,498.0
2019-08-07,LGA,81,537,341.0
2019-08-08,LGA,46860,537,446.0
2019-08-09,LGA,57533,539,528.0
2019-08-10,LGA,57210,329,329.0
2019-08-11,LGA,90974,469,468.0
2019-08-12,LGA,54865,538,533.0
2019-08-13,LGA,50169,535,523.0
2019-08-14,LGA,52047,536,529.0
2019-08-15,LGA,54376,538,524.0
2019-08-16,LGA,54042,539,533.0
2019-08-17,LGA,37392,329,323.0
2019-08-18,LGA,47620,469,359.0
2019-08-19,LGA,54116,536,499.0
2019-08-20,LGA,48884,533,481.0
2019-08-21,LGA,46668,534,452.0
2019-08-22,LGA,133,535,472.0
2019-08-23,LGA,52647,537,528.0
2019-08-24,LGA,52651,327,326.0
2019-08-25,LGA,61176,469,467.0
2019-08-26,LGA,65885,536,535.0
2019-08-27,LGA,37752,532,529.0
2019-08-28,LGA,8368,533,531.0
2019-08-29,LGA,23262,533,531.0
2019-08-30,LGA,9869,532,529.0
2019-08-31,LGA,47559,286,282.0
2019-09-01,LGA,76684,339,338.0
2019-09-02,LGA,73429,478,419.0
2019-09-03,LGA,42388,488,462.0
2019-09-04,LGA,36863,474,458.0
2019-09-05,LGA,39535,477,464.0
2019-09-06,LGA,44126,480,468.0
2019-09-07,LGA,25973,275,275.0
2019-09-08,LGA,44715,451,451.0
2019-09-09,LGA,46615,531,529.0
2019-09-10,LGA,38203,518,517.0
2019-09-11,LGA,37515,519,516.0
2019-09-12,LGA,47068,531,529.0
2019-09-13,LGA,47611,531,529.0
2019-09-14,LGA,27396,283,283.0
2019-09-15,LGA,46598,451,447.0
2019-09-16,LGA,46887,532,530.0
2019-09-17,LGA,30712,518,517.0
2019-09-18,LGA,9506,519,516.0
2019-09-19,LGA,41532,532,521.0
2019-09-20,LGA,49328,531,529.0
2019-09-21,LGA,51619,283,282.0
2019-09-22,LGA,78415,450,450.0
2019-09-23,LGA,47130,531,531.0
2019-09-24,LGA,39629,518,516.0
2019-09-25,LGA,42438,519,516.0
2019-09-26,LGA,51734,532,529.0
2019-09-27,LGA,57582,530,509.0
2019-09-28,LGA,35624,283,281.0
2019-09-29,LGA,47996,451,448.0
2019-09-30,LGA,46758,528,525.0
2019-10-01,LGA,35805,523,521.0
2019-10-02,LGA,13193,521,520.0
2019-10-03,LGA,25598,530,525.0
2019-10-04,LGA,45729,528,527.0
2019-10-05,LGA,49763,279,279.0
2019-10-06,LGA,74307,451,450.0
2019-10-07,LGA,48161,530,528.0
2019-10-08,LGA,39089,522,518.0
2019-10-09,LGA,39606,522,516.0
2019-10-10,LGA,49090,530,484.0
2019-10-11,LGA,55629,529,525.0
2019-10-12,LGA,35174,279,279.0
2019-10-13,LGA,46511,451,451.0
2019-10-14,LGA,51290,530,528.0
2019-10-15,LGA,48537,526,525.0
2019-10-16,LGA,45711,526,523.0
2019-10-17,LGA,49642,530,493.0
2019-10-18,LGA,55146,529,528.0
2019-10-19,LGA,33259,279,279.0
2019-10-20,LGA,49102,451,449.0
2019-10-21,LGA,48405,530,527.0
2019-10-22,LGA,40291,526,521.0
2019-10-23,LGA,42849,526,526.0
2019-10-24,LGA,49979,530,523.0
2019-10-25,LGA,53847,529,521.0
2019-10-26,LGA,30655,269,269.0
2019-10-27,LGA,46440,420,418.0
2019-10-28,LGA,48081,462,461.0
2019-10-29,LGA,38640,461,458.0
2019-10-30,LGA,40309,464,460.0
2019-10-31,LGA,40543,418,412.0
2019-11-01,LGA,46417,440,436.0
2019-11-02,LGA,28438,268,267.0
2019-11-03,LGA,44098,446,445.0
2019-11-04,LGA,49304,522,519.0
2019-11-05,LGA,42817,498,496.0
2019-11-06,LGA,48274,506,505.0
2019-11-07,LGA,51081,529,528.0
2019-11-08,LGA,53693,528,523.0
2019-11-09,LGA,30872,281,281.0
2019-11-10,LGA,45745,452,452.0
2019-11-11,LGA,48932,529,505.0
2019-11-12,LGA,42794,527,527.0
2019-11-13,LGA,39933,527,527.0
2019-11-14,LGA,44750,529,528.0
2019-11-15,LGA,46808,529,529.0
2019-11-16,LGA,25679,281,280.0
2019-11-17,LGA,46931,453,453.0
2019-11-18,LGA,44250,529,518.0
2019-11-19,LGA,38037,526,526.0
2019-11-20,LGA,39035,527,524.0
2019-11-21,LGA,47215,517,516.0
2019-11-22,LGA,46345,518,518.0
2019-11-23,LGA,33165,291,291.0
2019-11-24,LGA,42982,425,425.0
2019-11-25,LGA,45704,449,448.0
2019-11-26,LGA,50768,477,475.0
2019-11-27,LGA,48735,501,501.0
2019-11-28,LGA,29654,228,228.0
2019-11-29,LGA,32226,258,258.0
2019-11-30,LGA,45511,462,461.0
2019-12-01,LGA,48892,507,490.0
2019-12-02,LGA,45396,519,458.0
2019-12-03,LGA,705,501,475.0
2019-12-04,LGA,45496,519,517.0
2019-12-05,LGA,43271,525,523.0
2019-12-06,LGA,46295,525,525.0
2019-12-07,LGA,47929,278,278.0
2019-12-08,LGA,80952,441,441.0
2019-12-09,LGA,48025,525,505.0
2019-12-10,LGA,43026,516,516.0
2019-12-11,LGA,41987,521,500.0
2019-12-12,LGA,48780,525,525.0
2019-12-13,LGA,50113,524,521.0
2019-12-14,LGA,32680,278,278.0
2019-12-15,LGA,47843,441,441.0
2019-12-16,LGA,49212,525,525.0
2019-12-17,LGA,46701,513,502.0
2019-12-18,LGA,48392,513,486.0
2019-12-19,LGA,54670,513,505.0
2019-12-20,LGA,54007,512,511.0
2019-12-21,LGA,44172,357,357.0
2019-12-22,LGA,46386,409,409.0
2019-12-23,LGA,52650,433,431.0
2019-12-24,LGA,36713,273,270.0
2019-12-25,LGA,32708,251,251.0
2019-12-26,LGA,44326,417,416.0
2019-12-27,LGA,45317,417,415.0
2019-12-28,LGA,40672,347,346.0
2019-12-29,LGA,39757,396,395.0
2019-12-30,LGA,45546,419,417.0
2019-12-31,LGA,32739,265,264.0
2020-01-01,LGA,36736,303,302.0
2020-01-03,LGA,43185,394,394.0
2020-01-04,LGA,41052,266,264.0
2020-01-05,LGA,71135,402,400.0
2020-01-06,LGA,41096,506,506.0
2020-01-07,LGA,35123,499,499.0
2020-01-08,LGA,33383,508,506.0
2020-01-09,LGA,37607,515,514.0
2020-01-10,LGA,36841,516,510.0
2020-01-11,LGA,23913,251,246.0
2020-01-12,LGA,41378,426,422.0
2020-01-13,LGA,39535,517,514.0
2020-01-14,LGA,35517,505,503.0
2020-01-15,LGA,37179,509,509.0
2020-01-16,LGA,43550,518,503.0
2020-01-17,LGA,48260,518,486.0
2020-01-18,LGA,26796,221,220.0
2020-01-19,LGA,31366,294,291.0
2020-01-20,LGA,29282,475,475.0
2020-01-21,LGA,15106,506,505.0
2020-01-22,LGA,34874,509,507.0
2020-01-23,LGA,31029,518,515.0
2020-01-24,LGA,11238,518,512.0
2020-01-25,LGA,25876,251,249.0
2020-01-26,LGA,78290,427,427.0
2020-01-27,LGA,55177,518,518.0
2020-01-28,LGA,28541,506,506.0
2020-01-29,LGA,32269,510,510.0
2020-01-30,LGA,37442,518,515.0
2020-01-31,LGA,37720,517,515.0
2020-02-01,LGA,5093,240,240.0
2020-02-02,LGA,46323,338,338.0
2020-02-03,LGA,35726,519,517.0
2020-02-04,LGA,30714,507,504.0
2020-02-05,LGA,32787,510,506.0
2020-02-06,LGA,39428,518,500.0
2020-02-07,LGA,39056,518,456.0
2020-02-08,LGA,23467,251,250.0
2020-02-09,LGA,40022,429,421.0
2020-02-10,LGA,38922,518,517.0
2020-02-11,LGA,34903,507,506.0
2020-02-12,LGA,39668,509,504.0
2020-02-13,LGA,45975,512,503.0
2020-02-14,LGA,49001,513,512.0
2020-02-15,LGA,31367,241,241.0
2020-02-16,LGA,37550,309,309.0
2020-02-17,LGA,15417,473,471.0
2020-02-18,LGA,32599,504,504.0
2020-02-19,LGA,41664,505,505.0
2020-02-20,LGA,36434,511,510.0
2020-02-21,LGA,42464,511,509.0
2020-02-23,LGA,79868,421,421.0
2020-02-24,LGA,43586,511,511.0
2020-02-25,LGA,49328,504,500.0
2020-02-26,LGA,35960,507,506.0
2020-02-27,LGA,40802,511,499.0
2020-02-28,LGA,43960,511,510.0
2020-02-29,LGA,24095,252,252.0
2020-03-01,LGA,39605,423,422.0
2020-03-02,LGA,27502,512,512.0
2020-03-03,LGA,9143,505,504.0
2020-03-04,LGA,30377,506,505.0
2020-03-05,LGA,33654,505,505.0
2020-03-06,LGA,39864,510,510.0
2020-03-07,LGA,200,254,254.0
2020-03-08,LGA,76532,426,425.0
2020-03-09,LGA,57471,510,510.0
2020-03-10,LGA,26612,504,503.0
2020-03-11,LGA,30594,505,502.0
2020-03-12,LGA,32620,517,516.0
2020-03-13,LGA,33010,518,510.0
2020-03-14,LGA,21852,283,280.0
2020-03-15,LGA,21470,439,426.0
2020-03-16,LGA,19917,518,497.0
2020-03-17,LGA,15121,518,476.0
2020-03-18,LGA,11647,519,461.0
2020-03-19,LGA,8042,519,439.0
2020-03-20,LGA,7785,519,412.0
2020-03-21,LGA,6158,283,206.0
2020-03-22,LGA,5791,439,294.0
2020-03-23,LGA,3688,510,275.0
2020-03-24,LGA,3496,503,238.0
2020-03-25,LGA,2672,484,179.0
2020-03-26,LGA,2562,450,175.0
2020-03-27,LGA,2396,439,173.0
2020-03-28,LGA,2239,243,104.0
2020-03-29,LGA,2323,353,133.0
2020-03-30,LGA,1810,396,154.0
2020-03-31,LGA,1608,353,123.0
2020-04-01,LGA,1522,303,89.0
2020-04-02,LGA,1603,283,86.0
2020-04-03,LGA,1740,282,112.0
2020-04-04,LGA,1645,174,61.0
2020-04-05,LGA,1280,243,86.0
2020-04-06,LGA,1151,271,63.0
2020-04-07,LGA,949,205,41.0
2020-04-08,LGA,844,138,36.0
2020-04-09,LGA,1015,136,44.0
2020-04-10,LGA,1035,131,42.0
2020-04-11,LGA,922,79,27.0
2020-04-12,LGA,970,86,40.0
2020-04-13,LGA,710,70,20.0
2020-04-14,LGA,798,74,31.0
2020-04-15,LGA,834,64,20.0
2020-04-16,LGA,806,70,18.0
2020-04-17,LGA,1150,69,21.0
2020-04-18,LGA,946,46,15.0
2020-04-19,LGA,974,42,19.0
2020-04-20,LGA,1022,41,21.0
2020-04-21,LGA,1117,40,22.0
2020-04-22,LGA,1056,40,17.0
2020-04-23,LGA,1218,42,21.0
2020-04-24,LGA,1500,43,22.0
2020-04-25,LGA,1135,28,15.0
2020-04-26,LGA,1432,43,23.0
2020-04-27,LGA,1064,40,17.0
2020-04-28,LGA,1337,41,19.0
2020-04-29,LGA,1163,39,17.0
2020-04-30,LGA,1504,41,18.0
2020-05-01,LGA,1896,44,23.0
2020-05-02,LGA,1180,27,14.0
2020-05-03,LGA,1348,15,15.0
2020-05-04,LGA,1493,16,16.0
2020-05-05,LGA,1457,18,18.0
2020-05-06,LGA,1151,14,14.0
2020-05-07,LGA,1932,26,22.0
2020-05-08,LGA,2265,26,21.0
2020-05-09,LGA,2057,27,21.0
2020-05-10,LGA,2227,23,23.0
2020-05-11,LGA,2207,21,21.0
2020-05-12,LGA,2050,22,22.0
2020-05-13,LGA,2171,21,21.0
2020-05-14,LGA,2186,22,22.0
2020-05-15,LGA,2296,21,21.0
2020-05-16,LGA,2290,21,21.0
2020-05-17,LGA,2388,22,22.0
2020-05-18,LGA,2259,21,21.0
2020-05-19,LGA,2197,22,22.0
2020-05-20,LGA,2196,21,21.0
2020-05-21,LGA,2337,23,23.0
2020-05-22,LGA,2589,23,23.0
2020-05-23,LGA,2541,22,22.0
2020-05-24,LGA,2714,24,24.0
2020-05-25,LGA,2272,22,22.0
2020-05-26,LGA,2037,23,23.0
2020-05-27,LGA,2500,22,22.0
2020-05-28,LGA,2714,24,24.0
2020-05-29,LGA,2588,23,23.0
2020-05-30,LGA,2537,22,22.0
2020-05-31,LGA,2722,24,24.0
2020-06-01,LGA,2247,22,22.0
2020-06-02,LGA,3001,33,33.0
2020-06-03,LGA,2999,36,36.0
2020-06-04,LGA,3344,41,41.0
2020-06-05,LGA,4750,53,53.0
2020-06-06,LGA,4121,52,52.0
2020-06-07,LGA,4968,65,64.0
2020-06-08,LGA,4309,71,71.0
2020-06-09,LGA,4332,70,70.0
2020-06-10,LGA,4687,69,69.0
2020-06-11,LGA,5958,74,74.0
2020-06-12,LGA,6537,73,73.0
2020-06-13,LGA,6835,72,72.0
2020-06-14,LGA,5737,74,74.0
2020-06-15,LGA,5586,72,72.0
2020-06-16,LGA,5586,71,71.0
2020-06-17,LGA,5840,70,69.0
2020-06-18,LGA,6397,74,74.0
2020-06-19,LGA,6592,75,75.0
2020-06-20,LGA,6070,73,73.0
2020-06-21,LGA,5360,74,74.0
2020-06-22,LGA,6677,75,75.0
2020-06-23,LGA,5523,71,71.0
2020-06-24,LGA,7291,73,72.0
2020-06-25,LGA,7833,78,78.0
2020-06-26,LGA,7628,80,80.0
2020-06-27,LGA,7106,81,81.0
2020-06-28,LGA,7308,83,83.0
2020-06-29,LGA,7808,81,81.0
2020-06-30,LGA,7385,74,74.0
2020-07-01,LGA,8438,80,80.0
2020-07-02,LGA,10121,119,117.0
2020-07-03,LGA,10092,121,118.0
2020-07-04,LGA,5539,95,95.0
2020-07-05,LGA,7286,120,120.0
2020-07-06,LGA,7410,123,118.0
2020-07-07,LGA,7999,132,132.0
2020-07-08,LGA,6864,136,136.0
2020-07-09,LGA,8058,151,151.0
2020-07-10,LGA,8351,153,147.0
2020-07-11,LGA,6993,145,138.0
2020-07-12,LGA,7328,151,151.0
2020-07-13,LGA,6855,149,149.0
2020-07-14,LGA,6004,135,135.0
2020-07-15,LGA,6360,134,134.0
2020-07-16,LGA,7691,147,146.0
2020-07-17,LGA,8246,150,150.0
2020-07-18,LGA,6150,143,142.0
2020-07-19,LGA,6799,147,146.0
2020-07-20,LGA,3,147,145.0
2020-07-21,LGA,6515,137,136.0
2020-07-22,LGA,5648,135,132.0
2020-07-23,LGA,5794,146,146.0
2020-07-24,LGA,7379,148,148.0
2020-07-25,LGA,7516,142,133.0
2020-07-26,LGA,12568,145,137.0
2020-07-27,LGA,6581,146,135.0
2020-07-28,LGA,5232,131,115.0
2020-07-29,LGA,5999,135,117.0
2020-07-30,LGA,7170,125,123.0
2020-07-31,LGA,7172,122,122.0
2020-08-01,LGA,7614,126,124.0
2020-08-02,LGA,7747,132,131.0
2020-08-03,LGA,7145,128,127.0
2020-08-04,LGA,4660,125,81.0
2020-08-05,LGA,7289,122,118.0
2020-08-06,LGA,7751,130,129.0
2020-08-07,LGA,8212,134,133.0
2020-08-08,LGA,7022,127,126.0
2020-08-09,LGA,8206,134,133.0
2020-08-10,LGA,7432,129,127.0
2020-08-11,LGA,6202,117,117.0
2020-08-12,LGA,6706,119,119.0
2020-08-13,LGA,8473,124,124.0
2020-08-14,LGA,9209,128,127.0
2020-08-15,LGA,7534,117,117.0
2020-08-16,LGA,9293,130,128.0
2020-08-17,LGA,7900,122,121.0
2020-08-18,LGA,6862,114,113.0
2020-08-19,LGA,7530,115,113.0
2020-08-20,LGA,8641,121,119.0
2020-08-21,LGA,9645,125,124.0
2020-08-22,LGA,7292,112,111.0
2020-08-23,LGA,8520,125,124.0
2020-08-24,LGA,7769,119,118.0
2020-08-25,LGA,6737,114,112.0
2020-08-26,LGA,6961,116,111.0
2020-08-27,LGA,8333,122,120.0
2020-08-28,LGA,9108,125,122.0
2020-08-29,LGA,6967,112,110.0
2020-08-30,LGA,8564,126,124.0
2020-08-31,LGA,8419,120,119.0
2020-09-01,LGA,6792,115,114.0
2020-09-02,LGA,7545,116,113.0
2020-09-03,LGA,10334,122,122.0
2020-09-04,LGA,12373,125,125.0
2020-09-05,LGA,8885,105,105.0
2020-09-06,LGA,7082,102,102.0
2020-09-07,LGA,10108,114,114.0
2020-09-08,LGA,8610,110,110.0
2020-09-09,LGA,7159,104,103.0
2020-09-10,LGA,8225,111,110.0
2020-09-11,LGA,8334,112,111.0
2020-09-12,LGA,7423,105,104.0
2020-09-13,LGA,8712,110,110.0
2020-09-14,LGA,7345,111,111.0
2020-09-15,LGA,6597,103,102.0
2020-09-16,LGA,7007,105,105.0
2020-09-17,LGA,8232,111,111.0
2020-09-18,LGA,9690,112,112.0
2020-09-19,LGA,7304,105,105.0
2020-09-20,LGA,9063,111,111.0
2020-09-21,LGA,8405,111,111.0
2020-09-22,LGA,6851,103,103.0
2020-09-23,LGA,7413,105,105.0
2020-09-24,LGA,9763,111,111.0
2020-09-25,LGA,9527,111,111.0
2020-09-26,LGA,8170,105,103.0
2020-09-27,LGA,9529,111,110.0
2020-09-28,LGA,8530,112,112.0
2020-09-29,LGA,7806,103,102.0
2020-09-30,LGA,8577,105,105.0
2020-10-01,LGA,10540,112,112.0
2020-10-02,LGA,10418,113,113.0
2020-10-03,LGA,7786,102,102.0
2020-10-04,LGA,9626,112,112.0
2020-10-05,LGA,9140,113,113.0
2020-10-06,LGA,7150,97,97.0
2020-10-07,LGA,7534,98,98.0
2020-10-08,LGA,10507,116,116.0
2020-10-09,LGA,11982,116,116.0
2020-10-10,LGA,8435,100,100.0
2020-10-11,LGA,9827,114,114.0
2020-10-12,LGA,10242,114,114.0
2020-10-13,LGA,7753,97,97.0
2020-10-14,LGA,7814,98,98.0
2020-10-15,LGA,10118,117,117.0
2020-10-16,LGA,9934,118,118.0
2020-10-17,LGA,8545,100,100.0
2020-10-18,LGA,10557,114,114.0
2020-10-19,LGA,9828,116,116.0
2020-10-20,LGA,7024,97,97.0
2020-10-21,LGA,7344,98,98.0
2020-10-22,LGA,9924,116,116.0
2020-10-23,LGA,10990,117,116.0
2020-10-24,LGA,7733,94,94.0
2020-10-25,LGA,9585,106,105.0
2020-10-26,LGA,8906,109,109.0
2020-10-27,LGA,7560,95,95.0
2020-10-28,LGA,7630,95,95.0
2020-10-29,LGA,9947,110,110.0
2020-10-30,LGA,10417,109,109.0
2020-10-31,LGA,7057,75,75.0
2020-11-01,LGA,9880,100,100.0
2020-11-02,LGA,20,107,107.0
2020-11-03,LGA,9381,81,81.0
2020-11-04,LGA,6401,81,81.0
2020-11-05,LGA,6700,110,110.0
2020-11-06,LGA,9354,115,115.0
2020-11-07,LGA,10359,102,102.0
2020-11-08,LGA,17186,130,130.0
2020-11-09,LGA,8076,129,129.0
2020-11-10,LGA,6494,104,104.0
2020-11-11,LGA,7080,107,105.0
2020-11-12,LGA,9780,129,129.0
2020-11-13,LGA,10355,132,132.0
2020-11-14,LGA,8293,115,115.0
2020-11-15,LGA,10459,132,132.0
2020-11-16,LGA,8713,129,129.0
2020-11-17,LGA,6468,104,104.0
2020-11-18,LGA,7716,113,113.0
2020-11-19,LGA,10323,131,131.0
2020-11-20,LGA,12561,145,145.0
2020-11-21,LGA,13907,143,143.0
2020-11-22,LGA,13136,145,145.0
2020-11-23,LGA,11826,136,136.0
2020-11-24,LGA,11353,138,136.0
2020-11-25,LGA,13567,141,135.0
2020-11-26,LGA,7572,84,76.0
2020-11-27,LGA,8140,112,109.0
2020-11-28,LGA,9878,151,150.0
2020-11-29,LGA,13207,161,159.0
2020-11-30,LGA,10193,149,146.0
2020-12-01,LGA,9563,141,139.0
2020-12-02,LGA,7193,111,111.0
2020-12-03,LGA,8698,127,127.0
2020-12-04,LGA,9593,129,129.0
2020-12-05,LGA,7892,102,102.0
2020-12-06,LGA,9191,128,128.0
2020-12-07,LGA,7997,129,128.0
2020-12-08,LGA,6027,108,108.0
2020-12-09,LGA,7227,109,108.0
2020-12-10,LGA,10281,127,127.0
2020-12-11,LGA,10656,129,129.0
2020-12-12,LGA,8184,101,101.0
2020-12-13,LGA,11151,128,128.0
2020-12-14,LGA,9289,129,129.0
2020-12-15,LGA,8261,111,111.0
2020-12-16,LGA,9486,115,91.0
2020-12-17,LGA,7151,138,82.0
2020-12-18,LGA,15275,143,140.0
2020-12-19,LGA,14369,138,137.0
2020-12-20,LGA,15032,141,140.0
2020-12-21,LGA,14239,141,140.0
2020-12-22,LGA,14403,142,142.0
2020-12-23,LGA,15214,137,137.0
2020-12-24,LGA,12066,91,89.0
2020-12-25,LGA,9719,86,78.0
2020-12-26,LGA,14532,133,131.0
2020-12-27,LGA,14136,137,137.0
2020-12-28,LGA,14839,138,138.0
2020-12-29,LGA,15049,145,143.0
2020-12-30,LGA,14098,138,138.0
2020-12-31,LGA,11313,95,95.0
2021-01-01,LGA,10230,110,105.0
2021-01-02,LGA,13175,138,138.0
2021-01-03,LGA,16299,146,145.0
2021-01-04,LGA,13274,142,142.0
2021-01-05,LGA,8797,104,104.0
2021-01-06,LGA,6744,95,95.0
2021-01-07,LGA,9566,113,113.0
2021-01-08,LGA,8935,115,115.0
2021-01-09,LGA,7814,93,93.0
2021-01-10,LGA,10605,115,113.0
2021-01-11,LGA,7736,113,113.0
2021-01-12,LGA,6168,94,94.0
2021-01-13,LGA,6586,91,91.0
2021-01-14,LGA,10424,113,113.0
2021-01-15,LGA,11432,114,114.0
2021-01-16,LGA,9856,92,92.0
2021-01-17,LGA,9355,100,100.0
2021-01-18,LGA,9545,113,112.0
2021-01-19,LGA,6454,95,95.0
2021-01-20,LGA,7631,92,92.0
2021-01-21,LGA,10869,113,113.0
2021-01-22,LGA,10035,114,114.0
2021-01-23,LGA,7795,92,92.0
2021-01-24,LGA,11338,114,114.0
2021-01-25,LGA,8469,114,113.0
2021-01-26,LGA,5667,95,95.0
2021-01-27,LGA,6539,92,92.0
2021-01-28,LGA,9823,113,113.0
2021-01-29,LGA,10200,114,114.0
2021-01-30,LGA,7622,94,93.0
2021-01-31,LGA,11767,115,108.0
2021-02-01,LGA,10,114,0.0
2021-02-02,LGA,3414,96,34.0
2021-02-03,LGA,8875,93,93.0
2021-02-04,LGA,9963,115,110.0
2021-02-05,LGA,11100,115,115.0
2021-02-06,LGA,9162,95,95.0
2021-02-07,LGA,7784,102,90.0
2021-02-08,LGA,9351,114,114.0
2021-02-09,LGA,7099,96,95.0
2021-02-10,LGA,8525,94,94.0
2021-02-11,LGA,12508,115,115.0
2021-02-12,LGA,13852,118,118.0
2021-02-13,LGA,12968,105,104.0
2021-02-14,LGA,10380,105,90.0
2021-02-15,LGA,11608,115,100.0
2021-02-16,LGA,8513,97,82.0
2021-02-17,LGA,8922,96,88.0
2021-02-18,LGA,7568,117,65.0
2021-02-19,LGA,10336,118,102.0
2021-02-20,LGA,9901,105,105.0
2021-02-21,LGA,10358,117,115.0
2021-02-22,LGA,8319,115,115.0
2021-02-23,LGA,6757,95,95.0
2021-02-24,LGA,7969,94,94.0
2021-02-25,LGA,11329,117,117.0
2021-02-26,LGA,11775,117,117.0
2021-02-27,LGA,9836,100,100.0
2021-02-28,LGA,11153,116,115.0
2021-03-01,LGA,9783,116,116.0
2021-03-02,LGA,7525,112,112.0
2021-03-03,LGA,8796,114,114.0
2021-03-04,LGA,13012,146,146.0
2021-03-05,LGA,12645,148,139.0
2021-03-06,LGA,10457,122,122.0
2021-03-07,LGA,11737,153,153.0
2021-03-08,LGA,10753,152,152.0
2021-03-09,LGA,7726,120,120.0
2021-03-10,LGA,9375,123,123.0
2021-03-11,LGA,14200,161,161.0
2021-03-12,LGA,15163,163,163.0
2021-03-13,LGA,278,132,129.0
2021-03-14,LGA,25113,162,156.0
2021-03-15,LGA,12093,163,156.0
2021-03-16,LGA,10433,133,132.0
2021-03-17,LGA,11816,135,133.0
2021-03-18,LGA,14804,163,159.0
2021-03-19,LGA,16897,163,163.0
2021-03-20,LGA,12891,134,134.0
2021-03-21,LGA,15743,163,163.0
2021-03-22,LGA,14622,163,162.0
2021-03-23,LGA,14098,135,135.0
2021-03-24,LGA,15634,138,137.0
2021-03-25,LGA,17274,166,165.0
2021-03-26,LGA,16624,164,163.0
2021-03-27,LGA,13951,135,135.0
2021-03-28,LGA,15594,163,163.0
2021-03-29,LGA,16450,163,163.0
2021-03-30,LGA,14141,134,134.0
2021-03-31,LGA,14470,135,135.0
2021-04-01,LGA,17086,162,162.0
2021-04-02,LGA,17756,175,175.0
2021-04-03,LGA,13030,143,142.0
2021-04-04,LGA,16535,173,170.0
2021-04-05,LGA,18179,183,182.0
2021-04-06,LGA,14039,152,152.0
2021-04-07,LGA,14195,150,150.0
2021-04-08,LGA,17850,176,176.0
2021-04-09,LGA,18784,176,175.0
2021-04-10,LGA,14583,141,139.0
2021-04-11,LGA,18103,173,148.0
2021-04-12,LGA,16343,189,177.0
2021-04-13,LGA,12276,158,156.0
2021-04-14,LGA,14224,157,157.0
2021-04-15,LGA,18240,188,187.0
2021-04-16,LGA,16477,188,188.0
2021-04-17,LGA,14483,156,156.0
2021-04-18,LGA,17912,184,184.0
2021-04-19,LGA,16386,188,188.0
2021-04-20,LGA,12440,158,158.0
2021-04-21,LGA,14269,157,157.0
2021-04-22,LGA,19184,188,188.0
2021-04-23,LGA,17550,188,188.0
2021-04-24,LGA,13366,155,155.0
2021-04-25,LGA,18191,184,184.0
2021-04-26,LGA,15554,188,188.0
2021-04-27,LGA,13313,158,158.0
2021-04-28,LGA,15430,157,157.0
2021-04-29,LGA,18155,188,188.0
2021-04-30,LGA,38,178,178.0
2021-05-01,LGA,17724,155,155.0
2021-05-02,LGA,36759,183,181.0
2021-05-03,LGA,17948,187,187.0
2021-05-04,LGA,12348,157,156.0
2021-05-05,LGA,16663,169,169.0
2021-05-06,LGA,22612,196,196.0
2021-05-07,LGA,22914,199,199.0
2021-05-08,LGA,17428,164,164.0
2021-05-09,LGA,19261,195,195.0
2021-05-10,LGA,20142,199,199.0
2021-05-11,LGA,17457,177,174.0
2021-05-12,LGA,19700,177,174.0
2021-05-13,LGA,22754,199,199.0
2021-05-14,LGA,22731,199,199.0
2021-05-15,LGA,17877,164,164.0
2021-05-16,LGA,22107,197,196.0
2021-05-17,LGA,20367,199,199.0
2021-05-18,LGA,16,177,177.0
2021-05-19,LGA,12,177,177.0
2021-05-20,LGA,18285,201,201.0
2021-05-21,LGA,20140,200,199.0
2021-05-22,LGA,22453,165,165.0
2021-05-23,LGA,43166,197,197.0
2021-05-24,LGA,36345,200,200.0
2021-05-25,LGA,20523,177,177.0
2021-05-26,LGA,20651,177,175.0
2021-05-27,LGA,22815,199,198.0
2021-05-28,LGA,23083,199,199.0
2021-05-29,LGA,18127,169,169.0
2021-05-30,LGA,19525,172,172.0
2021-05-31,LGA,21101,198,198.0
2021-06-01,LGA,19532,177,176.0
2021-06-02,LGA,16820,177,177.0
2021-06-03,LGA,21994,216,216.0
2021-06-04,LGA,22509,217,217.0
2021-06-05,LGA,17686,198,197.0
2021-06-06,LGA,21373,240,237.0
2021-06-07,LGA,21252,243,238.0
2021-06-08,LGA,18969,227,211.0
2021-06-09,LGA,21187,227,203.0
2021-06-10,LGA,23560,244,233.0
2021-06-11,LGA,21808,243,240.0
2021-06-12,LGA,18540,204,203.0
2021-06-13,LGA,22496,242,241.0
2021-06-14,LGA,20982,244,241.0
2021-06-15,LGA,22508,230,223.0
2021-06-16,LGA,21256,230,227.0
2021-06-17,LGA,25312,244,242.0
2021-06-18,LGA,23453,243,241.0
2021-06-19,LGA,19304,204,202.0
2021-06-20,LGA,22537,242,238.0
2021-06-21,LGA,21918,243,216.0
2021-06-22,LGA,21257,230,223.0
2021-06-23,LGA,21996,230,229.0
2021-06-24,LGA,24770,244,241.0
2021-06-25,LGA,25826,243,238.0
2021-06-26,LGA,17,203,197.0
2021-06-27,LGA,48239,241,236.0
2021-06-28,LGA,24059,242,240.0
2021-06-29,LGA,21591,228,228.0
2021-06-30,LGA,23218,227,215.0
2021-07-01,LGA,25847,248,236.0
2021-07-02,LGA,27538,247,232.0
2021-07-03,LGA,22375,213,208.0
2021-07-04,LGA,19790,195,195.0
2021-07-05,LGA,24504,247,246.0
2021-07-06,LGA,22055,232,222.0
2021-07-07,LGA,23826,235,233.0
2021-07-08,LGA,24463,257,225.0
2021-07-09,LGA,24914,257,247.0
2021-07-10,LGA,23740,217,214.0
2021-07-11,LGA,22123,255,253.0
2021-07-12,LGA,23216,253,241.0
2021-07-13,LGA,23638,234,233.0
2021-07-14,LGA,24430,235,232.0
2021-07-15,LGA,25348,257,255.0
2021-07-16,LGA,26321,257,255.0
2021-07-17,LGA,23665,218,197.0
2021-07-18,LGA,26862,257,252.0
2021-07-19,LGA,26786,255,254.0
2021-07-20,LGA,22230,236,233.0
2021-07-21,LGA,24241,237,236.0
2021-07-22,LGA,29062,259,257.0
2021-07-23,LGA,25623,259,259.0
2021-07-24,LGA,23518,218,218.0
2021-07-25,LGA,25652,257,254.0
2021-07-26,LGA,24233,256,255.0
2021-07-27,LGA,23668,236,235.0
2021-07-28,LGA,22496,237,237.0
2021-07-29,LGA,25720,259,254.0
2021-07-30,LGA,26514,259,259.0
2021-07-31,LGA,21179,218,216.0
2021-08-01,LGA,24276,256,245.0
2021-08-02,LGA,24966,255,248.0
2021-08-03,LGA,21627,227,220.0
2021-08-04,LGA,21989,229,222.0
2021-08-05,LGA,24368,263,257.0
2021-08-06,LGA,25922,261,258.0
2021-08-07,LGA,22924,214,210.0
2021-08-08,LGA,25489,254,247.0
2021-08-09,LGA,25513,254,244.0
2021-08-10,LGA,21825,232,225.0
2021-08-11,LGA,22841,234,216.0
2021-08-12,LGA,26097,260,255.0
2021-08-13,LGA,23264,260,257.0
2021-08-14,LGA,21746,213,209.0
2021-08-15,LGA,24704,254,250.0
2021-08-16,LGA,25217,252,248.0
2021-08-17,LGA,21954,225,223.0
2021-08-18,LGA,23337,242,236.0
2021-08-19,LGA,25358,271,266.0
2021-08-20,LGA,25544,270,263.0
2021-08-21,LGA,21966,216,215.0
2021-08-22,LGA,21705,266,211.0
2021-08-23,LGA,22950,261,253.0
2021-08-24,LGA,20642,237,234.0
2021-08-25,LGA,19901,243,238.0
2021-08-26,LGA,24386,271,268.0
2021-08-27,LGA,24026,270,248.0
2021-08-28,LGA,20333,216,216.0
2021-08-29,LGA,23884,265,260.0
2021-08-30,LGA,21467,261,258.0
2021-08-31,LGA,19989,237,236.0
2021-09-01,LGA,19427,242,207.0
2021-09-02,LGA,23073,270,241.0
2021-09-03,LGA,25650,269,267.0
2021-09-04,LGA,21287,210,208.0
2021-09-05,LGA,19377,206,204.0
2021-09-06,LGA,20468,239,237.0
2021-09-07,LGA,21793,232,229.0
2021-09-08,LGA,21937,242,240.0
2021-09-09,LGA,24681,267,265.0
2021-09-10,LGA,23292,267,264.0
2021-09-11,LGA,17766,201,199.0
2021-09-12,LGA,23294,270,270.0
2021-09-13,LGA,20915,288,287.0
2021-09-14,LGA,20118,269,267.0
2021-09-15,LGA,23131,274,273.0
2021-09-16,LGA,25901,298,297.0
2021-09-17,LGA,25535,298,298.0
2021-09-18,LGA,20132,217,217.0
2021-09-19,LGA,26376,297,296.0
2021-09-20,LGA,23136,302,302.0
2021-09-21,LGA,21609,280,278.0
2021-09-22,LGA,21755,284,284.0
2021-09-23,LGA,24948,307,229.0
2021-09-24,LGA,25981,307,298.0
2021-09-25,LGA,21295,214,211.0
2021-09-26,LGA,26449,297,296.0
2021-09-27,LGA,24318,302,302.0
2021-09-28,LGA,20106,280,271.0
2021-09-29,LGA,21181,284,282.0
2021-09-30,LGA,28035,308,308.0
2021-10-01,LGA,24207,308,307.0
2021-10-02,LGA,19424,212,211.0
2021-10-03,LGA,23799,296,294.0
2021-10-04,LGA,20517,301,299.0
2021-10-05,LGA,20488,283,281.0
2021-10-06,LGA,24359,285,284.0
2021-10-07,LGA,29059,318,317.0
2021-10-08,LGA,22473,324,320.0
2021-10-09,LGA,20887,231,222.0
2021-10-10,LGA,22194,312,294.0
2021-10-11,LGA,22603,340,332.0
2021-10-12,LGA,23521,315,314.0
2021-10-13,LGA,22861,316,315.0
2021-10-14,LGA,24785,340,338.0
2021-10-15,LGA,25579,340,340.0
2021-10-16,LGA,20962,234,233.0
2021-10-17,LGA,24985,322,322.0
2021-10-18,LGA,23248,336,336.0
2021-10-19,LGA,23005,310,310.0
2021-10-20,LGA,22086,315,315.0
2021-10-21,LGA,25922,340,340.0
2021-10-22,LGA,23201,340,339.0
2021-10-23,LGA,19233,233,232.0
2021-10-24,LGA,24922,323,323.0
2021-10-25,LGA,24527,337,328.0
2021-10-26,LGA,22718,312,307.0
2021-10-27,LGA,20320,314,312.0
2021-10-28,LGA,25920,344,340.0
2021-10-29,LGA,23939,353,351.0
2021-10-30,LGA,18972,243,238.0
2021-10-31,LGA,19947,299,284.0
2021-11-01,LGA,21345,397,385.0
2021-11-02,LGA,16903,405,398.0
2021-11-03,LGA,19918,415,412.0
2021-11-04,LGA,21404,468,468.0
2021-11-05,LGA,21257,471,468.0
2021-11-06,LGA,18164,296,294.0
2021-11-07,LGA,21359,447,442.0
2021-11-08,LGA,18965,497,493.0
2021-11-09,LGA,21917,495,492.0
2021-11-10,LGA,17235,495,493.0
2021-11-11,LGA,20514,496,495.0
2021-11-12,LGA,19677,495,485.0
2021-11-13,LGA,18351,293,285.0
2021-11-14,LGA,22943,451,449.0
2021-11-15,LGA,19445,496,491.0
2021-11-16,LGA,20374,496,489.0
2021-11-17,LGA,17929,497,493.0
2021-11-18,LGA,21096,499,499.0
2021-11-19,LGA,21337,497,495.0
2021-11-20,LGA,17123,300,299.0
2021-11-21,LGA,21938,451,451.0
2021-11-22,LGA,21466,498,497.0
2021-11-23,LGA,22554,499,497.0
2021-11-24,LGA,23978,498,495.0
2021-11-25,LGA,17346,245,245.0
2021-11-26,LGA,14962,308,307.0
2021-11-27,LGA,19210,329,328.0
2021-11-28,LGA,26036,479,478.0
2021-11-29,LGA,21305,498,498.0
2021-11-30,LGA,18421,499,498.0
2021-12-01,LGA,17905,496,494.0
2021-12-02,LGA,19119,496,493.0
2021-12-03,LGA,21118,495,493.0
2021-12-04,LGA,10,285,285.0
2021-12-05,LGA,37172,443,441.0
2021-12-06,LGA,19127,500,496.0
2021-12-07,LGA,18453,499,498.0
2021-12-08,LGA,16766,499,495.0
2021-12-09,LGA,20953,499,499.0
2021-12-10,LGA,21631,496,495.0
2021-12-11,LGA,14058,285,283.0
2021-12-12,LGA,22905,443,443.0
2021-12-13,LGA,20433,500,497.0
2021-12-14,LGA,18397,499,499.0
2021-12-15,LGA,17183,500,493.0
2021-12-16,LGA,20611,490,489.0
2021-12-17,LGA,21723,492,490.0
2021-12-18,LGA,16144,310,310.0
2021-12-19,LGA,22101,451,448.0
2021-12-20,LGA,20400,488,486.0
2021-12-21,LGA,17362,478,476.0
2021-12-22,LGA,16650,478,477.0
2021-12-23,LGA,20352,479,473.0
2021-12-24,LGA,13700,288,278.0
2021-12-25,LGA,12778,261,243.0
2021-12-26,LGA,18028,332,317.0
2021-12-27,LGA,18382,322,308.0
2021-12-28,LGA,15358,320,300.0
2021-12-29,LGA,14754,321,313.0
2021-12-30,LGA,18676,321,306.0
2021-12-31,LGA,14125,272,253.0
2022-01-01,LGA,15315,272,238.0
2022-01-02,LGA,17248,473,411.0
2022-01-03,LGA,22,475,354.0
2022-01-04,LGA,16041,470,429.0
2022-01-05,LGA,17036,496,470.0
2022-01-06,LGA,19346,502,460.0
2022-01-07,LGA,21426,501,309.0
2022-01-08,LGA,17811,271,259.0
2022-01-09,LGA,37037,442,425.0
2022-01-10,LGA,19282,500,486.0
2022-01-11,LGA,15270,497,485.0
2022-01-12,LGA,16502,498,493.0
2022-01-13,LGA,21310,501,495.0
2022-01-14,LGA,20635,501,495.0
2022-01-15,LGA,325,269,262.0
2022-01-16,LGA,35837,435,351.0
2022-01-17,LGA,19018,501,459.0
2022-01-18,LGA,18900,498,493.0
2022-01-19,LGA,19716,498,494.0
2022-01-20,LGA,22151,501,429.0
2022-01-21,LGA,21406,500,480.0
2022-01-22,LGA,15579,265,259.0
2022-01-23,LGA,21032,447,444.0
2022-01-24,LGA,20332,500,494.0
2022-01-25,LGA,15804,497,492.0
2022-01-26,LGA,18438,498,493.0
2022-01-27,LGA,25162,501,495.0
2022-01-28,LGA,20515,500,408.0
2022-01-29,LGA,90,264,0.0
2022-01-30,LGA,13823,447,235.0
2022-01-31,LGA,21528,500,477.0
2022-02-01,LGA,16220,496,489.0
2022-02-02,LGA,17393,498,436.0
2022-02-03,LGA,22537,503,413.0
2022-02-04,LGA,20845,502,269.0
2022-02-05,LGA,18416,265,229.0
2022-02-06,LGA,20687,450,432.0
2022-02-07,LGA,20812,502,483.0
2022-02-08,LGA,16803,502,499.0
2022-02-09,LGA,244,503,497.0
2022-02-10,LGA,21336,506,506.0
2022-02-11,LGA,19723,506,502.0
2022-02-12,LGA,19479,269,269.0
2022-02-13,LGA,35828,449,392.0
2022-02-14,LGA,22925,506,499.0
2022-02-15,LGA,21879,504,504.0
2022-02-16,LGA,20430,504,502.0
2022-02-17,LGA,20203,506,478.0
2022-02-18,LGA,23329,506,486.0
2022-02-19,LGA,16947,278,278.0
2022-02-20,LGA,18647,447,443.0
2022-02-21,LGA,22118,506,502.0
2022-02-22,LGA,18166,506,487.0
2022-02-23,LGA,21028,506,480.0
2022-02-24,LGA,19531,506,478.0
2022-02-25,LGA,19262,506,400.0
2022-02-26,LGA,16308,279,277.0
2022-02-27,LGA,20614,451,447.0
2022-02-28,LGA,19637,506,503.0
2022-03-01,LGA,21826,506,501.0
2022-03-02,LGA,21908,499,496.0
2022-03-03,LGA,21175,500,499.0
2022-03-04,LGA,9548,500,500.0
2022-03-05,LGA,15419,290,289.0
2022-03-06,LGA,19521,452,451.0
2022-03-07,LGA,18691,508,499.0
2022-03-08,LGA,22456,507,504.0
2022-03-09,LGA,17471,507,419.0
2022-03-10,LGA,20593,507,497.0
2022-03-11,LGA,22064,507,499.0
2022-03-12,LGA,13126,302,249.0
2022-03-13,LGA,1289,460,425.0
2022-03-14,LGA,19701,507,505.0
2022-03-15,LGA,20688,507,507.0
2022-03-16,LGA,20295,506,506.0
2022-03-17,LGA,19713,504,239.0
2022-03-18,LGA,19778,507,405.0
2022-03-19,LGA,18956,303,301.0
2022-03-20,LGA,22199,460,456.0
2022-03-21,LGA,21135,507,501.0
2022-03-22,LGA,20509,506,505.0
2022-03-23,LGA,18848,506,502.0
2022-03-24,LGA,20614,507,496.0
2022-03-25,LGA,19313,507,493.0
2022-03-26,LGA,16377,301,299.0
2022-03-27,LGA,20120,460,460.0
2022-03-28,LGA,19230,509,508.0
2022-03-29,LGA,19360,508,506.0
2022-03-30,LGA,22070,508,506.0
2022-03-31,LGA,21303,509,419.0
2022-04-01,LGA,21788,510,475.0
2022-04-02,LGA,15750,308,272.0
2022-04-03,LGA,12,464,415.0
2022-04-10,LGA,9,458,444.0
2022-04-17,LGA,3,457,453.0
2022-04-24,LGA,5,458,454.0
2022-05-01,LGA,5,461,448.0
2022-05-02,LGA,14923,509,500.0
2022-05-03,LGA,13368,509,506.0
2022-05-06,LGA,17106,509,506.0
2022-05-07,LGA,10775,283,280.0
2022-05-08,LGA,20376,446,435.0
2022-05-09,LGA,21426,508,505.0
2022-05-10,LGA,20617,508,505.0
2022-05-11,LGA,21515,508,507.0
2022-05-12,LGA,23527,508,505.0
2022-05-13,LGA,23518,508,477.0
2022-05-14,LGA,12085,283,273.0
2022-05-15,LGA,6,452,406.0
2022-05-16,LGA,21577,508,358.0
2022-05-17,LGA,21277,508,463.0
2022-05-18,LGA,22604,508,506.0
2022-05-19,LGA,24233,508,508.0
2022-05-20,LGA,24572,508,390.0
2022-05-21,LGA,19494,282,255.0
2022-05-22,LGA,5,452,360.0
2022-05-23,LGA,22444,508,477.0
2022-05-24,LGA,21954,508,502.0
2022-05-25,LGA,21454,508,507.0
2022-05-26,LGA,23746,508,504.0
2022-05-27,LGA,21273,512,381.0
2022-05-28,LGA,15290,287,259.0
2022-05-29,LGA,17143,442,426.0
2022-05-30,LGA,20835,511,496.0
2022-05-31,LGA,19191,512,511.0
2022-06-01,LGA,20481,511,438.0
2022-06-02,LGA,23424,511,356.0
2022-06-03,LGA,22646,510,455.0
2022-06-04,LGA,13631,282,265.0
2022-06-05,LGA,7,453,443.0
2022-06-06,LGA,12915,509,503.0
2022-06-07,LGA,12514,508,503.0
2022-06-08,LGA,10773,508,488.0
2022-06-09,LGA,10730,508,497.0
2022-06-10,LGA,4071,508,505.0
2022-06-11,LGA,14669,283,277.0
2022-06-12,LGA,11846,460,368.0
2022-06-13,LGA,8632,509,481.0
2022-06-14,LGA,11312,508,497.0
2022-06-15,LGA,3185,508,504.0
2022-06-16,LGA,7810,510,250.0
2022-06-17,LGA,10171,510,405.0
2022-06-18,LGA,7,284,259.0
2022-06-19,LGA,14124,462,427.0
2022-06-20,LGA,7973,511,503.0
2022-06-21,LGA,9748,510,506.0
2022-06-22,LGA,12197,510,362.0
2022-06-23,LGA,10337,510,463.0
2022-06-24,LGA,5280,508,474.0
2022-06-25,LGA,5330,286,278.0
2022-06-26,LGA,8958,461,415.0
2022-06-27,LGA,11963,508,445.0
2022-06-28,LGA,8689,504,493.0
2022-06-29,LGA,12080,506,483.0
2022-06-30,LGA,8621,508,493.0
2022-07-01,LGA,10524,511,447.0
2022-07-03,LGA,6,423,420.0
2022-07-04,LGA,12414,509,505.0
2022-07-05,LGA,10335,511,501.0
2022-07-06,LGA,13307,511,496.0
2022-07-07,LGA,13057,511,507.0
2022-07-08,LGA,12513,511,505.0
2022-07-09,LGA,2555,293,290.0
2022-07-10,LGA,10862,456,452.0
2022-07-11,LGA,9930,512,509.0
2022-07-12,LGA,10084,512,461.0
2022-07-13,LGA,6358,512,503.0
2022-07-14,LGA,11282,511,507.0
2022-07-15,LGA,3680,512,502.0
2022-07-16,LGA,17278,288,285.0
2022-07-17,LGA,9156,459,451.0
2022-07-18,LGA,12420,511,345.0
2022-07-19,LGA,9591,512,496.0
2022-07-20,LGA,10722,511,508.0
2022-07-21,LGA,8222,512,435.0
2022-07-22,LGA,5123,511,494.0
2022-07-23,LGA,13749,288,273.0
2022-07-24,LGA,10403,461,424.0
2022-07-25,LGA,12791,511,388.0
2022-07-26,LGA,9895,512,480.0
2022-07-27,LGA,9178,511,496.0
2022-07-28,LGA,11859,512,436.0
2022-07-29,LGA,2646,511,495.0
2022-07-30,LGA,5586,288,282.0
2022-07-31,LGA,10323,460,443.0
2022-08-01,LGA,10941,515,497.0
2022-08-02,LGA,10179,516,503.0
2022-08-03,LGA,12506,516,497.0
2022-08-04,LGA,11297,511,388.0
2022-08-05,LGA,9844,487,312.0
2022-08-06,LGA,12460,287,250.0
2022-08-07,LGA,12636,442,405.0
2022-08-08,LGA,10078,502,487.0
2022-08-09,LGA,13048,502,475.0
2022-08-10,LGA,10445,502,475.0
2022-08-11,LGA,8207,502,490.0
2022-08-12,LGA,4143,502,493.0
2022-08-13,LGA,13073,287,283.0
2022-08-14,LGA,8523,449,447.0
2022-08-15,LGA,10139,498,495.0
2022-08-16,LGA,10132,497,494.0
2022-08-17,LGA,11477,499,474.0
2022-08-18,LGA,8146,499,480.0
2022-08-19,LGA,4110,499,482.0
2022-08-20,LGA,9925,295,293.0
2022-08-21,LGA,11885,442,406.0
2022-08-22,LGA,11756,485,350.0
2022-08-23,LGA,11652,485,461.0
2022-08-24,LGA,9439,485,475.0
2022-08-25,LGA,11815,485,483.0
2022-08-26,LGA,4806,484,468.0
2022-08-27,LGA,15411,295,293.0
2022-08-28,LGA,12327,440,438.0
2022-08-29,LGA,14283,489,456.0
2022-08-30,LGA,15966,502,418.0
2022-08-31,LGA,13390,502,489.0
2022-09-01,LGA,11470,501,495.0
2022-09-02,LGA,2639,502,500.0
2022-09-03,LGA,12446,285,284.0
2022-09-04,LGA,12131,438,422.0
2022-09-05,LGA,8904,515,512.0
2022-09-06,LGA,12495,515,513.0
2022-09-07,LGA,15277,515,513.0
2022-09-08,LGA,3215,515,514.0
2022-09-09,LGA,2132,516,516.0
2022-09-10,LGA,9804,277,276.0
2022-09-11,LGA,11371,440,439.0
2022-09-12,LGA,9353,516,502.0
2022-09-13,LGA,13275,516,500.0
2022-09-14,LGA,10495,516,515.0
2022-09-15,LGA,9029,516,515.0
2022-09-16,LGA,7162,516,514.0
2022-09-17,LGA,2374,278,278.0
2022-09-18,LGA,10298,441,441.0
2022-09-19,LGA,12109,516,511.0
2022-09-20,LGA,10943,516,516.0
2022-09-21,LGA,8917,516,515.0
2022-09-22,LGA,10358,516,480.0
2022-09-23,LGA,5840,516,509.0
2022-09-24,LGA,12564,279,279.0
2022-09-25,LGA,12293,441,419.0
2022-09-26,LGA,11391,516,506.0
2022-09-27,LGA,13620,516,507.0
2022-09-28,LGA,16265,516,472.0
2022-09-29,LGA,13100,516,473.0
2022-09-30,LGA,2361,515,470.0
2022-10-01,LGA,10572,278,267.0
2022-10-02,LGA,11277,440,425.0
2022-10-03,LGA,14531,515,508.0
2022-10-04,LGA,14450,515,491.0
2022-10-05,LGA,16129,514,507.0
2022-10-06,LGA,9837,515,512.0
2022-10-07,LGA,2604,516,513.0
2022-10-08,LGA,4619,279,277.0
2022-10-09,LGA,13894,441,439.0
2022-10-10,LGA,10821,516,514.0
2022-10-11,LGA,10849,515,514.0
2022-10-12,LGA,11330,515,513.0
2022-10-13,LGA,12381,515,510.0
2022-10-14,LGA,3012,515,514.0
2022-10-15,LGA,11869,276,275.0
2022-10-16,LGA,8643,440,439.0
2022-10-17,LGA,11087,515,509.0
2022-10-18,LGA,11791,515,514.0
2022-10-19,LGA,11549,515,513.0
2022-10-20,LGA,10259,515,512.0
2022-10-21,LGA,3006,515,513.0
2022-10-22,LGA,12573,277,277.0
2022-10-23,LGA,10701,439,439.0
2022-10-24,LGA,11029,514,512.0
2022-10-25,LGA,14583,514,328.0
2022-10-26,LGA,12477,514,487.0
2022-10-27,LGA,9983,515,515.0
2022-10-28,LGA,3089,515,514.0
2022-10-29,LGA,12225,273,273.0
2022-10-30,LGA,12255,442,442.0
2022-10-31,LGA,15068,516,513.0
2022-11-01,LGA,13800,523,521.0
2022-11-02,LGA,14134,523,520.0
2022-11-03,LGA,9731,521,520.0
2022-11-04,LGA,3572,520,392.0
2022-11-05,LGA,14773,268,257.0
2022-11-06,LGA,12520,456,456.0
2022-11-07,LGA,8389,523,523.0
2022-11-08,LGA,8894,524,520.0
2022-11-09,LGA,12506,531,510.0
2022-11-10,LGA,9825,531,512.0
2022-11-11,LGA,3605,530,475.0
2022-11-12,LGA,16961,272,266.0
2022-11-13,LGA,12720,462,462.0
2022-11-14,LGA,11583,531,531.0
2022-11-15,LGA,14996,531,530.0
2022-11-16,LGA,13443,531,528.0
2022-11-17,LGA,9222,531,529.0
2022-11-18,LGA,5198,530,526.0
2022-11-19,LGA,12642,287,286.0
2022-11-20,LGA,11639,464,457.0
2022-11-21,LGA,10238,532,530.0
2022-11-22,LGA,11089,532,532.0
2022-11-23,LGA,8633,533,533.0
2022-11-24,LGA,12447,241,240.0
2022-11-25,LGA,12919,312,312.0
2022-11-26,LGA,10900,311,311.0
2022-11-27,LGA,8904,500,498.0
2022-11-28,LGA,10323,532,531.0
2022-11-29,LGA,15343,532,527.0
2022-11-30,LGA,15343,531,453.0
2022-12-01,LGA,11095,531,525.0
2022-12-02,LGA,10060,530,530.0
2022-12-03,LGA,10785,265,265.0
2022-12-04,LGA,11098,460,459.0
2022-12-05,LGA,10385,531,531.0
2022-12-06,LGA,12205,531,530.0
2022-12-07,LGA,11452,531,530.0
2022-12-08,LGA,8028,531,531.0
2022-12-09,LGA,5963,531,530.0
2022-12-10,LGA,8594,265,265.0
2022-12-11,LGA,11472,462,449.0
2022-12-12,LGA,11025,531,523.0
2022-12-13,LGA,11688,531,529.0
2022-12-14,LGA,12645,531,529.0
2022-12-15,LGA,13956,529,527.0
2022-12-16,LGA,6986,528,469.0
2022-12-17,LGA,3806,270,270.0
2022-12-18,LGA,11040,454,451.0
2022-12-19,LGA,10426,530,528.0
2022-12-20,LGA,8464,530,526.0
2022-12-21,LGA,8410,530,524.0
2022-12-22,LGA,11606,531,486.0
2022-12-23,LGA,3243,529,322.0
2022-12-24,LGA,16335,233,203.0
2022-12-25,LGA,13105,250,202.0
2022-12-26,LGA,14437,330,283.0
2022-12-27,LGA,12157,330,291.0
2022-12-28,LGA,13248,300,268.0
2022-12-29,LGA,15323,300,268.0
2022-12-30,LGA,9623,300,300.0
2022-12-31,LGA,8726,221,216.0
2023-01-01,LGA,15810,257,255.0
2023-01-02,LGA,11720,326,320.0
2023-01-03,LGA,14557,343,339.0
2023-01-04,LGA,15802,313,305.0
2023-01-05,LGA,15416,314,310.0
2023-01-06,LGA,12849,315,315.0
2023-01-07,LGA,14893,257,257.0
2023-01-08,LGA,12249,432,432.0
2023-01-09,LGA,14704,521,507.0
2023-01-10,LGA,22302,518,516.0
2023-01-11,LGA,20049,520,443.0
2023-01-12,LGA,11417,520,515.0
2023-01-13,LGA,8492,520,518.0
2023-01-14,LGA,13297,261,261.0
2023-01-15,LGA,13122,423,420.0
2023-01-16,LGA,10053,520,512.0
2023-01-17,LGA,8982,520,515.0
2023-01-18,LGA,17380,520,515.0
2023-01-19,LGA,19482,520,518.0
2023-01-20,LGA,12817,520,520.0
2023-01-21,LGA,15762,265,265.0
2023-01-22,LGA,11706,435,435.0
2023-01-23,LGA,18028,519,460.0
2023-01-24,LGA,25080,520,515.0
2023-01-25,LGA,19446,520,487.0
2023-01-26,LGA,13160,520,516.0
2023-01-27,LGA,7915,520,517.0
2023-01-28,LGA,17407,265,264.0
2023-01-29,LGA,12349,435,432.0
2023-01-30,LGA,16887,520,507.0
2023-01-31,LGA,19861,520,490.0
2023-02-01,LGA,17825,520,490.0
2023-02-02,LGA,13147,519,507.0
2023-02-03,LGA,4865,520,506.0
2023-02-04,LGA,15479,263,259.0
2023-02-05,LGA,15368,429,427.0
2023-02-06,LGA,15978,520,517.0
2023-02-07,LGA,22663,520,520.0
2023-02-08,LGA,17509,520,517.0
2023-02-09,LGA,14315,520,520.0
2023-02-10,LGA,3372,519,518.0
2023-02-11,LGA,14939,264,264.0
2023-02-12,LGA,11168,423,423.0
2023-02-13,LGA,17095,520,519.0
2023-02-14,LGA,20161,520,518.0
2023-02-15,LGA,13352,521,518.0
2023-02-16,LGA,10816,521,511.0
2023-02-17,LGA,7028,520,507.0
2023-02-18,LGA,2946,278,278.0
2023-02-19,LGA,12787,431,431.0
2023-02-20,LGA,10824,520,519.0
2023-02-21,LGA,13221,520,520.0
2023-02-22,LGA,14732,520,497.0
2023-02-23,LGA,13483,520,503.0
2023-02-24,LGA,14404,520,502.0
2023-02-25,LGA,16663,278,274.0
2023-02-26,LGA,13132,438,435.0
2023-02-27,LGA,13605,519,458.0
2023-02-28,LGA,18997,520,438.0
2023-03-01,LGA,13764,520,517.0
2023-03-02,LGA,12295,520,514.0
2023-03-03,LGA,3421,519,504.0
2023-03-04,LGA,16837,267,256.0
2023-03-05,LGA,12777,433,433.0
2023-03-06,LGA,13876,518,517.0
2023-03-07,LGA,15827,518,515.0
2023-03-08,LGA,16295,518,516.0
2023-03-09,LGA,11879,519,517.0
2023-03-10,LGA,5600,519,517.0
2023-03-11,LGA,16431,274,273.0
2023-03-12,LGA,10030,438,432.0
2023-03-13,LGA,13027,519,515.0
2023-03-14,LGA,14058,519,367.0
2023-03-15,LGA,14320,519,491.0
2023-03-16,LGA,10990,519,519.0
2023-03-17,LGA,7939,519,513.0
2023-03-18,LGA,11529,274,274.0
2023-03-19,LGA,12313,438,433.0
2023-03-20,LGA,10200,519,519.0
2023-03-21,LGA,11750,519,518.0
2023-03-22,LGA,13173,519,519.0
2023-03-23,LGA,9762,519,518.0
2023-03-24,LGA,4830,519,516.0
2023-03-25,LGA,3074,274,272.0
2023-03-26,LGA,12211,437,432.0
2023-03-27,LGA,9840,518,513.0
2023-03-28,LGA,12101,518,516.0
2023-03-29,LGA,14060,518,515.0
2023-03-30,LGA,11961,517,516.0
2023-03-31,LGA,5284,516,505.0
2023-04-01,LGA,8661,273,260.0
2023-04-02,LGA,10915,435,420.0
2023-04-03,LGA,10418,515,506.0
2023-04-04,LGA,10342,512,505.0
2023-04-05,LGA,9614,514,488.0
2023-04-06,LGA,5988,515,506.0
2023-04-07,LGA,5338,515,509.0
2023-04-08,LGA,13769,277,276.0
2023-04-09,LGA,8400,433,432.0
2023-04-10,LGA,8966,516,516.0
2023-04-11,LGA,12534,516,516.0
2023-04-12,LGA,15363,514,506.0
2023-04-13,LGA,10755,515,497.0
2023-04-14,LGA,9124,515,507.0
2023-04-15,LGA,12167,273,238.0
2023-04-16,LGA,11371,432,419.0
2023-04-17,LGA,11275,516,501.0
2023-04-18,LGA,16948,516,512.0
2023-04-19,LGA,11851,515,515.0
2023-04-20,LGA,8563,516,508.0
2023-04-21,LGA,8822,516,513.0
2023-04-22,LGA,6321,263,253.0
2023-04-23,LGA,11167,432,427.0
2023-04-24,LGA,9536,516,516.0
2023-04-25,LGA,15537,516,516.0
2023-04-26,LGA,8065,515,510.0
2023-04-27,LGA,9696,516,513.0
2023-04-28,LGA,3441,515,509.0
2023-04-29,LGA,15279,262,260.0
2023-04-30,LGA,15651,432,377.0
2023-05-01,LGA,9778,515,500.0
2023-05-02,LGA,15382,515,515.0
2023-05-03,LGA,11590,514,513.0
2023-05-04,LGA,7198,512,512.0
2023-05-05,LGA,3896,509,509.0
2023-05-06,LGA,9344,254,253.0
2023-05-07,LGA,11552,426,424.0
2023-05-08,LGA,11027,515,514.0
2023-05-09,LGA,10317,515,512.0
2023-05-10,LGA,8794,515,512.0
2023-05-11,LGA,8552,516,515.0
2023-05-12,LGA,3951,515,514.0
2023-05-13,LGA,6654,260,258.0
2023-05-14,LGA,10222,421,417.0
2023-05-15,LGA,7342,512,511.0
2023-05-16,LGA,9665,511,509.0
2023-05-17,LGA,8535,511,511.0
2023-05-18,LGA,6828,512,512.0
2023-05-19,LGA,8054,511,503.0
2023-05-20,LGA,14220,259,257.0
2023-05-21,LGA,11511,426,426.0
2023-05-22,LGA,8210,512,512.0
2023-05-23,LGA,13254,512,512.0
2023-05-24,LGA,9009,512,509.0
2023-05-25,LGA,5967,512,511.0
2023-05-26,LGA,5586,511,509.0
2023-05-27,LGA,13848,265,265.0
2023-05-28,LGA,14527,415,413.0
2023-05-29,LGA,9245,512,509.0
2023-05-30,LGA,11969,512,512.0
2023-05-31,LGA,9308,510,510.0
2023-06-01,LGA,10538,510,508.0
2023-06-02,LGA,5410,513,485.0
2023-06-03,LGA,7329,265,263.0
2023-06-04,LGA,10052,427,426.0
2023-06-05,LGA,8352,494,493.0
2023-06-06,LGA,9871,494,494.0
2023-06-07,LGA,10651,494,477.0
2023-06-08,LGA,8857,493,490.0
2023-06-09,LGA,3434,493,492.0
2023-06-10,LGA,8458,269,267.0
2023-06-11,LGA,13226,417,413.0
2023-06-12,LGA,9394,493,455.0
2023-06-13,LGA,11801,492,489.0
2023-06-14,LGA,13543,493,456.0
2023-06-15,LGA,9279,488,485.0
2023-06-16,LGA,3652,488,446.0
2023-06-17,LGA,13292,277,276.0
2023-06-18,LGA,12497,412,407.0
2023-06-19,LGA,9028,488,484.0
2023-06-20,LGA,9208,485,476.0
2023-06-21,LGA,10753,484,481.0
2023-06-22,LGA,8939,488,488.0
2023-06-23,LGA,7528,487,472.0
2023-06-24,LGA,5540,277,273.0
2023-06-25,LGA,13860,412,322.0
2023-06-26,LGA,11334,488,262.0
2023-06-27,LGA,7059,485,242.0
2023-06-28,LGA,8412,486,416.0
2023-06-29,LGA,4722,488,478.0
2023-06-30,LGA,3629,488,487.0
2023-07-01,LGA,6598,282,281.0
2023-07-02,LGA,16253,400,354.0
2023-07-03,LGA,10533,333,331.0
2023-07-04,LGA,14128,329,327.0
2023-07-05,LGA,10935,471,468.0
2023-07-06,LGA,9389,477,474.0
2023-07-07,LGA,13026,477,401.0
2023-07-08,LGA,13488,279,278.0
2023-07-09,LGA,11973,409,174.0
2023-07-10,LGA,8363,490,442.0
2023-07-11,LGA,9781,485,484.0
2023-07-12,LGA,9141,486,479.0
2023-07-13,LGA,8947,489,481.0
2023-07-14,LGA,6014,490,363.0
2023-07-15,LGA,5597,280,264.0
2023-07-16,LGA,11315,425,295.0
2023-07-17,LGA,7899,490,477.0
2023-07-18,LGA,11568,485,414.0
2023-07-19,LGA,9873,486,472.0
2023-07-20,LGA,7539,490,486.0
2023-07-21,LGA,3540,490,472.0
2023-07-22,LGA,7068,279,276.0
2023-07-23,LGA,8249,424,419.0
2023-07-24,LGA,7877,490,487.0
2023-07-25,LGA,11971,485,369.0
2023-07-26,LGA,8705,485,476.0
2023-07-27,LGA,8515,490,409.0
2023-07-28,LGA,3306,490,432.0
2023-07-29,LGA,6815,279,224.0
2023-07-30,LGA,7729,424,418.0
2023-07-31,LGA,7182,488,486.0
2023-08-01,LGA,9927,488,485.0
2023-08-02,LGA,7139,488,487.0
2023-08-03,LGA,3441,492,490.0
2023-08-04,LGA,5864,492,464.0
2023-08-05,LGA,7980,279,278.0
2023-08-06,LGA,10622,415,410.0
2023-08-07,LGA,10466,492,373.0
2023-08-08,LGA,11210,488,466.0
2023-08-09,LGA,7664,488,485.0
2023-08-10,LGA,10727,492,488.0
2023-08-11,LGA,6703,492,490.0
2023-08-12,LGA,14528,280,277.0
2023-08-13,LGA,10184,416,414.0
2023-08-14,LGA,8148,492,482.0
2023-08-15,LGA,8920,486,483.0
2023-08-16,LGA,8016,488,485.0
2023-08-17,LGA,11439,492,484.0
2023-08-18,LGA,3530,492,482.0
2023-08-19,LGA,5663,287,287.0
2023-08-20,LGA,10672,421,420.0
2023-08-21,LGA,6946,491,489.0
2023-08-22,LGA,10146,488,488.0
2023-08-23,LGA,11582,488,486.0
2023-08-24,LGA,10321,491,485.0
2023-08-25,LGA,3372,491,486.0
2023-08-26,LGA,13286,287,287.0
2023-08-27,LGA,10777,420,418.0
2023-08-28,LGA,10248,491,488.0
2023-08-29,LGA,17905,487,476.0
2023-08-30,LGA,12451,488,460.0
2023-08-31,LGA,8847,492,487.0
2023-09-01,LGA,3364,491,490.0
2023-09-02,LGA,7003,292,292.0
2023-09-03,LGA,15622,332,332.0
2023-09-04,LGA,7827,451,449.0
2023-09-05,LGA,10430,468,467.0
2023-09-06,LGA,13557,471,468.0
2023-09-07,LGA,10718,474,391.0
2023-09-08,LGA,7580,473,337.0
2023-09-09,LGA,2542,260,188.0
2023-09-10,LGA,15784,409,253.0
2023-09-11,LGA,10565,485,360.0
2023-09-12,LGA,10169,484,456.0
2023-09-13,LGA,10426,484,463.0
2023-09-14,LGA,9329,485,485.0
2023-09-15,LGA,3664,485,482.0
2023-09-16,LGA,14990,264,258.0
2023-09-17,LGA,10535,436,436.0
2023-09-18,LGA,10370,518,515.0
2023-09-19,LGA,9577,513,510.0
2023-09-20,LGA,9071,512,511.0
2023-09-21,LGA,8002,518,518.0
2023-09-22,LGA,3810,517,514.0
2023-09-23,LGA,14069,270,270.0
2023-09-24,LGA,10794,438,437.0
2023-09-25,LGA,10014,517,503.0
2023-09-26,LGA,10700,513,511.0
2023-09-27,LGA,8655,512,511.0
2023-09-28,LGA,9223,517,517.0
2023-09-29,LGA,1211,516,376.0
2023-09-30,LGA,8282,267,267.0
2023-10-01,LGA,9046,436,432.0
2023-10-02,LGA,9161,516,516.0
2023-10-03,LGA,10052,512,512.0
2023-10-04,LGA,10458,508,507.0
2023-10-05,LGA,9139,489,488.0
2023-10-06,LGA,4002,490,490.0
2023-10-07,LGA,7268,260,260.0
2023-10-08,LGA,12016,414,413.0
2023-10-09,LGA,8432,481,481.0
2023-10-10,LGA,9320,478,477.0
2023-10-11,LGA,8773,478,478.0
2023-10-12,LGA,8157,481,481.0
2023-10-13,LGA,3977,483,483.0
2023-10-14,LGA,13866,260,259.0
2023-10-15,LGA,7255,410,410.0
2023-10-16,LGA,8331,481,481.0
2023-10-17,LGA,7451,479,479.0
2023-10-18,LGA,8708,478,478.0
2023-10-19,LGA,9018,481,481.0
2023-10-20,LGA,3372,482,481.0
2023-10-21,LGA,6575,258,258.0
2023-10-22,LGA,9807,410,410.0
2023-10-23,LGA,6517,481,479.0
2023-10-24,LGA,8643,479,478.0
2023-10-25,LGA,9557,478,476.0
2023-10-26,LGA,8534,481,477.0
2023-10-27,LGA,3816,483,481.0
2023-10-28,LGA,15108,262,261.0
2023-10-29,LGA,10651,428,427.0
2023-10-30,LGA,10591,503,503.0
2023-10-31,LGA,19416,501,501.0
2023-11-01,LGA,10952,513,512.0
2023-11-02,LGA,9963,513,511.0
2023-11-03,LGA,3778,511,511.0
2023-11-04,LGA,6476,267,267.0
2023-11-05,LGA,8786,429,429.0
2023-11-06,LGA,9290,488,488.0
2023-11-07,LGA,9090,480,479.0
2023-11-08,LGA,8310,480,480.0
2023-11-09,LGA,8224,489,489.0
2023-11-10,LGA,6909,487,487.0
2023-11-11,LGA,3501,272,272.0
2023-11-12,LGA,9060,429,428.0
2023-11-13,LGA,7253,488,486.0
2023-11-14,LGA,14640,482,482.0
2023-11-15,LGA,11391,485,484.0
2023-11-16,LGA,9112,490,490.0
2023-11-17,LGA,10538,491,491.0
2023-11-18,LGA,9084,280,279.0
2023-11-19,LGA,9916,435,435.0
2023-11-20,LGA,9509,491,491.0
2023-11-21,LGA,8687,491,491.0
2023-11-22,LGA,8240,494,494.0
2023-11-23,LGA,12363,220,220.0
2023-11-24,LGA,12755,301,301.0
2023-11-25,LGA,8172,334,334.0
2023-11-26,LGA,8694,474,474.0
2023-11-27,LGA,10492,491,491.0
2023-11-28,LGA,11915,487,487.0
2023-11-29,LGA,12281,486,486.0
2023-11-30,LGA,5981,486,485.0
2023-12-01,LGA,8003,486,485.0
2023-12-02,LGA,8793,275,275.0
2023-12-03,LGA,9017,424,424.0
2023-12-04,LGA,8134,483,483.0
2023-12-05,LGA,9630,478,478.0
2023-12-06,LGA,7598,481,481.0
2023-12-07,LGA,7628,483,483.0
2023-12-08,LGA,4711,482,482.0
2023-12-09,LGA,16262,264,264.0
2023-12-10,LGA,10058,423,421.0
2023-12-11,LGA,9203,482,481.0
2023-12-12,LGA,12279,478,477.0
2023-12-13,LGA,11204,481,480.0
2023-12-14,LGA,8000,484,484.0
2023-12-15,LGA,5088,483,483.0
2023-12-16,LGA,15564,276,276.0
2023-12-17,LGA,9899,431,430.0
2023-12-18,LGA,12619,483,402.0
2023-12-19,LGA,8003,486,486.0
2023-12-20,LGA,10418,471,471.0
2023-12-21,LGA,8201,476,476.0
2023-12-22,LGA,7497,478,478.0
2023-12-23,LGA,10826,297,296.0
2023-12-24,LGA,16584,251,248.0
2023-12-25,LGA,17639,247,244.0
2023-12-26,LGA,10277,330,330.0
2023-12-27,LGA,13127,332,332.0
2023-12-28,LGA,12458,321,319.0
2023-12-29,LGA,9627,323,323.0
2023-12-30,LGA,11059,292,292.0
2023-12-31,LGA,17535,251,251.0
2024-01-01,LGA,18207,269,269.0
2024-01-02,LGA,13932,313,313.0
2024-01-03,LGA,15917,303,302.0
2024-01-04,LGA,11829,302,302.0
2024-01-05,LGA,13137,304,304.0
2024-01-06,LGA,8496,263,261.0
2024-01-07,LGA,12575,408,399.0
2024-01-08,LGA,14019,470,466.0
2024-01-09,LGA,13523,470,393.0
2024-01-10,LGA,13365,471,429.0
2024-01-11,LGA,10919,473,469.0
2024-01-12,LGA,6371,473,446.0
2024-01-13,LGA,3413,253,245.0
2024-01-14,LGA,12303,416,401.0
2024-01-15,LGA,9986,474,411.0
2024-01-16,LGA,18597,471,316.0
2024-01-17,LGA,11963,471,440.0
2024-01-18,LGA,5603,474,469.0
2024-01-19,LGA,8730,473,377.0
2024-01-20,LGA,18462,254,251.0
2024-01-21,LGA,13513,425,424.0
2024-01-22,LGA,14262,475,465.0
2024-01-23,LGA,20124,471,466.0
2024-01-24,LGA,17615,473,460.0
2024-01-25,LGA,9922,474,468.0
2024-01-26,LGA,9530,475,474.0
2024-01-27,LGA,20951,254,254.0
2024-01-28,LGA,12333,424,424.0
2024-01-29,LGA,13364,475,474.0
2024-01-30,LGA,24815,474,472.0
2024-01-31,LGA,18107,475,474.0
2024-02-01,LGA,6677,473,473.0
2024-02-02,LGA,12188,472,472.0
2024-02-03,LGA,21474,252,252.0
2024-02-04,LGA,14711,420,420.0
2024-02-05,LGA,14232,469,467.0
2024-02-06,LGA,23460,467,467.0
2024-02-07,LGA,14354,470,470.0
2024-02-08,LGA,13142,473,471.0
2024-02-09,LGA,6916,472,471.0
2024-02-10,LGA,18659,252,252.0
2024-02-11,LGA,14301,416,416.0
2024-02-12,LGA,10082,471,469.0
2024-02-13,LGA,14348,466,260.0
2024-02-14,LGA,14916,472,472.0
2024-02-15,LGA,7738,472,472.0
2024-02-16,LGA,7371,475,475.0
2024-02-17,LGA,16831,268,267.0
2024-02-18,LGA,11378,421,420.0
2024-02-19,LGA,8895,475,475.0
2024-02-20,LGA,12568,475,475.0
2024-02-21,LGA,14547,475,474.0
2024-02-22,LGA,11137,475,475.0
2024-02-23,LGA,10537,475,474.0
2024-02-24,LGA,19349,267,267.0
2024-02-25,LGA,10714,423,422.0
2024-02-26,LGA,15832,475,473.0
2024-02-27,LGA,26957,474,436.0
2024-02-28,LGA,13317,474,473.0
2024-02-29,LGA,12028,475,474.0
2024-03-01,LGA,5473,475,475.0
2024-03-02,LGA,15888,259,258.0
2024-03-03,LGA,11967,423,423.0
2024-03-04,LGA,13187,475,473.0
2024-03-05,LGA,17772,475,473.0
2024-03-06,LGA,13577,474,474.0
2024-03-07,LGA,10811,473,469.0
2024-03-08,LGA,10741,475,474.0
2024-03-09,LGA,20614,261,257.0
2024-03-10,LGA,11086,422,416.0
2024-03-11,LGA,17477,475,475.0
2024-03-12,LGA,14939,469,469.0
2024-03-13,LGA,12183,472,470.0
2024-03-14,LGA,9962,473,469.0
2024-03-15,LGA,9481,475,474.0
2024-03-16,LGA,10982,263,261.0
2024-03-17,LGA,10083,423,423.0
2024-03-18,LGA,9432,475,475.0
2024-03-19,LGA,13528,469,469.0
2024-03-20,LGA,11475,472,472.0
2024-03-21,LGA,10627,475,474.0
2024-03-22,LGA,8649,475,473.0
2024-03-23,LGA,19835,263,251.0
2024-03-24,LGA,9474,423,420.0
2024-03-25,LGA,9381,475,475.0
2024-03-26,LGA,11914,470,469.0
2024-03-27,LGA,9654,473,472.0
2024-03-28,LGA,10662,475,474.0
2024-03-29,LGA,8729,475,475.0
2024-03-30,LGA,16933,263,263.0
2024-03-31,LGA,11585,421,421.0
2024-04-01,LGA,10954,475,475.0
2024-04-02,LGA,15906,473,473.0
2024-04-03,LGA,13312,475,343.0
2024-04-04,LGA,8944,479,448.0
2024-04-05,LGA,11539,482,479.0
2024-04-06,LGA,12339,268,268.0
2024-04-07,LGA,10059,429,429.0
2024-04-08,LGA,14537,481,481.0
2024-04-09,LGA,17494,483,480.0
2024-04-10,LGA,10314,487,487.0
2024-04-11,LGA,9184,488,478.0
2024-04-12,LGA,8129,488,486.0
2024-04-13,LGA,15150,279,279.0
2024-04-14,LGA,9557,434,433.0
2024-04-15,LGA,12709,489,489.0
2024-04-16,LGA,11234,489,489.0
2024-04-17,LGA,8579,489,489.0
2024-04-18,LGA,9559,489,489.0
2024-04-19,LGA,7517,489,489.0
2024-04-20,LGA,8531,278,277.0
2024-04-21,LGA,9143,436,433.0
2024-04-22,LGA,8574,488,488.0
2024-04-23,LGA,11704,489,489.0
2024-04-24,LGA,8302,490,490.0
2024-04-25,LGA,8616,490,489.0
2024-04-26,LGA,10445,490,490.0
2024-04-27,LGA,17249,279,279.0
2024-04-28,LGA,10888,436,434.0
2024-04-29,LGA,9893,488,487.0
2024-04-30,LGA,16017,485,484.0
2024-05-01,LGA,11032,489,489.0
2024-05-02,LGA,11427,489,485.0
2024-05-03,LGA,7756,489,487.0
2024-05-04,LGA,12023,281,281.0
2024-05-05,LGA,10929,437,437.0
2024-05-06,LGA,10972,487,486.0
2024-05-07,LGA,9328,485,482.0
2024-05-08,LGA,9449,487,485.0
2024-05-09,LGA,10201,490,488.0
2024-05-10,LGA,5008,490,488.0
2024-05-11,LGA,14409,274,274.0
2024-05-12,LGA,13323,435,434.0
2024-05-13,LGA,9721,487,487.0
2024-05-14,LGA,8982,485,484.0
2024-05-15,LGA,9720,487,483.0
2024-05-16,LGA,7745,490,482.0
2024-05-17,LGA,7019,490,489.0
2024-05-18,LGA,4548,276,276.0
2024-05-19,LGA,9216,436,436.0
2024-05-20,LGA,8209,487,485.0
2024-05-21,LGA,9127,485,484.0
2024-05-22,LGA,9229,486,481.0
2024-05-23,LGA,8511,492,431.0
2024-05-25,LGA,9789,279,277.0
2024-05-26,LGA,14206,416,416.0
2024-05-27,LGA,11012,495,408.0
2024-05-28,LGA,10892,493,485.0
2024-05-29,LGA,10837,493,481.0
2024-05-30,LGA,8196,495,488.0
2024-05-31,LGA,6833,494,486.0
2024-06-01,LGA,16666,276,273.0
2024-06-02,LGA,8986,439,438.0
2024-06-03,LGA,9486,494,491.0
2024-06-04,LGA,9523,491,491.0
2024-06-05,LGA,12110,485,456.0
2024-06-06,LGA,10009,492,488.0
2024-06-07,LGA,6424,491,488.0
2024-06-08,LGA,10488,305,305.0
2024-06-09,LGA,10839,442,442.0
2024-06-10,LGA,8341,493,493.0
2024-06-11,LGA,9267,490,487.0
2024-06-12,LGA,7495,489,470.0
2024-06-13,LGA,9015,494,484.0
2024-06-14,LGA,4345,493,448.0
2024-06-15,LGA,9919,309,303.0
2024-06-16,LGA,10849,442,442.0
2024-06-17,LGA,9467,493,490.0
2024-06-18,LGA,9326,492,492.0
2024-06-19,LGA,9110,494,493.0
2024-06-20,LGA,8460,494,491.0
2024-06-21,LGA,9116,493,491.0
2024-06-22,LGA,12394,309,282.0
2024-06-23,LGA,10823,441,375.0
2024-06-24,LGA,8858,493,487.0
2024-06-25,LGA,8668,492,490.0
2024-06-26,LGA,9585,494,426.0
2024-06-27,LGA,9222,494,453.0
2024-06-28,LGA,4784,493,491.0
2024-06-29,LGA,7497,310,310.0
2024-06-30,LGA,12812,445,320.0
2024-07-01,LGA,8293,494,472.0
2024-07-02,LGA,10020,494,494.0
2024-07-03,LGA,9593,494,492.0
2024-07-04,LGA,10537,466,466.0
2024-07-05,LGA,6459,488,460.0
2024-07-06,LGA,9710,313,312.0
2024-07-07,LGA,9014,448,436.0
2024-07-08,LGA,8220,493,474.0
2024-07-09,LGA,9574,493,487.0
2024-07-10,LGA,10241,493,453.0
2024-07-11,LGA,6256,494,486.0
2024-07-12,LGA,7559,493,468.0
2024-07-13,LGA,13032,311,309.0
2024-07-14,LGA,11787,446,430.0
2024-07-15,LGA,8636,494,481.0
2024-07-16,LGA,8857,493,474.0
2024-07-17,LGA,11106,493,377.0
2024-07-18,LGA,8879,494,455.0
2024-07-19,LGA,7361,493,367.0
2024-07-20,LGA,13433,311,263.0
2024-07-21,LGA,14852,445,378.0
2024-07-22,LGA,11787,494,408.0
2024-07-23,LGA,9303,493,467.0
2024-07-24,LGA,8596,494,484.0
2024-07-25,LGA,9760,494,493.0
2024-07-26,LGA,9595,493,493.0
2024-07-27,LGA,9100,311,310.0
2024-07-28,LGA,9487,444,443.0
2024-07-29,LGA,12090,494,493.0
2024-07-30,LGA,8666,491,486.0
2024-07-31,LGA,11330,492,461.0
2024-08-01,LGA,9336,494,492.0
2024-08-02,LGA,6979,493,352.0
2024-08-03,LGA,10413,311,227.0
2024-08-04,LGA,15290,445,304.0
2024-08-05,LGA,10554,494,433.0
2024-08-06,LGA,9165,489,305.0
2024-08-07,LGA,11176,492,448.0
2024-08-08,LGA,10055,494,481.0
2024-08-09,LGA,11024,493,390.0
2024-08-10,LGA,11897,308,307.0
2024-08-11,LGA,10014,445,444.0
2024-08-12,LGA,8342,493,492.0
2024-08-13,LGA,9091,490,490.0
2024-08-14,LGA,9277,490,489.0
2024-08-15,LGA,9329,493,493.0
2024-08-16,LGA,6639,492,491.0
2024-08-17,LGA,12729,309,308.0
2024-08-18,LGA,10128,444,267.0
2024-08-19,LGA,10960,491,397.0
2024-08-20,LGA,11739,489,487.0
2024-08-21,LGA,9197,489,488.0
2024-08-22,LGA,10226,492,489.0
2024-08-23,LGA,4306,491,490.0
2024-08-24,LGA,11337,311,310.0
2024-08-25,LGA,8091,447,446.0
2024-08-26,LGA,10402,491,488.0
2024-08-27,LGA,11860,489,489.0
2024-08-28,LGA,10322,490,490.0
2024-08-29,LGA,10632,492,477.0
2024-08-30,LGA,7439,491,484.0
2024-08-31,LGA,10478,304,303.0
2024-09-01,LGA,12181,421,419.0
2024-09-02,LGA,8757,491,490.0
2024-09-03,LGA,11511,488,487.0
2024-09-04,LGA,11267,487,486.0
2024-09-05,LGA,11497,488,486.0
2024-09-06,LGA,6292,487,486.0
2024-09-07,LGA,4454,284,284.0
2024-09-08,LGA,10361,441,441.0
2024-09-09,LGA,8793,489,489.0
2024-09-10,LGA,11765,485,485.0
2024-09-11,LGA,9877,486,484.0
2024-09-12,LGA,8171,490,490.0
2024-09-13,LGA,4175,489,489.0
2024-09-14,LGA,9012,277,277.0
2024-09-15,LGA,8819,445,445.0
2024-09-16,LGA,11287,489,489.0
2024-09-17,LGA,8975,484,484.0
2024-09-18,LGA,9604,486,486.0
2024-09-19,LGA,8998,490,489.0
2024-09-20,LGA,4522,489,489.0
2024-09-21,LGA,9340,274,274.0
2024-09-22,LGA,9869,446,446.0
2024-09-23,LGA,8219,489,489.0
2024-09-24,LGA,11063,485,484.0
2024-09-25,LGA,9620,486,484.0
2024-09-26,LGA,7830,489,472.0
2024-09-27,LGA,4082,488,469.0
2024-09-28,LGA,8371,274,272.0
2024-09-29,LGA,9448,445,440.0
2024-09-30,LGA,7731,487,487.0
2024-10-01,LGA,10644,484,484.0
2024-10-02,LGA,8732,487,487.0
2024-10-03,LGA,8389,491,491.0
2024-10-04,LGA,4127,491,490.0
2024-10-05,LGA,9326,274,274.0
2024-10-06,LGA,8908,449,449.0
2024-10-07,LGA,7841,494,493.0
2024-10-08,LGA,10660,493,481.0
2024-10-09,LGA,12881,493,463.0
2024-10-10,LGA,7583,494,460.0
2024-10-11,LGA,5648,494,491.0
2024-10-12,LGA,12546,280,277.0
2024-10-13,LGA,11212,450,448.0
2024-10-14,LGA,7685,494,493.0
2024-10-15,LGA,9189,493,491.0
2024-10-16,LGA,6673,493,493.0
2024-10-17,LGA,8745,494,494.0
2024-10-18,LGA,4638,494,494.0
2024-10-19,LGA,12192,281,280.0
2024-10-20,LGA,8641,449,449.0
2024-10-21,LGA,9172,494,494.0
2024-10-22,LGA,9627,493,493.0
2024-10-23,LGA,9088,493,493.0
2024-10-24,LGA,8994,494,494.0
2024-10-25,LGA,6230,494,494.0
2024-10-26,LGA,3638,283,283.0
2024-10-27,LGA,8684,436,436.0
2024-10-28,LGA,8089,478,478.0
2024-10-29,LGA,13703,475,475.0
2024-10-30,LGA,8276,476,476.0
2024-10-31,LGA,9694,466,466.0
2024-11-01,LGA,6463,480,480.0
2024-11-02,LGA,11119,273,273.0
2024-11-03,LGA,9154,434,433.0
2024-11-04,LGA,8720,479,477.0
2024-11-05,LGA,10810,487,486.0
2024-11-06,LGA,7546,495,495.0
2024-11-07,LGA,8425,496,494.0
2024-11-08,LGA,3899,497,494.0
2024-11-09,LGA,6121,288,287.0
2024-11-10,LGA,7784,454,454.0
2024-11-11,LGA,8169,501,501.0
2024-11-12,LGA,9254,498,498.0
2024-11-13,LGA,8891,499,499.0
2024-11-14,LGA,7690,501,500.0
2024-11-15,LGA,3579,501,501.0
2024-11-16,LGA,14745,291,291.0
2024-11-17,LGA,9380,456,456.0
2024-11-18,LGA,8311,500,499.0
2024-11-19,LGA,12319,497,495.0
2024-11-20,LGA,8073,499,499.0
2024-11-21,LGA,8459,501,499.0
2024-11-22,LGA,3640,502,502.0
2024-11-23,LGA,8680,312,312.0
2024-11-24,LGA,7992,474,474.0
2024-11-25,LGA,8699,502,502.0
2024-11-26,LGA,7708,502,502.0
2024-11-27,LGA,9103,503,503.0
2024-11-28,LGA,12395,222,222.0
2024-11-29,LGA,12916,331,331.0
2024-11-30,LGA,6509,390,390.0
2024-12-01,LGA,9214,497,497.0
2024-12-02,LGA,8771,503,503.0
2024-12-03,LGA,7279,496,495.0
2024-12-04,LGA,8678,500,500.0
2024-12-05,LGA,7237,497,495.0
2024-12-06,LGA,6376,502,502.0
2024-12-07,LGA,11740,286,286.0
2024-12-08,LGA,8390,457,457.0
2024-12-09,LGA,9039,500,500.0
2024-12-10,LGA,7560,498,497.0
2024-12-11,LGA,6856,500,487.0
2024-12-12,LGA,8683,501,501.0
2024-12-13,LGA,5505,502,501.0
2024-12-14,LGA,13877,287,287.0
2024-12-15,LGA,8532,458,457.0
2024-12-16,LGA,8092,501,501.0
2024-12-17,LGA,9056,499,498.0
2024-12-18,LGA,8166,501,501.0
2024-12-19,LGA,9263,494,494.0
2024-12-20,LGA,8993,474,464.0
2024-12-21,LGA,7144,331,321.0
2024-12-22,LGA,9249,393,393.0
2024-12-23,LGA,10243,403,403.0
2024-12-24,LGA,13464,252,252.0
2024-12-25,LGA,13286,248,247.0
2024-12-26,LGA,10075,340,337.0
2024-12-27,LGA,11339,342,342.0
2024-12-28,LGA,7873,310,309.0
2024-12-29,LGA,11973,337,337.0
2024-12-30,LGA,11520,340,340.0
2024-12-31,LGA,12843,256,256.0
2025-01-01,LGA,13193,241,241.0
2025-01-02,LGA,10007,299,298.0
2025-01-03,LGA,10012,301,301.0
2025-01-04,LGA,13732,274,270.0
2025-01-05,LGA,11716,348,327.0
2025-01-06,LGA,12529,385,350.0
2025-01-07,LGA,15682,380,375.0
2025-01-08,LGA,18232,388,382.0
2025-01-09,LGA,13507,391,364.0
2025-01-10,LGA,6702,390,339.0
2025-01-11,LGA,16204,218,213.0
2025-01-12,LGA,10700,357,357.0
2025-01-13,LGA,15775,390,388.0
2025-01-14,LGA,13735,385,385.0
2025-01-15,LGA,9917,385,385.0
2025-01-16,LGA,9106,391,391.0
2025-01-17,LGA,5156,388,388.0
2025-01-18,LGA,12186,211,211.0
2025-01-19,LGA,11197,332,251.0
2025-01-20,LGA,8435,389,364.0
2025-01-21,LGA,15035,382,354.0
2025-01-22,LGA,21002,385,368.0
2025-01-23,LGA,11389,391,385.0
2025-01-24,LGA,11329,389,389.0
2025-01-25,LGA,16993,219,219.0
2025-01-26,LGA,10488,358,358.0
2025-01-27,LGA,13214,390,390.0
2025-01-28,LGA,22998,383,383.0
2025-01-29,LGA,16729,385,382.0
2025-01-30,LGA,10496,391,386.0
2025-01-31,LGA,8724,389,389.0
2025-02-01,LGA,16433,218,218.0
2025-02-02,LGA,9511,358,358.0
2025-02-03,LGA,13376,390,390.0
2025-02-04,LGA,20968,383,383.0
2025-02-05,LGA,12036,385,382.0
2025-02-06,LGA,14140,391,368.0
2025-02-07,LGA,7428,388,388.0
2025-02-08,LGA,18266,220,215.0
2025-02-09,LGA,15182,344,322.0
2025-02-10,LGA,12219,390,390.0
2025-02-11,LGA,17702,386,380.0
2025-02-12,LGA,11374,387,376.0
2025-02-13,LGA,8857,388,386.0
2025-02-14,LGA,4180,391,390.0
2025-02-15,LGA,9157,235,234.0
2025-02-16,LGA,13402,339,240.0
2025-02-17,LGA,8355,391,343.0
2025-02-18,LGA,11632,389,378.0
2025-02-19,LGA,10183,392,376.0
2025-02-20,LGA,11541,390,383.0
2025-02-21,LGA,11263,386,386.0
2025-02-22,LGA,19320,229,229.0
2025-02-23,LGA,10808,351,351.0
2025-02-24,LGA,12249,387,387.0
2025-02-25,LGA,21541,386,386.0
2025-02-26,LGA,15891,387,387.0
2025-02-27,LGA,10649,387,385.0
2025-02-28,LGA,4096,386,385.0
2025-03-01,LGA,16520,229,229.0
2025-03-02,LGA,10460,351,351.0
2025-03-03,LGA,12198,387,387.0
2025-03-04,LGA,20350,386,378.0
2025-03-05,LGA,11841,385,362.0
2025-03-06,LGA,8353,386,383.0
2025-03-07,LGA,7208,387,386.0
2025-03-08,LGA,17682,222,222.0
2025-03-09,LGA,13920,368,367.0
2025-03-10,LGA,13287,395,395.0
2025-03-11,LGA,15600,395,395.0
2025-03-12,LGA,10606,394,394.0
2025-03-13,LGA,8198,395,395.0
2025-03-14,LGA,3848,395,393.0
2025-03-15,LGA,6692,233,233.0
2025-03-16,LGA,8055,367,353.0
2025-03-17,LGA,8586,395,385.0
2025-03-18,LGA,10126,395,395.0
2025-03-19,LGA,7985,394,389.0
2025-03-20,LGA,7479,395,394.0
2025-03-21,LGA,8234,395,394.0
2025-03-22,LGA,13033,239,239.0
2025-03-23,LGA,7692,367,367.0
2025-03-24,LGA,9841,395,395.0
2025-03-25,LGA,12360,395,395.0
2025-03-26,LGA,9012,394,394.0
2025-03-27,LGA,10025,395,395.0
2025-03-28,LGA,3711,395,395.0
2025-03-29,LGA,13517,239,239.0
2025-03-30,LGA,7894,366,359.0
2025-03-31,LGA,8925,387,335.0
2025-04-01,LGA,11793,387,369.0
2025-04-02,LGA,8542,387,370.0
2025-04-03,LGA,5325,387,383.0
2025-04-04,LGA,2561,397,395.0
2025-04-05,LGA,13040,241,240.0
2025-04-06,LGA,7834,381,378.0
2025-04-07,LGA,8487,397,396.0
2025-04-08,LGA,10489,397,394.0
2025-04-09,LGA,6810,397,397.0
2025-04-10,LGA,6646,398,397.0
2025-04-11,LGA,5420,398,397.0
2025-04-12,LGA,10047,245,245.0
2025-04-13,LGA,7655,382,381.0
2025-04-14,LGA,5960,406,404.0
2025-04-15,LGA,7115,406,406.0
2025-04-16,LGA,7351,406,406.0
2025-04-17,LGA,8526,406,406.0
2025-04-18,LGA,6108,406,406.0
2025-04-19,LGA,11384,247,247.0
2025-04-20,LGA,11587,388,388.0
2025-04-21,LGA,8370,406,405.0
2025-04-22,LGA,9289,406,406.0
2025-04-23,LGA,10093,405,405.0
2025-04-24,LGA,7333,406,402.0
2025-04-25,LGA,2622,406,406.0
2025-04-26,LGA,13733,247,246.0
2025-04-27,LGA,5859,389,389.0
2025-04-28,LGA,5782,406,405.0
2025-04-29,LGA,11454,406,406.0
2025-04-30,LGA,8892,403,394.0
2025-05-01,LGA,6326,401,400.0
2025-05-02,LGA,5395,402,398.0
2025-05-03,LGA,2618,251,250.0
2025-05-04,LGA,6788,381,378.0
2025-05-05,LGA,10781,404,367.0
2025-05-06,LGA,10575,401,380.0
2025-05-07,LGA,7821,396,395.0
2025-05-08,LGA,8786,398,397.0
2025-05-09,LGA,2878,398,397.0
2025-05-10,LGA,11624,214,214.0
2025-05-11,LGA,10004,355,355.0
2025-05-12,LGA,6343,398,396.0
2025-05-13,LGA,8223,394,394.0
2025-05-14,LGA,7023,395,362.0
2025-05-15,LGA,6403,398,391.0
2025-05-16,LGA,6028,398,320.0
2025-05-17,LGA,2724,215,206.0
2025-05-18,LGA,8111,355,355.0
2025-05-19,LGA,6026,398,397.0
2025-05-20,LGA,7343,396,394.0
2025-05-21,LGA,6071,399,399.0
2025-05-22,LGA,6905,404,403.0
2025-05-23,LGA,4971,405,404.0
2025-05-24,LGA,8786,219,219.0
2025-05-25,LGA,9248,330,330.0
2025-05-26,LGA,7431,405,404.0
2025-05-27,LGA,7833,403,403.0
2025-05-28,LGA,9546,402,401.0
2025-05-29,LGA,7063,405,405.0
2025-05-30,LGA,2847,405,401.0
2025-05-31,LGA,10286,218,218.0
2025-06-01,LGA,7208,362,362.0
2025-06-02,LGA,5417,403,399.0
2025-06-03,LGA,11919,400,400.0
2025-06-04,LGA,6942,400,400.0
2025-06-05,LGA,7366,399,398.0
2025-06-06,LGA,6583,403,363.0
2025-06-07,LGA,8093,241,241.0
2025-06-08,LGA,5915,367,365.0
2025-06-09,LGA,6117,403,399.0
2025-06-10,LGA,8372,400,389.0
2025-06-11,LGA,7515,399,395.0
2025-06-12,LGA,8235,401,397.0
2025-06-13,LGA,7570,403,401.0
2025-06-14,LGA,7959,251,250.0
2025-06-15,LGA,5826,366,361.0
2025-06-16,LGA,6059,401,399.0
2025-06-17,LGA,8438,401,382.0
2025-06-18,LGA,8617,400,364.0
2025-06-19,LGA,8861,400,294.0
2025-06-20,LGA,2663,402,382.0
2025-06-21,LGA,7655,252,249.0
2025-06-22,LGA,7081,365,353.0
2025-06-23,LGA,7081,401,400.0
2025-06-24,LGA,7427,401,401.0
2025-06-25,LGA,7452,400,359.0
2025-06-26,LGA,9051,405,353.0
2025-06-27,LGA,2847,405,362.0
2025-06-28,LGA,10527,254,233.0
2025-06-29,LGA,6585,368,363.0
2025-06-30,LGA,10233,404,316.0
2025-07-01,LGA,9513,404,282.0
2025-07-02,LGA,8367,402,377.0
2025-07-03,LGA,8810,403,348.0
2025-07-04,LGA,2396,350,344.0
2025-07-05,LGA,6700,251,251.0
2025-07-06,LGA,5503,367,367.0
2025-07-07,LGA,8956,401,378.0
2025-07-08,LGA,9866,402,330.0
2025-07-09,LGA,8641,403,372.0
2025-07-10,LGA,7181,403,390.0
2025-07-11,LGA,2804,403,398.0
2025-07-12,LGA,9221,255,250.0
2025-07-13,LGA,10056,369,330.0
2025-07-14,LGA,8886,402,252.0
2025-07-15,LGA,8406,402,367.0
2025-07-16,LGA,5784,403,332.0
2025-07-17,LGA,7224,403,384.0
2025-07-18,LGA,2987,403,402.0
2025-07-19,LGA,10105,255,253.0
2025-07-20,LGA,8566,369,363.0
2025-07-21,LGA,8562,402,402.0
2025-07-22,LGA,8964,402,400.0
2025-07-23,LGA,8314,403,401.0
2025-07-24,LGA,6523,403,401.0
2025-07-25,LGA,3446,403,330.0
2025-07-26,LGA,15133,254,244.0
2025-07-27,LGA,10827,369,290.0
2025-07-28,LGA,6032,402,387.0
2025-07-29,LGA,9210,402,402.0
2025-07-30,LGA,6934,403,381.0
2025-07-31,LGA,11756,403,264.0
2025-08-01,LGA,3109,405,374.0
2025-08-02,LGA,5636,255,250.0
2025-08-03,LGA,6288,372,369.0
2025-08-04,LGA,9632,405,399.0
2025-08-05,LGA,8593,405,405.0
2025-08-06,LGA,8263,406,402.0
2025-08-07,LGA,4665,406,401.0
2025-08-08,LGA,3099,405,403.0
2025-08-09,LGA,11601,251,249.0
2025-08-10,LGA,7632,368,367.0
2025-08-11,LGA,6911,405,404.0
2025-08-12,LGA,9763,405,402.0
2025-08-13,LGA,11526,402,313.0
2025-08-14,LGA,5232,405,390.0
2025-08-15,LGA,3259,405,405.0
2025-08-17,LGA,7538,366,351.0
2025-08-18,LGA,8421,405,390.0
2025-08-19,LGA,10302,403,403.0
2025-08-20,LGA,9553,403,402.0
2025-08-21,LGA,9077,403,403.0
2025-08-22,LGA,2889,405,404.0
2025-08-23,LGA,6977,257,255.0
2025-08-24,LGA,9001,368,368.0
2025-08-25,LGA,7895,405,405.0
2025-08-26,LGA,11121,401,401.0
2025-08-27,LGA,8856,403,403.0
2025-08-28,LGA,5690,404,402.0
2025-08-29,LGA,2860,405,404.0
2025-08-30,LGA,6294,255,252.0
2025-08-31,LGA,12411,345,345.0
2025-09-01,LGA,7098,404,403.0
2025-09-02,LGA,10178,401,401.0
2025-09-03,LGA,14711,401,401.0
2025-09-04,LGA,8655,404,358.0
2025-09-05,LGA,2765,405,401.0
2025-09-06,LGA,9275,244,230.0
2025-09-07,LGA,7415,373,367.0
2025-09-08,LGA,7258,405,404.0
2025-09-09,LGA,12943,399,399.0
2025-09-10,LGA,9619,400,398.0
2025-09-11,LGA,9104,410,410.0
2025-09-12,LGA,2755,410,410.0
2025-09-13,LGA,8031,238,238.0
2025-09-14,LGA,7656,377,376.0
2025-09-15,LGA,7438,410,410.0
2025-09-16,LGA,10389,404,404.0
2025-09-17,LGA,9304,405,401.0
2025-09-18,LGA,3994,410,410.0
2025-09-19,LGA,3148,411,406.0
2025-09-20,LGA,6889,238,238.0
2025-09-21,LGA,6790,377,377.0
2025-09-22,LGA,8889,410,408.0
2025-09-23,LGA,13492,404,404.0
2025-09-24,LGA,9150,405,399.0
2025-09-25,LGA,6468,409,400.0
2025-09-26,LGA,2787,409,409.0
2025-09-27,LGA,6418,238,238.0
2025-09-28,LGA,6092,374,374.0
2025-09-29,LGA,6853,409,409.0
2025-09-30,LGA,9538,404,404.0
2025-10-01,LGA,7839,405,405.0
2025-10-02,LGA,5522,409,408.0
2025-10-03,LGA,2735,410,410.0
2025-10-04,LGA,3154,237,237.0
2025-10-05,LGA,6630,376,376.0
2025-10-06,LGA,9997,413,413.0
2025-10-07,LGA,8115,410,408.0
2025-10-08,LGA,6457,410,410.0
2025-10-09,LGA,7460,414,414.0
2025-10-10,LGA,3343,414,414.0
2025-10-11,LGA,4979,248,247.0
2025-10-12,LGA,8075,386,374.0
2025-10-13,LGA,9440,414,350.0
2025-10-14,LGA,9103,410,408.0
2025-10-15,LGA,8145,410,409.0
2025-10-16,LGA,5003,413,413.0
2025-10-17,LGA,2885,413,413.0
2025-10-18,LGA,7283,247,247.0
2025-10-19,LGA,6189,385,385.0
2025-10-20,LGA,6014,413,413.0
2025-10-21,LGA,9541,410,409.0
2025-10-22,LGA,6400,410,410.0
2025-10-23,LGA,8649,413,412.0
2025-10-24,LGA,3331,413,410.0
2025-10-25,LGA,6188,247,247.0
2025-10-26,LGA,7678,387,385.0
2025-10-27,LGA,8108,418,416.0
2025-10-28,LGA,12749,416,415.0
2025-10-29,LGA,7617,416,416.0
2025-10-30,LGA,12554,420,248.0
2025-10-31,LGA,6529,415,370.0
2025-11-01,LGA,11204,245,236.0
2025-11-03,LGA,110036,419,416.0
2025-11-10,LGA,48548,426,344.0
2025-11-11,LGA,40956,424,371.0
2025-11-12,LGA,35296,423,404.0
2025-11-13,LGA,43479,426,409.0
2025-11-14,LGA,3234,426,418.0
2025-11-15,LGA,27079,260,258.0
2025-11-16,LGA,7337,403,401.0
2025-11-17,LGA,11302,426,419.0
2025-11-18,LGA,13662,424,424.0
2025-11-19,LGA,6900,423,423.0
2025-11-20,LGA,7465,426,422.0
2025-11-21,LGA,3230,425,424.0
2025-11-22,LGA,4059,308,307.0
2025-11-23,LGA,7428,408,408.0
2025-11-24,LGA,8000,427,426.0
2025-11-25,LGA,6128,426,426.0
2025-11-26,LGA,6989,425,425.0
2025-11-27,LGA,11346,193,193.0
2025-11-28,LGA,11973,304,303.0
2025-11-29,LGA,7477,376,359.0
2025-11-30,LGA,8514,412,406.0
2025-12-01,LGA,9472,426,414.0
2025-12-02,LGA,8197,427,418.0
2025-12-03,LGA,9100,424,424.0
2025-12-04,LGA,6497,428,428.0
2025-12-05,LGA,5614,428,419.0
2025-12-06,LGA,10742,265,261.0
2025-12-07,LGA,7316,405,399.0
2025-12-08,LGA,7327,428,410.0
2025-12-09,LGA,7459,425,425.0
2025-12-10,LGA,6844,424,419.0
2025-12-11,LGA,9915,428,423.0
2025-12-12,LGA,3171,428,424.0
2025-12-13,LGA,5936,264,263.0
2025-12-14,LGA,13437,405,234.0
2025-12-15,LGA,6657,428,409.0
2025-12-16,LGA,7284,425,425.0
2025-12-17,LGA,7865,424,421.0
2025-12-18,LGA,9221,422,420.0
2025-12-19,LGA,5073,413,334.0
2025-12-20,LGA,7418,319,313.0
2025-12-21,LGA,7654,352,348.0
2025-12-22,LGA,8353,355,351.0
2025-12-23,LGA,8310,356,354.0
2025-12-24,LGA,11910,235,233.0
2025-12-25,LGA,11055,217,216.0
2025-12-26,LGA,7811,319,248.0
2025-12-27,LGA,2920,293,217.0
2025-12-28,LGA,22892,315,297.0
2025-12-29,LGA,15032,319,310.0
2025-12-30,LGA,19272,319,316.0
2025-12-31,LGA,22828,245,242.0
2019-01-01,ORD,40990,824,819.0
2019-01-02,ORD,42508,904,886.0
2019-01-03,ORD,45414,876,873.0
2019-01-04,ORD,32489,875,875.0
2019-01-05,ORD,36379,820,817.0
2019-01-06,ORD,40973,879,870.0
2019-01-07,ORD,41777,890,877.0
2019-01-08,ORD,37949,844,829.0
2019-01-09,ORD,36951,855,843.0
2019-01-10,ORD,38863,891,882.0
2019-01-11,ORD,42940,894,875.0
2019-01-12,ORD,32213,679,648.0
2019-01-13,ORD,44478,858,843.0
2019-01-14,ORD,37108,892,888.0
2019-01-15,ORD,37291,837,831.0
2019-01-16,ORD,30370,849,845.0
2019-01-17,ORD,49760,891,887.0
2019-01-18,ORD,42752,881,819.0
2019-01-19,ORD,30308,678,270.0
2019-01-20,ORD,35074,775,714.0
2019-01-21,ORD,37745,851,835.0
2019-01-22,ORD,30752,838,556.0
2019-01-23,ORD,36967,850,762.0
2019-01-24,ORD,40758,892,871.0
2019-01-25,ORD,39467,893,880.0
2019-01-26,ORD,29094,678,673.0
2019-01-27,ORD,37563,857,831.0
2019-01-28,ORD,27765,891,428.0
2019-01-29,ORD,34928,836,749.0
2019-01-30,ORD,19422,848,287.0
2019-01-31,ORD,28035,890,337.0
2019-02-01,ORD,39922,887,827.0
2019-02-02,ORD,29912,673,659.0
2019-02-03,ORD,57409,831,791.0
2019-02-04,ORD,60638,884,876.0
2019-02-05,ORD,53467,830,746.0
2019-02-06,ORD,60831,842,813.0
2019-02-07,ORD,68226,885,833.0
2019-02-08,ORD,69095,886,876.0
2019-02-09,ORD,55531,674,674.0
2019-02-10,ORD,10463,850,800.0
2019-02-11,ORD,25831,885,790.0
2019-02-12,ORD,36463,829,706.0
2019-02-13,ORD,31594,843,837.0
2019-02-14,ORD,30110,920,918.0
2019-02-15,ORD,8018,916,908.0
2019-02-16,ORD,11741,711,708.0
2019-02-17,ORD,37575,845,618.0
2019-02-18,ORD,71406,906,870.0
2019-02-19,ORD,79482,881,872.0
2019-02-20,ORD,67420,900,767.0
2019-02-21,ORD,45765,918,913.0
2019-02-22,ORD,43215,918,913.0
2019-02-23,ORD,33213,723,700.0
2019-02-24,ORD,40945,883,779.0
2019-02-25,ORD,38693,918,896.0
2019-02-26,ORD,35721,884,876.0
2019-02-27,ORD,21556,876,872.0
2019-02-28,ORD,16866,921,914.0
2019-03-01,ORD,42511,920,913.0
2019-03-02,ORD,43664,727,723.0
2019-03-03,ORD,32798,886,851.0
2019-03-04,ORD,39185,919,902.0
2019-03-05,ORD,37614,881,877.0
2019-03-06,ORD,37992,900,896.0
2019-03-07,ORD,41031,914,903.0
2019-03-08,ORD,517,932,917.0
2019-03-09,ORD,45406,759,738.0
2019-03-10,ORD,82822,908,895.0
2019-03-11,ORD,73919,938,928.0
2019-03-12,ORD,37913,910,899.0
2019-03-13,ORD,42835,917,866.0
2019-03-14,ORD,46205,941,793.0
2019-03-15,ORD,41481,940,921.0
2019-03-16,ORD,33658,761,742.0
2019-03-17,ORD,36498,906,892.0
2019-03-18,ORD,36057,935,923.0
2019-03-19,ORD,37798,907,892.0
2019-03-20,ORD,37747,913,905.0
2019-03-21,ORD,42944,929,928.0
2019-03-22,ORD,11058,930,926.0
2019-03-23,ORD,34361,753,753.0
2019-03-24,ORD,85592,897,893.0
2019-03-25,ORD,44318,932,927.0
2019-03-26,ORD,43288,904,903.0
2019-03-27,ORD,44489,910,910.0
2019-03-28,ORD,40716,935,931.0
2019-03-29,ORD,39685,934,933.0
2019-03-30,ORD,149,747,746.0
2019-03-31,ORD,65798,914,911.0
2019-04-01,ORD,42312,940,936.0
2019-04-02,ORD,32900,910,910.0
2019-04-03,ORD,15230,934,931.0
2019-04-04,ORD,23215,953,949.0
2019-04-05,ORD,42756,956,954.0
2019-04-06,ORD,44781,741,738.0
2019-04-07,ORD,73084,922,899.0
2019-04-08,ORD,43216,954,949.0
2019-04-09,ORD,39497,916,911.0
2019-04-10,ORD,44374,937,924.0
2019-04-11,ORD,48747,954,925.0
2019-04-12,ORD,46742,953,949.0
2019-04-13,ORD,37056,743,734.0
2019-04-14,ORD,36947,917,471.0
2019-04-15,ORD,47753,953,882.0
2019-04-16,ORD,44735,915,913.0
2019-04-17,ORD,71,934,928.0
2019-04-18,ORD,43527,956,953.0
2019-04-19,ORD,51012,955,931.0
2019-04-20,ORD,41821,713,705.0
2019-04-21,ORD,68815,802,798.0
2019-04-22,ORD,45470,954,948.0
2019-04-23,ORD,39415,915,910.0
2019-04-24,ORD,42335,937,933.0
2019-04-25,ORD,45533,951,944.0
2019-04-26,ORD,45400,953,933.0
2019-04-27,ORD,13521,737,528.0
2019-04-28,ORD,16865,912,885.0
2019-05-05,ORD,46096,958,954.0
2019-05-06,ORD,44055,990,985.0
2019-05-07,ORD,42122,969,968.0
2019-05-08,ORD,46258,973,960.0
2019-05-09,ORD,50531,996,989.0
2019-05-10,ORD,48204,993,990.0
2019-05-11,ORD,37494,785,781.0
2019-05-12,ORD,51969,958,948.0
2019-05-13,ORD,50418,993,986.0
2019-05-14,ORD,48527,973,972.0
2019-05-15,ORD,49955,974,974.0
2019-05-16,ORD,54771,997,983.0
2019-05-17,ORD,54278,995,991.0
2019-05-18,ORD,40170,791,757.0
2019-05-19,ORD,49605,960,932.0
2019-05-20,ORD,51031,992,981.0
2019-05-21,ORD,50114,974,968.0
2019-05-22,ORD,50548,973,969.0
2019-05-23,ORD,14922,997,980.0
2019-05-24,ORD,36152,995,990.0
2019-05-25,ORD,50298,744,743.0
2019-05-26,ORD,74665,843,842.0
2019-05-27,ORD,46242,945,738.0
2019-05-28,ORD,52241,972,907.0
2019-05-29,ORD,43034,945,927.0
2019-05-30,ORD,48025,997,992.0
2019-05-31,ORD,46259,995,990.0
2019-06-01,ORD,38659,791,776.0
2019-06-02,ORD,49214,963,954.0
2019-06-03,ORD,51173,992,989.0
2019-06-04,ORD,55,975,970.0
2019-06-05,ORD,50589,972,968.0
2019-06-06,ORD,48712,1034,1032.0
2019-06-07,ORD,51485,1033,1031.0
2019-06-08,ORD,51734,860,838.0
2019-06-09,ORD,73683,1005,979.0
2019-06-10,ORD,80329,1028,1010.0
2019-06-11,ORD,49423,1006,1002.0
2019-06-12,ORD,54195,1022,969.0
2019-06-13,ORD,53828,1034,1029.0
2019-06-14,ORD,53509,1033,1029.0
2019-06-15,ORD,44464,863,851.0
2019-06-16,ORD,51977,1007,965.0
2019-06-17,ORD,51613,1034,1012.0
2019-06-18,ORD,50011,1013,989.0
2019-06-19,ORD,52286,1026,1011.0
2019-06-20,ORD,53748,1033,1005.0
2019-06-21,ORD,53519,1031,1018.0
2019-06-22,ORD,43135,869,856.0
2019-06-23,ORD,58542,1010,970.0
2019-06-24,ORD,55443,1033,977.0
2019-06-25,ORD,51273,1016,1002.0
2019-06-26,ORD,52110,1027,1015.0
2019-06-27,ORD,55596,1035,984.0
2019-06-28,ORD,51521,1035,979.0
2019-06-29,ORD,44433,869,848.0
2019-06-30,ORD,48677,991,846.0
2019-07-01,ORD,44676,993,978.0
2019-07-02,ORD,45595,962,842.0
2019-07-03,ORD,438,828,810.0
2019-07-04,ORD,48046,748,743.0
2019-07-05,ORD,37382,838,816.0
2019-07-06,ORD,37178,863,841.0
2019-07-07,ORD,95735,1007,1000.0
2019-07-08,ORD,54845,1035,1032.0
2019-07-09,ORD,51062,1028,1027.0
2019-07-10,ORD,49319,1034,1028.0
2019-07-11,ORD,54187,1032,1008.0
2019-07-12,ORD,51685,1035,1027.0
2019-07-13,ORD,44443,874,862.0
2019-07-14,ORD,53059,1007,945.0
2019-07-15,ORD,51719,1039,1027.0
2019-07-16,ORD,51328,1031,1025.0
2019-07-17,ORD,52208,1036,980.0
2019-07-18,ORD,55830,1030,672.0
2019-07-19,ORD,56187,1039,1014.0
2019-07-20,ORD,44848,876,826.0
2019-07-21,ORD,52543,1008,957.0
2019-07-22,ORD,54181,1039,1004.0
2019-07-23,ORD,47910,1032,1027.0
2019-07-24,ORD,53226,1037,1032.0
2019-07-25,ORD,55032,1035,1031.0
2019-07-26,ORD,54681,1039,1035.0
2019-07-27,ORD,46253,877,874.0
2019-07-28,ORD,53456,1008,999.0
2019-07-29,ORD,49602,1037,879.0
2019-07-30,ORD,51682,1031,1024.0
2019-07-31,ORD,52570,1036,1011.0
2019-08-01,ORD,54484,1037,1030.0
2019-08-02,ORD,49901,1037,1032.0
2019-08-03,ORD,45256,882,879.0
2019-08-04,ORD,55051,1005,1002.0
2019-08-05,ORD,55615,1036,1031.0
2019-08-06,ORD,50457,1027,1022.0
2019-08-07,ORD,309,1030,991.0
2019-08-08,ORD,50695,1033,1017.0
2019-08-09,ORD,55765,1037,1035.0
2019-08-10,ORD,53120,884,884.0
2019-08-11,ORD,94863,1004,1000.0
2019-08-12,ORD,49423,1031,960.0
2019-08-13,ORD,49424,1026,1019.0
2019-08-14,ORD,48224,1029,1022.0
2019-08-15,ORD,52824,1028,1016.0
2019-08-16,ORD,44335,1034,1028.0
2019-08-17,ORD,37921,882,865.0
2019-08-18,ORD,51009,1001,718.0
2019-08-19,ORD,49881,1030,1018.0
2019-08-20,ORD,42126,994,820.0
2019-08-21,ORD,47733,1016,991.0
2019-08-22,ORD,304,1028,1024.0
2019-08-23,ORD,51036,1024,1019.0
2019-08-24,ORD,48303,816,815.0
2019-08-25,ORD,64355,987,986.0
2019-08-26,ORD,71869,1029,965.0
2019-08-27,ORD,43106,998,997.0
2019-08-28,ORD,8109,1017,1015.0
2019-08-29,ORD,25188,1028,1026.0
2019-08-30,ORD,11467,1026,1020.0
2019-08-31,ORD,50643,728,724.0
2019-09-01,ORD,90977,752,750.0
2019-09-02,ORD,86155,931,918.0
2019-09-03,ORD,42607,1010,864.0
2019-09-04,ORD,38727,1004,980.0
2019-09-05,ORD,45038,1019,1008.0
2019-09-06,ORD,47310,1022,1015.0
2019-09-07,ORD,39051,833,832.0
2019-09-08,ORD,47053,1004,1002.0
2019-09-09,ORD,44996,1031,1021.0
2019-09-10,ORD,41223,1001,1001.0
2019-09-11,ORD,41824,1011,1000.0
2019-09-12,ORD,50309,1035,947.0
2019-09-13,ORD,48444,1034,1021.0
2019-09-14,ORD,37802,834,833.0
2019-09-15,ORD,51999,1005,999.0
2019-09-16,ORD,49177,1032,1028.0
2019-09-17,ORD,35117,999,995.0
2019-09-18,ORD,10326,1011,1010.0
2019-09-19,ORD,47714,1036,1016.0
2019-09-20,ORD,53183,1032,1026.0
2019-09-21,ORD,53977,839,839.0
2019-09-22,ORD,90733,1012,1010.0
2019-09-23,ORD,48563,1032,1032.0
2019-09-24,ORD,42328,1001,997.0
2019-09-25,ORD,46951,1011,1011.0
2019-09-26,ORD,52633,1038,1038.0
2019-09-27,ORD,47533,1032,592.0
2019-09-28,ORD,37656,837,780.0
2019-09-29,ORD,49764,1007,992.0
2019-09-30,ORD,48930,1034,1026.0
2019-10-01,ORD,43305,1002,1000.0
2019-10-02,ORD,13399,1013,1008.0
2019-10-03,ORD,31111,1039,1036.0
2019-10-04,ORD,52491,1038,1034.0
2019-10-05,ORD,49626,852,847.0
2019-10-06,ORD,88364,1001,1000.0
2019-10-07,ORD,45422,1009,1007.0
2019-10-08,ORD,41178,987,986.0
2019-10-09,ORD,43422,992,992.0
2019-10-10,ORD,48984,1017,1011.0
2019-10-11,ORD,52919,1015,1007.0
2019-10-12,ORD,39819,850,846.0
2019-10-13,ORD,50072,995,994.0
2019-10-14,ORD,54504,1013,1011.0
2019-10-15,ORD,47956,987,986.0
2019-10-16,ORD,50066,992,991.0
2019-10-17,ORD,52853,1016,1011.0
2019-10-18,ORD,50394,1017,1015.0
2019-10-19,ORD,42149,849,847.0
2019-10-20,ORD,52668,1001,1001.0
2019-10-21,ORD,48402,1010,997.0
2019-10-22,ORD,39686,987,985.0
2019-10-23,ORD,46875,991,991.0
2019-10-24,ORD,48909,1016,1013.0
2019-10-25,ORD,50885,1012,1009.0
2019-10-26,ORD,38111,842,837.0
2019-10-27,ORD,48260,955,955.0
2019-10-28,ORD,44733,972,971.0
2019-10-29,ORD,41439,948,944.0
2019-10-30,ORD,44731,939,929.0
2019-10-31,ORD,40608,768,699.0
2019-11-01,ORD,45056,962,956.0
2019-11-02,ORD,35879,781,780.0
2019-11-03,ORD,49419,944,943.0
2019-11-04,ORD,44552,972,971.0
2019-11-05,ORD,39842,944,944.0
2019-11-06,ORD,43269,953,950.0
2019-11-07,ORD,48470,979,977.0
2019-11-08,ORD,50652,979,979.0
2019-11-09,ORD,37533,785,785.0
2019-11-10,ORD,45368,946,945.0
2019-11-11,ORD,38703,974,460.0
2019-11-12,ORD,45546,952,940.0
2019-11-13,ORD,43178,960,955.0
2019-11-14,ORD,49102,977,977.0
2019-11-15,ORD,47524,980,979.0
2019-11-16,ORD,33744,789,789.0
2019-11-17,ORD,44622,944,944.0
2019-11-18,ORD,40459,977,977.0
2019-11-19,ORD,38224,958,955.0
2019-11-20,ORD,42412,958,956.0
2019-11-21,ORD,48438,974,973.0
2019-11-22,ORD,48809,987,987.0
2019-11-23,ORD,41253,805,804.0
2019-11-24,ORD,44091,917,917.0
2019-11-25,ORD,41988,936,936.0
2019-11-26,ORD,48425,965,960.0
2019-11-27,ORD,49695,984,981.0
2019-11-28,ORD,28869,517,517.0
2019-11-29,ORD,29748,636,633.0
2019-11-30,ORD,48936,976,960.0
2019-12-01,ORD,54533,1047,1014.0
2019-12-02,ORD,45507,1018,1000.0
2019-12-03,ORD,738,957,952.0
2019-12-04,ORD,41048,921,918.0
2019-12-05,ORD,42422,950,950.0
2019-12-06,ORD,48056,955,953.0
2019-12-07,ORD,45015,720,720.0
2019-12-08,ORD,77838,907,907.0
2019-12-09,ORD,44047,946,940.0
2019-12-10,ORD,36821,916,916.0
2019-12-11,ORD,39862,926,922.0
2019-12-12,ORD,46696,949,947.0
2019-12-13,ORD,47056,952,950.0
2019-12-14,ORD,36067,718,713.0
2019-12-15,ORD,42207,910,902.0
2019-12-16,ORD,41480,949,947.0
2019-12-17,ORD,36886,896,890.0
2019-12-18,ORD,41277,892,889.0
2019-12-19,ORD,47772,906,901.0
2019-12-20,ORD,48574,909,908.0
2019-12-21,ORD,44463,833,833.0
2019-12-22,ORD,44622,878,878.0
2019-12-23,ORD,43422,887,887.0
2019-12-24,ORD,36721,743,694.0
2019-12-25,ORD,36499,668,658.0
2019-12-26,ORD,44743,882,881.0
2019-12-27,ORD,44171,884,880.0
2019-12-28,ORD,43726,824,809.0
2019-12-29,ORD,41438,865,838.0
2019-12-30,ORD,40973,881,842.0
2019-12-31,ORD,38283,758,749.0
2020-01-01,ORD,36782,795,791.0
2020-01-02,ORD,22,879,876.0
2020-01-03,ORD,40358,881,880.0
2020-01-04,ORD,38588,822,819.0
2020-01-05,ORD,77059,867,864.0
2020-01-06,ORD,37365,873,872.0
2020-01-07,ORD,33200,811,809.0
2020-01-08,ORD,33324,831,831.0
2020-01-09,ORD,37983,868,867.0
2020-01-10,ORD,39570,873,852.0
2020-01-11,ORD,21892,649,277.0
2020-01-12,ORD,40961,814,779.0
2020-01-13,ORD,38086,868,864.0
2020-01-14,ORD,33331,820,817.0
2020-01-15,ORD,37172,834,834.0
2020-01-16,ORD,46800,875,873.0
2020-01-17,ORD,44500,878,595.0
2020-01-18,ORD,35551,633,569.0
2020-01-19,ORD,35142,766,766.0
2020-01-20,ORD,27749,839,839.0
2020-01-21,ORD,11770,823,822.0
2020-01-22,ORD,32580,836,834.0
2020-01-23,ORD,34924,878,870.0
2020-01-24,ORD,13191,880,863.0
2020-01-25,ORD,27842,655,652.0
2020-01-26,ORD,78590,819,819.0
2020-01-27,ORD,64590,874,872.0
2020-01-28,ORD,29621,822,822.0
2020-01-29,ORD,33695,837,837.0
2020-01-30,ORD,41273,878,878.0
2020-01-31,ORD,41298,883,881.0
2020-02-01,ORD,7553,655,653.0
2020-02-02,ORD,53689,805,804.0
2020-02-03,ORD,35702,874,873.0
2020-02-04,ORD,29984,823,823.0
2020-02-05,ORD,33557,839,834.0
2020-02-06,ORD,40543,881,864.0
2020-02-07,ORD,41737,885,874.0
2020-02-08,ORD,31386,656,655.0
2020-02-09,ORD,37213,820,665.0
2020-02-10,ORD,36624,878,878.0
2020-02-11,ORD,31657,824,824.0
2020-02-12,ORD,35982,842,775.0
2020-02-13,ORD,42387,906,797.0
2020-02-14,ORD,44690,909,907.0
2020-02-15,ORD,33634,691,691.0
2020-02-16,ORD,39802,808,808.0
2020-02-17,ORD,13583,891,888.0
2020-02-18,ORD,30282,888,888.0
2020-02-19,ORD,39658,887,887.0
2020-02-20,ORD,39805,907,904.0
2020-02-21,ORD,43210,910,910.0
2020-02-22,ORD,26,706,706.0
2020-02-23,ORD,86129,859,858.0
2020-02-24,ORD,49324,905,904.0
2020-02-25,ORD,59730,886,885.0
2020-02-26,ORD,36880,888,886.0
2020-02-27,ORD,45798,907,902.0
2020-02-28,ORD,45017,910,910.0
2020-02-29,ORD,35615,706,706.0
2020-03-01,ORD,39668,859,858.0
2020-03-02,ORD,26144,907,907.0
2020-03-03,ORD,10489,887,885.0
2020-03-04,ORD,32850,890,888.0
2020-03-05,ORD,37816,939,937.0
2020-03-06,ORD,40319,937,937.0
2020-03-07,ORD,513,751,751.0
2020-03-08,ORD,74414,900,899.0
2020-03-09,ORD,67119,937,934.0
2020-03-10,ORD,29695,917,917.0
2020-03-11,ORD,32345,930,930.0
2020-03-12,ORD,34632,940,939.0
2020-03-13,ORD,33018,940,939.0
2020-03-14,ORD,25450,753,752.0
2020-03-15,ORD,29126,899,889.0
2020-03-16,ORD,23502,941,925.0
2020-03-17,ORD,17249,921,887.0
2020-03-18,ORD,15882,933,855.0
2020-03-19,ORD,13711,943,829.0
2020-03-20,ORD,12504,943,802.0
2020-03-21,ORD,10320,756,565.0
2020-03-22,ORD,8781,902,635.0
2020-03-23,ORD,7129,940,578.0
2020-03-24,ORD,6614,916,528.0
2020-03-25,ORD,6288,911,501.0
2020-03-26,ORD,6083,907,402.0
2020-03-27,ORD,6550,907,455.0
2020-03-28,ORD,4987,732,410.0
2020-03-29,ORD,7268,895,465.0
2020-03-30,ORD,7573,915,398.0
2020-03-31,ORD,7326,871,424.0
2020-04-01,ORD,6201,778,371.0
2020-04-02,ORD,6628,772,394.0
2020-04-03,ORD,6665,767,442.0
2020-04-04,ORD,5990,635,314.0
2020-04-05,ORD,4103,689,416.0
2020-04-06,ORD,4158,750,375.0
2020-04-07,ORD,3820,533,296.0
2020-04-08,ORD,3782,429,310.0
2020-04-09,ORD,4161,460,321.0
2020-04-10,ORD,4282,467,314.0
2020-04-11,ORD,3613,411,274.0
2020-04-12,ORD,3490,423,304.0
2020-04-13,ORD,3962,421,316.0
2020-04-14,ORD,3873,400,282.0
2020-04-15,ORD,3946,410,274.0
2020-04-16,ORD,4031,412,250.0
2020-04-17,ORD,4712,400,238.0
2020-04-18,ORD,3970,362,201.0
2020-04-19,ORD,5660,395,220.0
2020-04-20,ORD,5419,391,231.0
2020-04-21,ORD,5682,372,209.0
2020-04-22,ORD,5571,361,211.0
2020-04-23,ORD,6161,365,226.0
2020-04-24,ORD,6788,321,229.0
2020-04-25,ORD,6179,333,211.0
2020-04-26,ORD,4939,315,248.0
2020-04-27,ORD,4557,317,236.0
2020-04-28,ORD,4599,299,216.0
2020-04-29,ORD,4754,305,224.0
2020-04-30,ORD,5405,320,240.0
2020-05-01,ORD,5979,329,280.0
2020-05-02,ORD,3632,178,164.0
2020-05-03,ORD,7402,265,242.0
2020-05-04,ORD,7261,303,276.0
2020-05-05,ORD,5599,144,140.0
2020-05-06,ORD,5936,153,145.0
2020-05-07,ORD,8326,256,247.0
2020-05-08,ORD,9271,277,269.0
2020-05-09,ORD,6297,142,133.0
2020-05-10,ORD,7701,270,267.0
2020-05-11,ORD,8782,272,266.0
2020-05-12,ORD,6165,137,137.0
2020-05-13,ORD,7892,266,262.0
2020-05-14,ORD,9284,272,268.0
2020-05-15,ORD,11152,273,269.0
2020-05-16,ORD,7566,141,139.0
2020-05-17,ORD,6475,271,266.0
2020-05-18,ORD,6375,272,269.0
2020-05-19,ORD,4291,137,136.0
2020-05-20,ORD,6530,265,261.0
2020-05-21,ORD,7869,272,272.0
2020-05-22,ORD,8122,276,276.0
2020-05-23,ORD,5337,144,144.0
2020-05-24,ORD,5331,273,272.0
2020-05-25,ORD,6723,275,274.0
2020-05-26,ORD,4993,140,140.0
2020-05-27,ORD,7040,267,266.0
2020-05-28,ORD,7087,272,272.0
2020-05-29,ORD,7044,276,274.0
2020-05-30,ORD,4944,145,145.0
2020-05-31,ORD,6790,276,276.0
2020-06-01,ORD,6958,279,279.0
2020-06-02,ORD,5118,146,146.0
2020-06-03,ORD,7255,274,274.0
2020-06-04,ORD,8276,285,284.0
2020-06-05,ORD,9854,290,287.0
2020-06-06,ORD,5953,153,153.0
2020-06-07,ORD,13533,284,284.0
2020-06-08,ORD,13042,289,288.0
2020-06-09,ORD,11668,265,265.0
2020-06-10,ORD,11945,165,165.0
2020-06-11,ORD,16723,295,295.0
2020-06-12,ORD,17371,294,294.0
2020-06-13,ORD,13018,159,159.0
2020-06-14,ORD,10721,289,289.0
2020-06-15,ORD,10318,296,296.0
2020-06-16,ORD,8786,273,273.0
2020-06-17,ORD,7955,166,166.0
2020-06-18,ORD,12451,300,300.0
2020-06-19,ORD,10936,297,297.0
2020-06-20,ORD,8499,164,164.0
2020-06-21,ORD,11082,292,292.0
2020-06-22,ORD,12079,299,299.0
2020-06-23,ORD,9985,279,279.0
2020-06-24,ORD,8047,173,173.0
2020-06-25,ORD,12303,305,305.0
2020-06-26,ORD,12719,304,304.0
2020-06-27,ORD,7904,169,168.0
2020-06-28,ORD,17857,297,297.0
2020-06-29,ORD,18989,307,305.0
2020-06-30,ORD,17746,283,282.0
2020-07-01,ORD,19460,188,188.0
2020-07-02,ORD,24136,328,325.0
2020-07-03,ORD,23087,327,325.0
2020-07-04,ORD,14797,186,186.0
2020-07-05,ORD,12234,323,323.0
2020-07-06,ORD,12528,394,392.0
2020-07-07,ORD,12855,468,466.0
2020-07-08,ORD,11586,480,480.0
2020-07-09,ORD,14267,560,557.0
2020-07-10,ORD,15150,560,559.0
2020-07-11,ORD,13526,488,486.0
2020-07-12,ORD,14077,556,554.0
2020-07-13,ORD,14326,554,552.0
2020-07-14,ORD,11220,468,465.0
2020-07-15,ORD,12606,479,476.0
2020-07-16,ORD,14364,560,559.0
2020-07-17,ORD,14803,558,556.0
2020-07-18,ORD,12432,484,482.0
2020-07-19,ORD,14569,555,554.0
2020-07-20,ORD,405,553,552.0
2020-07-21,ORD,13958,466,465.0
2020-07-22,ORD,10918,478,478.0
2020-07-23,ORD,11821,560,560.0
2020-07-24,ORD,13864,556,553.0
2020-07-25,ORD,16048,482,479.0
2020-07-26,ORD,28380,554,550.0
2020-07-27,ORD,13542,552,548.0
2020-07-28,ORD,11215,465,454.0
2020-07-29,ORD,11453,477,469.0
2020-07-30,ORD,13990,510,510.0
2020-07-31,ORD,14416,506,506.0
2020-08-01,ORD,13488,455,454.0
2020-08-02,ORD,15511,511,511.0
2020-08-03,ORD,14339,553,549.0
2020-08-04,ORD,11238,493,474.0
2020-08-05,ORD,12075,493,491.0
2020-08-06,ORD,14275,548,546.0
2020-08-07,ORD,14802,550,550.0
2020-08-08,ORD,12082,493,493.0
2020-08-09,ORD,15812,550,550.0
2020-08-10,ORD,14292,546,522.0
2020-08-11,ORD,12132,485,483.0
2020-08-12,ORD,12240,489,486.0
2020-08-13,ORD,15029,549,549.0
2020-08-14,ORD,15389,548,544.0
2020-08-15,ORD,12645,491,488.0
2020-08-16,ORD,14739,550,546.0
2020-08-17,ORD,14100,543,537.0
2020-08-18,ORD,11501,484,479.0
2020-08-19,ORD,12340,487,483.0
2020-08-20,ORD,14475,549,546.0
2020-08-21,ORD,15030,547,546.0
2020-08-22,ORD,12229,487,484.0
2020-08-23,ORD,15211,551,551.0
2020-08-24,ORD,13884,544,540.0
2020-08-25,ORD,10807,482,475.0
2020-08-26,ORD,11625,488,481.0
2020-08-27,ORD,14990,549,547.0
2020-08-28,ORD,14523,548,546.0
2020-08-29,ORD,11282,487,481.0
2020-08-30,ORD,15149,548,545.0
2020-08-31,ORD,13838,544,541.0
2020-09-01,ORD,11136,472,467.0
2020-09-02,ORD,12480,467,466.0
2020-09-03,ORD,17444,542,541.0
2020-09-04,ORD,19659,541,541.0
2020-09-05,ORD,14696,392,392.0
2020-09-06,ORD,13642,374,371.0
2020-09-07,ORD,16994,537,537.0
2020-09-08,ORD,14981,457,455.0
2020-09-09,ORD,11510,412,412.0
2020-09-10,ORD,14734,449,449.0
2020-09-11,ORD,15867,516,516.0
2020-09-12,ORD,11969,472,470.0
2020-09-13,ORD,14818,514,514.0
2020-09-14,ORD,14082,448,447.0
2020-09-15,ORD,10852,412,411.0
2020-09-16,ORD,12190,420,420.0
2020-09-17,ORD,15246,448,448.0
2020-09-18,ORD,17656,517,517.0
2020-09-19,ORD,13315,471,470.0
2020-09-20,ORD,16469,514,514.0
2020-09-21,ORD,15433,449,449.0
2020-09-22,ORD,12072,413,412.0
2020-09-23,ORD,12749,421,420.0
2020-09-24,ORD,16206,450,449.0
2020-09-25,ORD,18329,518,517.0
2020-09-26,ORD,14231,472,472.0
2020-09-27,ORD,16126,517,517.0
2020-09-28,ORD,16262,450,450.0
2020-09-29,ORD,12490,413,413.0
2020-09-30,ORD,12526,417,417.0
2020-10-01,ORD,16613,464,464.0
2020-10-02,ORD,19457,531,531.0
2020-10-03,ORD,12416,461,460.0
2020-10-04,ORD,15107,530,530.0
2020-10-05,ORD,14259,463,463.0
2020-10-06,ORD,11363,391,391.0
2020-10-07,ORD,11850,265,265.0
2020-10-08,ORD,18696,464,464.0
2020-10-09,ORD,18466,537,537.0
2020-10-10,ORD,14667,399,399.0
2020-10-11,ORD,17301,534,533.0
2020-10-12,ORD,16679,470,470.0
2020-10-13,ORD,12664,386,386.0
2020-10-14,ORD,10868,259,259.0
2020-10-15,ORD,17362,466,466.0
2020-10-16,ORD,18237,533,533.0
2020-10-17,ORD,14671,455,455.0
2020-10-18,ORD,19561,535,535.0
2020-10-19,ORD,17376,464,464.0
2020-10-20,ORD,13664,388,387.0
2020-10-21,ORD,12104,260,260.0
2020-10-22,ORD,17667,466,466.0
2020-10-23,ORD,19697,533,533.0
2020-10-24,ORD,14111,450,449.0
2020-10-25,ORD,17525,535,533.0
2020-10-26,ORD,15188,463,462.0
2020-10-27,ORD,11906,389,389.0
2020-10-28,ORD,9155,260,260.0
2020-10-29,ORD,16142,466,465.0
2020-10-30,ORD,17846,528,528.0
2020-10-31,ORD,7555,231,231.0
2020-11-01,ORD,15304,521,521.0
2020-11-02,ORD,393,451,451.0
2020-11-03,ORD,14014,239,239.0
2020-11-04,ORD,8308,388,388.0
2020-11-05,ORD,13088,467,467.0
2020-11-06,ORD,16648,467,467.0
2020-11-07,ORD,16651,395,395.0
2020-11-08,ORD,26960,468,465.0
2020-11-09,ORD,12625,467,465.0
2020-11-10,ORD,8272,247,246.0
2020-11-11,ORD,13480,405,403.0
2020-11-12,ORD,16396,466,466.0
2020-11-13,ORD,15743,468,468.0
2020-11-14,ORD,12116,399,398.0
2020-11-15,ORD,14173,467,466.0
2020-11-16,ORD,12665,466,466.0
2020-11-17,ORD,8844,246,246.0
2020-11-18,ORD,13742,414,414.0
2020-11-19,ORD,15194,475,473.0
2020-11-20,ORD,17326,478,478.0
2020-11-21,ORD,17323,436,436.0
2020-11-22,ORD,15619,471,470.0
2020-11-23,ORD,11718,268,268.0
2020-11-24,ORD,14901,443,439.0
2020-11-25,ORD,17834,451,450.0
2020-11-26,ORD,8421,174,172.0
2020-11-27,ORD,11133,265,265.0
2020-11-28,ORD,13676,526,526.0
2020-11-29,ORD,15678,544,544.0
2020-11-30,ORD,13831,503,501.0
2020-12-01,ORD,9535,298,297.0
2020-12-02,ORD,11008,383,383.0
2020-12-03,ORD,13562,419,418.0
2020-12-04,ORD,13077,418,418.0
2020-12-05,ORD,10416,365,362.0
2020-12-06,ORD,11205,422,422.0
2020-12-07,ORD,9869,415,414.0
2020-12-08,ORD,6989,236,234.0
2020-12-09,ORD,10546,383,383.0
2020-12-10,ORD,14108,419,419.0
2020-12-11,ORD,14056,418,418.0
2020-12-12,ORD,12088,366,361.0
2020-12-13,ORD,12319,421,421.0
2020-12-14,ORD,11478,415,414.0
2020-12-15,ORD,8399,236,236.0
2020-12-16,ORD,13260,393,357.0
2020-12-17,ORD,16602,473,465.0
2020-12-18,ORD,20660,480,479.0
2020-12-19,ORD,18054,455,454.0
2020-12-20,ORD,15790,478,477.0
2020-12-21,ORD,15296,482,481.0
2020-12-22,ORD,16364,481,481.0
2020-12-23,ORD,19990,467,452.0
2020-12-24,ORD,14405,318,317.0
2020-12-25,ORD,14425,290,285.0
2020-12-26,ORD,19845,456,451.0
2020-12-27,ORD,21400,478,478.0
2020-12-28,ORD,20073,483,481.0
2020-12-29,ORD,18081,478,428.0
2020-12-30,ORD,20376,482,480.0
2020-12-31,ORD,15364,319,319.0
2021-01-01,ORD,12907,392,312.0
2021-01-02,ORD,17270,463,459.0
2021-01-03,ORD,17955,489,485.0
2021-01-04,ORD,16441,473,468.0
2021-01-05,ORD,12432,319,316.0
2021-01-06,ORD,11615,315,315.0
2021-01-07,ORD,14008,421,421.0
2021-01-08,ORD,14521,421,418.0
2021-01-09,ORD,12821,349,349.0
2021-01-10,ORD,13746,425,424.0
2021-01-11,ORD,11866,398,397.0
2021-01-12,ORD,9778,303,302.0
2021-01-13,ORD,11591,307,307.0
2021-01-14,ORD,16063,420,419.0
2021-01-15,ORD,17394,423,422.0
2021-01-16,ORD,13886,346,346.0
2021-01-17,ORD,13458,420,417.0
2021-01-18,ORD,12963,366,364.0
2021-01-19,ORD,8934,304,304.0
2021-01-20,ORD,10286,307,306.0
2021-01-21,ORD,14860,422,421.0
2021-01-22,ORD,15397,422,421.0
2021-01-23,ORD,11406,347,347.0
2021-01-24,ORD,12557,425,425.0
2021-01-25,ORD,11190,394,348.0
2021-01-26,ORD,8596,303,296.0
2021-01-27,ORD,11420,307,306.0
2021-01-28,ORD,16728,419,419.0
2021-01-29,ORD,17157,421,420.0
2021-01-30,ORD,13375,346,318.0
2021-01-31,ORD,11609,424,307.0
2021-02-01,ORD,14302,398,367.0
2021-02-02,ORD,11455,304,300.0
2021-02-03,ORD,13751,308,307.0
2021-02-04,ORD,18041,422,344.0
2021-02-05,ORD,19084,423,410.0
2021-02-06,ORD,14760,346,342.0
2021-02-07,ORD,13653,420,414.0
2021-02-08,ORD,14791,400,395.0
2021-02-09,ORD,12025,304,300.0
2021-02-10,ORD,15175,299,292.0
2021-02-11,ORD,20427,448,443.0
2021-02-12,ORD,22111,458,456.0
2021-02-13,ORD,16965,344,330.0
2021-02-14,ORD,16235,414,385.0
2021-02-15,ORD,15145,463,337.0
2021-02-16,ORD,12460,312,263.0
2021-02-17,ORD,14159,318,288.0
2021-02-18,ORD,18979,471,424.0
2021-02-19,ORD,19557,474,463.0
2021-02-20,ORD,15212,358,358.0
2021-02-21,ORD,15634,468,466.0
2021-02-22,ORD,15316,463,460.0
2021-02-23,ORD,13466,312,312.0
2021-02-24,ORD,16111,318,318.0
2021-02-25,ORD,21252,471,471.0
2021-02-26,ORD,21561,474,474.0
2021-02-27,ORD,17468,358,358.0
2021-02-28,ORD,18060,468,466.0
2021-03-01,ORD,16922,463,460.0
2021-03-02,ORD,14006,316,316.0
2021-03-03,ORD,16614,327,327.0
2021-03-04,ORD,21729,515,515.0
2021-03-05,ORD,23123,517,517.0
2021-03-06,ORD,17614,453,451.0
2021-03-07,ORD,19194,518,516.0
2021-03-08,ORD,17385,511,510.0
2021-03-09,ORD,15383,420,420.0
2021-03-10,ORD,19090,450,449.0
2021-03-11,ORD,22912,522,520.0
2021-03-12,ORD,22549,523,523.0
2021-03-13,ORD,676,474,462.0
2021-03-14,ORD,42509,528,502.0
2021-03-15,ORD,20400,521,503.0
2021-03-16,ORD,19273,433,429.0
2021-03-17,ORD,22311,456,451.0
2021-03-18,ORD,25646,528,452.0
2021-03-19,ORD,28047,530,529.0
2021-03-20,ORD,26285,481,481.0
2021-03-21,ORD,26370,532,532.0
2021-03-22,ORD,23750,521,519.0
2021-03-23,ORD,22099,437,437.0
2021-03-24,ORD,23876,461,460.0
2021-03-25,ORD,28022,531,531.0
2021-03-26,ORD,28433,535,535.0
2021-03-27,ORD,26905,490,489.0
2021-03-28,ORD,28615,531,529.0
2021-03-29,ORD,26298,513,513.0
2021-03-30,ORD,21198,425,425.0
2021-03-31,ORD,22712,452,451.0
2021-04-01,ORD,26492,532,532.0
2021-04-02,ORD,28065,581,580.0
2021-04-03,ORD,22332,501,499.0
2021-04-04,ORD,22609,598,595.0
2021-04-05,ORD,24719,590,589.0
2021-04-06,ORD,17434,392,391.0
2021-04-07,ORD,18514,405,405.0
2021-04-08,ORD,26643,576,575.0
2021-04-09,ORD,26725,579,579.0
2021-04-10,ORD,20871,483,478.0
2021-04-11,ORD,23586,579,566.0
2021-04-12,ORD,21433,576,568.0
2021-04-13,ORD,17223,384,384.0
2021-04-14,ORD,19026,393,393.0
2021-04-15,ORD,26311,576,576.0
2021-04-16,ORD,26308,576,576.0
2021-04-17,ORD,22244,471,471.0
2021-04-18,ORD,25607,577,577.0
2021-04-19,ORD,23821,575,575.0
2021-04-20,ORD,17432,381,380.0
2021-04-21,ORD,19745,394,394.0
2021-04-22,ORD,28927,576,576.0
2021-04-23,ORD,28901,575,574.0
2021-04-24,ORD,21875,470,469.0
2021-04-25,ORD,24374,576,576.0
2021-04-26,ORD,21582,575,575.0
2021-04-27,ORD,16820,381,379.0
2021-04-28,ORD,21087,394,394.0
2021-04-29,ORD,28692,577,577.0
2021-04-30,ORD,137,556,556.0
2021-05-01,ORD,28324,469,468.0
2021-05-02,ORD,48568,576,576.0
2021-05-03,ORD,23803,574,572.0
2021-05-04,ORD,19235,376,374.0
2021-05-05,ORD,21733,404,404.0
2021-05-06,ORD,31714,642,642.0
2021-05-07,ORD,33525,647,647.0
2021-05-08,ORD,24284,599,599.0
2021-05-09,ORD,30863,647,647.0
2021-05-10,ORD,30084,643,642.0
2021-05-11,ORD,25152,556,555.0
2021-05-12,ORD,27856,572,571.0
2021-05-13,ORD,31727,646,646.0
2021-05-14,ORD,32965,647,647.0
2021-05-15,ORD,26946,602,602.0
2021-05-16,ORD,31944,654,653.0
2021-05-17,ORD,28323,660,660.0
2021-05-18,ORD,261,617,616.0
2021-05-19,ORD,10,634,634.0
2021-05-20,ORD,26773,656,656.0
2021-05-21,ORD,28579,672,672.0
2021-05-22,ORD,31574,630,628.0
2021-05-23,ORD,65936,673,673.0
2021-05-24,ORD,57130,667,666.0
2021-05-25,ORD,26839,619,618.0
2021-05-26,ORD,29423,639,638.0
2021-05-27,ORD,32574,660,660.0
2021-05-28,ORD,33552,685,684.0
2021-05-29,ORD,27053,544,544.0
2021-05-30,ORD,24900,594,594.0
2021-05-31,ORD,31496,686,686.0
2021-06-01,ORD,26414,642,638.0
2021-06-02,ORD,27757,639,635.0
2021-06-03,ORD,33252,738,736.0
2021-06-04,ORD,34926,793,789.0
2021-06-05,ORD,30063,762,760.0
2021-06-06,ORD,35761,795,792.0
2021-06-07,ORD,33248,792,787.0
2021-06-08,ORD,29025,743,726.0
2021-06-09,ORD,32266,762,748.0
2021-06-10,ORD,37297,798,791.0
2021-06-11,ORD,36928,818,809.0
2021-06-12,ORD,30915,772,711.0
2021-06-13,ORD,39966,802,801.0
2021-06-14,ORD,36754,801,792.0
2021-06-15,ORD,30017,748,737.0
2021-06-16,ORD,33723,769,763.0
2021-06-17,ORD,35207,796,791.0
2021-06-18,ORD,37013,827,817.0
2021-06-19,ORD,31615,777,768.0
2021-06-20,ORD,36987,815,789.0
2021-06-21,ORD,37712,803,773.0
2021-06-22,ORD,34025,750,744.0
2021-06-23,ORD,35171,773,767.0
2021-06-24,ORD,36793,799,749.0
2021-06-25,ORD,39187,827,818.0
2021-06-26,ORD,87,779,695.0
2021-06-27,ORD,68624,813,801.0
2021-06-28,ORD,36994,800,785.0
2021-06-29,ORD,33011,750,748.0
2021-06-30,ORD,35304,776,746.0
2021-07-01,ORD,39790,836,824.0
2021-07-02,ORD,39627,838,822.0
2021-07-03,ORD,31081,730,720.0
2021-07-04,ORD,26332,637,636.0
2021-07-05,ORD,37426,831,827.0
2021-07-06,ORD,35110,806,789.0
2021-07-07,ORD,33106,826,817.0
2021-07-08,ORD,36678,837,824.0
2021-07-09,ORD,38207,840,836.0
2021-07-10,ORD,32060,795,787.0
2021-07-11,ORD,40990,827,822.0
2021-07-12,ORD,40167,839,835.0
2021-07-13,ORD,34544,808,801.0
2021-07-14,ORD,35683,825,816.0
2021-07-15,ORD,40432,840,838.0
2021-07-16,ORD,39778,843,842.0
2021-07-17,ORD,32782,798,776.0
2021-07-18,ORD,41672,831,818.0
2021-07-19,ORD,38958,842,839.0
2021-07-20,ORD,33261,812,809.0
2021-07-21,ORD,34833,829,828.0
2021-07-22,ORD,39373,841,838.0
2021-07-23,ORD,39865,844,843.0
2021-07-24,ORD,32950,798,738.0
2021-07-25,ORD,41382,831,820.0
2021-07-26,ORD,37668,842,832.0
2021-07-27,ORD,36143,811,804.0
2021-07-28,ORD,37094,830,827.0
2021-07-29,ORD,40500,840,836.0
2021-07-30,ORD,40594,844,842.0
2021-07-31,ORD,38279,798,775.0
2021-08-01,ORD,39548,839,821.0
2021-08-02,ORD,37765,854,825.0
2021-08-03,ORD,33488,822,789.0
2021-08-04,ORD,35657,840,817.0
2021-08-05,ORD,37682,854,827.0
2021-08-06,ORD,40659,857,836.0
2021-08-07,ORD,37500,802,794.0
2021-08-08,ORD,41058,838,785.0
2021-08-09,ORD,38583,855,540.0
2021-08-10,ORD,37916,829,692.0
2021-08-11,ORD,32431,842,680.0
2021-08-12,ORD,39956,851,834.0
2021-08-13,ORD,37804,853,840.0
2021-08-14,ORD,30312,806,787.0
2021-08-15,ORD,38761,837,821.0
2021-08-16,ORD,37803,850,840.0
2021-08-17,ORD,29794,764,752.0
2021-08-18,ORD,30528,839,826.0
2021-08-19,ORD,34677,853,839.0
2021-08-20,ORD,36077,853,845.0
2021-08-21,ORD,29339,800,780.0
2021-08-22,ORD,39258,836,816.0
2021-08-23,ORD,33413,787,785.0
2021-08-24,ORD,27164,775,599.0
2021-08-25,ORD,32826,846,735.0
2021-08-26,ORD,35229,854,839.0
2021-08-27,ORD,35503,853,844.0
2021-08-28,ORD,26222,798,790.0
2021-08-29,ORD,36098,831,790.0
2021-08-30,ORD,33104,786,772.0
2021-08-31,ORD,26496,775,766.0
2021-09-01,ORD,28168,846,823.0
2021-09-02,ORD,38875,853,834.0
2021-09-03,ORD,40561,855,846.0
2021-09-04,ORD,28688,741,736.0
2021-09-05,ORD,30316,710,706.0
2021-09-06,ORD,37305,729,726.0
2021-09-07,ORD,34046,760,665.0
2021-09-08,ORD,29947,771,766.0
2021-09-09,ORD,32423,840,838.0
2021-09-10,ORD,34120,845,842.0
2021-09-11,ORD,25457,727,723.0
2021-09-12,ORD,37591,787,784.0
2021-09-13,ORD,34211,846,843.0
2021-09-14,ORD,26687,757,755.0
2021-09-15,ORD,30758,788,788.0
2021-09-16,ORD,37231,849,849.0
2021-09-17,ORD,40290,854,854.0
2021-09-18,ORD,29376,735,734.0
2021-09-19,ORD,40832,798,797.0
2021-09-20,ORD,38211,852,849.0
2021-09-21,ORD,26292,762,761.0
2021-09-22,ORD,29391,789,779.0
2021-09-23,ORD,35193,851,833.0
2021-09-24,ORD,41035,856,852.0
2021-09-25,ORD,29211,732,731.0
2021-09-26,ORD,42396,797,796.0
2021-09-27,ORD,37153,850,850.0
2021-09-28,ORD,25725,761,760.0
2021-09-29,ORD,27981,787,786.0
2021-09-30,ORD,37366,852,846.0
2021-10-01,ORD,39193,841,839.0
2021-10-02,ORD,28673,715,709.0
2021-10-03,ORD,40304,780,771.0
2021-10-04,ORD,37042,828,827.0
2021-10-05,ORD,25265,762,761.0
2021-10-06,ORD,31338,796,792.0
2021-10-07,ORD,40345,850,849.0
2021-10-08,ORD,41913,848,804.0
2021-10-09,ORD,32864,751,736.0
2021-10-10,ORD,40318,801,776.0
2021-10-11,ORD,39170,855,742.0
2021-10-12,ORD,34964,833,828.0
2021-10-13,ORD,31229,844,838.0
2021-10-14,ORD,36903,857,849.0
2021-10-15,ORD,37336,853,848.0
2021-10-16,ORD,30847,752,741.0
2021-10-17,ORD,40886,804,801.0
2021-10-18,ORD,37201,858,857.0
2021-10-19,ORD,28855,832,830.0
2021-10-20,ORD,32972,843,842.0
2021-10-21,ORD,38576,858,803.0
2021-10-22,ORD,40992,856,819.0
2021-10-23,ORD,29258,753,742.0
2021-10-24,ORD,44603,804,788.0
2021-10-25,ORD,36288,857,711.0
2021-10-26,ORD,30414,831,821.0
2021-10-27,ORD,30636,842,842.0
2021-10-28,ORD,36802,856,847.0
2021-10-29,ORD,36741,842,827.0
2021-10-30,ORD,26705,735,706.0
2021-10-31,ORD,30457,756,689.0
2021-11-01,ORD,35273,813,782.0
2021-11-02,ORD,25806,741,734.0
2021-11-03,ORD,28561,776,773.0
2021-11-04,ORD,36576,795,793.0
2021-11-05,ORD,38665,791,785.0
2021-11-06,ORD,27668,663,661.0
2021-11-07,ORD,40797,786,783.0
2021-11-08,ORD,34249,793,788.0
2021-11-09,ORD,26418,764,762.0
2021-11-10,ORD,33355,779,778.0
2021-11-11,ORD,38820,794,788.0
2021-11-12,ORD,36084,788,772.0
2021-11-13,ORD,27831,662,658.0
2021-11-14,ORD,39623,786,776.0
2021-11-15,ORD,30201,792,787.0
2021-11-16,ORD,27259,768,764.0
2021-11-17,ORD,33483,785,779.0
2021-11-18,ORD,38425,788,782.0
2021-11-19,ORD,43917,791,789.0
2021-11-20,ORD,36372,663,661.0
2021-11-21,ORD,40641,779,777.0
2021-11-22,ORD,34319,672,672.0
2021-11-23,ORD,38724,788,785.0
2021-11-24,ORD,42292,801,798.0
2021-11-25,ORD,23213,440,435.0
2021-11-26,ORD,28390,610,609.0
2021-11-27,ORD,39138,793,791.0
2021-11-28,ORD,40738,830,825.0
2021-11-29,ORD,37857,804,803.0
2021-11-30,ORD,31171,778,778.0
2021-12-01,ORD,32205,756,749.0
2021-12-02,ORD,35931,795,789.0
2021-12-03,ORD,34779,789,787.0
2021-12-04,ORD,71,651,648.0
2021-12-05,ORD,63400,778,774.0
2021-12-06,ORD,32947,781,776.0
2021-12-07,ORD,26857,696,692.0
2021-12-08,ORD,31246,741,738.0
2021-12-09,ORD,36341,784,783.0
2021-12-10,ORD,39066,778,752.0
2021-12-11,ORD,28476,652,644.0
2021-12-12,ORD,36489,778,778.0
2021-12-13,ORD,33148,784,781.0
2021-12-14,ORD,28519,700,695.0
2021-12-15,ORD,33792,737,694.0
2021-12-16,ORD,37479,755,744.0
2021-12-17,ORD,39948,763,760.0
2021-12-18,ORD,35081,702,692.0
2021-12-19,ORD,37703,740,734.0
2021-12-20,ORD,36400,757,757.0
2021-12-21,ORD,34365,744,743.0
2021-12-22,ORD,34461,750,749.0
2021-12-23,ORD,36178,754,748.0
2021-12-24,ORD,29703,627,601.0
2021-12-25,ORD,28713,595,570.0
2021-12-26,ORD,35394,730,705.0
2021-12-27,ORD,35835,736,681.0
2021-12-28,ORD,34638,724,639.0
2021-12-29,ORD,34371,731,689.0
2021-12-30,ORD,33411,735,692.0
2021-12-31,ORD,27593,627,586.0
2022-01-01,ORD,19980,609,307.0
2022-01-02,ORD,26845,746,485.0
2022-01-03,ORD,23,754,668.0
2022-01-04,ORD,33465,634,603.0
2022-01-05,ORD,25905,654,590.0
2022-01-06,ORD,23885,738,631.0
2022-01-07,ORD,25562,731,657.0
2022-01-08,ORD,27400,612,545.0
2022-01-09,ORD,50761,717,665.0
2022-01-10,ORD,21269,665,635.0
2022-01-11,ORD,18752,630,606.0
2022-01-12,ORD,21342,640,619.0
2022-01-13,ORD,27364,718,699.0
2022-01-14,ORD,30404,716,697.0
2022-01-15,ORD,139,587,568.0
2022-01-16,ORD,49890,672,594.0
2022-01-17,ORD,27004,647,626.0
2022-01-18,ORD,19269,612,604.0
2022-01-19,ORD,20127,625,610.0
2022-01-20,ORD,25619,718,704.0
2022-01-21,ORD,26858,706,689.0
2022-01-22,ORD,20391,592,580.0
2022-01-23,ORD,25703,709,690.0
2022-01-24,ORD,19774,646,591.0
2022-01-25,ORD,17023,614,606.0
2022-01-26,ORD,20547,624,621.0
2022-01-27,ORD,26257,717,713.0
2022-01-28,ORD,27397,709,606.0
2022-01-29,ORD,21251,593,519.0
2022-01-30,ORD,25424,706,688.0
2022-01-31,ORD,22163,648,642.0
2022-02-01,ORD,21872,619,600.0
2022-02-02,ORD,15990,632,337.0
2022-02-03,ORD,26185,731,504.0
2022-02-04,ORD,30476,724,619.0
2022-02-05,ORD,24369,611,554.0
2022-02-06,ORD,27739,720,674.0
2022-02-07,ORD,24683,730,711.0
2022-02-08,ORD,21134,631,626.0
2022-02-09,ORD,168,648,645.0
2022-02-10,ORD,24404,723,717.0
2022-02-11,ORD,29500,725,712.0
2022-02-12,ORD,34297,607,606.0
2022-02-13,ORD,54776,714,708.0
2022-02-14,ORD,24094,727,726.0
2022-02-15,ORD,24548,631,630.0
2022-02-16,ORD,27994,647,640.0
2022-02-17,ORD,27135,739,516.0
2022-02-18,ORD,39734,736,701.0
2022-02-19,ORD,30093,616,608.0
2022-02-20,ORD,30440,691,685.0
2022-02-21,ORD,32462,737,722.0
2022-02-22,ORD,24549,631,616.0
2022-02-23,ORD,28874,651,614.0
2022-02-24,ORD,34983,739,672.0
2022-02-25,ORD,36347,736,701.0
2022-02-26,ORD,27904,614,611.0
2022-02-27,ORD,35665,729,727.0
2022-02-28,ORD,31012,736,732.0
2022-03-01,ORD,25690,635,634.0
2022-03-02,ORD,30574,646,645.0
2022-03-03,ORD,36296,727,713.0
2022-03-04,ORD,38617,741,738.0
2022-03-05,ORD,31806,675,667.0
2022-03-06,ORD,36643,728,713.0
2022-03-07,ORD,31498,704,690.0
2022-03-08,ORD,30562,656,655.0
2022-03-09,ORD,34179,671,665.0
2022-03-10,ORD,38511,746,742.0
2022-03-11,ORD,41709,748,739.0
2022-03-12,ORD,36821,684,651.0
2022-03-13,ORD,34,730,724.0
2022-03-14,ORD,65984,704,703.0
2022-03-15,ORD,58308,664,663.0
2022-03-16,ORD,63406,676,675.0
2022-03-17,ORD,70523,748,728.0
2022-03-18,ORD,69561,745,722.0
2022-03-19,ORD,67965,682,679.0
2022-03-20,ORD,43936,731,727.0
2022-03-21,ORD,39910,703,697.0
2022-03-22,ORD,37536,664,662.0
2022-03-23,ORD,41094,676,674.0
2022-03-24,ORD,44557,746,745.0
2022-03-25,ORD,44830,747,743.0
2022-03-26,ORD,42725,668,667.0
2022-03-27,ORD,44385,737,735.0
2022-03-28,ORD,40670,719,718.0
2022-03-29,ORD,34805,675,674.0
2022-03-30,ORD,35170,686,684.0
2022-03-31,ORD,39299,759,744.0
2022-04-01,ORD,38982,750,734.0
2022-04-02,ORD,32699,681,625.0
2022-04-03,ORD,21,738,706.0
2022-04-10,ORD,34,722,711.0
2022-04-17,ORD,28,721,720.0
2022-04-24,ORD,38,718,714.0
2022-05-01,ORD,110,711,699.0
2022-05-02,ORD,33699,723,717.0
2022-05-03,ORD,30542,699,698.0
2022-05-06,ORD,38773,740,738.0
2022-05-07,ORD,31110,667,664.0
2022-05-08,ORD,38278,725,723.0
2022-05-09,ORD,38029,741,738.0
2022-05-10,ORD,33672,721,718.0
2022-05-11,ORD,36304,727,722.0
2022-05-12,ORD,43282,743,740.0
2022-05-13,ORD,41809,742,737.0
2022-05-14,ORD,35848,666,662.0
2022-05-15,ORD,36,728,713.0
2022-05-16,ORD,70370,744,709.0
2022-05-17,ORD,63932,723,720.0
2022-05-18,ORD,70928,727,726.0
2022-05-19,ORD,73570,742,740.0
2022-05-20,ORD,70878,741,702.0
2022-05-21,ORD,63633,667,651.0
2022-05-22,ORD,80,726,705.0
2022-05-23,ORD,70383,739,732.0
2022-05-24,ORD,72138,720,714.0
2022-05-25,ORD,71235,726,699.0
2022-05-26,ORD,71574,739,736.0
2022-05-27,ORD,68279,740,717.0
2022-05-28,ORD,60196,659,651.0
2022-05-29,ORD,34249,717,712.0
2022-05-30,ORD,41934,738,733.0
2022-05-31,ORD,38853,724,721.0
2022-06-01,ORD,35093,720,701.0
2022-06-02,ORD,40425,720,689.0
2022-06-03,ORD,42274,749,733.0
2022-06-04,ORD,34294,678,659.0
2022-06-05,ORD,35,752,748.0
2022-06-06,ORD,73047,763,748.0
2022-06-07,ORD,74520,745,741.0
2022-06-08,ORD,72804,754,743.0
2022-06-09,ORD,76849,759,747.0
2022-06-10,ORD,73113,763,755.0
2022-06-11,ORD,62726,682,667.0
2022-06-12,ORD,43351,748,737.0
2022-06-13,ORD,42666,763,717.0
2022-06-14,ORD,46451,747,738.0
2022-06-15,ORD,44757,755,737.0
2022-06-16,ORD,44215,764,725.0
2022-06-17,ORD,45944,765,745.0
2022-06-18,ORD,37971,680,655.0
2022-06-19,ORD,42394,750,735.0
2022-06-20,ORD,42779,763,753.0
2022-06-21,ORD,41239,749,745.0
2022-06-22,ORD,38668,757,706.0
2022-06-23,ORD,45838,759,731.0
2022-06-24,ORD,42981,767,754.0
2022-06-25,ORD,38374,686,662.0
2022-06-26,ORD,41501,752,727.0
2022-06-27,ORD,43877,769,758.0
2022-06-28,ORD,39492,745,717.0
2022-06-29,ORD,41702,753,727.0
2022-06-30,ORD,43166,769,755.0
2022-07-01,ORD,45350,781,764.0
2022-07-03,ORD,29,694,687.0
2022-07-04,ORD,63471,776,762.0
2022-07-05,ORD,67512,760,693.0
2022-07-06,ORD,67796,759,752.0
2022-07-07,ORD,70209,774,769.0
2022-07-08,ORD,66300,776,767.0
2022-07-09,ORD,64471,694,689.0
2022-07-10,ORD,41701,760,752.0
2022-07-11,ORD,41319,781,770.0
2022-07-12,ORD,41628,760,746.0
2022-07-13,ORD,44093,766,762.0
2022-07-14,ORD,44705,782,774.0
2022-07-15,ORD,42856,784,746.0
2022-07-16,ORD,35248,698,691.0
2022-07-17,ORD,44948,761,747.0
2022-07-18,ORD,46075,783,761.0
2022-07-19,ORD,42914,761,756.0
2022-07-20,ORD,42561,766,758.0
2022-07-21,ORD,46185,781,770.0
2022-07-22,ORD,44770,780,775.0
2022-07-23,ORD,39323,698,595.0
2022-07-24,ORD,40902,758,724.0
2022-07-25,ORD,41307,780,748.0
2022-07-26,ORD,38286,759,746.0
2022-07-27,ORD,44624,765,756.0
2022-07-28,ORD,46056,783,765.0
2022-07-29,ORD,46022,784,776.0
2022-07-30,ORD,39357,702,697.0
2022-07-31,ORD,45476,759,749.0
2022-08-01,ORD,48616,780,773.0
2022-08-02,ORD,42372,753,751.0
2022-08-03,ORD,37123,759,581.0
2022-08-04,ORD,44704,774,733.0
2022-08-05,ORD,45688,776,733.0
2022-08-06,ORD,38925,692,670.0
2022-08-07,ORD,44736,757,642.0
2022-08-08,ORD,46643,773,662.0
2022-08-09,ORD,43231,749,740.0
2022-08-10,ORD,40343,756,729.0
2022-08-11,ORD,42055,770,750.0
2022-08-12,ORD,41031,778,771.0
2022-08-13,ORD,34713,692,683.0
2022-08-14,ORD,42116,759,756.0
2022-08-15,ORD,38709,769,760.0
2022-08-16,ORD,37058,749,744.0
2022-08-17,ORD,38664,758,755.0
2022-08-18,ORD,43143,773,765.0
2022-08-19,ORD,41722,777,771.0
2022-08-20,ORD,36675,712,656.0
2022-08-21,ORD,41972,766,752.0
2022-08-22,ORD,40955,773,746.0
2022-08-23,ORD,38466,748,739.0
2022-08-24,ORD,38045,759,757.0
2022-08-25,ORD,43208,776,773.0
2022-08-26,ORD,42353,775,772.0
2022-08-27,ORD,33647,707,707.0
2022-08-28,ORD,40279,762,735.0
2022-08-29,ORD,38038,773,634.0
2022-08-30,ORD,38973,748,734.0
2022-08-31,ORD,37565,758,756.0
2022-09-01,ORD,42616,770,766.0
2022-09-02,ORD,44372,768,767.0
2022-09-03,ORD,33642,656,656.0
2022-09-04,ORD,35851,704,701.0
2022-09-05,ORD,45389,771,770.0
2022-09-06,ORD,38941,746,745.0
2022-09-07,ORD,32709,709,706.0
2022-09-08,ORD,37393,767,766.0
2022-09-09,ORD,39300,767,765.0
2022-09-10,ORD,31807,668,667.0
2022-09-11,ORD,41822,766,756.0
2022-09-12,ORD,41287,779,773.0
2022-09-13,ORD,34493,713,712.0
2022-09-14,ORD,37402,718,718.0
2022-09-15,ORD,45827,778,777.0
2022-09-16,ORD,45171,774,773.0
2022-09-17,ORD,34668,672,670.0
2022-09-18,ORD,43433,763,762.0
2022-09-19,ORD,42854,776,773.0
2022-09-20,ORD,35578,711,708.0
2022-09-21,ORD,40920,717,717.0
2022-09-22,ORD,46967,778,774.0
2022-09-23,ORD,43245,775,773.0
2022-09-24,ORD,32265,671,670.0
2022-09-25,ORD,41668,767,763.0
2022-09-26,ORD,40287,782,780.0
2022-09-27,ORD,33455,712,702.0
2022-09-28,ORD,34320,717,685.0
2022-09-29,ORD,41017,772,738.0
2022-09-30,ORD,41366,784,759.0
2022-10-01,ORD,33538,665,648.0
2022-10-02,ORD,43192,745,735.0
2022-10-03,ORD,40274,752,744.0
2022-10-04,ORD,31754,691,685.0
2022-10-05,ORD,37541,691,689.0
2022-10-06,ORD,45406,722,719.0
2022-10-07,ORD,45940,726,724.0
2022-10-08,ORD,34957,682,681.0
2022-10-09,ORD,40262,719,718.0
2022-10-10,ORD,45709,725,724.0
2022-10-11,ORD,41928,708,707.0
2022-10-12,ORD,37021,716,716.0
2022-10-13,ORD,39890,728,727.0
2022-10-14,ORD,42617,729,725.0
2022-10-15,ORD,36676,680,679.0
2022-10-16,ORD,42114,720,717.0
2022-10-17,ORD,37909,723,723.0
2022-10-18,ORD,34020,709,708.0
2022-10-19,ORD,35129,714,714.0
2022-10-20,ORD,40431,728,727.0
2022-10-21,ORD,39157,724,724.0
2022-10-22,ORD,31514,676,676.0
2022-10-23,ORD,37090,718,714.0
2022-10-24,ORD,32624,726,722.0
2022-10-25,ORD,32594,709,702.0
2022-10-26,ORD,37139,714,714.0
2022-10-27,ORD,37803,726,725.0
2022-10-28,ORD,38867,724,722.0
2022-10-29,ORD,26877,657,657.0
2022-10-30,ORD,31499,716,716.0
2022-10-31,ORD,25549,686,685.0
2022-11-01,ORD,31072,705,705.0
2022-11-02,ORD,29792,709,709.0
2022-11-03,ORD,34011,709,708.0
2022-11-04,ORD,34615,711,708.0
2022-11-05,ORD,24693,651,418.0
2022-11-06,ORD,39073,702,686.0
2022-11-07,ORD,35872,702,702.0
2022-11-08,ORD,30239,694,692.0
2022-11-09,ORD,31203,704,688.0
2022-11-10,ORD,35015,714,694.0
2022-11-11,ORD,34220,712,706.0
2022-11-12,ORD,29417,653,652.0
2022-11-13,ORD,35675,706,706.0
2022-11-14,ORD,32328,713,713.0
2022-11-15,ORD,30204,703,700.0
2022-11-16,ORD,31749,705,704.0
2022-11-17,ORD,35534,713,708.0
2022-11-18,ORD,39307,711,703.0
2022-11-19,ORD,33098,664,652.0
2022-11-20,ORD,37324,721,717.0
2022-11-21,ORD,33617,717,716.0
2022-11-22,ORD,34481,711,711.0
2022-11-23,ORD,35946,719,719.0
2022-11-24,ORD,20893,435,435.0
2022-11-25,ORD,27674,620,620.0
2022-11-26,ORD,33535,705,705.0
2022-11-27,ORD,39486,768,767.0
2022-11-28,ORD,31684,735,735.0
2022-11-29,ORD,30912,708,704.0
2022-11-30,ORD,31536,682,675.0
2022-12-01,ORD,34049,700,698.0
2022-12-02,ORD,32069,704,702.0
2022-12-03,ORD,26390,633,632.0
2022-12-04,ORD,31844,698,697.0
2022-12-05,ORD,31777,698,696.0
2022-12-06,ORD,26017,682,679.0
2022-12-07,ORD,29020,678,677.0
2022-12-08,ORD,32738,699,699.0
2022-12-09,ORD,34298,698,697.0
2022-12-10,ORD,28436,637,637.0
2022-12-11,ORD,33040,693,692.0
2022-12-12,ORD,28076,695,692.0
2022-12-13,ORD,26420,680,669.0
2022-12-14,ORD,30639,683,679.0
2022-12-15,ORD,35085,715,710.0
2022-12-16,ORD,34949,716,712.0
2022-12-17,ORD,33163,643,635.0
2022-12-18,ORD,32871,700,692.0
2022-12-19,ORD,30543,668,667.0
2022-12-20,ORD,31362,662,654.0
2022-12-21,ORD,38269,704,694.0
2022-12-22,ORD,32961,709,510.0
2022-12-23,ORD,26938,707,452.0
2022-12-24,ORD,30617,546,483.0
2022-12-25,ORD,32834,545,499.0
2022-12-26,ORD,41023,680,628.0
2022-12-27,ORD,37006,677,641.0
2022-12-28,ORD,39188,679,647.0
2022-12-29,ORD,37012,682,659.0
2022-12-30,ORD,38273,681,679.0
2022-12-31,ORD,31096,545,542.0
2023-01-01,ORD,35982,590,586.0
2023-01-02,ORD,34032,675,658.0
2023-01-03,ORD,33758,667,643.0
2023-01-04,ORD,33946,664,643.0
2023-01-05,ORD,30189,636,634.0
2023-01-06,ORD,28781,637,634.0
2023-01-07,ORD,27651,623,623.0
2023-01-08,ORD,28872,687,686.0
2023-01-09,ORD,27433,693,692.0
2023-01-10,ORD,24420,639,636.0
2023-01-11,ORD,27439,637,592.0
2023-01-12,ORD,34065,684,684.0
2023-01-13,ORD,34183,687,684.0
2023-01-14,ORD,26609,550,549.0
2023-01-15,ORD,26665,618,618.0
2023-01-16,ORD,30166,654,652.0
2023-01-17,ORD,25003,639,635.0
2023-01-18,ORD,24798,636,629.0
2023-01-19,ORD,29924,685,683.0
2023-01-20,ORD,31238,686,685.0
2023-01-21,ORD,22438,577,576.0
2023-01-22,ORD,28149,675,667.0
2023-01-23,ORD,26589,648,642.0
2023-01-24,ORD,22268,638,632.0
2023-01-25,ORD,25905,638,606.0
2023-01-26,ORD,31576,688,688.0
2023-01-27,ORD,29668,690,685.0
2023-01-28,ORD,24030,579,558.0
2023-01-29,ORD,29000,677,668.0
2023-01-30,ORD,24726,651,637.0
2023-01-31,ORD,23166,638,600.0
2023-02-01,ORD,26404,638,606.0
2023-02-02,ORD,30934,683,673.0
2023-02-03,ORD,31629,696,690.0
2023-02-04,ORD,26155,614,612.0
2023-02-05,ORD,29893,684,684.0
2023-02-06,ORD,27997,689,688.0
2023-02-07,ORD,23894,643,643.0
2023-02-08,ORD,28519,642,641.0
2023-02-09,ORD,33509,688,687.0
2023-02-10,ORD,34848,733,733.0
2023-02-11,ORD,27145,651,650.0
2023-02-12,ORD,27597,712,712.0
2023-02-13,ORD,26411,724,723.0
2023-02-14,ORD,24557,686,684.0
2023-02-15,ORD,31144,691,678.0
2023-02-16,ORD,33590,732,611.0
2023-02-17,ORD,39722,730,722.0
2023-02-18,ORD,29574,631,631.0
2023-02-19,ORD,30395,688,688.0
2023-02-20,ORD,32208,729,727.0
2023-02-21,ORD,29025,693,685.0
2023-02-22,ORD,28937,695,637.0
2023-02-23,ORD,34854,733,708.0
2023-02-24,ORD,35415,730,723.0
2023-02-25,ORD,29568,652,652.0
2023-02-26,ORD,33669,720,715.0
2023-02-27,ORD,29018,731,706.0
2023-02-28,ORD,29548,691,690.0
2023-03-01,ORD,31501,681,681.0
2023-03-02,ORD,37242,723,718.0
2023-03-03,ORD,30951,724,692.0
2023-03-04,ORD,30201,647,632.0
2023-03-05,ORD,33107,711,710.0
2023-03-06,ORD,30774,733,728.0
2023-03-07,ORD,30218,691,689.0
2023-03-08,ORD,33181,693,692.0
2023-03-09,ORD,36022,733,732.0
2023-03-10,ORD,36385,724,719.0
2023-03-11,ORD,35010,643,630.0
2023-03-12,ORD,35982,711,705.0
2023-03-13,ORD,35508,733,726.0
2023-03-14,ORD,31874,691,664.0
2023-03-15,ORD,33633,693,690.0
2023-03-16,ORD,35699,734,730.0
2023-03-17,ORD,36290,726,723.0
2023-03-18,ORD,31692,646,645.0
2023-03-19,ORD,35128,714,713.0
2023-03-20,ORD,34057,735,734.0
2023-03-21,ORD,33364,693,690.0
2023-03-22,ORD,37620,695,692.0
2023-03-23,ORD,41773,737,735.0
2023-03-24,ORD,40252,728,725.0
2023-03-25,ORD,36644,652,638.0
2023-03-26,ORD,36976,715,712.0
2023-03-27,ORD,38327,738,734.0
2023-03-28,ORD,36633,690,689.0
2023-03-29,ORD,33722,692,686.0
2023-03-30,ORD,34786,736,731.0
2023-03-31,ORD,34738,743,585.0
2023-04-01,ORD,33580,678,641.0
2023-04-02,ORD,35105,727,722.0
2023-04-03,ORD,32131,739,736.0
2023-04-04,ORD,30105,694,636.0
2023-04-05,ORD,32435,701,541.0
2023-04-06,ORD,37005,726,720.0
2023-04-07,ORD,34233,728,726.0
2023-04-08,ORD,27770,649,648.0
2023-04-09,ORD,32162,669,668.0
2023-04-10,ORD,35635,726,726.0
2023-04-11,ORD,29727,697,697.0
2023-04-12,ORD,32999,702,697.0
2023-04-13,ORD,36509,728,718.0
2023-04-14,ORD,35123,729,727.0
2023-04-15,ORD,28281,668,658.0
2023-04-16,ORD,37608,710,705.0
2023-04-17,ORD,36371,723,723.0
2023-04-18,ORD,31358,696,693.0
2023-04-19,ORD,36152,703,699.0
2023-04-20,ORD,40823,728,649.0
2023-04-21,ORD,37933,729,726.0
2023-04-22,ORD,31431,666,660.0
2023-04-23,ORD,37620,710,706.0
2023-04-24,ORD,35706,727,727.0
2023-04-25,ORD,33415,698,698.0
2023-04-26,ORD,34982,703,702.0
2023-04-27,ORD,38332,726,724.0
2023-04-28,ORD,37420,729,725.0
2023-04-29,ORD,30168,666,659.0
2023-04-30,ORD,36592,710,699.0
2023-05-01,ORD,35276,728,718.0
2023-05-02,ORD,30804,697,695.0
2023-05-03,ORD,33464,704,703.0
2023-05-04,ORD,38047,717,716.0
2023-05-05,ORD,37046,734,734.0
2023-05-06,ORD,32148,651,650.0
2023-05-07,ORD,39688,716,709.0
2023-05-08,ORD,34807,733,733.0
2023-05-09,ORD,34180,687,684.0
2023-05-10,ORD,36569,687,686.0
2023-05-11,ORD,43784,735,735.0
2023-05-12,ORD,40846,734,734.0
2023-05-13,ORD,33375,649,649.0
2023-05-14,ORD,37936,716,711.0
2023-05-15,ORD,39544,738,736.0
2023-05-16,ORD,35466,690,690.0
2023-05-17,ORD,38897,690,690.0
2023-05-18,ORD,41789,739,739.0
2023-05-19,ORD,42268,738,734.0
2023-05-20,ORD,34511,656,652.0
2023-05-21,ORD,41132,720,719.0
2023-05-22,ORD,42326,740,740.0
2023-05-23,ORD,40869,692,691.0
2023-05-24,ORD,39262,692,691.0
2023-05-25,ORD,45004,741,740.0
2023-05-26,ORD,45031,738,737.0
2023-05-27,ORD,36592,650,650.0
2023-05-28,ORD,35622,694,691.0
2023-05-29,ORD,40963,740,739.0
2023-05-30,ORD,39168,694,693.0
2023-05-31,ORD,36164,692,689.0
2023-06-01,ORD,41122,704,696.0
2023-06-02,ORD,40255,749,742.0
2023-06-03,ORD,36035,690,688.0
2023-06-04,ORD,44622,736,736.0
2023-06-05,ORD,45760,759,759.0
2023-06-06,ORD,43669,729,729.0
2023-06-07,ORD,40443,730,729.0
2023-06-08,ORD,44487,757,754.0
2023-06-09,ORD,42897,759,758.0
2023-06-10,ORD,37573,687,686.0
2023-06-11,ORD,46702,734,733.0
2023-06-12,ORD,43562,754,745.0
2023-06-13,ORD,44814,723,721.0
2023-06-14,ORD,43964,730,728.0
2023-06-15,ORD,46359,760,760.0
2023-06-16,ORD,45540,759,751.0
2023-06-17,ORD,38169,684,679.0
2023-06-18,ORD,42385,728,726.0
2023-06-19,ORD,42098,761,756.0
2023-06-20,ORD,40623,725,724.0
2023-06-21,ORD,40263,734,730.0
2023-06-22,ORD,44355,754,751.0
2023-06-23,ORD,41845,756,756.0
2023-06-24,ORD,38458,685,674.0
2023-06-25,ORD,42239,739,661.0
2023-06-26,ORD,43321,760,684.0
2023-06-27,ORD,42033,727,659.0
2023-06-28,ORD,42887,737,669.0
2023-06-29,ORD,44515,764,690.0
2023-06-30,ORD,45829,759,736.0
2023-07-01,ORD,39445,665,659.0
2023-07-02,ORD,40330,686,664.0
2023-07-03,ORD,37276,586,585.0
2023-07-04,ORD,31198,566,560.0
2023-07-05,ORD,37157,727,610.0
2023-07-06,ORD,45308,720,715.0
2023-07-07,ORD,39890,720,709.0
2023-07-08,ORD,36937,707,705.0
2023-07-09,ORD,40445,756,708.0
2023-07-10,ORD,42265,781,770.0
2023-07-11,ORD,41103,747,733.0
2023-07-12,ORD,37399,751,595.0
2023-07-13,ORD,45240,777,775.0
2023-07-14,ORD,42607,777,756.0
2023-07-15,ORD,38130,707,698.0
2023-07-16,ORD,45057,756,739.0
2023-07-17,ORD,43258,781,773.0
2023-07-18,ORD,39542,747,741.0
2023-07-19,ORD,43703,751,744.0
2023-07-20,ORD,45155,777,771.0
2023-07-21,ORD,45111,776,775.0
2023-07-22,ORD,38705,707,705.0
2023-07-23,ORD,45619,754,751.0
2023-07-24,ORD,42195,781,776.0
2023-07-25,ORD,40726,747,727.0
2023-07-26,ORD,41817,751,723.0
2023-07-27,ORD,46294,778,767.0
2023-07-28,ORD,43870,777,695.0
2023-07-29,ORD,40176,707,643.0
2023-07-30,ORD,44039,755,742.0
2023-07-31,ORD,44343,778,775.0
2023-08-01,ORD,38362,742,736.0
2023-08-02,ORD,40597,748,745.0
2023-08-03,ORD,42752,775,773.0
2023-08-04,ORD,45486,772,769.0
2023-08-05,ORD,39745,699,698.0
2023-08-06,ORD,46690,750,747.0
2023-08-07,ORD,48374,773,746.0
2023-08-08,ORD,43830,762,748.0
2023-08-09,ORD,41463,770,767.0
2023-08-10,ORD,39826,774,769.0
2023-08-11,ORD,40486,772,770.0
2023-08-12,ORD,38114,706,704.0
2023-08-13,ORD,43218,752,750.0
2023-08-14,ORD,39538,770,617.0
2023-08-15,ORD,41997,752,747.0
2023-08-16,ORD,39855,760,757.0
2023-08-17,ORD,41350,767,750.0
2023-08-18,ORD,41316,763,760.0
2023-08-19,ORD,36041,710,708.0
2023-08-20,ORD,40036,746,742.0
2023-08-21,ORD,36833,763,763.0
2023-08-22,ORD,36386,753,752.0
2023-08-23,ORD,35661,761,759.0
2023-08-24,ORD,41018,766,764.0
2023-08-25,ORD,37280,761,759.0
2023-08-26,ORD,33432,709,708.0
2023-08-27,ORD,39915,743,742.0
2023-08-28,ORD,37575,758,754.0
2023-08-29,ORD,32914,749,739.0
2023-08-30,ORD,36501,756,739.0
2023-08-31,ORD,43579,765,765.0
2023-09-01,ORD,42429,762,761.0
2023-09-02,ORD,36406,630,628.0
2023-09-03,ORD,33564,652,651.0
2023-09-04,ORD,44476,762,762.0
2023-09-05,ORD,39557,732,732.0
2023-09-06,ORD,32686,715,715.0
2023-09-07,ORD,37116,777,770.0
2023-09-08,ORD,39849,777,751.0
2023-09-09,ORD,33931,683,645.0
2023-09-10,ORD,42396,776,760.0
2023-09-11,ORD,40562,783,768.0
2023-09-12,ORD,34376,722,720.0
2023-09-13,ORD,36798,748,748.0
2023-09-14,ORD,43536,790,790.0
2023-09-15,ORD,41793,787,787.0
2023-09-16,ORD,32512,688,679.0
2023-09-17,ORD,42564,778,777.0
2023-09-18,ORD,38730,787,786.0
2023-09-19,ORD,32212,724,722.0
2023-09-20,ORD,36466,751,750.0
2023-09-21,ORD,43119,789,789.0
2023-09-22,ORD,41649,786,786.0
2023-09-23,ORD,33580,685,684.0
2023-09-24,ORD,42929,781,781.0
2023-09-25,ORD,39315,789,787.0
2023-09-26,ORD,34470,723,721.0
2023-09-27,ORD,38191,751,749.0
2023-09-28,ORD,42439,781,781.0
2023-09-29,ORD,39219,788,776.0
2023-09-30,ORD,31597,687,687.0
2023-10-01,ORD,39967,763,761.0
2023-10-02,ORD,34660,770,768.0
2023-10-03,ORD,30757,711,709.0
2023-10-04,ORD,36467,737,735.0
2023-10-05,ORD,39311,771,771.0
2023-10-06,ORD,39822,771,769.0
2023-10-07,ORD,33308,673,673.0
2023-10-08,ORD,39895,761,761.0
2023-10-09,ORD,42568,770,768.0
2023-10-10,ORD,37128,719,719.0
2023-10-11,ORD,38526,744,744.0
2023-10-12,ORD,40210,775,774.0
2023-10-13,ORD,41305,772,771.0
2023-10-14,ORD,38152,675,673.0
2023-10-15,ORD,44067,766,766.0
2023-10-16,ORD,44061,770,770.0
2023-10-17,ORD,36836,718,717.0
2023-10-18,ORD,38458,745,743.0
2023-10-19,ORD,43650,772,771.0
2023-10-20,ORD,40699,771,766.0
2023-10-21,ORD,32200,673,668.0
2023-10-22,ORD,40948,759,755.0
2023-10-23,ORD,39121,768,767.0
2023-10-24,ORD,34283,717,717.0
2023-10-25,ORD,38759,743,741.0
2023-10-26,ORD,40821,772,770.0
2023-10-27,ORD,40263,774,773.0
2023-10-28,ORD,32089,650,647.0
2023-10-29,ORD,37966,688,682.0
2023-10-30,ORD,32418,691,689.0
2023-10-31,ORD,25638,623,623.0
2023-11-01,ORD,36447,688,688.0
2023-11-02,ORD,36223,727,727.0
2023-11-03,ORD,38463,732,732.0
2023-11-04,ORD,31922,635,635.0
2023-11-05,ORD,38279,722,720.0
2023-11-06,ORD,34700,704,703.0
2023-11-07,ORD,31501,666,665.0
2023-11-08,ORD,35360,673,668.0
2023-11-09,ORD,40719,720,719.0
2023-11-10,ORD,41040,727,727.0
2023-11-11,ORD,30565,619,619.0
2023-11-12,ORD,36916,722,722.0
2023-11-13,ORD,35626,704,704.0
2023-11-14,ORD,32340,667,667.0
2023-11-15,ORD,38655,677,674.0
2023-11-16,ORD,39347,698,698.0
2023-11-17,ORD,39277,724,723.0
2023-11-18,ORD,38317,618,618.0
2023-11-19,ORD,38147,721,720.0
2023-11-20,ORD,36735,666,665.0
2023-11-21,ORD,38634,691,690.0
2023-11-22,ORD,39817,698,697.0
2023-11-23,ORD,23383,394,394.0
2023-11-24,ORD,30351,600,600.0
2023-11-25,ORD,38273,693,692.0
2023-11-26,ORD,41772,765,764.0
2023-11-27,ORD,36097,731,731.0
2023-11-28,ORD,34397,646,646.0
2023-11-29,ORD,32286,649,649.0
2023-11-30,ORD,36222,677,676.0
2023-12-01,ORD,34339,704,702.0
2023-12-02,ORD,28523,595,595.0
2023-12-03,ORD,33663,696,695.0
2023-12-04,ORD,33847,697,697.0
2023-12-05,ORD,28358,642,641.0
2023-12-06,ORD,30374,647,647.0
2023-12-07,ORD,35831,701,701.0
2023-12-08,ORD,36201,712,712.0
2023-12-09,ORD,29706,599,597.0
2023-12-10,ORD,33701,702,701.0
2023-12-11,ORD,31565,685,683.0
2023-12-12,ORD,27762,647,646.0
2023-12-13,ORD,30322,653,652.0
2023-12-14,ORD,37132,704,704.0
2023-12-15,ORD,38628,713,713.0
2023-12-16,ORD,30972,599,599.0
2023-12-17,ORD,33688,657,656.0
2023-12-18,ORD,33043,660,653.0
2023-12-19,ORD,31815,641,641.0
2023-12-20,ORD,38366,694,694.0
2023-12-21,ORD,38591,711,711.0
2023-12-22,ORD,39951,709,707.0
2023-12-23,ORD,38163,654,647.0
2023-12-24,ORD,32424,586,585.0
2023-12-25,ORD,33659,586,583.0
2023-12-26,ORD,38449,698,694.0
2023-12-27,ORD,39388,702,702.0
2023-12-28,ORD,39931,705,704.0
2023-12-29,ORD,38641,698,698.0
2023-12-30,ORD,36004,648,645.0
2023-12-31,ORD,32153,619,619.0
2024-01-01,ORD,31291,657,657.0
2024-01-02,ORD,30964,697,697.0
2024-01-03,ORD,29553,700,699.0
2024-01-04,ORD,32032,676,676.0
2024-01-05,ORD,32535,668,667.0
2024-01-06,ORD,31444,641,616.0
2024-01-07,ORD,31367,697,675.0
2024-01-08,ORD,30455,690,665.0
2024-01-09,ORD,23587,635,536.0
2024-01-10,ORD,30276,637,613.0
2024-01-11,ORD,36777,681,658.0
2024-01-12,ORD,27855,687,353.0
2024-01-13,ORD,28981,579,506.0
2024-01-14,ORD,27940,613,489.0
2024-01-15,ORD,30745,666,512.0
2024-01-16,ORD,26586,634,541.0
2024-01-17,ORD,26811,641,616.0
2024-01-18,ORD,33846,684,652.0
2024-01-19,ORD,32521,691,660.0
2024-01-20,ORD,25459,580,562.0
2024-01-21,ORD,28975,672,649.0
2024-01-22,ORD,29182,666,591.0
2024-01-23,ORD,27743,633,559.0
2024-01-24,ORD,33696,640,603.0
2024-01-25,ORD,37754,685,637.0
2024-01-26,ORD,34002,692,664.0
2024-01-27,ORD,25953,578,557.0
2024-01-28,ORD,29560,674,670.0
2024-01-29,ORD,29194,662,661.0
2024-01-30,ORD,24296,629,625.0
2024-01-31,ORD,27862,636,635.0
2024-02-01,ORD,33803,686,684.0
2024-02-02,ORD,32216,693,693.0
2024-02-03,ORD,26268,581,576.0
2024-02-04,ORD,31663,675,669.0
2024-02-05,ORD,29417,668,667.0
2024-02-06,ORD,27566,630,630.0
2024-02-07,ORD,31535,639,639.0
2024-02-08,ORD,36310,689,689.0
2024-02-09,ORD,34723,696,696.0
2024-02-10,ORD,27418,579,578.0
2024-02-11,ORD,29006,676,676.0
2024-02-12,ORD,30376,667,661.0
2024-02-13,ORD,27356,633,619.0
2024-02-14,ORD,30303,642,642.0
2024-02-15,ORD,35731,724,724.0
2024-02-16,ORD,36301,728,727.0
2024-02-17,ORD,30285,605,605.0
2024-02-18,ORD,31682,684,684.0
2024-02-19,ORD,32529,725,725.0
2024-02-20,ORD,30422,655,654.0
2024-02-21,ORD,31990,699,699.0
2024-02-22,ORD,36216,728,728.0
2024-02-23,ORD,34512,728,728.0
2024-02-24,ORD,33482,609,609.0
2024-02-25,ORD,35375,706,706.0
2024-02-26,ORD,33084,726,725.0
2024-02-27,ORD,28166,655,639.0
2024-02-28,ORD,34804,699,699.0
2024-02-29,ORD,35494,728,727.0
2024-03-01,ORD,36071,726,725.0
2024-03-02,ORD,29782,609,606.0
2024-03-03,ORD,32747,704,700.0
2024-03-04,ORD,30790,724,722.0
2024-03-05,ORD,30269,651,649.0
2024-03-06,ORD,35124,699,697.0
2024-03-07,ORD,35922,750,749.0
2024-03-08,ORD,40499,746,743.0
2024-03-09,ORD,33402,640,629.0
2024-03-10,ORD,34770,731,727.0
2024-03-11,ORD,34360,743,741.0
2024-03-12,ORD,30537,687,686.0
2024-03-13,ORD,35520,733,731.0
2024-03-14,ORD,37188,757,737.0
2024-03-15,ORD,34518,748,747.0
2024-03-16,ORD,32643,649,646.0
2024-03-17,ORD,37101,741,741.0
2024-03-18,ORD,38050,752,750.0
2024-03-19,ORD,36893,692,691.0
2024-03-20,ORD,40461,736,736.0
2024-03-21,ORD,41406,767,766.0
2024-03-22,ORD,43038,759,755.0
2024-03-23,ORD,41453,654,644.0
2024-03-24,ORD,44874,746,738.0
2024-03-25,ORD,39586,758,754.0
2024-03-26,ORD,38425,697,697.0
2024-03-27,ORD,38575,743,740.0
2024-03-28,ORD,37838,769,768.0
2024-03-29,ORD,33613,761,761.0
2024-03-30,ORD,30518,663,663.0
2024-03-31,ORD,34739,753,751.0
2024-04-01,ORD,34128,777,766.0
2024-04-02,ORD,31812,729,719.0
2024-04-03,ORD,33274,763,740.0
2024-04-04,ORD,38218,810,805.0
2024-04-05,ORD,39520,813,810.0
2024-04-06,ORD,34312,757,755.0
2024-04-07,ORD,38318,794,794.0
2024-04-08,ORD,31424,808,807.0
2024-04-09,ORD,32510,776,776.0
2024-04-10,ORD,37201,791,790.0
2024-04-11,ORD,42952,811,803.0
2024-04-12,ORD,41992,812,810.0
2024-04-13,ORD,34438,743,743.0
2024-04-14,ORD,39328,792,792.0
2024-04-15,ORD,35669,808,807.0
2024-04-16,ORD,34963,778,776.0
2024-04-17,ORD,40442,793,792.0
2024-04-18,ORD,43054,813,812.0
2024-04-19,ORD,43764,814,814.0
2024-04-20,ORD,36378,740,736.0
2024-04-21,ORD,40277,793,791.0
2024-04-22,ORD,37093,811,810.0
2024-04-23,ORD,34357,779,779.0
2024-04-24,ORD,38615,793,792.0
2024-04-25,ORD,40655,812,812.0
2024-04-26,ORD,41496,814,812.0
2024-04-27,ORD,36085,740,738.0
2024-04-28,ORD,40935,794,793.0
2024-04-29,ORD,36401,811,810.0
2024-04-30,ORD,33490,777,777.0
2024-05-01,ORD,40119,796,796.0
2024-05-02,ORD,43144,819,798.0
2024-05-03,ORD,43102,817,815.0
2024-05-04,ORD,36543,749,746.0
2024-05-05,ORD,44583,800,799.0
2024-05-06,ORD,41315,813,812.0
2024-05-07,ORD,40113,798,704.0
2024-05-08,ORD,45853,808,807.0
2024-05-09,ORD,47170,823,820.0
2024-05-10,ORD,45662,821,816.0
2024-05-11,ORD,41271,753,751.0
2024-05-12,ORD,43027,801,798.0
2024-05-13,ORD,42979,821,817.0
2024-05-14,ORD,43238,803,802.0
2024-05-15,ORD,44103,804,796.0
2024-05-16,ORD,44673,822,810.0
2024-05-17,ORD,47796,826,824.0
2024-05-18,ORD,40060,761,759.0
2024-05-19,ORD,45585,803,799.0
2024-05-20,ORD,46360,823,765.0
2024-05-21,ORD,49540,806,803.0
2024-05-22,ORD,48416,815,812.0
2024-05-23,ORD,49336,829,823.0
2024-05-24,ORD,46064,827,745.0
2024-05-25,ORD,44691,707,705.0
2024-05-26,ORD,41066,707,685.0
2024-05-27,ORD,45486,823,816.0
2024-05-28,ORD,44042,803,789.0
2024-05-29,ORD,42445,815,803.0
2024-05-30,ORD,43579,827,811.0
2024-05-31,ORD,43706,825,804.0
2024-06-01,ORD,39816,751,727.0
2024-06-02,ORD,45109,799,786.0
2024-06-03,ORD,45625,829,825.0
2024-06-04,ORD,48152,794,792.0
2024-06-05,ORD,49398,822,810.0
2024-06-06,ORD,45771,828,821.0
2024-06-07,ORD,46331,827,827.0
2024-06-08,ORD,43873,760,756.0
2024-06-09,ORD,48996,802,800.0
2024-06-10,ORD,41938,825,825.0
2024-06-11,ORD,48125,806,804.0
2024-06-12,ORD,51678,825,802.0
2024-06-13,ORD,49610,833,811.0
2024-06-14,ORD,49451,832,823.0
2024-06-15,ORD,42708,761,755.0
2024-06-16,ORD,48349,808,784.0
2024-06-17,ORD,48057,829,829.0
2024-06-18,ORD,45183,807,806.0
2024-06-19,ORD,46502,825,821.0
2024-06-20,ORD,47672,832,822.0
2024-06-21,ORD,43954,831,827.0
2024-06-22,ORD,43484,761,752.0
2024-06-23,ORD,51423,807,799.0
2024-06-24,ORD,48876,829,824.0
2024-06-25,ORD,45918,808,701.0
2024-06-26,ORD,49918,820,810.0
2024-06-27,ORD,48028,814,809.0
2024-06-28,ORD,48337,813,813.0
2024-06-29,ORD,43014,745,744.0
2024-06-30,ORD,44149,784,752.0
2024-07-01,ORD,45079,804,798.0
2024-07-02,ORD,42147,787,785.0
2024-07-03,ORD,45671,806,805.0
2024-07-04,ORD,34943,609,609.0
2024-07-05,ORD,39673,791,788.0
2024-07-06,ORD,42744,743,741.0
2024-07-07,ORD,48238,783,754.0
2024-07-08,ORD,45008,808,790.0
2024-07-09,ORD,43527,792,787.0
2024-07-10,ORD,44029,804,796.0
2024-07-11,ORD,45862,814,812.0
2024-07-12,ORD,42743,817,809.0
2024-07-13,ORD,38050,751,735.0
2024-07-14,ORD,46753,793,738.0
2024-07-15,ORD,47662,817,738.0
2024-07-16,ORD,44991,800,781.0
2024-07-17,ORD,46353,809,788.0
2024-07-18,ORD,48860,819,809.0
2024-07-19,ORD,48184,817,658.0
2024-07-20,ORD,42839,750,693.0
2024-07-21,ORD,49125,792,755.0
2024-07-22,ORD,49649,817,798.0
2024-07-23,ORD,45843,799,751.0
2024-07-24,ORD,47055,807,792.0
2024-07-25,ORD,49717,817,814.0
2024-07-26,ORD,46164,817,817.0
2024-07-27,ORD,42429,750,749.0
2024-07-28,ORD,48407,792,790.0
2024-07-29,ORD,44158,817,814.0
2024-07-30,ORD,41954,800,793.0
2024-07-31,ORD,45353,809,804.0
2024-08-01,ORD,50040,824,817.0
2024-08-02,ORD,49226,820,797.0
2024-08-03,ORD,47248,752,718.0
2024-08-04,ORD,50790,800,740.0
2024-08-05,ORD,49395,819,760.0
2024-08-06,ORD,46853,818,782.0
2024-08-07,ORD,46078,826,818.0
2024-08-08,ORD,49564,841,840.0
2024-08-09,ORD,49716,839,829.0
2024-08-10,ORD,47140,770,769.0
2024-08-11,ORD,48019,817,815.0
2024-08-12,ORD,46495,844,843.0
2024-08-13,ORD,43244,814,812.0
2024-08-14,ORD,45778,826,825.0
2024-08-15,ORD,45028,847,845.0
2024-08-16,ORD,44086,846,840.0
2024-08-17,ORD,41943,775,775.0
2024-08-18,ORD,48063,819,784.0
2024-08-19,ORD,45135,877,868.0
2024-08-20,ORD,39033,827,826.0
2024-08-21,ORD,39748,836,835.0
2024-08-22,ORD,41634,878,875.0
2024-08-23,ORD,45466,881,881.0
2024-08-24,ORD,38210,807,806.0
2024-08-25,ORD,44307,855,854.0
2024-08-26,ORD,42144,864,858.0
2024-08-27,ORD,35100,755,730.0
2024-08-28,ORD,38828,763,763.0
2024-08-29,ORD,47450,868,858.0
2024-08-30,ORD,47185,869,863.0
2024-08-31,ORD,36904,723,721.0
2024-09-01,ORD,40870,780,778.0
2024-09-02,ORD,49171,871,870.0
2024-09-03,ORD,43622,822,822.0
2024-09-04,ORD,34107,783,783.0
2024-09-05,ORD,40079,870,869.0
2024-09-06,ORD,42696,870,870.0
2024-09-07,ORD,34241,728,728.0
2024-09-08,ORD,47100,865,865.0
2024-09-09,ORD,41609,872,869.0
2024-09-10,ORD,35644,773,773.0
2024-09-11,ORD,37313,786,782.0
2024-09-12,ORD,48341,874,871.0
2024-09-13,ORD,47781,874,874.0
2024-09-14,ORD,36337,732,731.0
2024-09-15,ORD,46514,870,870.0
2024-09-16,ORD,44546,873,873.0
2024-09-17,ORD,37139,773,773.0
2024-09-18,ORD,39998,786,785.0
2024-09-19,ORD,46935,874,874.0
2024-09-20,ORD,46055,872,869.0
2024-09-21,ORD,35148,731,731.0
2024-09-22,ORD,47817,871,870.0
2024-09-23,ORD,43025,871,871.0
2024-09-24,ORD,35200,772,772.0
2024-09-25,ORD,39744,784,783.0
2024-09-26,ORD,45414,880,858.0
2024-09-27,ORD,47054,882,870.0
2024-09-28,ORD,35919,748,742.0
2024-09-29,ORD,46058,878,873.0
2024-09-30,ORD,45384,882,881.0
2024-10-01,ORD,34737,777,775.0
2024-10-02,ORD,38069,793,790.0
2024-10-03,ORD,44638,881,879.0
2024-10-04,ORD,44314,878,874.0
2024-10-05,ORD,32773,740,739.0
2024-10-06,ORD,42958,876,875.0
2024-10-07,ORD,41695,876,873.0
2024-10-08,ORD,37052,767,758.0
2024-10-09,ORD,40164,791,762.0
2024-10-10,ORD,43938,877,850.0
2024-10-11,ORD,48084,879,876.0
2024-10-12,ORD,34945,730,728.0
2024-10-13,ORD,47808,877,873.0
2024-10-14,ORD,52902,874,871.0
2024-10-15,ORD,43053,765,764.0
2024-10-16,ORD,42400,792,792.0
2024-10-17,ORD,46868,876,875.0
2024-10-18,ORD,45830,874,874.0
2024-10-19,ORD,36261,731,731.0
2024-10-20,ORD,46413,874,872.0
2024-10-21,ORD,45050,874,874.0
2024-10-22,ORD,37793,764,764.0
2024-10-23,ORD,40068,791,791.0
2024-10-24,ORD,46276,877,876.0
2024-10-25,ORD,44018,873,869.0
2024-10-26,ORD,36503,741,741.0
2024-10-27,ORD,43202,829,829.0
2024-10-28,ORD,35227,837,837.0
2024-10-29,ORD,30882,717,717.0
2024-10-30,ORD,36048,736,736.0
2024-10-31,ORD,32001,644,644.0
2024-11-01,ORD,41722,804,803.0
2024-11-02,ORD,32695,694,694.0
2024-11-03,ORD,39914,819,818.0
2024-11-04,ORD,35247,748,741.0
2024-11-05,ORD,31248,650,650.0
2024-11-06,ORD,38018,717,717.0
2024-11-07,ORD,41314,799,798.0
2024-11-08,ORD,40103,760,754.0
2024-11-09,ORD,31011,673,671.0
2024-11-10,ORD,42265,792,792.0
2024-11-11,ORD,41168,803,803.0
2024-11-12,ORD,31730,712,712.0
2024-11-13,ORD,35117,723,723.0
2024-11-14,ORD,41710,805,804.0
2024-11-15,ORD,40059,799,798.0
2024-11-16,ORD,30192,673,673.0
2024-11-17,ORD,40365,798,798.0
2024-11-18,ORD,40518,805,804.0
2024-11-19,ORD,34348,712,711.0
2024-11-20,ORD,36153,727,727.0
2024-11-21,ORD,41584,810,772.0
2024-11-22,ORD,41471,806,806.0
2024-11-23,ORD,39736,713,712.0
2024-11-24,ORD,40683,806,805.0
2024-11-25,ORD,40554,789,789.0
2024-11-26,ORD,43485,804,801.0
2024-11-27,ORD,39171,810,810.0
2024-11-28,ORD,23754,409,409.0
2024-11-29,ORD,35795,668,668.0
2024-11-30,ORD,40851,807,806.0
2024-12-01,ORD,45156,873,870.0
2024-12-02,ORD,41385,827,825.0
2024-12-03,ORD,34850,681,679.0
2024-12-04,ORD,36627,676,672.0
2024-12-05,ORD,41148,743,742.0
2024-12-06,ORD,38829,751,751.0
2024-12-07,ORD,30829,621,621.0
2024-12-08,ORD,37493,747,747.0
2024-12-09,ORD,36455,716,716.0
2024-12-10,ORD,30292,674,673.0
2024-12-11,ORD,33633,685,684.0
2024-12-12,ORD,38603,751,747.0
2024-12-13,ORD,37534,758,754.0
2024-12-14,ORD,33072,625,615.0
2024-12-15,ORD,38331,757,739.0
2024-12-16,ORD,35216,725,720.0
2024-12-17,ORD,32131,687,684.0
2024-12-18,ORD,34416,700,697.0
2024-12-19,ORD,38270,807,790.0
2024-12-20,ORD,42355,808,802.0
2024-12-21,ORD,40102,732,728.0
2024-12-22,ORD,41899,796,793.0
2024-12-23,ORD,42912,798,798.0
2024-12-24,ORD,31175,570,569.0
2024-12-25,ORD,31131,590,589.0
2024-12-26,ORD,41077,800,783.0
2024-12-27,ORD,42647,795,790.0
2024-12-28,ORD,39255,733,728.0
2024-12-29,ORD,43030,793,784.0
2024-12-30,ORD,39166,797,796.0
2024-12-31,ORD,34384,652,648.0
2025-01-01,ORD,36652,690,688.0
2025-01-02,ORD,36580,798,796.0
2025-01-03,ORD,33049,744,742.0
2025-01-04,ORD,31372,695,685.0
2025-01-05,ORD,34273,791,715.0
2025-01-06,ORD,30222,739,649.0
2025-01-07,ORD,29060,651,644.0
2025-01-08,ORD,30220,678,675.0
2025-01-09,ORD,29895,718,692.0
2025-01-10,ORD,32078,724,667.0
2025-01-11,ORD,31273,610,608.0
2025-01-12,ORD,33560,716,715.0
2025-01-13,ORD,29886,718,717.0
2025-01-14,ORD,25724,650,650.0
2025-01-15,ORD,29159,667,667.0
2025-01-16,ORD,36837,723,723.0
2025-01-17,ORD,35942,726,726.0
2025-01-18,ORD,29630,591,591.0
2025-01-19,ORD,29806,685,661.0
2025-01-20,ORD,33729,724,711.0
2025-01-21,ORD,25776,660,631.0
2025-01-22,ORD,27685,672,657.0
2025-01-23,ORD,33751,726,717.0
2025-01-24,ORD,33847,729,726.0
2025-01-25,ORD,27032,610,610.0
2025-01-26,ORD,30257,719,719.0
2025-01-27,ORD,28710,719,719.0
2025-01-28,ORD,24427,651,651.0
2025-01-29,ORD,28550,668,665.0
2025-01-30,ORD,33404,724,716.0
2025-01-31,ORD,33104,727,727.0
2025-02-01,ORD,25294,613,613.0
2025-02-02,ORD,31138,720,719.0
2025-02-03,ORD,31600,722,721.0
2025-02-04,ORD,25652,654,653.0
2025-02-05,ORD,27689,671,656.0
2025-02-06,ORD,35344,729,722.0
2025-02-07,ORD,32473,732,732.0
2025-02-08,ORD,26336,614,597.0
2025-02-09,ORD,30511,714,711.0
2025-02-10,ORD,30762,727,726.0
2025-02-11,ORD,27268,655,644.0
2025-02-12,ORD,25994,681,630.0
2025-02-13,ORD,38907,767,763.0
2025-02-14,ORD,37548,777,762.0
2025-02-15,ORD,29714,643,630.0
2025-02-16,ORD,32677,753,713.0
2025-02-17,ORD,36153,771,752.0
2025-02-18,ORD,30617,682,668.0
2025-02-19,ORD,33041,704,692.0
2025-02-20,ORD,37148,772,769.0
2025-02-21,ORD,35880,777,776.0
2025-02-22,ORD,30248,643,643.0
2025-02-23,ORD,35873,761,761.0
2025-02-24,ORD,35817,771,771.0
2025-02-25,ORD,27259,681,681.0
2025-02-26,ORD,31516,704,704.0
2025-02-27,ORD,38014,773,771.0
2025-02-28,ORD,38973,778,777.0
2025-03-01,ORD,30231,643,643.0
2025-03-02,ORD,34230,761,761.0
2025-03-03,ORD,32508,772,770.0
2025-03-04,ORD,29677,681,670.0
2025-03-05,ORD,34745,710,685.0
2025-03-06,ORD,38167,824,820.0
2025-03-07,ORD,36806,836,835.0
2025-03-08,ORD,30915,729,729.0
2025-03-09,ORD,34670,821,821.0
2025-03-10,ORD,32503,825,824.0
2025-03-11,ORD,28481,772,772.0
2025-03-12,ORD,34834,801,801.0
2025-03-13,ORD,38770,829,827.0
2025-03-14,ORD,41507,833,820.0
2025-03-15,ORD,37385,718,696.0
2025-03-16,ORD,43313,822,816.0
2025-03-17,ORD,41090,830,824.0
2025-03-18,ORD,39611,776,773.0
2025-03-19,ORD,42161,816,753.0
2025-03-20,ORD,44624,844,844.0
2025-03-21,ORD,44638,847,847.0
2025-03-22,ORD,39998,734,734.0
2025-03-23,ORD,40433,835,830.0
2025-03-24,ORD,41091,841,839.0
2025-03-25,ORD,39095,788,787.0
2025-03-26,ORD,40045,816,816.0
2025-03-27,ORD,40200,844,844.0
2025-03-28,ORD,39873,847,842.0
2025-03-29,ORD,33714,728,726.0
2025-03-30,ORD,37142,824,773.0
2025-03-31,ORD,38964,833,821.0
2025-04-01,ORD,34530,793,789.0
2025-04-02,ORD,31391,821,578.0
2025-04-03,ORD,43406,839,797.0
2025-04-04,ORD,41786,916,912.0
2025-04-05,ORD,34060,822,818.0
2025-04-06,ORD,39546,912,910.0
2025-04-07,ORD,34827,919,915.0
2025-04-08,ORD,32983,846,843.0
2025-04-09,ORD,34541,879,878.0
2025-04-10,ORD,42611,908,908.0
2025-04-11,ORD,41074,911,909.0
2025-04-12,ORD,29225,813,812.0
2025-04-13,ORD,36350,902,901.0
2025-04-14,ORD,33132,909,909.0
2025-04-15,ORD,32066,831,831.0
2025-04-16,ORD,37977,880,880.0
2025-04-17,ORD,42844,915,915.0
2025-04-18,ORD,39986,913,912.0
2025-04-19,ORD,29602,812,812.0
2025-04-20,ORD,38196,874,871.0
2025-04-21,ORD,42347,911,911.0
2025-04-22,ORD,36340,820,820.0
2025-04-23,ORD,38066,871,871.0
2025-04-24,ORD,45305,907,905.0
2025-04-25,ORD,41873,912,912.0
2025-04-26,ORD,34724,805,805.0
2025-04-27,ORD,41323,905,905.0
2025-04-28,ORD,40015,904,900.0
2025-04-29,ORD,33770,819,819.0
2025-04-30,ORD,42429,867,861.0
2025-05-01,ORD,42923,902,897.0
2025-05-02,ORD,40691,907,903.0
2025-05-03,ORD,31827,796,794.0
2025-05-04,ORD,39343,902,895.0
2025-05-05,ORD,38299,919,915.0
2025-05-06,ORD,35016,873,868.0
2025-05-07,ORD,41603,890,889.0
2025-05-08,ORD,46140,928,927.0
2025-05-09,ORD,46104,936,933.0
2025-05-10,ORD,36467,846,845.0
2025-05-11,ORD,41062,928,927.0
2025-05-12,ORD,44569,933,930.0
2025-05-13,ORD,38633,879,879.0
2025-05-14,ORD,43248,890,888.0
2025-05-15,ORD,45225,931,887.0
2025-05-16,ORD,45862,940,897.0
2025-05-17,ORD,38971,847,840.0
2025-05-18,ORD,48820,930,928.0
2025-05-19,ORD,47481,934,933.0
2025-05-20,ORD,44786,879,856.0
2025-05-21,ORD,46637,891,889.0
2025-05-22,ORD,46175,953,951.0
2025-05-23,ORD,47117,958,958.0
2025-05-24,ORD,37747,815,815.0
2025-05-25,ORD,39767,836,836.0
2025-05-26,ORD,46570,955,955.0
2025-05-27,ORD,42180,893,891.0
2025-05-28,ORD,38333,910,910.0
2025-05-29,ORD,44253,959,958.0
2025-05-30,ORD,45918,958,954.0
2025-05-31,ORD,40348,872,871.0
2025-06-01,ORD,69445,945,945.0
2025-06-02,ORD,66930,958,954.0
2025-06-03,ORD,67031,892,891.0
2025-06-04,ORD,71249,902,902.0
2025-06-05,ORD,71348,1023,1023.0
2025-06-06,ORD,69899,1028,1025.0
2025-06-07,ORD,69058,931,929.0
2025-06-08,ORD,75982,1011,991.0
2025-06-09,ORD,70814,1023,1021.0
2025-06-10,ORD,69438,950,949.0
2025-06-11,ORD,71419,971,965.0
2025-06-12,ORD,73844,1028,1024.0
2025-06-13,ORD,70691,1032,1031.0
2025-06-14,ORD,74040,936,935.0
2025-06-15,ORD,72461,1016,1011.0
2025-06-16,ORD,69406,1029,1022.0
2025-06-17,ORD,72916,957,955.0
2025-06-18,ORD,73360,981,935.0
2025-06-19,ORD,74849,1031,1018.0
2025-06-20,ORD,67277,1035,1034.0
2025-06-21,ORD,72289,938,937.0
2025-06-22,ORD,69298,1016,1012.0
2025-06-23,ORD,69099,1028,1027.0
2025-06-24,ORD,71192,958,954.0
2025-06-25,ORD,63904,978,961.0
2025-06-26,ORD,73753,1031,987.0
2025-06-27,ORD,70791,1035,996.0
2025-06-28,ORD,70660,939,917.0
2025-06-29,ORD,71035,1012,1002.0
2025-06-30,ORD,70523,1027,1018.0
2025-07-01,ORD,71224,905,874.0
2025-07-02,ORD,71942,928,925.0
2025-07-03,ORD,75477,1027,1023.0
2025-07-04,ORD,60374,721,719.0
2025-07-05,ORD,69126,852,851.0
2025-07-06,ORD,75346,1026,982.0
2025-07-07,ORD,73189,1035,1025.0
2025-07-08,ORD,71205,965,952.0
2025-07-09,ORD,71467,983,976.0
2025-07-10,ORD,72726,1035,868.0
2025-07-11,ORD,76071,1036,910.0
2025-07-12,ORD,70413,940,907.0
2025-07-13,ORD,73385,1018,981.0
2025-07-14,ORD,69352,1033,981.0
2025-07-15,ORD,72611,964,954.0
2025-07-16,ORD,72867,984,899.0
2025-07-17,ORD,71305,1035,1026.0
2025-07-18,ORD,72019,1036,1035.0
2025-07-19,ORD,72331,942,929.0
2025-07-20,ORD,74555,1017,1014.0
2025-07-21,ORD,75872,1034,1031.0
2025-07-22,ORD,74786,963,961.0
2025-07-23,ORD,72302,983,983.0
2025-07-24,ORD,73390,1036,1006.0
2025-07-25,ORD,73909,1035,1019.0
2025-07-26,ORD,71164,940,935.0
2025-07-27,ORD,72102,1018,991.0
2025-07-28,ORD,72645,1031,1021.0
2025-07-29,ORD,71988,963,960.0
2025-07-30,ORD,74763,984,976.0
2025-07-31,ORD,69003,1034,997.0
2025-08-01,ORD,71676,1037,1029.0
2025-08-02,ORD,76930,944,941.0
2025-08-03,ORD,74638,1020,1016.0
2025-08-04,ORD,71556,1035,1032.0
2025-08-05,ORD,72687,963,962.0
2025-08-06,ORD,76295,912,887.0
2025-08-07,ORD,72425,1034,1022.0
2025-08-08,ORD,75195,1022,1021.0
2025-08-09,ORD,71069,927,924.0
2025-08-10,ORD,69052,1015,1013.0
2025-08-11,ORD,69469,1027,1020.0
2025-08-12,ORD,74093,889,802.0
2025-08-13,ORD,72416,908,900.0
2025-08-14,ORD,72651,1034,1032.0
2025-08-15,ORD,76020,1021,1019.0
2025-08-16,ORD,68149,927,759.0
2025-08-17,ORD,74618,1017,954.0
2025-08-18,ORD,70242,1021,735.0
2025-08-19,ORD,68301,895,855.0
2025-08-20,ORD,70481,913,912.0
2025-08-21,ORD,70182,1034,1034.0
2025-08-22,ORD,70232,1030,1028.0
2025-08-23,ORD,63933,826,826.0
2025-08-24,ORD,73303,1030,1030.0
2025-08-25,ORD,67003,1024,1023.0
2025-08-26,ORD,65081,877,874.0
2025-08-27,ORD,66762,913,913.0
2025-08-28,ORD,68391,1028,1019.0
2025-08-29,ORD,67713,1026,1025.0
2025-08-30,ORD,65172,825,822.0
2025-08-31,ORD,69945,916,914.0
2025-09-01,ORD,72541,1018,1014.0
2025-09-02,ORD,71783,898,897.0
2025-09-03,ORD,67569,841,841.0
2025-09-04,ORD,67025,881,875.0
2025-09-05,ORD,65519,986,984.0
2025-09-06,ORD,60502,784,781.0
2025-09-07,ORD,69348,1029,1028.0
2025-09-08,ORD,67352,1035,1034.0
2025-09-09,ORD,66963,912,912.0
2025-09-10,ORD,67539,933,932.0
2025-09-11,ORD,70114,1038,1037.0
2025-09-12,ORD,64036,988,988.0
2025-09-13,ORD,67754,867,796.0
2025-09-14,ORD,67607,1030,1029.0
2025-09-15,ORD,66908,1035,1035.0
2025-09-16,ORD,63853,912,912.0
2025-09-17,ORD,65720,933,931.0
2025-09-18,ORD,69883,1037,1035.0
2025-09-19,ORD,66296,988,980.0
2025-09-20,ORD,65961,865,864.0
2025-09-21,ORD,71235,1030,1029.0
2025-09-22,ORD,67881,1036,1035.0
2025-09-23,ORD,63212,912,912.0
2025-09-24,ORD,68243,933,931.0
2025-09-25,ORD,66931,1045,1043.0
2025-09-26,ORD,67225,998,995.0
2025-09-27,ORD,66257,887,883.0
2025-09-28,ORD,69013,1047,1046.0
2025-09-29,ORD,66113,1045,1044.0
2025-09-30,ORD,64152,924,924.0
2025-10-01,ORD,70430,945,945.0
2025-10-02,ORD,63307,1047,1047.0
2025-10-03,ORD,62969,996,996.0
2025-10-04,ORD,63526,886,886.0
2025-10-05,ORD,68793,1047,1047.0
2025-10-06,ORD,68874,1061,1059.0
2025-10-07,ORD,65554,991,989.0
2025-10-08,ORD,70395,1003,1002.0
2025-10-09,ORD,69580,1056,1056.0
2025-10-10,ORD,67671,1061,1060.0
2025-10-11,ORD,66903,950,950.0
2025-10-12,ORD,73712,1053,1052.0
2025-10-13,ORD,66409,1059,1052.0
2025-10-14,ORD,73314,991,988.0
2025-10-15,ORD,72580,1003,1002.0
2025-10-16,ORD,68344,1055,1055.0
2025-10-17,ORD,67161,1058,1057.0
2025-10-18,ORD,68564,949,942.0
2025-10-19,ORD,65598,1052,1050.0
2025-10-20,ORD,71512,1058,1058.0
2025-10-21,ORD,69870,991,988.0
2025-10-22,ORD,70843,1003,1002.0
2025-10-23,ORD,72532,1054,1052.0
2025-10-24,ORD,68969,1057,1052.0
2025-10-25,ORD,66471,906,905.0
2025-10-26,ORD,71558,1025,1025.0
2025-10-27,ORD,68646,1039,1038.0
2025-10-28,ORD,60483,903,902.0
2025-10-29,ORD,67428,918,917.0
2025-10-30,ORD,71399,1027,1009.0
2025-10-31,ORD,65497,852,843.0
2025-11-01,ORD,61711,883,879.0
2025-11-03,ORD,133708,1014,1012.0
2025-11-09,ORD,36,1010,816.0
2025-11-10,ORD,21402,1019,732.0
2025-11-11,ORD,35442,900,847.0
2025-11-12,ORD,22186,907,869.0
2025-11-13,ORD,7197,1018,975.0
2025-11-14,ORD,15586,1017,995.0
2025-11-15,ORD,11185,891,877.0
2025-11-16,ORD,68984,1011,1007.0
2025-11-17,ORD,60482,1018,1018.0
2025-11-18,ORD,57805,895,895.0
2025-11-19,ORD,65072,907,907.0
2025-11-20,ORD,69526,1018,1007.0
2025-11-21,ORD,66987,1016,1012.0
2025-11-22,ORD,63804,930,929.0
2025-11-23,ORD,65917,1015,1015.0
2025-11-24,ORD,71625,999,997.0
2025-11-25,ORD,76632,1014,1010.0
2025-11-26,ORD,71419,1021,1002.0
2025-11-27,ORD,48382,511,509.0
2025-11-28,ORD,67862,893,887.0
2025-11-29,ORD,58286,968,394.0
2025-11-30,ORD,71963,1099,873.0
2025-12-01,ORD,72153,1042,885.0
2025-12-02,ORD,72341,903,879.0
2025-12-03,ORD,66983,861,851.0
2025-12-04,ORD,70893,955,955.0
2025-12-05,ORD,66393,963,955.0
2025-12-06,ORD,57671,825,818.0
2025-12-07,ORD,66177,956,802.0
2025-12-08,ORD,63222,956,949.0
2025-12-09,ORD,57956,843,840.0
2025-12-10,ORD,62739,856,855.0
2025-12-11,ORD,69882,959,954.0
2025-12-12,ORD,65669,965,964.0
2025-12-13,ORD,61570,826,807.0
2025-12-14,ORD,72768,958,918.0
2025-12-15,ORD,63911,957,946.0
2025-12-16,ORD,63246,845,845.0
2025-12-17,ORD,67098,848,847.0
2025-12-18,ORD,72194,933,926.0
2025-12-19,ORD,70882,955,944.0
2025-12-20,ORD,68705,891,884.0
2025-12-21,ORD,70193,934,926.0
2025-12-22,ORD,72699,934,930.0
2025-12-23,ORD,70579,912,909.0
2025-12-24,ORD,57966,635,633.0
2025-12-25,ORD,63286,646,646.0
2025-12-26,ORD,68864,943,905.0
2025-12-27,ORD,67954,879,857.0
2025-12-28,ORD,92724,941,875.0
2025-12-29,ORD,98068,944,895.0
2025-12-30,ORD,91740,935,908.0
2025-12-31,ORD,82668,790,780.0
